symbol,entry_date,exit_date,entry_price,exit_price,gap_size_pct,volume_ratio,body_pct,pnl_gross,pnl_net,exit_reason,stopped_out,hold_days,hold_bars,allocated_capital,trade_pnl_rupees,year
NFL,2010-02-01,2010-02-02,103.1587,108.3166,3.78,1.9,6.0,0.05,0.047,take_profit,False,1,1,200000.0,9400.0,2010
SUBROS,2010-02-01,2010-02-02,41.542,40.2957,6.73,2.19,15.28,-0.03,-0.033,stopped_out,True,1,1,160000.0,-5280.0,2010
COLPAL,2010-02-01,2010-02-04,261.785,253.9315,2.61,1.96,5.02,-0.03,-0.033,stopped_out,True,3,3,128000.0,-4224.0,2010
KNRCON,2010-02-01,2010-02-02,12.385,13.0043,4.68,2.13,5.0,0.05,0.047,take_profit,False,1,1,102400.0,4812.8,2010
KNRCON,2010-02-01,2010-02-02,12.385,13.0043,1.12,2.13,5.0,0.05,0.047,take_profit,False,1,1,81920.0,3850.24,2010
DRREDDY,2010-02-02,2010-02-05,209.0239,202.4373,0.62,1.58,3.43,-0.031511,-0.034511,stopped_out_gap,False,3,3,176956.61,-6106.95,2010
ZYDUSWELL,2010-02-02,2010-02-03,59.6431,57.8538,6.4,9.11,15.17,-0.03,-0.033,stopped_out,True,1,1,141565.29,-4671.65,2010
ZYDUSWELL,2010-02-02,2010-02-03,59.6431,57.8538,0.84,9.11,15.17,-0.03,-0.033,stopped_out,True,1,1,113252.23,-3737.32,2010
EMAMILTD,2010-02-02,2010-02-05,73.8098,71.5955,1.54,10.53,4.91,-0.03,-0.033,stopped_out,True,3,3,90601.78,-2989.86,2010
JKTYRE,2010-02-03,2010-02-05,26.9903,26.1806,1.86,5.08,7.69,-0.03,-0.033,stopped_out,True,2,2,121763.13,-4018.18,2010
OIL,2010-02-03,2010-02-05,72.5495,70.373,1.03,2.03,2.18,-0.03,-0.033,stopped_out,True,2,2,97410.51,-3214.55,2010
ASIANPAINT,2010-02-05,2010-02-17,168.0691,163.027,1.01,4.48,3.82,-0.03,-0.033,stopped_out,True,12,7,157411.28,-5194.57,2010
GODREJCP,2010-02-05,2010-02-08,72.8648,76.5081,1.63,1.5,4.56,0.05,0.047,take_profit,False,3,1,196764.1,9247.91,2010
KANSAINER,2010-02-08,2010-02-10,30.5364,32.0633,3.0,1.74,4.81,0.05,0.047,take_profit,False,2,2,167131.43,7855.18,2010
CHAMBLFERT,2010-02-08,2010-02-10,47.4523,46.0287,7.23,1.7,6.51,-0.03,-0.033,stopped_out,True,2,2,133705.14,-4412.27,2010
STAR,2010-02-09,2010-02-10,88.4779,85.8236,3.94,2.25,13.31,-0.03,-0.033,stopped_out,True,1,1,106964.12,-3529.82,2010
SUBROS,2010-02-09,2010-02-10,38.8726,40.8162,1.29,1.73,2.42,0.05,0.047,take_profit,False,1,1,85571.29,4021.85,2010
NATCOPHARM,2010-02-10,2010-02-15,21.6772,21.0269,7.71,3.34,9.32,-0.03,-0.033,stopped_out,True,5,2,167918.42,-5541.31,2010
COFORGE,2010-02-10,2010-02-22,24.8263,26.0676,4.06,1.97,5.72,0.05,0.047,take_profit,False,12,7,134334.74,6313.73,2010
UNOMINDA,2010-02-10,2010-02-11,9.4172,9.888,2.83,3.2,4.02,0.05,0.047,take_profit,False,1,1,107467.79,5050.99,2010
SURYAROSNI,2010-02-10,2010-02-11,15.2608,14.8029,2.57,3.54,9.21,-0.03,-0.033,stopped_out,True,1,1,85974.23,-2837.15,2010
HEROMOTOCO,2010-02-11,2010-02-26,976.4696,1025.293,1.39,1.67,3.23,0.05,0.047,take_profit,False,15,10,107910.56,5071.8,2010
JKCEMENT,2010-02-11,2010-02-15,134.8222,141.5634,3.78,1.95,3.39,0.05,0.047,take_profit,False,4,1,86328.44,4057.44,2010
CASTROLIND,2010-02-15,2010-02-18,50.1299,48.626,1.02,5.91,2.45,-0.03,-0.033,stopped_out,True,3,3,95692.28,-3157.85,2010
JISLJALEQS,2010-02-15,2010-02-16,138.2181,145.129,2.59,2.78,4.91,0.05,0.047,take_profit,False,1,1,119615.35,5621.92,2010
CENTRALBK,2010-02-16,2010-02-19,123.7333,120.0213,2.34,1.9,2.98,-0.03,-0.033,stopped_out,True,3,3,101601.28,-3352.84,2010
JKCEMENT,2010-02-17,2010-02-18,161.3149,156.4755,5.48,10.36,9.33,-0.03,-0.033,stopped_out,True,1,1,111724.37,-3686.9,2010
AXISBANK,2010-02-18,2010-02-24,200.0998,194.0968,2.23,2.53,2.95,-0.03,-0.033,stopped_out,True,6,4,129493.87,-4273.3,2010
COROMANDEL,2010-02-18,2010-02-19,101.532,106.6086,3.17,1.92,3.06,0.05,0.047,take_profit,False,1,1,103595.1,4868.97,2010
LUMAXTECH,2010-02-19,2010-02-22,14.4498,14.0163,2.54,1.55,5.9,-0.03,-0.033,stopped_out,True,3,1,124218.58,-4099.21,2010
GALLANTT,2010-02-19,2010-02-22,30.5017,29.5867,1.02,3.91,9.15,-0.03,-0.033,stopped_out,True,3,1,99374.87,-3279.37,2010
PATANJALI,2010-02-22,2010-02-24,3026.6806,3178.0146,1.31,2.17,2.3,0.05,0.047,take_profit,False,2,2,150872.56,7091.01,2010
PATANJALI,2010-02-23,2010-02-25,3146.925,3304.2712,1.26,1.91,3.43,0.05,0.047,take_profit,False,2,2,120698.05,5672.81,2010
KRBL,2010-02-24,2010-03-10,21.6206,20.972,3.49,1.77,12.17,-0.03,-0.033,stopped_out,True,14,9,98044.97,-3235.48,2010
DIVISLAB,2010-02-24,2010-02-26,262.5461,250.0194,1.49,2.19,5.61,-0.047712,-0.050712,stopped_out_gap,False,2,2,153195.27,-7768.84,2010
PATANJALI,2010-02-24,2010-03-10,3256.094,3158.4112,0.78,1.82,3.16,-0.03,-0.033,stopped_out,True,14,9,122556.21,-4044.36,2010
EIDPARRY,2010-02-25,2010-03-04,140.0985,147.1034,0.64,3.08,2.51,0.05,0.047,take_profit,False,7,4,103710.15,4874.38,2010
SHRIRAMFIN,2010-02-26,2010-03-09,73.4378,77.1097,3.37,4.49,6.87,0.05,0.047,take_profit,False,11,6,134649.87,6328.54,2010
MARUTI,2010-02-26,2010-03-15,1289.3177,1275.8099,3.74,3.16,4.37,-0.010477,-0.013477,time_exit,False,17,10,107719.9,-1451.74,2010
CANBK,2010-03-04,2010-03-10,61.2922,59.4534,2.09,2.86,3.82,-0.03,-0.033,stopped_out,True,6,4,107892.82,-3560.46,2010
SHRIRAMFIN,2010-03-09,2010-03-15,80.4451,78.0318,2.1,1.58,5.11,-0.03,-0.033,stopped_out,True,6,4,114509.94,-3778.83,2010
SHILPAMED,2010-03-10,2010-03-11,42.865,41.5791,1.01,6.16,6.77,-0.03,-0.033,stopped_out,True,1,1,155138.7,-5119.58,2010
SHILPAMED,2010-03-10,2010-03-11,42.865,41.5791,1.03,6.16,6.77,-0.03,-0.033,stopped_out,True,1,1,124110.96,-4095.66,2010
M&MFIN,2010-03-10,2010-03-11,38.9643,37.7954,2.39,10.75,7.98,-0.03,-0.033,stopped_out,True,1,1,99288.76,-3276.53,2010
AARTIIND,2010-03-11,2010-03-12,8.9367,9.3836,1.97,13.71,3.99,0.05,0.047,take_profit,False,1,1,152640.34,7174.1,2010
PIDILITIND,2010-03-11,2010-03-15,53.1512,51.5567,1.44,2.93,2.67,-0.03,-0.033,stopped_out,True,4,2,122112.27,-4029.71,2010
PIDILITIND,2010-03-11,2010-03-15,53.1512,51.5567,2.18,2.93,2.67,-0.03,-0.033,stopped_out,True,4,2,97689.82,-3223.76,2010
OLECTRA,2010-03-12,2010-03-15,28.5948,27.737,1.01,5.85,3.67,-0.03,-0.033,stopped_out,True,3,1,110114.74,-3633.79,2010
AJANTPHARM,2010-03-15,2010-03-17,12.9779,12.5885,3.54,9.92,9.44,-0.03,-0.033,stopped_out,True,2,2,79993.88,-2639.8,2010
CHENNPETRO,2010-03-15,2010-03-18,182.6105,191.741,1.55,3.03,2.92,0.05,0.047,take_profit,False,3,3,99992.35,4699.64,2010
ZENSARTECH,2010-03-15,2010-03-19,22.1878,21.5222,1.22,1.53,2.08,-0.03,-0.033,stopped_out,True,4,4,156238.05,-5155.86,2010
SAREGAMA,2010-03-15,2010-03-17,6.2863,6.0977,3.34,6.86,4.71,-0.03,-0.033,stopped_out,True,2,2,124990.44,-4124.68,2010
WIPRO,2010-03-15,2010-03-30,67.1754,65.1601,0.73,1.62,1.91,-0.03,-0.033,stopped_out,True,15,10,195297.56,-6444.82,2010
JSWENERGY,2010-03-17,2010-03-19,89.0214,86.3507,0.68,2.3,2.59,-0.03,-0.033,stopped_out,True,2,2,103639.07,-3420.09,2010
ENGINERSIN,2010-03-17,2010-03-23,118.5133,124.439,4.78,5.0,4.68,0.05,0.047,take_profit,False,6,4,82911.26,3896.83,2010
WELCORP,2010-03-18,2010-03-22,225.8633,219.0874,1.65,2.9,3.4,-0.03,-0.033,stopped_out,True,4,2,87267.41,-2879.82,2010
WELENT,2010-03-19,2010-03-22,129.2107,125.3344,10.69,12.48,15.4,-0.03,-0.033,stopped_out,True,3,1,120074.16,-3962.45,2010
ZYDUSWELL,2010-03-19,2010-03-29,69.2245,67.1478,1.85,1.62,3.75,-0.03,-0.033,stopped_out,True,10,5,96059.33,-3169.96,2010
INDIACEM,2010-03-22,2010-03-25,111.744,117.3312,0.96,4.03,1.8,0.05,0.047,take_profit,False,3,2,116947.32,5496.52,2010
VOLTAS,2010-03-22,2010-04-07,154.3929,154.9371,1.25,1.58,4.31,0.003525,0.000525,time_exit,False,16,10,93557.86,49.12,2010
TATAELXSI,2010-03-23,2010-03-26,128.4376,124.5845,3.86,3.31,6.59,-0.03,-0.033,stopped_out,True,3,2,92207.9,-3042.86,2010
AJANTPHARM,2010-03-25,2010-03-26,14.5228,15.2489,8.42,11.89,12.53,0.05,0.047,take_profit,False,1,1,98255.09,4617.99,2010
HSCL,2010-03-26,2010-03-29,46.8219,45.4173,1.26,5.12,14.95,-0.03,-0.033,stopped_out,True,3,1,93609.36,-3089.11,2010
BAJAJ-AUTO,2010-03-26,2010-04-05,660.569,693.5975,3.58,2.37,3.99,0.05,0.047,take_profit,False,10,5,117011.7,5499.55,2010
VTL,2010-03-29,2010-03-30,41.2242,43.2854,7.36,3.83,10.58,0.05,0.047,take_profit,False,1,1,111569.41,5243.76,2010
GABRIEL,2010-03-29,2010-03-30,13.8931,15.0689,4.71,8.59,4.63,0.084629,0.081629,take_profit_gap,False,1,1,89255.53,7285.84,2010
ELECTCAST,2010-03-30,2010-03-31,36.6866,38.521,5.29,5.95,5.15,0.05,0.047,take_profit,False,1,1,151845.88,7136.76,2010
NATIONALUM,2010-03-30,2010-04-08,48.8659,47.3999,1.87,1.8,2.7,-0.03,-0.033,stopped_out,True,9,6,121476.7,-4008.73,2010
GSFC,2010-03-30,2010-04-07,29.8794,31.3734,1.83,1.81,2.74,0.05,0.047,take_profit,False,8,5,97181.36,4567.52,2010
GRAPHITE,2010-03-31,2010-04-05,54.4263,57.1476,4.85,1.82,5.6,0.05,0.047,take_profit,False,5,2,109541.62,5148.46,2010
LUMAXTECH,2010-04-05,2010-04-06,16.8029,17.643,8.05,2.1,8.09,0.05,0.047,take_profit,False,1,1,135073.56,6348.46,2010
SAREGAMA,2010-04-05,2010-04-07,6.4964,6.3015,3.85,2.03,6.47,-0.03,-0.033,stopped_out,True,2,2,108058.85,-3565.94,2010
REFEX,2010-04-06,2010-04-08,4.8995,4.6095,4.84,4.81,4.67,-0.059194,-0.062194,stopped_out_gap,False,2,2,114731.48,-7135.61,2010
CENTRALBK,2010-04-07,2010-04-12,121.4371,117.7939,4.8,6.06,6.26,-0.03,-0.033,stopped_out,True,5,3,97123.16,-3205.06,2010
THOMASCOOK,2010-04-07,2010-04-15,21.503,20.8579,2.0,8.0,4.49,-0.03,-0.033,stopped_out,True,8,5,121403.95,-4006.33,2010
JKLAKSHMI,2010-04-07,2010-04-12,63.4347,66.6064,1.92,2.68,2.3,0.05,0.047,take_profit,False,5,3,151754.94,7132.48,2010
MOTHERSON,2010-04-08,2010-04-12,4.148,4.3554,1.49,1.6,2.92,0.05,0.047,take_profit,False,4,2,122711.3,5767.43,2010
BLUESTARCO,2010-04-08,2010-04-16,167.9898,162.9501,6.35,5.94,6.71,-0.03,-0.033,stopped_out,True,8,5,98169.04,-3239.58,2010
BANCOINDIA,2010-04-12,2010-04-16,22.397,21.7251,0.98,3.65,2.16,-0.03,-0.033,stopped_out,True,4,3,154792.08,-5108.14,2010
KNRCON,2010-04-12,2010-04-15,16.9189,16.4113,0.61,1.68,2.15,-0.03,-0.033,stopped_out,True,3,2,123833.66,-4086.51,2010
PATANJALI,2010-04-12,2010-04-16,3702.265,3887.3783,1.11,2.56,3.54,0.05,0.047,take_profit,False,4,3,99066.93,4656.15,2010
NAVA,2010-04-15,2010-04-22,76.5294,80.3559,2.26,2.86,4.03,0.05,0.047,take_profit,False,7,5,126682.5,5954.08,2010
VAIBHAVGBL,2010-04-15,2010-04-16,5.1041,5.3593,2.01,9.21,4.74,0.05,0.047,take_profit,False,1,1,101346.0,4763.26,2010
GHCL,2010-04-16,2010-04-19,30.3927,29.4809,2.01,8.51,6.18,-0.03,-0.033,stopped_out,True,3,1,110058.21,-3631.92,2010
GHCL,2010-04-16,2010-04-19,30.3927,29.4809,2.14,8.51,6.18,-0.03,-0.033,stopped_out,True,3,1,88046.57,-2905.54,2010
GODREJCP,2010-04-16,2010-04-19,91.2969,88.558,2.23,5.15,3.93,-0.03,-0.033,stopped_out,True,3,1,171965.95,-5674.88,2010
TITAN,2010-04-16,2010-04-30,94.9132,98.1917,1.71,4.06,4.37,0.034542,0.031542,time_exit,False,14,10,137572.76,4339.32,2010
SUBROS,2010-04-19,2010-04-22,38.6224,40.5535,0.86,3.53,2.32,0.05,0.047,take_profit,False,3,3,142008.93,6674.42,2010
KNRCON,2010-04-19,2010-04-23,18.3178,17.7683,3.96,3.39,8.15,-0.03,-0.033,stopped_out,True,4,4,113607.14,-3749.04,2010
OLECTRA,2010-04-19,2010-04-20,31.4398,33.1908,11.96,12.72,19.85,0.055693,0.052693,take_profit_gap,False,1,1,90885.71,4789.04,2010
GSPL,2010-04-20,2010-05-04,78.1867,79.0707,2.84,2.84,4.59,0.011307,0.008307,time_exit,False,14,10,91843.52,762.94,2010
SBIN,2010-04-22,2010-05-06,184.128,191.2666,4.14,4.27,6.77,0.03877,0.03577,time_exit,False,14,10,129738.8,4640.76,2010
UCOBANK,2010-04-22,2010-04-23,52.2887,54.9031,2.67,5.78,4.08,0.05,0.047,take_profit,False,1,1,103791.04,4878.18,2010
IOB,2010-04-23,2010-04-29,83.0862,80.5936,1.0,2.31,2.15,-0.03,-0.033,stopped_out,True,6,4,126738.3,-4182.36,2010
STLTECH,2010-04-23,2010-04-26,93.1857,90.3901,1.68,10.48,11.46,-0.03,-0.033,stopped_out,True,3,1,101390.64,-3345.89,2010
INDIANB,2010-04-26,2010-04-28,147.8654,143.1477,8.71,7.57,13.97,-0.031906,-0.034906,stopped_out_gap,False,2,2,100721.46,-3515.78,2010
AJANTPHARM,2010-04-28,2010-04-30,15.3996,14.9376,2.0,2.69,1.5,-0.03,-0.033,stopped_out,True,2,2,100018.31,-3300.6,2010
CUMMINSIND,2010-04-29,2010-04-30,302.9143,293.8269,3.31,4.38,7.26,-0.03,-0.033,stopped_out,True,1,1,104525.83,-3449.35,2010
ASHOKLEY,2010-04-30,2010-05-05,10.9013,10.5186,4.08,7.51,7.42,-0.035104,-0.038104,stopped_out_gap,False,5,3,121249.53,-4620.09,2010
IDBI,2010-04-30,2010-05-04,99.4484,96.465,0.82,2.09,1.98,-0.03,-0.033,stopped_out,True,4,2,96999.63,-3200.99,2010
RTNPOWER,2010-04-30,2010-05-05,30.1651,29.2601,0.83,1.82,3.43,-0.03,-0.033,stopped_out,True,5,3,151561.92,-5001.54,2010
GODREJCP,2010-05-05,2010-05-07,90.5011,87.7861,4.55,2.3,10.66,-0.03,-0.033,stopped_out,True,2,2,167518.69,-5528.12,2010
BAJAJFINSV,2010-05-05,2010-05-06,38.4721,40.3957,12.81,9.68,11.98,0.05,0.047,take_profit,False,1,1,134014.95,6298.7,2010
ENGINERSIN,2010-05-06,2010-05-07,147.0077,155.361,16.73,2.69,15.32,0.056822,0.053822,take_profit_gap,False,1,1,162150.6,8727.27,2010
KARURVYSYA,2010-05-06,2010-05-07,30.4178,29.3742,0.58,5.56,7.11,-0.034309,-0.037309,stopped_out_gap,False,1,1,129720.48,-4839.74,2010
GRAPHITE,2010-05-10,2010-05-12,66.729,64.7272,6.76,2.1,13.16,-0.03,-0.033,stopped_out,True,2,2,195326.22,-6445.77,2010
RELIANCE,2010-05-10,2010-05-14,221.1191,214.4856,2.36,1.66,2.7,-0.03,-0.033,stopped_out,True,4,4,156260.98,-5156.61,2010
BAJAJFINSV,2010-05-10,2010-05-12,42.4005,44.5205,4.83,2.51,8.07,0.05,0.047,take_profit,False,2,2,125008.78,5875.41,2010
JSWSTEEL,2010-05-10,2010-05-11,101.3254,98.2857,0.59,1.51,6.02,-0.03,-0.033,stopped_out,True,1,1,100007.02,-3300.23,2010
KEI,2010-05-10,2010-05-12,33.3267,32.3269,2.47,1.82,6.59,-0.03,-0.033,stopped_out,True,2,2,80005.62,-2640.19,2010
FACT,2010-05-11,2010-05-13,55.7939,54.12,2.41,5.37,5.97,-0.03,-0.033,stopped_out,True,2,2,83345.85,-2750.41,2010
RECLTD,2010-05-12,2010-05-19,37.048,35.9366,2.61,2.68,3.25,-0.03,-0.033,stopped_out,True,7,5,93505.73,-3085.69,2010
OIL,2010-05-12,2010-05-20,71.9786,75.5775,0.86,2.3,3.02,0.05,0.047,take_profit,False,8,6,146102.7,6866.83,2010
BAJAJFINSV,2010-05-12,2010-05-13,45.2948,47.5596,3.09,2.59,7.25,0.05,0.047,take_profit,False,1,1,116882.16,5493.46,2010
LICHSGFIN,2010-05-13,2010-05-17,153.4054,148.8032,2.04,1.57,3.06,-0.03,-0.033,stopped_out,True,4,2,115398.8,-3808.16,2010
TATAINVEST,2010-05-13,2010-05-17,35.2808,34.2224,1.21,1.58,1.93,-0.03,-0.033,stopped_out,True,4,2,92319.04,-3046.53,2010
IOC,2010-05-14,2010-05-18,23.1009,24.2559,1.51,1.56,1.96,0.05,0.047,take_profit,False,4,2,104076.1,4891.58,2010
ABB,2010-05-17,2010-05-28,708.6248,744.056,12.56,6.81,21.03,0.05,0.047,take_profit,False,11,9,123433.51,5801.37,2010
IOC,2010-05-17,2010-05-27,23.8262,25.0175,1.47,1.76,2.72,0.05,0.047,take_profit,False,10,8,98746.81,4641.1,2010
GABRIEL,2010-05-18,2010-05-19,22.3679,21.6969,11.0,3.37,24.26,-0.03,-0.033,stopped_out,True,1,1,100790.98,-3326.1,2010
BERGEPAINT,2010-05-19,2010-05-21,17.1616,16.6468,1.93,6.75,6.34,-0.03,-0.033,stopped_out,True,2,2,118209.77,-3900.92,2010
OIL,2010-05-20,2010-05-21,77.8895,75.5528,3.77,5.27,3.19,-0.03,-0.033,stopped_out,True,1,1,100129.38,-3304.27,2010
ONGC,2010-05-20,2010-05-21,90.5296,83.5955,0.76,4.95,5.07,-0.076596,-0.079596,stopped_out_gap,False,1,1,125161.72,-9962.37,2010
RECLTD,2010-05-21,2010-05-25,37.6406,36.5114,1.47,2.26,5.28,-0.03,-0.033,stopped_out,True,4,2,145370.16,-4797.22,2010
RELINFRA,2010-05-24,2010-05-25,913.0773,885.685,0.52,2.75,3.9,-0.03,-0.033,stopped_out,True,1,1,93036.9,-3070.22,2010
SURYAROSNI,2010-05-24,2010-05-25,17.2613,16.7435,1.81,9.89,2.32,-0.03,-0.033,stopped_out,True,1,1,116296.13,-3837.77,2010
AARTIIND,2010-05-26,2010-05-27,9.0757,8.8034,1.43,6.21,4.48,-0.03,-0.033,stopped_out,True,1,1,143029.12,-4719.96,2010
ZENSARTECH,2010-05-26,2010-05-27,23.5279,22.8221,1.0,7.71,8.08,-0.03,-0.033,stopped_out,True,1,1,114423.3,-3775.97,2010
ACE,2010-05-27,2010-05-31,40.8666,42.91,1.4,2.93,4.63,0.05,0.047,take_profit,False,4,2,162007.52,7614.35,2010
RPOWER,2010-05-27,2010-06-03,151.6283,159.2097,3.59,1.84,6.69,0.05,0.047,take_profit,False,7,5,129606.01,6091.48,2010
ITC,2010-05-27,2010-06-04,54.055,56.7578,2.16,2.52,2.37,0.05,0.047,take_profit,False,8,6,103684.81,4873.19,2010
APOLLOHOSP,2010-05-27,2010-05-31,352.086,341.5234,5.57,4.41,6.67,-0.03,-0.033,stopped_out,True,4,2,82947.85,-2737.28,2010
INDUSINDBK,2010-05-28,2010-06-01,174.4067,169.1745,0.91,2.29,2.62,-0.03,-0.033,stopped_out,True,4,2,92205.26,-3042.77,2010
NFL,2010-05-31,2010-06-07,84.2971,79.6953,6.42,1.79,5.46,-0.054591,-0.057591,stopped_out_gap,False,7,5,123730.69,-7125.77,2010
JMFINANCIL,2010-05-31,2010-06-01,26.0948,27.3995,2.83,8.8,12.06,0.05,0.047,take_profit,False,1,1,98984.55,4652.27,2010
MAHABANK,2010-06-01,2010-06-02,42.91,45.0555,3.55,10.64,6.33,0.05,0.047,take_profit,False,1,1,94198.0,4427.31,2010
CHAMBLFERT,2010-06-01,2010-06-07,40.956,38.9715,3.22,3.26,5.25,-0.048456,-0.051456,stopped_out_gap,False,6,4,117747.51,-6058.82,2010
EIDPARRY,2010-06-02,2010-06-07,154.3472,149.4412,0.82,1.64,4.63,-0.031786,-0.034786,stopped_out_gap,False,5,3,95083.47,-3307.57,2010
ZENSARTECH,2010-06-03,2010-06-07,24.2696,23.5415,4.57,2.61,8.02,-0.03,-0.033,stopped_out,True,4,2,103206.27,-3405.81,2010
TIPSMUSIC,2010-06-04,2010-06-11,3.2667,3.4362,0.73,1.88,5.82,0.051907,0.048907,take_profit_gap,False,7,5,104276.62,5099.86,2010
OFSS,2010-06-07,2010-06-15,1206.0559,1169.8742,4.02,6.09,7.41,-0.03,-0.033,stopped_out,True,8,6,167395.29,-5524.04,2010
ASIANPAINT,2010-06-07,2010-06-10,189.6827,199.2702,1.51,2.22,2.48,0.050545,0.047545,take_profit_gap,False,3,3,133916.23,6367.05,2010
M&MFIN,2010-06-08,2010-06-09,45.9792,44.5999,3.84,8.55,8.43,-0.03,-0.033,stopped_out,True,1,1,107132.98,-3535.39,2010
AKZOINDIA,2010-06-09,2010-06-11,402.9131,423.0588,0.65,2.2,3.27,0.05,0.047,take_profit,False,2,2,106425.91,5002.02,2010
TITAGARH,2010-06-09,2010-06-16,58.9533,61.901,3.52,2.79,5.6,0.05,0.047,take_profit,False,7,5,85140.72,4001.61,2010
DIVISLAB,2010-06-10,2010-06-14,332.2425,322.2752,1.04,1.92,3.5,-0.03,-0.033,stopped_out,True,4,2,96169.23,-3173.58,2010
EICHERMOT,2010-06-11,2010-06-14,82.5857,75.458,4.01,16.26,15.06,-0.086306,-0.089306,stopped_out_gap,False,3,1,121096.27,-10814.62,2010
IOB,2010-06-11,2010-06-15,81.6541,85.7368,0.9,1.73,1.73,0.05,0.047,take_profit,False,4,2,96877.01,4553.22,2010
KSB,2010-06-14,2010-06-16,38.2245,40.1358,3.32,2.02,1.67,0.05,0.047,take_profit,False,2,2,94525.66,4442.71,2010
RPOWER,2010-06-14,2010-06-15,164.6152,172.8459,1.28,2.6,6.3,0.05,0.047,take_profit,False,1,1,118157.07,5553.38,2010
RPOWER,2010-06-15,2010-06-18,173.9756,168.7563,1.75,5.33,4.29,-0.03,-0.033,stopped_out,True,3,3,97934.66,-3231.84,2010
JBCHEPHARM,2010-06-15,2010-06-23,22.8429,23.985,4.03,2.42,6.34,0.05,0.047,take_profit,False,8,6,153022.91,7192.08,2010
NFL,2010-06-15,2010-06-18,88.7806,86.1172,4.88,4.43,6.34,-0.03,-0.033,stopped_out,True,3,3,122418.33,-4039.8,2010
BAJAJELEC,2010-06-16,2010-06-17,188.5959,182.938,3.54,3.29,7.05,-0.03,-0.033,stopped_out,True,1,1,115969.87,-3827.01,2010
GOKEX,2010-06-16,2010-06-17,146.5815,153.9106,4.5,3.55,4.79,0.05,0.047,take_profit,False,1,1,92775.9,4360.47,2010
AJANTPHARM,2010-06-17,2010-06-23,14.9934,15.7431,1.22,4.09,3.95,0.05,0.047,take_profit,False,6,4,116076.56,5455.6,2010
ECLERX,2010-06-17,2010-06-18,181.4666,176.0226,3.23,8.66,11.41,-0.03,-0.033,stopped_out,True,1,1,92861.25,-3064.42,2010
JPPOWER,2010-06-18,2010-06-30,69.1345,65.3673,1.09,1.76,2.37,-0.054492,-0.057492,stopped_out_gap,False,12,8,134864.63,-7753.64,2010
JYOTHYLAB,2010-06-18,2010-06-21,49.0037,51.4539,5.77,2.97,11.81,0.05,0.047,take_profit,False,3,1,107891.71,5070.91,2010
ASAHIINDIA,2010-06-18,2010-06-25,66.8968,64.8899,0.73,3.22,3.36,-0.03,-0.033,stopped_out,True,7,5,86313.37,-2848.34,2010
VOLTAS,2010-06-21,2010-07-05,172.0915,178.1624,1.07,1.62,2.55,0.035277,0.032277,time_exit,False,14,10,91643.22,2957.97,2010
WELENT,2010-06-23,2010-06-30,156.3327,151.5619,0.81,2.76,3.62,-0.030517,-0.033517,stopped_out_gap,False,7,5,129664.0,-4345.95,2010
TRIDENT,2010-06-23,2010-06-24,1.1926,1.2522,5.11,5.17,12.82,0.05,0.047,take_profit,False,1,1,103731.2,4875.37,2010
TITAN,2010-06-24,2010-06-29,103.5824,108.7616,0.71,1.57,2.2,0.05,0.047,take_profit,False,5,3,104706.27,4921.19,2010
FINPIPE,2010-06-25,2010-07-09,11.353,11.7465,2.9,3.34,4.75,0.034658,0.031658,time_exit,False,14,10,100458.02,3180.3,2010
GPIL,2010-06-29,2010-06-30,57.6606,55.9308,5.07,2.41,3.67,-0.03,-0.033,stopped_out,True,1,1,102291.91,-3375.63,2010
KSB,2010-06-30,2010-07-01,45.2443,47.5065,4.27,8.08,5.72,0.05,0.047,take_profit,False,1,1,152102.6,7148.82,2010
ASTRAMICRO,2010-06-30,2010-07-01,38.4157,40.3365,3.9,5.92,9.27,0.05,0.047,take_profit,False,1,1,121682.08,5719.06,2010
CANFINHOME,2010-06-30,2010-07-01,17.9097,18.8051,3.9,8.02,6.22,0.05,0.047,take_profit,False,1,1,97345.66,4575.25,2010
NLCINDIA,2010-07-01,2010-07-15,80.2224,80.7931,1.09,1.87,3.32,0.007115,0.004115,time_exit,False,14,10,155591.22,640.26,2010
ASTRAMICRO,2010-07-01,2010-07-05,39.7712,41.7597,1.6,7.75,4.31,0.05,0.047,take_profit,False,4,2,124472.98,5850.23,2010
BLUESTARCO,2010-07-01,2010-07-06,177.7883,172.4547,1.73,7.41,5.47,-0.03,-0.033,stopped_out,True,5,3,99578.38,-3286.09,2010
GSPL,2010-07-05,2010-07-13,87.5255,84.8997,0.77,1.68,3.57,-0.03,-0.033,stopped_out,True,8,6,124647.58,-4113.37,2010
ASHOKLEY,2010-07-05,2010-07-08,11.8906,12.4852,3.51,2.04,3.8,0.05,0.047,take_profit,False,3,3,99718.07,4686.75,2010
BEL,2010-07-06,2010-07-20,13.9492,13.9395,0.57,1.67,1.95,-0.000693,-0.003693,time_exit,False,14,10,99032.91,-365.73,2010
GODREJIND,2010-07-08,2010-07-16,167.2266,175.5879,2.44,2.98,4.04,0.05,0.047,take_profit,False,8,6,100107.29,4705.04,2010
GAEL,2010-07-09,2010-07-12,5.584,5.8632,6.19,4.92,4.51,0.05,0.047,take_profit,False,3,1,100813.5,4738.23,2010
HDFCBANK,2010-07-12,2010-07-26,90.6716,90.6893,1.24,2.17,2.01,0.000195,-0.002805,time_exit,False,14,10,101761.15,-285.44,2010
VTL,2010-07-13,2010-07-15,44.8963,43.5494,1.44,2.55,2.07,-0.03,-0.033,stopped_out,True,2,2,105515.76,-3482.02,2010
GODREJCP,2010-07-15,2010-07-19,110.1452,106.8409,2.82,1.97,8.57,-0.03,-0.033,stopped_out,True,4,2,136065.65,-4490.17,2010
LICHSGFIN,2010-07-15,2010-07-20,169.8851,164.7885,2.56,4.44,4.84,-0.03,-0.033,stopped_out,True,5,3,108852.52,-3592.13,2010
BANCOINDIA,2010-07-16,2010-07-21,26.5063,27.9435,3.74,5.11,4.7,0.054223,0.051223,take_profit_gap,False,5,3,108044.48,5534.36,2010
UCOBANK,2010-07-19,2010-07-22,73.4453,71.242,2.79,3.26,4.02,-0.03,-0.033,stopped_out,True,3,3,112750.68,-3720.77,2010
VIPIND,2010-07-20,2010-07-26,65.4052,68.6755,5.78,1.69,5.82,0.05,0.047,take_profit,False,6,4,130986.06,6156.34,2010
JKIL,2010-07-20,2010-07-26,84.5853,80.5789,1.88,3.1,1.55,-0.047366,-0.050366,stopped_out_gap,False,6,4,104788.85,-5277.8,2010
CIEINDIA,2010-07-21,2010-07-22,104.7621,101.6192,0.55,4.4,5.14,-0.03,-0.033,stopped_out,True,1,1,106546.85,-3516.05,2010
BAJAJELEC,2010-07-22,2010-08-04,208.8474,219.2898,1.59,2.13,2.31,0.05,0.047,take_profit,False,13,9,102119.7,4799.63,2010
JSWSTEEL,2010-07-22,2010-07-26,101.3067,98.2675,1.0,2.07,2.35,-0.03,-0.033,stopped_out,True,4,2,127649.62,-4212.44,2010
TITAGARH,2010-07-26,2010-07-30,67.6494,71.0318,0.81,2.42,2.25,0.05,0.047,take_profit,False,4,4,174009.03,8178.42,2010
FORTIS,2010-07-26,2010-08-09,155.3494,155.6411,1.41,7.16,2.46,0.001877,-0.001123,time_exit,False,14,10,139207.22,-156.33,2010
LUPIN,2010-07-26,2010-07-29,361.8137,350.9592,1.36,2.77,3.51,-0.03,-0.033,stopped_out,True,3,3,111365.78,-3675.07,2010
GAEL,2010-07-26,2010-07-27,6.3907,6.199,1.89,2.01,3.57,-0.03,-0.033,stopped_out,True,1,1,89092.62,-2940.06,2010
DBREALTY,2010-07-27,2010-07-28,402.8013,422.9414,4.52,9.36,5.68,0.05,0.047,take_profit,False,1,1,88504.61,4159.72,2010
VIPIND,2010-07-28,2010-08-03,70.925,74.4713,4.12,1.85,4.58,0.05,0.047,take_profit,False,6,4,89336.56,4198.82,2010
PETRONET,2010-07-29,2010-07-30,30.3532,29.4426,4.64,7.78,10.48,-0.03,-0.033,stopped_out,True,1,1,93007.39,-3069.24,2010
M&MFIN,2010-07-30,2010-08-04,56.2759,59.0897,1.6,1.74,3.88,0.05,0.047,take_profit,False,5,3,128831.03,6055.06,2010
CUMMINSIND,2010-07-30,2010-08-06,333.4335,323.4305,0.88,1.53,3.38,-0.03,-0.033,stopped_out,True,7,5,103064.82,-3401.14,2010
PATANJALI,2010-08-03,2010-08-17,3430.1329,3387.1896,2.35,2.68,4.43,-0.012519,-0.015519,time_exit,False,14,10,101158.93,-1569.89,2010
ARVIND,2010-08-04,2010-08-09,10.3191,10.8351,3.24,3.28,5.71,0.05,0.047,take_profit,False,5,3,129288.23,6076.55,2010
FSL,2010-08-04,2010-08-09,21.4744,20.8302,3.69,3.67,5.65,-0.03,-0.033,stopped_out,True,5,3,103430.58,-3413.21,2010
TTML,2010-08-06,2010-08-12,20.0618,19.4088,2.95,4.97,5.09,-0.032547,-0.035547,stopped_out_gap,False,6,4,102677.2,-3649.87,2010
ABREL,2010-08-09,2010-08-13,418.0498,438.9523,2.79,1.94,4.46,0.05,0.047,take_profit,False,4,4,100498.16,4723.41,2010
V2RETAIL,2010-08-09,2010-08-10,62.031,60.1701,3.79,5.46,5.44,-0.03,-0.033,stopped_out,True,1,1,157028.37,-5181.94,2010
ARVIND,2010-08-09,2010-08-10,10.8072,11.3475,3.35,3.02,4.17,0.05,0.047,take_profit,False,1,1,125622.7,5904.27,2010
PRSMJOHNSN,2010-08-10,2010-08-11,53.2538,51.6562,1.94,3.86,6.45,-0.03,-0.033,stopped_out,True,1,1,137073.21,-4523.42,2010
JAIBALAJI,2010-08-10,2010-08-12,51.4586,54.0315,7.04,3.76,11.36,0.05,0.047,take_profit,False,2,2,109658.56,5153.95,2010
RELIGARE,2010-08-11,2010-08-12,431.3656,452.9338,4.17,10.41,2.9,0.05,0.047,take_profit,False,1,1,114236.81,5369.13,2010
RECLTD,2010-08-12,2010-08-26,45.2764,45.0572,2.02,5.85,4.23,-0.00484,-0.00784,time_exit,False,14,10,158078.61,-1239.34,2010
NLCINDIA,2010-08-12,2010-08-23,83.3801,87.5492,2.61,7.73,4.03,0.05,0.047,take_profit,False,11,7,126462.88,5943.76,2010
SBIN,2010-08-12,2010-08-26,232.655,239.2464,4.92,3.89,7.51,0.028331,0.025331,time_exit,False,14,10,101170.31,2562.75,2010
J&KBANK,2010-08-13,2010-08-18,71.3403,75.2558,5.5,3.73,3.4,0.054884,0.051884,take_profit_gap,False,5,3,101980.56,5291.16,2010
SAREGAMA,2010-08-17,2010-08-18,10.4843,11.0085,17.42,11.54,16.43,0.05,0.047,take_profit,False,1,1,101502.26,4770.61,2010
NFL,2010-08-18,2010-08-24,92.3365,96.9533,0.56,3.51,1.66,0.05,0.047,take_profit,False,6,4,123910.72,5823.8,2010
SRF,2010-08-18,2010-08-24,42.5364,44.6632,1.88,1.74,1.6,0.05,0.047,take_profit,False,6,4,99128.58,4659.04,2010
PCBL,2010-08-23,2010-08-24,13.8282,14.5196,2.74,2.39,5.13,0.05,0.047,take_profit,False,1,1,105784.19,4971.86,2010
THANGAMAYL,2010-08-24,2010-08-27,67.4761,65.4518,1.97,1.63,2.88,-0.03,-0.033,stopped_out,True,3,3,153482.99,-5064.94,2010
NAVINFLUOR,2010-08-24,2010-08-25,37.724,36.5922,2.28,11.9,7.02,-0.03,-0.033,stopped_out,True,1,1,122786.39,-4051.95,2010
ASTRAMICRO,2010-08-24,2010-08-27,38.2715,37.1233,2.26,2.36,3.35,-0.03,-0.033,stopped_out,True,3,3,98229.11,-3241.56,2010
PGIL,2010-08-25,2010-08-26,38.6956,40.6304,2.34,4.34,3.28,0.05,0.047,take_profit,False,1,1,102330.18,4809.52,2010
CGPOWER,2010-08-26,2010-08-31,92.337,89.5669,2.21,4.95,5.19,-0.03,-0.033,stopped_out,True,5,3,155406.55,-5128.42,2010
SURYAROSNI,2010-08-26,2010-08-31,20.7297,20.1078,1.16,4.82,6.95,-0.03,-0.033,stopped_out,True,5,3,124325.24,-4102.73,2010
INDUSINDBK,2010-08-26,2010-08-31,207.591,201.3633,0.75,5.03,3.31,-0.03,-0.033,stopped_out,True,5,3,99460.19,-3282.19,2010
ONGC,2010-08-27,2010-09-13,106.6787,112.8169,2.03,1.94,1.75,0.057538,0.054538,take_profit_gap,False,17,10,128249.27,6994.46,2010
NATCOPHARM,2010-08-27,2010-08-30,46.105,48.4102,6.87,7.99,11.25,0.05,0.047,take_profit,False,3,1,102599.42,4822.17,2010
POWERGRID,2010-08-30,2010-09-09,34.4138,33.3814,0.92,3.77,3.18,-0.03,-0.033,stopped_out,True,10,8,103563.85,-3417.61,2010
M&M,2010-08-31,2010-09-13,267.1552,280.513,0.94,1.54,2.57,0.05,0.047,take_profit,False,13,8,124949.45,5872.62,2010
KARURVYSYA,2010-08-31,2010-09-01,44.7654,47.0037,3.09,8.19,4.43,0.05,0.047,take_profit,False,1,1,99959.56,4698.1,2010
RADICO,2010-08-31,2010-09-01,148.1986,155.6085,2.45,6.1,3.61,0.05,0.047,take_profit,False,1,1,156186.81,7340.78,2010
GALLANTT,2010-09-01,2010-09-02,39.2095,38.0332,10.92,12.51,17.9,-0.03,-0.033,stopped_out,True,1,1,133604.7,-4408.96,2010
BHARTIARTL,2010-09-01,2010-09-09,281.446,295.5182,1.42,1.69,2.63,0.05,0.047,take_profit,False,8,6,106883.76,5023.54,2010
AARTIIND,2010-09-02,2010-09-14,10.9741,10.6449,2.7,2.82,3.04,-0.03,-0.033,stopped_out,True,12,7,111346.15,-3674.42,2010
SBIN,2010-09-09,2010-09-13,249.3372,261.804,2.85,2.06,2.9,0.05,0.047,take_profit,False,4,1,131487.63,6179.92,2010
M&M,2010-09-09,2010-09-20,279.475,293.4487,2.08,1.61,2.44,0.05,0.047,take_profit,False,11,6,105190.11,4943.93,2010
SBIN,2010-09-13,2010-09-15,263.0822,255.1897,2.79,3.05,5.27,-0.03,-0.033,stopped_out,True,2,2,164898.76,-5441.66,2010
CANBK,2010-09-13,2010-09-21,84.2093,81.683,1.52,2.09,1.8,-0.03,-0.033,stopped_out,True,8,6,131919.0,-4353.33,2010
SHRIRAMFIN,2010-09-13,2010-09-17,127.5728,123.7456,0.87,1.61,3.48,-0.03,-0.033,stopped_out,True,4,4,105535.2,-3482.66,2010
EXIDEIND,2010-09-14,2010-09-16,139.3546,135.174,1.15,1.52,2.7,-0.03,-0.033,stopped_out,True,2,2,105962.51,-3496.76,2010
BERGEPAINT,2010-09-15,2010-09-16,30.7308,32.2674,10.0,8.34,14.97,0.05,0.047,take_profit,False,1,1,116661.43,5483.09,2010
COFORGE,2010-09-16,2010-09-20,28.5933,27.7355,0.9,6.41,3.27,-0.03,-0.033,stopped_out,True,4,2,110600.95,-3649.83,2010
THANGAMAYL,2010-09-16,2010-09-29,69.9358,67.8377,3.34,6.03,8.49,-0.03,-0.033,stopped_out,True,13,9,138251.19,-4562.29,2010
CHOLAFIN,2010-09-17,2010-09-21,32.1629,31.198,1.22,2.29,3.98,-0.03,-0.033,stopped_out,True,4,2,108891.27,-3593.41,2010
SOUTHBANK,2010-09-20,2010-09-23,15.9771,15.4978,2.0,3.81,3.5,-0.03,-0.033,stopped_out,True,3,3,130530.05,-4307.49,2010
BLUESTARCO,2010-09-20,2010-09-23,209.687,203.3964,2.15,9.53,4.45,-0.03,-0.033,stopped_out,True,3,3,104424.04,-3445.99,2010
MARICO,2010-09-21,2010-09-22,53.9145,52.297,0.53,3.69,4.06,-0.03,-0.033,stopped_out,True,1,1,130111.94,-4293.69,2010
TCS,2010-09-21,2010-09-24,341.455,331.2114,0.85,1.71,4.6,-0.03,-0.033,stopped_out,True,3,3,104089.55,-3434.96,2010
MARUTI,2010-09-22,2010-09-30,1299.0219,1260.0512,1.08,2.18,3.07,-0.03,-0.033,stopped_out,True,8,6,108435.29,-3578.36,2010
TITAN,2010-09-23,2010-10-07,152.8551,160.4979,0.54,1.72,1.9,0.05,0.047,take_profit,False,14,10,132188.35,6212.85,2010
VAIBHAVGBL,2010-09-23,2010-09-24,6.8226,7.1637,2.26,9.16,17.18,0.05,0.047,take_profit,False,1,1,105750.68,4970.28,2010
COLPAL,2010-09-24,2010-09-28,338.9938,328.824,1.54,2.37,3.57,-0.03,-0.033,stopped_out,True,4,2,126875.66,-4186.9,2010
SURYAROSNI,2010-09-24,2010-09-27,21.8723,21.2162,1.41,5.24,5.65,-0.03,-0.033,stopped_out,True,3,1,101500.53,-3349.52,2010
TRIVENI,2010-09-27,2010-09-30,58.1978,61.1077,1.18,2.74,3.66,0.05,0.047,take_profit,False,3,3,100830.62,4739.04,2010
PRICOLLTD,2010-09-28,2010-09-30,23.1683,22.4733,4.36,6.41,9.56,-0.03,-0.033,stopped_out,True,2,2,105202.25,-3471.67,2010
ECLERX,2010-09-29,2010-09-30,229.694,241.1787,4.73,7.72,2.9,0.05,0.047,take_profit,False,1,1,110899.58,5212.28,2010
REDINGTON,2010-09-30,2010-10-01,30.4907,29.576,1.1,3.23,4.14,-0.03,-0.033,stopped_out,True,1,1,174373.47,-5754.32,2010
REDINGTON,2010-09-30,2010-10-01,30.4907,29.576,0.65,3.23,4.14,-0.03,-0.033,stopped_out,True,1,1,139498.78,-4603.46,2010
KANSAINER,2010-09-30,2010-10-14,59.001,58.3646,4.47,1.62,6.49,-0.010787,-0.013787,time_exit,False,14,10,111599.02,-1538.62,2010
AARTIIND,2010-09-30,2010-10-01,11.0449,11.5972,8.49,4.86,6.41,0.05,0.047,take_profit,False,1,1,89279.22,4196.12,2010
JSWSTEEL,2010-10-01,2010-10-08,115.6477,112.1782,2.2,1.67,1.9,-0.03,-0.033,stopped_out,True,7,5,150821.33,-4977.1,2010
FSL,2010-10-01,2010-10-12,22.8215,23.9626,2.95,3.6,3.6,0.05,0.047,take_profit,False,11,7,120657.07,5670.88,2010
ZYDUSLIFE,2010-10-01,2010-10-08,122.6896,114.3139,4.05,3.19,5.76,-0.068267,-0.071267,stopped_out_gap,False,7,5,96525.65,-6879.09,2010
AVANTIFEED,2010-10-07,2010-10-08,1.6201,1.5488,1.14,4.48,4.15,-0.04395,-0.04695,stopped_out_gap,False,1,1,104900.76,-4925.09,2010
IFCI,2010-10-08,2010-10-13,60.4978,63.5227,0.55,2.74,4.8,0.05,0.047,take_profit,False,5,3,151013.9,7097.65,2010
SURYAROSNI,2010-10-08,2010-10-18,23.2567,24.4195,3.26,4.74,8.52,0.05,0.047,take_profit,False,10,6,120811.12,5678.12,2010
JBMA,2010-10-08,2010-10-19,3.5893,3.7687,0.89,5.52,3.17,0.05,0.047,take_profit,False,11,7,96648.9,4542.5,2010
SRF,2010-10-12,2010-10-18,56.6374,54.9383,4.7,2.4,6.19,-0.03,-0.033,stopped_out,True,6,4,102584.71,-3385.3,2010
MARUTI,2010-10-13,2010-10-15,1382.9256,1341.4378,0.79,2.17,2.19,-0.03,-0.033,stopped_out,True,2,2,113690.08,-3751.77,2010
BATAINDIA,2010-10-14,2010-10-18,152.7471,148.1647,0.84,2.29,5.73,-0.03,-0.033,stopped_out,True,4,2,112964.14,-3727.82,2010
WEBELSOLAR,2010-10-15,2010-10-19,13.0565,12.6648,3.18,8.43,7.94,-0.03,-0.033,stopped_out,True,4,2,112358.98,-3707.85,2010
JINDALSAW,2010-10-18,2010-10-20,86.9554,84.3468,1.28,1.55,2.5,-0.03,-0.033,stopped_out,True,2,2,156872.18,-5176.78,2010
BIOCON,2010-10-19,2010-10-20,68.2212,66.1745,2.05,8.31,4.85,-0.03,-0.033,stopped_out,True,1,1,167466.25,-5526.39,2010
BIOCON,2010-10-19,2010-10-20,68.2212,66.1745,6.69,8.31,4.85,-0.03,-0.033,stopped_out,True,1,1,133973.0,-4421.11,2010
COROMANDEL,2010-10-19,2010-10-20,254.1645,266.8727,1.44,4.18,4.21,0.05,0.047,take_profit,False,1,1,107178.4,5037.38,2010
FEDERALBNK,2010-10-19,2010-10-22,37.9582,39.8561,1.75,2.28,3.75,0.05,0.047,take_profit,False,3,3,85742.72,4029.91,2010
CARBORUNIV,2010-10-20,2010-10-21,105.5936,110.8733,0.64,2.07,3.57,0.05,0.047,take_profit,False,1,1,179674.76,8444.71,2010
ALOKINDS,2010-10-20,2010-10-25,22.7354,23.8722,0.84,3.66,1.66,0.05,0.047,take_profit,False,5,3,143739.81,6755.77,2010
CENTRALBK,2010-10-20,2010-10-21,160.7744,168.8131,3.76,3.5,4.45,0.05,0.047,take_profit,False,1,1,114991.85,5404.62,2010
EIDPARRY,2010-10-20,2010-10-25,211.9258,222.5221,4.61,4.41,9.33,0.05,0.047,take_profit,False,5,3,91993.48,4323.69,2010
RELIANCE,2010-10-21,2010-11-04,221.5801,226.1474,0.92,1.67,2.82,0.020612,0.017612,time_exit,False,14,10,108238.38,1906.29,2010
MAHABANK,2010-10-21,2010-10-25,60.4138,58.2293,2.85,2.4,3.97,-0.036159,-0.039159,stopped_out_gap,False,4,2,135297.97,-5298.13,2010
INDIAGLYCO,2010-10-22,2010-10-26,80.8021,78.3781,6.06,3.03,11.77,-0.03,-0.033,stopped_out,True,4,2,104545.23,-3449.99,2010
EPL,2010-10-25,2010-10-27,18.8027,18.2386,2.57,1.81,3.51,-0.03,-0.033,stopped_out,True,2,2,158998.7,-5246.96,2010
HSCL,2010-10-25,2010-11-08,48.7626,51.2007,1.12,2.25,2.19,0.05,0.047,take_profit,False,14,9,127198.96,5978.35,2010
JAIBALAJI,2010-10-25,2010-10-26,57.1773,60.0362,3.56,5.04,2.45,0.05,0.047,take_profit,False,1,1,101759.17,4782.68,2010
WELSPUNLIV,2010-10-26,2010-10-27,5.8391,5.664,5.31,9.45,10.83,-0.03,-0.033,stopped_out,True,1,1,122934.75,-4056.85,2010
GOKEX,2010-10-26,2010-10-28,138.3881,134.2365,1.64,13.71,1.91,-0.03,-0.033,stopped_out,True,2,2,98347.8,-3245.48,2010
TI,2010-10-27,2010-10-29,97.2302,94.3133,0.57,1.66,4.32,-0.03,-0.033,stopped_out,True,2,2,133204.17,-4395.74,2010
JKPAPER,2010-10-27,2010-10-29,52.2066,50.6404,2.18,2.7,4.86,-0.03,-0.033,stopped_out,True,2,2,106563.34,-3516.59,2010
AVANTIFEED,2010-10-28,2010-10-29,1.9709,2.1339,7.46,3.21,6.41,0.082687,0.079687,take_profit_gap,False,1,1,104271.13,8309.05,2010
SONATSOFTW,2010-10-29,2010-11-02,12.0556,12.6619,5.22,5.02,5.41,0.050296,0.047296,take_profit_gap,False,4,2,121843.18,5762.7,2010
RAMCOCEM,2010-10-29,2010-11-02,106.1604,111.4684,0.6,2.55,6.47,0.05,0.047,take_profit,False,4,2,97474.55,4581.3,2010
CARBORUNIV,2010-10-29,2010-11-02,116.0362,112.5552,1.65,2.11,2.11,-0.03,-0.033,stopped_out,True,4,2,152303.98,-5026.03,2010
KTKBANK,2010-11-02,2010-11-12,88.5736,85.9163,3.45,6.0,5.37,-0.03,-0.033,stopped_out,True,10,7,153367.57,-5061.13,2010
PRSMJOHNSN,2010-11-02,2010-11-08,59.3688,62.3373,2.76,1.7,3.61,0.05,0.047,take_profit,False,6,3,122694.06,5766.62,2010
LT,2010-11-02,2010-11-15,767.2593,744.2415,1.13,1.81,2.37,-0.03,-0.033,stopped_out,True,13,8,98155.25,-3239.12,2010
SBIN,2010-11-04,2010-11-09,286.8875,277.9654,3.71,1.64,4.11,-0.031099,-0.034099,stopped_out_gap,False,5,2,100553.13,-3428.76,2010
HFCL,2010-11-08,2010-11-09,11.1071,11.6625,3.54,2.23,2.73,0.05,0.047,take_profit,False,1,1,132770.1,6240.19,2010
JKIL,2010-11-08,2010-11-12,109.3073,106.0281,2.89,2.97,4.7,-0.03,-0.033,stopped_out,True,4,4,106216.08,-3505.13,2010
GPIL,2010-11-09,2010-11-16,51.2311,49.6941,0.65,2.7,2.0,-0.03,-0.033,stopped_out,True,7,5,132199.8,-4362.59,2010
BRITANNIA,2010-11-09,2010-11-11,181.3839,175.9423,3.32,4.22,4.85,-0.03,-0.033,stopped_out,True,2,2,105759.84,-3490.07,2010
DATAMATICS,2010-11-11,2010-11-15,26.7195,25.771,3.21,11.41,2.3,-0.0355,-0.0385,stopped_out_gap,False,4,2,105061.82,-4044.88,2010
MARKSANS,2010-11-12,2010-11-15,5.0354,5.9977,1.92,11.75,19.54,0.191116,0.188116,take_profit_gap,False,3,1,134252.94,25255.13,2010
ECLERX,2010-11-12,2010-11-15,286.4089,300.7294,2.81,5.94,4.91,0.05,0.047,take_profit,False,3,1,107402.35,5047.91,2010
DATAMATICS,2010-11-16,2010-11-18,28.3243,27.4746,1.98,6.48,5.85,-0.03,-0.033,stopped_out,True,2,1,164054.08,-5413.78,2010
BATAINDIA,2010-11-16,2010-11-18,162.2452,170.3575,1.12,2.02,4.12,0.05,0.047,take_profit,False,2,1,205067.6,9638.18,2010
HEROMOTOCO,2010-11-18,2010-11-30,1168.5954,1227.0251,2.93,2.45,2.39,0.05,0.047,take_profit,False,12,8,205912.48,9677.89,2010
IDEA,2010-11-19,2010-11-22,43.8923,42.5755,0.68,4.65,4.9,-0.03,-0.033,stopped_out,True,3,1,164729.98,-5436.09,2010
MANAPPURAM,2010-11-22,2010-11-23,51.7023,50.1513,1.29,3.16,8.06,-0.03,-0.033,stopped_out,True,1,1,163642.77,-5400.21,2010
ECLERX,2010-11-22,2010-11-23,309.1727,324.6314,1.34,2.34,4.37,0.05,0.047,take_profit,False,1,1,130914.21,6152.97,2010
TVSMOTOR,2010-11-24,2010-11-26,70.6523,68.5328,3.75,3.67,7.84,-0.03,-0.033,stopped_out,True,2,2,163793.32,-5405.18,2010
TCS,2010-11-29,2010-12-13,384.1891,385.5246,0.8,1.83,1.55,0.003476,0.000476,time_exit,False,14,10,162712.28,77.45,2010
CANBK,2010-11-30,2010-12-06,107.983,104.7435,1.09,3.26,3.42,-0.03,-0.033,stopped_out,True,6,4,173287.9,-5718.5,2010
SHRIRAMFIN,2010-11-30,2010-12-03,130.8125,137.3531,3.69,1.94,5.25,0.05,0.047,take_profit,False,3,3,138630.32,6515.62,2010
PIDILITIND,2010-11-30,2010-12-07,68.2955,71.7103,2.33,1.78,5.04,0.05,0.047,take_profit,False,7,5,110904.25,5212.5,2010
CANBK,2010-11-30,2010-12-06,107.983,104.7435,1.21,3.26,3.42,-0.03,-0.033,stopped_out,True,6,4,88723.4,-2927.87,2010
MANAPPURAM,2010-12-03,2010-12-06,45.9529,44.5743,2.29,1.77,3.23,-0.03,-0.033,stopped_out,True,3,1,100007.91,-3300.26,2010
GRAPHITE,2010-12-07,2010-12-09,61.5607,59.7139,1.8,3.06,4.35,-0.03,-0.033,stopped_out,True,2,2,173244.2,-5717.06,2010
ACC,2010-12-10,2010-12-13,872.6476,846.4682,1.77,4.41,8.07,-0.03,-0.033,stopped_out,True,3,1,172100.78,-5679.33,2010
PETRONET,2010-12-13,2010-12-14,39.5807,41.5598,3.72,1.5,5.91,0.05,0.047,take_profit,False,1,1,203522.87,9565.57,2010
CARBORUNIV,2010-12-14,2010-12-22,111.1855,116.7447,1.21,4.55,6.27,0.05,0.047,take_profit,False,8,5,205435.98,9655.49,2010
BERGEPAINT,2010-12-14,2010-12-23,27.457,28.8298,4.34,2.49,3.82,0.05,0.047,take_profit,False,9,6,164348.78,7724.39,2010
GRAPHITE,2010-12-14,2010-12-16,66.1596,64.1748,0.91,3.07,4.3,-0.03,-0.033,stopped_out,True,2,2,131479.03,-4338.81,2010
GSPL,2010-12-14,2010-12-15,101.0046,97.9745,0.84,2.27,4.14,-0.03,-0.033,stopped_out,True,1,1,105183.22,-3471.05,2010
BERGEPAINT,2010-12-14,2010-12-23,27.457,28.8298,2.26,2.49,3.82,0.05,0.047,take_profit,False,9,6,84146.58,3954.89,2010
ARVIND,2010-12-15,2010-12-16,15.7576,16.5455,6.09,2.02,3.67,0.05,0.047,take_profit,False,1,1,87659.7,4120.01,2010
DCMSHRIRAM,2010-12-16,2010-12-20,39.3431,38.1628,2.08,3.21,6.76,-0.03,-0.033,stopped_out,True,4,1,113911.74,-3759.09,2010
OFSS,2010-12-16,2010-12-31,1226.7288,1272.5482,1.13,1.91,2.36,0.037351,0.034351,time_exit,False,15,10,91129.39,3130.39,2010
HEROMOTOCO,2010-12-20,2010-12-21,1209.6082,1173.3199,10.41,5.87,11.89,-0.03,-0.033,stopped_out,True,1,1,94934.05,-3132.82,2010
JBCHEPHARM,2010-12-21,2010-12-28,38.3136,40.2293,3.82,1.66,2.67,0.05,0.047,take_profit,False,7,5,94307.48,4432.45,2010
AKZOINDIA,2010-12-22,2010-12-23,532.6706,502.7832,4.14,2.71,3.27,-0.056109,-0.059109,stopped_out_gap,False,1,1,118464.28,-7002.31,2010
JINDWORLD,2010-12-23,2010-12-24,4.7918,4.5296,1.96,2.74,7.52,-0.054727,-0.057727,stopped_out_gap,False,1,1,169098.75,-9761.56,2010
BERGEPAINT,2010-12-23,2010-12-27,29.4509,28.5674,1.92,3.17,6.12,-0.03,-0.033,stopped_out,True,4,2,135279.0,-4464.21,2010
SUNPHARMA,2010-12-24,2011-01-05,212.5927,223.2224,1.66,1.9,6.84,0.05,0.047,take_profit,False,12,8,140090.64,6584.26,2011
SUNPHARMA,2010-12-24,2011-01-05,212.5927,223.2224,3.38,1.9,6.84,0.05,0.047,take_profit,False,12,8,112072.51,5267.41,2011
PERSISTENT,2010-12-27,2011-01-04,89.1365,93.5934,0.58,1.96,1.72,0.05,0.047,take_profit,False,8,6,115820.96,5443.59,2011
UBL,2010-12-28,2010-12-29,499.5252,484.5394,2.7,9.18,13.3,-0.03,-0.033,stopped_out,True,1,1,112404.76,-3709.36,2010
JINDWORLD,2010-12-29,2010-12-30,6.5996,7.0847,1.45,3.79,10.33,0.0735,0.0705,take_profit_gap,False,1,1,111662.89,7872.23,2010
TATAPOWER,2010-12-30,2011-01-13,107.1071,105.8402,0.57,2.03,1.77,-0.011829,-0.014829,time_exit,False,14,10,113237.33,-1679.2,2011
NATIONALUM,2010-12-31,2011-01-07,46.4175,45.025,1.53,2.09,3.3,-0.03,-0.033,stopped_out,True,7,5,109441.82,-3611.58,2011
AVANTIFEED,2011-01-04,2011-01-07,1.9735,1.9143,1.23,6.32,3.38,-0.03,-0.033,stopped_out,True,3,3,111806.37,-3689.61,2011
ZENSARTECH,2011-01-05,2011-01-06,26.2866,27.6009,1.18,4.38,4.24,0.05,0.047,take_profit,False,1,1,113798.45,5348.53,2011
ADANIPORTS,2011-01-05,2011-01-07,145.1033,140.7502,2.22,3.85,5.0,-0.03,-0.033,stopped_out,True,2,2,142248.06,-4694.19,2011
RAIN,2011-01-12,2011-01-17,28.9627,28.0938,1.39,1.69,3.54,-0.03,-0.033,stopped_out,True,5,3,185168.33,-6110.55,2011
SUZLON,2011-01-12,2011-01-14,49.2868,47.8082,3.17,2.15,10.39,-0.03,-0.033,stopped_out,True,2,2,148134.66,-4888.44,2011
GRASIM,2011-01-12,2011-01-27,335.5908,325.5231,1.66,1.71,4.22,-0.03,-0.033,stopped_out,True,15,10,118507.73,-3910.76,2011
SUDARSCHEM,2011-01-12,2011-01-17,52.4131,49.9334,3.76,2.61,3.81,-0.047311,-0.050311,stopped_out_gap,False,5,3,94806.18,-4769.79,2011
REFEX,2011-01-17,2011-01-19,7.7726,8.1735,2.08,1.54,3.68,0.051579,0.048579,take_profit_gap,False,2,2,180624.65,8774.56,2011
TCS,2011-01-18,2011-01-31,431.2576,418.3199,3.2,2.82,2.43,-0.03,-0.033,stopped_out,True,13,8,144499.72,-4768.49,2011
BSOFT,2011-01-18,2011-01-19,39.4193,38.2367,2.12,2.56,9.54,-0.03,-0.033,stopped_out,True,1,1,115599.78,-3814.79,2011
PETRONET,2011-01-18,2011-01-19,41.5478,43.6252,2.31,2.12,1.96,0.05,0.047,take_profit,False,1,1,92479.82,4346.55,2011
PATANJALI,2011-01-19,2011-01-21,3621.2199,3512.5833,1.58,1.98,4.59,-0.03,-0.033,stopped_out,True,2,2,153585.97,-5068.34,2011
MARICO,2011-01-19,2011-01-21,54.0542,52.4326,1.89,2.99,3.28,-0.03,-0.033,stopped_out,True,2,2,122868.78,-4054.67,2011
ZYDUSLIFE,2011-01-20,2011-01-28,145.7334,141.3614,3.62,3.44,4.35,-0.03,-0.033,stopped_out,True,8,5,98295.02,-3243.74,2011
WOCKPHARMA,2011-01-21,2011-01-25,315.2379,333.8404,4.66,2.56,5.11,0.059011,0.056011,take_profit_gap,False,4,2,132102.36,7399.19,2011
M&M,2011-01-21,2011-01-27,328.3276,318.4778,0.82,1.58,2.36,-0.03,-0.033,stopped_out,True,6,3,105681.89,-3487.5,2011
NTPC,2011-01-25,2011-01-31,96.2931,93.0319,1.06,1.81,1.76,-0.033867,-0.036867,stopped_out_gap,False,6,3,112445.82,-4145.54,2011
SIEMENS,2011-01-31,2011-02-14,422.1883,416.1606,8.67,9.7,2.89,-0.014277,-0.017277,time_exit,False,14,10,201931.49,-3488.77,2011
SIEMENS,2011-01-31,2011-02-14,422.1883,416.1606,11.54,9.7,2.89,-0.014277,-0.017277,time_exit,False,14,10,161545.19,-2791.02,2011
WOCKPHARMA,2011-02-02,2011-02-04,325.8201,342.1111,2.18,2.53,2.77,0.05,0.047,take_profit,False,2,2,129236.15,6074.1,2011
NFL,2011-02-03,2011-02-08,85.1745,82.6193,4.62,4.29,8.12,-0.03,-0.033,stopped_out,True,5,3,103388.92,-3411.83,2011
MOTHERSON,2011-02-03,2011-02-08,5.3487,5.1882,0.86,3.78,6.66,-0.03,-0.033,stopped_out,True,5,3,82711.14,-2729.47,2011
BRIGADE,2011-02-04,2011-02-07,62.6808,60.8004,2.67,16.43,11.55,-0.03,-0.033,stopped_out,True,3,1,93230.96,-3076.62,2011
FORTIS,2011-02-08,2011-02-14,146.3516,153.6692,1.53,3.63,4.25,0.05,0.047,take_profit,False,6,4,128607.39,6044.55,2011
MFSL,2011-02-11,2011-02-15,139.3267,135.1469,1.35,1.6,3.22,-0.03,-0.033,stopped_out,True,4,2,102885.91,-3395.24,2011
HINDZINC,2011-02-14,2011-02-25,44.9653,43.6163,1.37,2.07,3.1,-0.03,-0.033,stopped_out,True,11,9,92507.39,-3052.74,2011
NFL,2011-02-14,2011-02-15,86.3835,90.7027,1.18,2.11,10.86,0.05,0.047,take_profit,False,1,1,115634.24,5434.81,2011
REDINGTON,2011-02-14,2011-02-15,26.1469,25.3625,2.38,2.29,9.21,-0.03,-0.033,stopped_out,True,1,1,180678.5,-5962.39,2011
NFL,2011-02-14,2011-02-15,86.3835,90.7027,9.66,2.11,10.86,0.05,0.047,take_profit,False,1,1,144542.8,6793.51,2011
MARICO,2011-02-15,2011-02-16,51.6827,50.1322,2.04,2.75,3.18,-0.03,-0.033,stopped_out,True,1,1,183328.34,-6049.84,2011
FEDERALBNK,2011-02-15,2011-02-18,31.9179,30.9603,0.52,1.67,1.7,-0.03,-0.033,stopped_out,True,3,3,146662.67,-4839.87,2011
NMDC,2011-02-15,2011-02-28,24.5173,23.7818,0.98,1.53,1.79,-0.03,-0.033,stopped_out,True,13,9,117330.14,-3871.89,2011
ELECON,2011-02-15,2011-02-16,30.5645,33.8114,0.58,2.33,6.51,0.10623,0.10323,take_profit_gap,False,1,1,93864.11,9689.59,2011
HINDCOPPER,2011-02-16,2011-02-17,277.6134,269.285,12.66,8.86,2.47,-0.03,-0.033,stopped_out,True,1,1,131257.73,-4331.51,2011
TANLA,2011-02-16,2011-02-17,18.5465,17.9901,11.19,4.31,19.83,-0.03,-0.033,stopped_out,True,1,1,105006.18,-3465.2,2011
TIMETECHNO,2011-02-17,2011-03-03,23.6621,24.8452,1.05,4.27,10.24,0.05,0.047,take_profit,False,14,9,129698.39,6095.82,2011
ICIL,2011-02-17,2011-02-22,2.9753,3.2185,3.07,2.06,4.82,0.08174,0.07874,take_profit_gap,False,5,3,103758.71,8169.96,2011
MANAPPURAM,2011-02-18,2011-02-21,36.6456,35.5462,10.61,1.58,2.63,-0.03,-0.033,stopped_out,True,3,1,111371.53,-3675.26,2011
TITAN,2011-02-22,2011-02-24,161.4282,156.5854,0.78,1.61,4.35,-0.03,-0.033,stopped_out,True,2,2,133022.21,-4389.73,2011
GRAVITA,2011-02-22,2011-02-24,44.0744,42.7522,2.23,2.47,6.56,-0.03,-0.033,stopped_out,True,2,2,106417.77,-3511.79,2011
NATIONALUM,2011-02-24,2011-02-28,50.4651,48.9512,2.82,4.04,3.18,-0.03,-0.033,stopped_out,True,4,2,131441.91,-4337.58,2011
COALINDIA,2011-02-28,2011-03-08,110.2586,115.7715,5.39,5.82,9.6,0.05,0.047,take_profit,False,8,5,171156.97,8044.38,2011
VAIBHAVGBL,2011-02-28,2011-03-01,4.2406,4.4526,9.88,4.18,29.84,0.05,0.047,take_profit,False,1,1,136925.57,6435.5,2011
ITC,2011-02-28,2011-03-15,68.684,69.0619,8.11,3.64,8.3,0.005503,0.002503,time_exit,False,15,10,109540.46,274.18,2011
GODFRYPHLP,2011-02-28,2011-03-01,105.6773,102.5069,1.79,3.01,8.68,-0.03,-0.033,stopped_out,True,1,1,87632.37,-2891.87,2011
MARUTI,2011-03-01,2011-03-07,1145.4128,1111.0504,3.34,2.47,6.75,-0.03,-0.033,stopped_out,True,6,3,115726.21,-3818.96,2011
ITC,2011-03-01,2011-03-07,70.5534,68.4368,0.69,1.75,1.64,-0.03,-0.033,stopped_out,True,6,3,92580.97,-3055.17,2011
SUNFLAG,2011-03-03,2011-03-04,26.1675,25.3824,0.95,3.11,5.37,-0.03,-0.033,stopped_out,True,1,1,101223.62,-3340.38,2011
GSFC,2011-03-04,2011-03-14,50.2811,48.7727,1.88,2.08,5.99,-0.03,-0.033,stopped_out,True,10,6,100555.54,-3318.33,2011
TECHM,2011-03-08,2011-03-10,129.4492,125.5657,5.44,5.46,9.84,-0.03,-0.033,stopped_out,True,2,2,100205.64,-3306.79,2011
NESTLEIND,2011-03-08,2011-03-16,159.6543,154.8647,1.68,1.72,1.51,-0.03,-0.033,stopped_out,True,8,6,156571.31,-5166.85,2011
JINDWORLD,2011-03-08,2011-03-15,5.8139,5.0522,9.0,13.22,22.47,-0.131014,-0.134014,stopped_out_gap,False,7,5,125257.05,-16786.2,2011
GOKEX,2011-03-10,2011-03-11,114.4075,120.1279,16.81,17.39,14.5,0.05,0.047,take_profit,False,1,1,99544.28,4678.58,2011
GOKEX,2011-03-11,2011-03-14,123.2503,119.5528,2.72,13.5,6.7,-0.03,-0.033,stopped_out,True,3,1,100480.0,-3315.84,2011
V2RETAIL,2011-03-14,2011-03-15,37.3687,36.2476,9.91,10.83,18.38,-0.03,-0.033,stopped_out,True,1,1,119264.27,-3935.72,2011
ESCORTS,2011-03-14,2011-03-15,121.2572,117.514,2.95,1.64,4.51,-0.03087,-0.03387,stopped_out_gap,False,1,1,95411.42,-3231.58,2011
VIPIND,2011-03-15,2011-03-16,101.868,106.9614,5.54,5.62,10.76,0.05,0.047,take_profit,False,1,1,161487.91,7589.93,2011
RELIANCE,2011-03-15,2011-03-18,212.4846,206.11,1.67,2.27,3.94,-0.03,-0.033,stopped_out,True,3,3,129190.32,-4263.28,2011
PRSMJOHNSN,2011-03-16,2011-03-30,50.8526,53.3953,0.96,2.14,1.86,0.05,0.047,take_profit,False,14,10,107167.18,5036.86,2011
JBCHEPHARM,2011-03-16,2011-03-18,38.819,37.6545,3.69,1.78,5.53,-0.03,-0.033,stopped_out,True,2,2,167448.72,-5525.81,2011
CENTRALBK,2011-03-16,2011-03-17,131.6418,127.6926,2.5,4.01,6.43,-0.03,-0.033,stopped_out,True,1,1,133958.97,-4420.65,2011
VIPIND,2011-03-16,2011-03-17,111.4119,116.9825,4.04,5.23,9.42,0.05,0.047,take_profit,False,1,1,85733.74,4029.49,2011
HAVELLS,2011-03-17,2011-03-21,62.8081,60.9238,1.48,2.21,1.6,-0.03,-0.033,stopped_out,True,4,2,89957.85,-2968.61,2011
MAHLIFE,2011-03-17,2011-03-18,99.0111,96.0408,1.67,8.34,11.12,-0.03,-0.033,stopped_out,True,1,1,112447.31,-3710.76,2011
TORNTPOWER,2011-03-18,2011-03-21,178.7403,173.3781,4.17,7.54,8.98,-0.03,-0.033,stopped_out,True,3,1,96693.49,-3190.89,2011
MOTHERSON,2011-03-18,2011-03-31,5.9737,6.2724,3.88,2.18,5.36,0.05,0.047,take_profit,False,13,9,120866.86,5680.74,2011
CENTURYPLY,2011-03-18,2011-03-21,55.1658,57.9241,0.74,4.2,2.96,0.05,0.047,take_profit,False,3,1,151083.58,7100.93,2011
RAMCOCEM,2011-03-21,2011-03-30,89.0083,93.4587,0.57,2.98,4.06,0.05,0.047,take_profit,False,9,7,145090.06,6819.23,2011
ESCORTS,2011-03-21,2011-03-23,127.5685,123.7415,3.96,2.4,5.52,-0.03,-0.033,stopped_out,True,2,2,116072.05,-3830.38,2011
RELIGARE,2011-03-21,2011-03-24,499.2495,484.272,1.4,2.17,3.93,-0.03,-0.033,stopped_out,True,3,3,92857.64,-3064.3,2011
KOTAKBANK,2011-03-23,2011-03-25,42.8128,44.9535,2.31,1.97,2.97,0.05,0.047,take_profit,False,2,2,96734.44,4546.52,2011
GODREJIND,2011-03-24,2011-03-28,168.5542,176.9819,1.66,2.26,1.94,0.05,0.047,take_profit,False,4,2,95346.22,4481.27,2011
DLF,2011-03-25,2011-03-30,214.6901,225.4247,2.89,2.23,4.66,0.05,0.047,take_profit,False,5,3,96533.17,4537.06,2011
IRB,2011-03-28,2011-03-30,15.3518,16.1194,2.53,1.99,3.47,0.05,0.047,take_profit,False,2,2,97192.04,4568.03,2011
RAMCOCEM,2011-03-30,2011-04-07,94.7714,99.51,2.12,5.1,5.28,0.05,0.047,take_profit,False,8,6,109531.11,5147.96,2011
AMBUJACEM,2011-03-30,2011-03-31,120.2558,116.6481,2.9,7.52,8.68,-0.03,-0.033,stopped_out,True,1,1,87624.89,-2891.62,2011
HSCL,2011-03-30,2011-03-31,44.1706,42.7187,2.64,6.48,10.85,-0.032871,-0.035871,stopped_out_gap,False,1,1,171142.35,-6139.05,2011
FEDERALBNK,2011-03-30,2011-03-31,34.8613,33.8155,0.97,1.9,3.81,-0.03,-0.033,stopped_out,True,1,1,136913.88,-4518.16,2011
MANAPPURAM,2011-03-31,2011-04-11,37.7984,36.6644,1.7,3.05,3.95,-0.03,-0.033,stopped_out,True,11,7,171835.89,-5670.58,2011
HINDUNILVR,2011-03-31,2011-04-04,218.9602,212.3914,0.54,2.32,3.09,-0.03,-0.033,stopped_out,True,4,2,137468.71,-4536.47,2011
BERGEPAINT,2011-03-31,2011-04-04,24.219,25.43,1.18,1.74,4.26,0.05,0.047,take_profit,False,4,2,109974.97,5168.82,2011
SOBHA,2011-03-31,2011-04-05,248.5641,260.9924,1.6,2.74,7.12,0.05,0.047,take_profit,False,5,3,87979.97,4135.06,2011
ACE,2011-04-04,2011-04-05,42.1571,44.265,2.47,2.16,2.53,0.05,0.047,take_profit,False,1,1,119999.19,5639.96,2011
SOLARINDS,2011-04-04,2011-04-08,109.5119,106.2265,2.34,2.15,3.68,-0.03,-0.033,stopped_out,True,4,4,95999.35,-3167.98,2011
ECLERX,2011-04-05,2011-04-06,298.9809,313.93,6.66,1.59,6.28,0.05,0.047,take_profit,False,1,1,120350.32,5656.46,2011
BAJAJELEC,2011-04-05,2011-04-08,215.2678,226.0312,2.39,2.54,3.53,0.05,0.047,take_profit,False,3,3,96280.25,4525.17,2011
TI,2011-04-06,2011-04-07,63.6021,61.694,3.13,2.9,10.0,-0.03,-0.033,stopped_out,True,1,1,102225.56,-3373.44,2011
BIOCON,2011-04-07,2011-04-19,56.1874,54.5018,0.93,2.03,3.04,-0.03,-0.033,stopped_out,True,12,6,99589.35,-3286.45,2011
GMRAIRPORT,2011-04-07,2011-04-08,38.3443,37.194,0.72,2.31,4.52,-0.03,-0.033,stopped_out,True,1,1,124486.68,-4108.06,2011
CASTROLIND,2011-04-08,2011-04-27,70.0453,71.2851,1.59,5.24,2.78,0.0177,0.0147,time_exit,False,19,10,91183.72,1340.4,2011
HINDZINC,2011-04-08,2011-04-21,50.2196,52.7306,2.92,3.41,2.72,0.05,0.047,take_profit,False,13,7,113979.65,5357.04,2011
VSTIND,2011-04-08,2011-04-13,37.3418,39.2089,3.18,10.29,3.59,0.05,0.047,take_profit,False,5,2,142474.56,6696.3,2011
AARTIDRUGS,2011-04-11,2011-04-13,14.9787,14.5294,4.35,18.17,14.83,-0.03,-0.033,stopped_out,True,2,1,106180.04,-3503.94,2011
FINCABLES,2011-04-13,2011-04-19,46.2893,44.9007,3.29,2.39,3.3,-0.03,-0.033,stopped_out,True,6,3,135313.42,-4465.34,2011
CCL,2011-04-13,2011-04-15,22.6348,21.9557,0.79,11.05,18.82,-0.03,-0.033,stopped_out,True,2,1,108250.74,-3572.27,2011
SUDARSCHEM,2011-04-15,2011-04-19,59.1186,57.1484,1.48,2.57,1.96,-0.033326,-0.036326,stopped_out_gap,False,4,2,107536.28,-3906.36,2011
ZEEL,2011-04-19,2011-04-25,118.7241,115.1624,3.86,7.48,7.07,-0.03,-0.033,stopped_out,True,6,3,152185.2,-5022.11,2011
HFCL,2011-04-19,2011-04-20,16.6607,16.1609,3.83,3.71,12.25,-0.03,-0.033,stopped_out,True,1,1,121748.16,-4017.69,2011
WOCKPHARMA,2011-04-19,2011-04-21,311.5962,302.2484,1.37,1.65,4.8,-0.03,-0.033,stopped_out,True,2,2,97398.53,-3214.15,2011
SUZLON,2011-04-20,2011-04-25,52.7318,51.1499,2.87,1.61,3.61,-0.03,-0.033,stopped_out,True,5,2,101464.92,-3348.34,2011
BSOFT,2011-04-21,2011-04-27,42.7278,41.4459,4.0,1.95,4.45,-0.03,-0.033,stopped_out,True,6,3,123876.15,-4087.91,2011
VSTIND,2011-04-21,2011-04-25,47.7984,50.1883,5.64,7.31,9.17,0.05,0.047,take_profit,False,4,1,99100.92,4657.74,2011
REDINGTON,2011-04-25,2011-04-26,28.7229,30.159,0.82,2.16,4.28,0.05,0.047,take_profit,False,1,1,95416.58,4484.58,2011
SUDARSCHEM,2011-04-25,2011-04-28,61.008,59.1777,1.29,2.12,6.37,-0.03,-0.033,stopped_out,True,3,3,149088.4,-4919.92,2011
PRESTIGE,2011-04-25,2011-04-27,138.7508,145.6884,6.41,7.03,5.47,0.05,0.047,take_profit,False,2,2,119270.72,5605.72,2011
TITAGARH,2011-04-26,2011-04-29,68.373,66.3218,1.59,3.01,3.44,-0.03,-0.033,stopped_out,True,3,3,96313.49,-3178.35,2011
CIEINDIA,2011-04-27,2011-04-28,74.8711,78.6147,5.63,8.36,6.47,0.05,0.047,take_profit,False,1,1,144488.56,6790.96,2011
BALKRISIND,2011-04-27,2011-04-28,63.5107,66.6862,3.08,5.72,4.62,0.05,0.047,take_profit,False,1,1,115590.84,5432.77,2011
KAJARIACER,2011-04-27,2011-04-28,36.468,38.2914,3.15,2.69,7.19,0.05,0.047,take_profit,False,1,1,92472.68,4346.22,2011
EXIDEIND,2011-04-28,2011-05-11,127.5193,133.8953,2.66,7.0,5.21,0.05,0.047,take_profit,False,13,9,176636.24,8301.9,2011
OLECTRA,2011-04-28,2011-05-03,19.447,18.8447,1.09,5.61,4.71,-0.03097,-0.03397,stopped_out_gap,False,5,3,141308.99,-4800.27,2011
ABB,2011-04-28,2011-04-29,747.9857,725.5462,1.65,3.19,2.0,-0.03,-0.033,stopped_out,True,1,1,113047.19,-3730.56,2011
OLECTRA,2011-04-28,2011-05-03,19.447,18.8447,4.25,5.61,4.71,-0.03097,-0.03397,stopped_out_gap,False,5,3,90437.76,-3072.17,2011
SUNPHARMA,2011-04-29,2011-05-03,209.2015,202.9254,2.39,1.74,3.6,-0.03,-0.033,stopped_out,True,4,2,112840.56,-3723.74,2011
SURYAROSNI,2011-04-29,2011-05-02,21.4827,20.8382,2.14,17.35,10.26,-0.03,-0.033,stopped_out,True,3,1,90272.45,-2978.99,2011
UBL,2011-05-04,2011-05-05,495.7145,480.8431,2.81,6.57,8.18,-0.03,-0.033,stopped_out,True,1,1,125019.9,-4125.66,2011
VAIBHAVGBL,2011-05-04,2011-05-05,6.5062,6.311,0.79,7.25,14.78,-0.03,-0.033,stopped_out,True,1,1,156274.88,-5157.07,2011
UPL,2011-05-05,2011-05-12,88.0387,92.4406,0.64,2.11,4.27,0.05,0.047,take_profit,False,7,5,154418.33,7257.66,2011
APOLLOHOSP,2011-05-05,2011-05-06,456.3469,442.6565,1.03,1.68,5.1,-0.03,-0.033,stopped_out,True,1,1,123534.67,-4076.64,2011
APOLLOTYRE,2011-05-05,2011-05-11,57.7209,60.607,2.1,1.64,1.77,0.05,0.047,take_profit,False,6,4,98827.73,4644.9,2011
HEROMOTOCO,2011-05-05,2011-05-11,1079.5007,1133.4757,0.85,2.02,5.43,0.05,0.047,take_profit,False,6,4,79062.19,3715.92,2011
BATAINDIA,2011-05-09,2011-05-17,201.414,211.4847,3.79,2.3,6.03,0.05,0.047,take_profit,False,8,6,87141.35,4095.64,2011
FORTIS,2011-05-11,2011-05-13,156.5425,148.3904,1.24,1.72,3.25,-0.052076,-0.055076,stopped_out_gap,False,2,2,143950.86,-7928.24,2011
DEEPAKFERT,2011-05-11,2011-05-17,110.6796,116.2136,1.89,3.1,2.78,0.05,0.047,take_profit,False,6,4,115160.69,5412.55,2011
PURVA,2011-05-11,2011-05-12,84.1,81.577,8.64,16.55,14.92,-0.03,-0.033,stopped_out,True,1,1,92128.55,-3040.24,2011
PRICOLLTD,2011-05-12,2011-05-18,14.8217,14.246,3.79,3.75,7.03,-0.03884,-0.04184,stopped_out_gap,False,6,4,123855.7,-5182.12,2011
ASIANPAINT,2011-05-12,2011-05-17,241.4079,253.4783,0.73,1.93,2.25,0.05,0.047,take_profit,False,5,3,99084.56,4656.97,2011
LUPIN,2011-05-13,2011-05-27,405.0881,409.2803,2.59,2.28,3.76,0.010349,0.007349,time_exit,False,14,10,106472.17,782.46,2011
ADANIPORTS,2011-05-17,2011-05-20,133.8334,129.7183,1.42,3.15,2.23,-0.030748,-0.033748,stopped_out_gap,False,3,3,94904.38,-3202.83,2011
ASIANPAINT,2011-05-17,2011-05-25,250.0399,262.5419,0.61,2.99,1.56,0.05,0.047,take_profit,False,8,6,148288.09,6969.54,2011
BERGEPAINT,2011-05-17,2011-05-20,28.1223,27.2786,0.67,2.18,5.12,-0.03,-0.033,stopped_out,True,3,3,118630.47,-3914.81,2011
GPIL,2011-05-20,2011-05-23,44.0132,42.6928,1.48,2.19,4.4,-0.03,-0.033,stopped_out,True,3,1,140941.66,-4651.07,2011
DIVISLAB,2011-05-20,2011-05-30,315.7573,331.5452,1.92,6.49,2.13,0.05,0.047,take_profit,False,10,6,112753.33,5299.41,2011
LT,2011-05-20,2011-05-24,594.2736,576.0192,5.36,2.76,2.56,-0.030717,-0.033717,stopped_out_gap,False,4,2,90202.66,-3041.36,2011
POONAWALLA,2011-05-23,2011-05-24,69.0608,66.989,3.46,4.61,7.46,-0.03,-0.033,stopped_out,True,1,1,99420.25,-3280.87,2011
ARVIND,2011-05-24,2011-05-25,22.3116,21.6423,1.44,2.96,5.54,-0.03,-0.033,stopped_out,True,1,1,116196.34,-3834.48,2011
VSTIND,2011-05-25,2011-05-26,48.1884,50.5979,2.58,2.42,3.78,0.05,0.047,take_profit,False,1,1,146480.97,6884.61,2011
VGUARD,2011-05-25,2011-05-31,13.3292,13.9957,6.17,11.12,6.43,0.05,0.047,take_profit,False,6,4,117184.77,5507.68,2011
MPHASIS,2011-05-25,2011-05-27,295.7825,286.909,3.15,2.79,6.78,-0.03,-0.033,stopped_out,True,2,2,93747.82,-3093.68,2011
VIPIND,2011-05-26,2011-05-27,122.906,129.0513,5.62,3.43,6.93,0.05,0.047,take_profit,False,1,1,105671.37,4966.55,2011
DEEPAKFERT,2011-05-27,2011-06-02,114.7345,120.4712,1.85,1.95,7.07,0.05,0.047,take_profit,False,6,4,93597.72,4399.09,2011
KTKBANK,2011-05-27,2011-05-30,53.2888,55.9533,1.98,1.54,4.17,0.05,0.047,take_profit,False,3,1,116997.15,5498.87,2011
KNRCON,2011-05-27,2011-05-30,10.23,10.7415,3.33,3.95,4.9,0.05,0.047,take_profit,False,3,1,146246.44,6873.58,2011
HAVELLS,2011-05-30,2011-06-08,71.6818,75.2593,2.16,2.52,2.54,0.049909,0.046909,take_profit_gap,False,9,7,153611.93,7205.78,2011
DABUR,2011-05-30,2011-05-31,97.1,101.955,1.11,2.51,3.72,0.05,0.047,take_profit,False,1,1,122889.54,5775.81,2011
KTKBANK,2011-05-30,2011-06-06,55.9233,54.2456,2.7,2.37,4.71,-0.03,-0.033,stopped_out,True,7,5,98311.63,-3244.28,2011
KNRCON,2011-05-31,2011-06-01,11.4781,11.1337,2.28,4.8,8.3,-0.03,-0.033,stopped_out,True,1,1,128920.87,-4254.39,2011
LUPIN,2011-05-31,2011-06-02,432.4682,419.4942,0.82,1.79,3.49,-0.03,-0.033,stopped_out,True,2,2,103136.7,-3403.51,2011
PATELENG,2011-06-01,2011-06-02,107.4475,102.489,0.95,2.34,6.18,-0.046149,-0.049149,stopped_out_gap,False,1,1,107442.65,-5280.7,2011
TTML,2011-06-02,2011-06-03,14.6134,14.175,0.62,8.57,8.13,-0.03,-0.033,stopped_out,True,1,1,145932.51,-4815.77,2011
TTML,2011-06-02,2011-06-03,14.6134,14.175,1.16,8.57,8.13,-0.03,-0.033,stopped_out,True,1,1,116746.01,-3852.62,2011
SOUTHBANK,2011-06-02,2011-06-16,18.0784,18.0965,2.4,3.03,3.96,0.001002,-0.001998,time_exit,False,14,10,93396.81,-186.61,2011
BRITANNIA,2011-06-03,2011-06-14,183.3198,192.4858,1.33,1.62,2.36,0.05,0.047,take_profit,False,11,7,125519.47,5899.42,2011
SONATSOFTW,2011-06-03,2011-06-08,9.0768,8.8045,3.19,8.78,3.17,-0.03,-0.033,stopped_out,True,5,3,100415.58,-3313.71,2011
JAIBALAJI,2011-06-06,2011-06-07,41.0603,39.8285,3.4,12.27,12.67,-0.03,-0.033,stopped_out,True,1,1,99345.93,-3278.42,2011
KTKBANK,2011-06-07,2011-06-13,57.8872,60.7816,3.68,9.88,6.95,0.05,0.047,take_profit,False,6,4,98690.25,4638.44,2011
VGUARD,2011-06-08,2011-06-20,14.7414,14.2992,1.39,1.68,1.94,-0.03,-0.033,stopped_out,True,12,8,130536.11,-4307.69,2011
BIOCON,2011-06-08,2011-06-17,55.7933,54.1195,0.77,2.45,2.11,-0.03,-0.033,stopped_out,True,9,7,104428.89,-3446.15,2011
WELENT,2011-06-13,2011-06-14,61.5165,64.5924,17.43,11.68,20.81,0.05,0.047,take_profit,False,1,1,104208.85,4897.82,2011
HAVELLS,2011-06-14,2011-06-16,77.2268,74.91,1.05,2.17,3.11,-0.03,-0.033,stopped_out,True,2,2,131472.19,-4338.58,2011
TORNTPOWER,2011-06-14,2011-06-15,187.6828,182.0523,1.04,2.6,5.58,-0.03,-0.033,stopped_out,True,1,1,105177.75,-3470.87,2011
TIMETECHNO,2011-06-15,2011-06-20,28.3858,27.5343,1.53,11.93,3.99,-0.03,-0.033,stopped_out,True,5,3,104483.58,-3447.96,2011
VSTIND,2011-06-16,2011-06-20,49.9828,48.4833,1.27,4.87,2.21,-0.03,-0.033,stopped_out,True,4,2,127655.63,-4212.64,2011
TORNTPHARM,2011-06-16,2011-06-20,131.931,127.9731,0.63,3.68,4.21,-0.03,-0.033,stopped_out,True,4,2,102124.5,-3370.11,2011
DATAMATICS,2011-06-17,2011-06-20,24.2321,23.5051,1.4,10.6,4.86,-0.03,-0.033,stopped_out,True,3,1,101896.15,-3362.57,2011
BHARTIARTL,2011-06-20,2011-06-22,324.9569,315.2082,1.59,2.47,2.59,-0.03,-0.033,stopped_out,True,2,2,191115.92,-6306.83,2011
ICICIBANK,2011-06-24,2011-07-08,165.9117,165.1384,1.06,2.17,2.8,-0.004661,-0.007661,time_exit,False,14,10,77764.43,-595.75,2011
HINDPETRO,2011-06-24,2011-06-27,30.3856,31.9049,3.68,5.54,3.74,0.05,0.047,take_profit,False,3,1,97205.53,4568.66,2011
ICICIBANK,2011-06-24,2011-07-08,165.9117,165.1384,0.74,2.17,2.8,-0.004661,-0.007661,time_exit,False,14,10,189854.55,-1454.48,2011
MARKSANS,2011-06-24,2011-06-27,2.5661,2.4891,5.66,4.96,23.26,-0.03,-0.033,stopped_out,True,3,1,151883.64,-5012.16,2011
GODFRYPHLP,2011-06-24,2011-06-27,146.9931,142.5833,7.17,9.45,13.37,-0.03,-0.033,stopped_out,True,3,1,121506.91,-4009.73,2011
POWERGRID,2011-06-27,2011-07-11,34.7898,34.6428,3.65,4.69,5.97,-0.004227,-0.007227,time_exit,False,14,10,135440.11,-978.83,2011
M&M,2011-06-27,2011-07-08,295.5461,310.3234,1.48,2.28,3.57,0.05,0.047,take_profit,False,11,9,108352.09,5092.55,2011
M&M,2011-06-27,2011-07-08,295.5461,310.3234,1.56,2.28,3.57,0.05,0.047,take_profit,False,11,9,86681.67,4074.04,2011
PHOENIXLTD,2011-07-08,2011-07-11,99.2749,104.2386,1.12,1.62,3.85,0.05,0.047,take_profit,False,3,1,163299.16,7675.06,2011
JSL,2011-07-08,2011-07-22,102.3152,105.3579,5.87,2.94,6.18,0.029739,0.026739,time_exit,False,14,10,130639.33,3493.16,2011
TANLA,2011-07-08,2011-07-11,14.5755,15.3043,1.65,6.12,5.9,0.05,0.047,take_profit,False,3,1,104511.46,4912.04,2011
DBREALTY,2011-07-08,2011-07-11,85.4427,82.8794,4.52,6.04,10.98,-0.03,-0.033,stopped_out,True,3,1,83609.17,-2759.1,2011
KRBL,2011-07-11,2011-07-12,27.4779,26.6536,1.58,1.7,3.0,-0.03,-0.033,stopped_out,True,1,1,166029.15,-5478.96,2011
MOTHERSON,2011-07-11,2011-07-13,6.9473,6.7389,0.54,1.57,3.97,-0.03,-0.033,stopped_out,True,2,2,132823.32,-4383.17,2011
GODREJPROP,2011-07-11,2011-07-13,365.2333,354.2763,1.13,3.25,5.24,-0.03,-0.033,stopped_out,True,2,2,106258.66,-3506.54,2011
ANANTRAJ,2011-07-12,2011-07-14,31.2857,32.85,6.62,4.64,11.38,0.05,0.047,take_profit,False,2,2,93693.57,4403.6,2011
WOCKPHARMA,2011-07-12,2011-07-26,358.1664,376.0747,3.78,7.31,7.18,0.05,0.047,take_profit,False,14,10,117116.96,5504.5,2011
COFORGE,2011-07-13,2011-07-14,31.3402,30.4,2.13,7.01,7.13,-0.03,-0.033,stopped_out,True,1,1,121193.31,-3999.38,2011
GPPL,2011-07-13,2011-07-27,43.6495,43.5418,0.73,2.24,3.11,-0.002468,-0.005468,time_exit,False,14,10,96954.65,-530.15,2011
PGIL,2011-07-14,2011-07-25,30.5775,29.0626,1.1,2.08,6.37,-0.049543,-0.052543,stopped_out_gap,False,11,7,120621.94,-6337.84,2011
TIPSMUSIC,2011-07-14,2011-07-15,2.0331,2.1348,1.89,4.41,3.74,0.05,0.047,take_profit,False,1,1,96497.55,4535.38,2011
EXIDEIND,2011-07-15,2011-07-21,143.5554,138.6527,0.8,1.64,2.83,-0.034152,-0.037152,stopped_out_gap,False,6,4,97404.63,-3618.78,2011
AJANTPHARM,2011-07-21,2011-07-29,27.9909,27.1512,1.29,2.49,2.98,-0.03,-0.033,stopped_out,True,8,6,96680.87,-3190.47,2011
SUNFLAG,2011-07-22,2011-07-26,29.6469,28.7575,7.07,12.51,11.27,-0.03,-0.033,stopped_out,True,4,2,104171.2,-3437.65,2011
STLTECH,2011-07-25,2011-07-26,50.3419,48.8316,0.7,2.53,5.5,-0.03,-0.033,stopped_out,True,1,1,106193.78,-3504.39,2011
WOCKPHARMA,2011-07-26,2011-07-28,372.3046,390.9199,2.21,3.57,3.7,0.05,0.047,take_profit,False,2,2,120131.12,5646.16,2011
DCMSHRIRAM,2011-07-26,2011-07-27,41.9504,44.0479,11.6,8.0,12.29,0.05,0.047,take_profit,False,1,1,96104.9,4516.93,2011
GLENMARK,2011-07-26,2011-07-28,320.514,310.8986,1.56,5.55,1.99,-0.03,-0.033,stopped_out,True,2,2,150163.9,-4955.41,2011
ULTRACEMCO,2011-07-27,2011-08-05,965.1791,936.2237,1.11,6.41,2.29,-0.03,-0.033,stopped_out,True,9,7,116293.18,-3837.67,2011
HIKAL,2011-07-27,2011-07-29,38.3386,37.1884,2.6,5.11,5.46,-0.03,-0.033,stopped_out,True,2,2,93034.54,-3070.14,2011
TECHNOE,2011-07-28,2011-08-08,97.8073,94.1472,2.02,3.72,4.73,-0.037422,-0.040422,stopped_out_gap,False,11,7,128624.79,-5199.27,2011
FACT,2011-07-28,2011-07-29,40.5864,39.3688,0.74,7.87,8.97,-0.03,-0.033,stopped_out,True,1,1,102899.83,-3395.69,2011
IDEA,2011-07-29,2011-08-02,56.0384,58.8403,3.87,3.66,4.95,0.05,0.047,take_profit,False,4,2,138911.65,6528.85,2011
EIHOTEL,2011-07-29,2011-08-02,86.2252,83.6384,1.06,15.13,9.36,-0.03,-0.033,stopped_out,True,4,2,111129.32,-3667.27,2011
BALKRISIND,2011-07-29,2011-08-01,74.6321,78.3637,1.21,5.34,2.75,0.05,0.047,take_profit,False,3,1,88903.46,4178.46,2011
TVSMOTOR,2011-08-01,2011-08-03,45.3745,44.0133,2.31,5.1,6.69,-0.03,-0.033,stopped_out,True,2,2,89739.15,-2961.39,2011
CHAMBLFERT,2011-08-02,2011-08-05,62.6075,60.7292,1.85,2.44,3.36,-0.03,-0.033,stopped_out,True,3,3,122371.83,-4038.27,2011
CHAMBLFERT,2011-08-02,2011-08-05,62.6075,60.7292,1.84,2.44,3.36,-0.03,-0.033,stopped_out,True,3,3,97897.47,-3230.62,2011
RELINFRA,2011-08-03,2011-08-05,488.5451,473.8887,2.35,1.51,4.31,-0.03,-0.033,stopped_out,True,2,2,95673.52,-3157.23,2011
HINDPETRO,2011-08-05,2011-08-10,31.3028,30.3637,1.16,3.75,2.63,-0.03,-0.033,stopped_out,True,5,3,160133.26,-5284.4,2011
AVANTIFEED,2011-08-08,2011-08-09,2.2824,2.3965,9.27,7.48,7.88,0.05,0.047,take_profit,False,1,1,152791.71,7181.21,2011
MARICO,2011-08-09,2011-08-12,66.67,64.6699,2.09,1.7,8.62,-0.03,-0.033,stopped_out,True,3,3,154227.96,-5089.52,2011
AVANTIFEED,2011-08-09,2011-08-10,2.5944,2.7242,6.52,7.44,9.0,0.05,0.047,take_profit,False,1,1,123382.37,5798.97,2011
M&M,2011-08-09,2011-08-10,300.2681,315.2815,3.5,2.97,8.94,0.05,0.047,take_profit,False,1,1,98705.89,4639.18,2011
M&M,2011-08-10,2011-08-18,316.4274,306.9346,1.96,2.24,2.87,-0.03,-0.033,stopped_out,True,8,5,156439.77,-5162.51,2011
RCF,2011-08-10,2011-08-11,54.6683,57.4017,4.59,3.97,8.87,0.05,0.047,take_profit,False,1,1,125151.81,5882.14,2011
FACT,2011-08-10,2011-08-11,42.531,44.6575,3.05,3.5,7.97,0.05,0.047,take_profit,False,1,1,100121.45,4705.71,2011
MARUTI,2011-08-10,2011-08-11,1133.7432,1099.7309,1.75,1.96,4.29,-0.03,-0.033,stopped_out,True,1,1,80097.16,-2643.21,2011
JISLJALEQS,2011-08-11,2011-08-16,143.796,139.4821,3.29,1.81,5.93,-0.03,-0.033,stopped_out,True,5,2,126740.74,-4182.44,2011
GALLANTT,2011-08-11,2011-08-12,16.776,17.6148,6.45,2.83,15.59,0.05,0.047,take_profit,False,1,1,101392.59,4765.45,2011
PIIND,2011-08-11,2011-08-12,95.8461,100.6384,1.3,6.88,4.53,0.05,0.047,take_profit,False,1,1,81114.07,3812.36,2011
SUPREMEIND,2011-08-12,2011-08-18,175.7592,170.4864,3.31,5.18,4.06,-0.03,-0.033,stopped_out,True,6,3,85078.94,-2807.61,2011
JUBLFOOD,2011-08-12,2011-08-16,83.2511,87.4137,3.53,2.13,7.3,0.05,0.047,take_profit,False,4,1,106348.67,4998.39,2011
ELECTCAST,2011-08-12,2011-08-17,24.0341,23.313,3.52,2.53,1.79,-0.03,-0.033,stopped_out,True,5,2,132935.84,-4386.88,2011
ALLCARGO,2011-08-16,2011-08-19,16.3557,15.3913,0.75,8.3,1.6,-0.058961,-0.061961,stopped_out_gap,False,3,3,114844.22,-7115.86,2011
JUBLFOOD,2011-08-16,2011-08-17,88.5116,92.9372,2.91,1.61,4.88,0.05,0.047,take_profit,False,1,1,91875.38,4318.14,2011
HEROMOTOCO,2011-08-17,2011-08-30,1233.4655,1295.1388,0.93,1.51,2.59,0.05,0.047,take_profit,False,13,9,118448.8,5567.09,2011
SUNDRMFAST,2011-08-17,2011-08-19,52.2995,50.7305,2.44,3.0,4.18,-0.03,-0.033,stopped_out,True,2,2,94759.04,-3127.05,2011
BAJAJ-AUTO,2011-08-23,2011-08-24,1079.7132,1047.3218,1.05,1.76,4.03,-0.03,-0.033,stopped_out,True,1,1,162389.02,-5358.84,2011
PATANJALI,2011-08-23,2011-08-24,3279.7455,3181.3531,3.02,1.89,5.36,-0.03,-0.033,stopped_out,True,1,1,129911.22,-4287.07,2011
AKZOINDIA,2011-08-23,2011-09-08,596.2663,604.6469,2.21,2.99,1.6,0.014055,0.011055,time_exit,False,16,10,103928.97,1148.93,2011
GMDCLTD,2011-08-23,2011-08-26,120.3504,116.7398,4.61,4.92,7.72,-0.03,-0.033,stopped_out,True,3,3,83143.18,-2743.72,2011
BAJAJFINSV,2011-08-29,2011-08-30,56.0997,54.4167,2.6,7.79,14.41,-0.03,-0.033,stopped_out,True,1,1,139125.3,-4591.13,2011
ASHOKA,2011-08-30,2011-09-02,58.6968,56.9359,1.77,13.15,4.85,-0.03,-0.033,stopped_out,True,3,1,83461.25,-2754.22,2011
HEROMOTOCO,2011-08-30,2011-09-05,1328.4828,1394.9069,0.86,1.58,3.41,0.05,0.047,take_profit,False,6,2,104326.56,4903.35,2011
MFSL,2011-08-30,2011-09-07,177.97,186.8685,3.68,2.53,5.31,0.05,0.047,take_profit,False,8,4,130408.2,6129.19,2011
PCBL,2011-08-30,2011-09-02,10.3093,10.0001,2.89,5.34,9.63,-0.03,-0.033,stopped_out,True,3,1,163010.25,-5379.34,2011
MANAPPURAM,2011-09-02,2011-09-05,32.3374,31.3672,4.45,2.93,10.31,-0.03,-0.033,stopped_out,True,3,1,114436.59,-3776.41,2011
VIPIND,2011-09-02,2011-09-08,154.2301,161.9416,4.29,1.8,10.33,0.05,0.047,take_profit,False,6,4,91549.27,4302.82,2011
GSFC,2011-09-05,2011-09-06,56.5747,59.4034,1.73,1.61,2.02,0.05,0.047,take_profit,False,1,1,117217.43,5509.22,2011
HEROMOTOCO,2011-09-05,2011-09-19,1413.6918,1423.7929,1.3,2.06,6.5,0.007145,0.004145,time_exit,False,14,10,93773.95,388.69,2011
BBTC,2011-09-06,2011-09-07,85.3393,89.6063,0.59,3.17,3.26,0.05,0.047,take_profit,False,1,1,99564.49,4679.53,2011
ACC,2011-09-07,2011-09-09,892.6234,865.8447,3.0,3.17,4.1,-0.03,-0.033,stopped_out,True,2,2,127807.87,-4217.66,2011
JKLAKSHMI,2011-09-07,2011-09-08,37.3078,39.1732,6.63,3.1,5.63,0.05,0.047,take_profit,False,1,1,102246.3,4805.58,2011
VIPIND,2011-09-08,2011-09-12,169.6764,163.1879,2.74,2.21,7.45,-0.03824,-0.04124,stopped_out_gap,False,4,2,143393.41,-5913.54,2011
TATAINVEST,2011-09-08,2011-09-22,37.3261,36.2063,1.0,4.92,2.79,-0.03,-0.033,stopped_out,True,14,10,114714.73,-3785.59,2011
GHCL,2011-09-08,2011-09-12,25.9081,25.0473,1.55,3.37,3.89,-0.033225,-0.036225,stopped_out_gap,False,4,2,91771.78,-3324.43,2011
ARVIND,2011-09-09,2011-09-14,25.7141,24.9427,1.41,4.48,7.71,-0.03,-0.033,stopped_out,True,5,3,98135.47,-3238.47,2011
HINDUNILVR,2011-09-12,2011-09-19,266.6609,258.661,0.62,1.61,4.98,-0.03,-0.033,stopped_out,True,7,5,123693.82,-4081.9,2011
INDIACEM,2011-09-13,2011-09-14,63.7037,66.8889,2.25,1.63,2.75,0.05,0.047,take_profit,False,1,1,98955.05,4650.89,2011
RAMCOCEM,2011-09-14,2011-09-16,96.0275,93.1467,3.67,2.17,6.21,-0.03,-0.033,stopped_out,True,2,2,118864.63,-3922.53,2011
RAMCOCEM,2011-09-14,2011-09-16,96.0275,93.1467,1.96,2.17,6.21,-0.03,-0.033,stopped_out,True,2,2,95091.71,-3138.03,2011
OIL,2011-09-16,2011-09-19,88.1695,85.5245,0.52,5.12,3.27,-0.03,-0.033,stopped_out,True,3,1,117452.52,-3875.93,2011
JSWENERGY,2011-09-16,2011-09-22,51.7765,49.8453,0.84,4.01,4.2,-0.037298,-0.040298,stopped_out_gap,False,6,4,93962.02,-3786.48,2011
GRAVITA,2011-09-19,2011-09-20,67.392,65.3702,10.05,8.72,20.58,-0.03,-0.033,stopped_out,True,1,1,140639.84,-4641.11,2011
RELAXO,2011-09-19,2011-09-23,19.7143,18.6844,1.66,11.02,7.79,-0.052243,-0.055243,stopped_out_gap,False,4,4,112511.87,-6215.49,2011
CCL,2011-09-19,2011-09-20,16.5241,16.0284,4.02,7.81,9.4,-0.03,-0.033,stopped_out,True,1,1,90009.5,-2970.31,2011
VGUARD,2011-09-20,2011-09-23,14.5866,14.149,2.16,2.01,2.56,-0.03,-0.033,stopped_out,True,3,3,93292.15,-3078.64,2011
KIRLOSENG,2011-09-20,2011-09-22,97.645,94.7157,1.92,2.48,3.17,-0.03,-0.033,stopped_out,True,2,2,116615.18,-3848.3,2011
ASTRAL,2011-09-22,2011-09-23,19.0976,18.5247,3.77,16.89,13.67,-0.03,-0.033,stopped_out,True,1,1,137408.03,-4534.46,2011
KIRLOSENG,2011-09-23,2011-09-26,100.4992,105.5242,3.03,17.73,5.98,0.05,0.047,take_profit,False,3,1,175803.11,8262.75,2011
IRB,2011-09-26,2011-09-28,13.0409,12.6497,1.19,1.56,1.73,-0.03,-0.033,stopped_out,True,2,2,177455.66,-5856.04,2011
PATANJALI,2011-09-27,2011-09-29,3862.0956,4055.2004,0.69,3.32,2.28,0.05,0.047,take_profit,False,2,2,141964.53,6672.33,2011
PATANJALI,2011-09-27,2011-09-29,3862.0956,4055.2004,2.89,3.32,2.28,0.05,0.047,take_profit,False,2,2,113571.62,5337.87,2011
DLF,2011-09-28,2011-09-29,195.1129,189.2595,3.53,1.98,3.05,-0.03,-0.033,stopped_out,True,1,1,125177.22,-4130.85,2011
CANBK,2011-09-28,2011-10-03,67.1778,65.1624,1.46,1.97,1.55,-0.03,-0.033,stopped_out,True,5,3,100141.78,-3304.68,2011
INDIANB,2011-09-28,2011-10-03,154.0034,149.3833,2.87,1.51,1.59,-0.03,-0.033,stopped_out,True,5,3,80113.42,-2643.74,2011
TORNTPOWER,2011-09-29,2011-10-03,168.7612,162.9715,0.5,1.67,3.92,-0.034307,-0.037307,stopped_out_gap,False,4,2,113447.43,-4232.38,2011
COLPAL,2011-09-29,2011-10-14,373.4484,374.8666,0.53,1.91,2.44,0.003798,0.000798,time_exit,False,15,10,141809.28,113.16,2011
ITC,2011-09-29,2011-10-03,84.1925,81.2181,0.91,1.66,3.32,-0.035328,-0.038328,stopped_out_gap,False,4,2,90757.94,-3478.57,2011
GALLANTT,2011-10-04,2011-10-05,20.6625,22.8043,4.0,5.85,15.07,0.103658,0.100658,take_profit_gap,False,1,1,75144.5,7563.89,2011
GALLANTT,2011-10-04,2011-10-05,20.6625,22.8043,20.48,5.85,15.07,0.103658,0.100658,take_profit_gap,False,1,1,93930.62,9454.87,2011
JBMA,2011-10-04,2011-10-05,2.7999,2.7159,7.04,3.58,3.9,-0.03,-0.033,stopped_out,True,1,1,117413.27,-3874.64,2011
COLPAL,2011-10-04,2011-10-19,371.7685,378.751,1.05,1.93,1.56,0.018782,0.015782,time_exit,False,15,10,146766.59,2316.27,2011
GALLANTT,2011-10-05,2011-10-07,23.4667,22.7627,6.29,13.05,2.8,-0.03,-0.033,stopped_out,True,2,1,120042.1,-3961.39,2011
GODFRYPHLP,2011-10-07,2011-10-17,185.9327,195.2293,2.29,2.41,11.71,0.05,0.047,take_profit,False,10,6,119249.82,5604.74,2011
ASTRAMICRO,2011-10-07,2011-10-10,27.4627,26.5931,0.97,2.04,4.92,-0.031664,-0.034664,stopped_out_gap,False,3,1,95399.86,-3306.94,2011
SOLARINDS,2011-10-10,2011-10-12,146.1281,141.7443,0.64,3.08,1.65,-0.03,-0.033,stopped_out,True,2,2,94738.47,-3126.37,2011
PURVA,2011-10-10,2011-10-11,53.5914,56.271,1.46,2.84,8.97,0.05,0.047,take_profit,False,1,1,75790.77,3562.17,2011
NAVINFLUOR,2011-10-11,2011-10-17,50.2206,52.7316,1.13,2.25,3.58,0.05,0.047,take_profit,False,6,4,76503.21,3595.65,2011
JUBLFOOD,2011-10-12,2011-10-13,87.8577,85.222,7.45,2.94,8.98,-0.03,-0.033,stopped_out,True,1,1,79524.99,-2624.32,2011
ESCORTS,2011-10-13,2011-10-24,69.7375,73.2243,4.94,2.27,3.87,0.05,0.047,take_profit,False,11,7,79000.12,3713.01,2011
TCS,2011-10-14,2011-10-18,411.3084,384.7236,0.56,1.59,4.12,-0.064635,-0.067635,stopped_out_gap,False,4,2,91584.59,-6194.32,2011
BSOFT,2011-10-17,2011-10-18,42.0824,40.8199,2.06,7.77,10.07,-0.03,-0.033,stopped_out,True,1,1,91406.68,-3016.42,2011
COFORGE,2011-10-17,2011-10-18,36.8718,35.7656,3.22,5.53,9.59,-0.03,-0.033,stopped_out,True,1,1,114258.35,-3770.53,2011
GMDCLTD,2011-10-18,2011-10-19,119.9605,125.9585,6.05,2.89,7.67,0.05,0.047,take_profit,False,1,1,129979.02,6109.01,2011
AJANTPHARM,2011-10-18,2011-10-24,25.0096,26.26,1.65,15.04,4.38,0.05,0.047,take_profit,False,6,4,103983.21,4887.21,2011
HSCL,2011-10-18,2011-10-20,51.8063,50.2521,3.57,3.86,8.57,-0.03,-0.033,stopped_out,True,2,2,83186.57,-2745.16,2011
TIPSMUSIC,2011-10-19,2011-10-21,2.2036,2.3219,2.49,3.25,1.69,0.053672,0.050672,take_profit_gap,False,2,2,123583.44,6262.22,2011
APLLTD,2011-10-19,2011-10-20,38.4147,37.2623,5.51,2.12,15.67,-0.03,-0.033,stopped_out,True,1,1,98866.75,-3262.6,2011
COROMANDEL,2011-10-20,2011-11-03,259.9988,252.1989,0.73,3.55,1.81,-0.03,-0.033,stopped_out,True,14,8,114302.51,-3771.98,2011
GALLANTT,2011-10-20,2011-10-21,26.3693,27.6877,7.84,3.25,16.52,0.05,0.047,take_profit,False,1,1,91442.01,4297.77,2011
EPL,2011-10-21,2011-10-24,14.8331,14.3881,0.66,3.26,4.28,-0.03,-0.033,stopped_out,True,3,1,118270.69,-3902.93,2011
GSFC,2011-10-21,2011-10-31,63.8196,67.0106,4.84,3.89,6.12,0.05,0.047,take_profit,False,10,4,94616.56,4446.98,2011
ZENSARTECH,2011-10-24,2011-10-31,19.7001,20.6851,4.33,2.94,1.64,0.05,0.047,take_profit,False,7,3,109506.81,5146.82,2011
DBREALTY,2011-10-24,2011-10-25,67.3837,65.3622,8.24,7.36,19.2,-0.03,-0.033,stopped_out,True,1,1,136883.51,-4517.16,2011
STLTECH,2011-10-25,2011-11-11,34.4239,33.3912,3.86,3.61,7.31,-0.03,-0.033,stopped_out,True,17,9,91262.97,-3011.68,2011
KEI,2011-10-25,2011-10-31,15.5224,16.2985,4.22,7.5,4.06,0.050001,0.047001,take_profit_gap,False,6,2,114078.71,5361.81,2011
HINDUNILVR,2011-10-31,2011-11-09,289.6276,304.109,0.95,3.1,7.07,0.05,0.047,take_profit,False,9,6,139641.91,6563.17,2011
INDIANB,2011-10-31,2011-11-11,153.72,149.1084,2.53,3.52,5.49,-0.03,-0.033,stopped_out,True,11,7,111713.53,-3686.55,2011
HSCL,2011-10-31,2011-11-01,51.9524,50.3938,1.87,3.42,8.88,-0.03,-0.033,stopped_out,True,1,1,89370.83,-2949.24,2011
NESTLEIND,2011-11-01,2011-11-08,184.0027,193.2029,0.57,1.78,4.62,0.05,0.047,take_profit,False,7,4,88780.98,4172.71,2011
JKLAKSHMI,2011-11-03,2011-11-04,40.7958,42.8356,5.3,2.53,4.29,0.05,0.047,take_profit,False,1,1,93130.89,4377.15,2011
JWL,2011-11-04,2011-11-08,49.5157,51.9915,4.21,4.17,3.96,0.05,0.047,take_profit,False,4,1,94006.32,4418.3,2011
CARBORUNIV,2011-11-08,2011-11-09,152.2914,146.9305,2.53,9.45,4.32,-0.035202,-0.038202,stopped_out_gap,False,1,1,113480.71,-4335.19,2011
BERGEPAINT,2011-11-08,2011-11-09,29.5274,31.0038,0.74,1.5,2.08,0.05,0.047,take_profit,False,1,1,90784.57,4266.87,2011
JAMNAAUTO,2011-11-09,2011-11-11,10.1017,9.7986,2.76,2.43,7.94,-0.03,-0.033,stopped_out,True,2,1,142708.07,-4709.37,2011
BERGEPAINT,2011-11-09,2011-11-11,30.579,32.108,0.89,4.68,2.94,0.05,0.047,take_profit,False,2,1,114166.45,5365.82,2011
TIPSMUSIC,2011-11-11,2011-11-16,2.58,2.5026,1.84,2.26,3.67,-0.03,-0.033,stopped_out,True,5,3,74586.12,-2461.34,2011
DIACABS,2011-11-11,2011-11-14,827.13,802.3161,2.13,6.01,7.1,-0.03,-0.033,stopped_out,True,3,1,93232.65,-3076.68,2011
TATACOMM,2011-11-11,2011-11-15,98.4312,95.4783,0.79,4.2,6.02,-0.03,-0.033,stopped_out,True,4,2,145676.01,-4807.31,2011
BANKINDIA,2011-11-11,2011-11-16,262.706,254.8248,0.71,2.02,2.88,-0.03,-0.033,stopped_out,True,5,3,182095.02,-6009.14,2011
TI,2011-11-11,2011-11-14,32.4266,34.0479,2.34,2.39,5.38,0.05,0.047,take_profit,False,3,1,116540.81,5477.42,2011
BSOFT,2011-11-14,2011-11-16,41.8471,40.5917,4.44,4.46,7.99,-0.03,-0.033,stopped_out,True,2,2,102103.73,-3369.42,2011
SUNTECK,2011-11-14,2011-11-17,184.4793,178.9449,1.16,2.0,3.28,-0.03,-0.033,stopped_out,True,3,3,81682.99,-2695.54,2011
CIPLA,2011-11-15,2011-11-25,282.3017,296.4168,1.46,4.27,4.02,0.05,0.047,take_profit,False,10,8,93520.13,4395.45,2011
KEI,2011-11-16,2011-11-17,15.7089,15.2376,0.59,5.47,12.33,-0.03,-0.033,stopped_out,True,1,1,144205.1,-4758.77,2011
DBREALTY,2011-11-23,2011-11-24,64.5322,74.2629,3.1,2.66,22.86,0.150787,0.147787,take_profit_gap,False,1,1,159050.83,23505.65,2011
BAJAJ-AUTO,2011-11-24,2011-11-28,1156.5583,1121.8616,1.12,2.0,3.31,-0.03,-0.033,stopped_out,True,4,2,131001.57,-4323.05,2011
APOLLOHOSP,2011-11-24,2011-11-25,569.4211,597.8922,2.89,2.33,5.04,0.05,0.047,take_profit,False,1,1,163751.96,7696.34,2011
V2RETAIL,2011-11-25,2011-11-28,22.7114,22.03,5.73,8.25,9.66,-0.03,-0.033,stopped_out,True,3,1,126939.23,-4188.99,2011
CEATLTD,2011-11-25,2011-11-29,64.6362,62.6971,3.67,2.05,2.83,-0.03,-0.033,stopped_out,True,4,2,101551.38,-3351.2,2011
CESC,2011-11-25,2011-11-28,15.7643,15.2914,0.51,8.7,6.17,-0.03,-0.033,stopped_out,True,3,1,158674.03,-5236.24,2011
DBREALTY,2011-11-28,2011-11-29,71.1355,74.6923,2.32,1.56,7.89,0.05,0.047,take_profit,False,1,1,161814.41,7605.28,2011
CGCL,2011-11-28,2011-11-29,19.159,22.823,1.16,1.8,18.56,0.191246,0.188246,take_profit_gap,False,1,1,129451.53,24368.73,2011
CYIENT,2011-11-28,2011-11-29,90.4784,87.764,0.89,2.93,6.89,-0.03,-0.033,stopped_out,True,1,1,103561.22,-3417.52,2011
ACC,2011-11-28,2011-11-29,998.3835,968.432,1.59,1.59,5.65,-0.03,-0.033,stopped_out,True,1,1,82848.98,-2734.02,2011
ZEEL,2011-11-29,2011-11-30,111.3901,108.0484,1.98,2.69,1.8,-0.03,-0.033,stopped_out,True,1,1,186618.94,-6158.43,2011
WOCKPHARMA,2011-11-29,2011-12-05,355.1675,372.9258,2.69,2.85,6.91,0.05,0.047,take_profit,False,6,4,149295.16,7016.87,2011
M&MFIN,2011-11-30,2011-12-01,69.1538,67.0792,2.58,3.8,6.5,-0.03,-0.033,stopped_out,True,1,1,155528.23,-5132.43,2011
KPRMILL,2011-11-30,2011-12-01,8.5121,8.2568,1.0,10.76,5.56,-0.03,-0.033,stopped_out,True,1,1,124422.58,-4105.95,2011
KPRMILL,2011-11-30,2011-12-01,8.5121,8.2568,3.77,10.76,5.56,-0.03,-0.033,stopped_out,True,1,1,99538.07,-3284.76,2011
HINDZINC,2011-12-01,2011-12-09,44.7786,43.4352,2.73,3.47,2.11,-0.03,-0.033,stopped_out,True,8,5,97935.11,-3231.86,2011
HINDZINC,2011-12-01,2011-12-09,44.7786,43.4352,2.43,3.47,2.11,-0.03,-0.033,stopped_out,True,8,5,122418.88,-4039.82,2011
ICIL,2011-12-01,2011-12-05,1.7341,1.5773,5.79,4.58,15.85,-0.090384,-0.093384,stopped_out_gap,False,4,2,153023.6,-14289.96,2011
TATACONSUM,2011-12-02,2011-12-08,77.1016,74.7886,1.42,1.64,3.56,-0.03,-0.033,stopped_out,True,6,3,78348.08,-2585.49,2011
CEATLTD,2011-12-05,2011-12-08,68.6177,66.5592,2.96,2.71,5.19,-0.03,-0.033,stopped_out,True,3,2,121687.6,-4015.69,2011
NATCOPHARM,2011-12-05,2011-12-07,43.2906,45.4551,2.39,5.72,5.59,0.05,0.047,take_profit,False,2,1,97350.08,4575.45,2011
ULTRACEMCO,2011-12-07,2011-12-12,1153.3249,1118.7252,0.66,3.28,2.55,-0.03,-0.033,stopped_out,True,5,3,98265.17,-3242.75,2011
UBL,2011-12-08,2011-12-09,461.2263,447.3895,0.5,11.64,9.56,-0.03,-0.033,stopped_out,True,1,1,117299.04,-3870.87,2011
GAEL,2011-12-12,2011-12-13,5.0354,4.8843,1.69,4.49,14.01,-0.03,-0.033,stopped_out,True,1,1,178145.81,-5878.81,2011
COLPAL,2011-12-13,2011-12-19,389.5868,377.8992,1.16,1.5,2.79,-0.03,-0.033,stopped_out,True,6,4,176970.05,-5840.01,2011
DATAMATICS,2011-12-13,2011-12-15,22.2195,23.474,1.48,7.2,7.8,0.056457,0.053457,take_profit_gap,False,2,2,141576.04,7568.23,2011
PGEL,2011-12-13,2011-12-14,22.8339,22.1489,5.43,4.94,6.23,-0.03,-0.033,stopped_out,True,1,1,113260.83,-3737.61,2011
JYOTHYLAB,2011-12-15,2011-12-23,32.0315,31.0705,2.94,5.91,4.8,-0.03,-0.033,stopped_out,True,8,6,142342.16,-4697.29,2011
IPCALAB,2011-12-21,2011-12-23,128.4318,134.8534,3.17,3.34,4.96,0.05,0.047,take_profit,False,2,2,148099.74,6960.69,2011
JWL,2011-12-21,2011-12-22,54.2835,56.9977,3.75,7.07,12.68,0.05,0.047,take_profit,False,1,1,118479.79,5568.55,2011
HINDUNILVR,2011-12-22,2012-01-04,317.6609,308.1311,0.94,1.54,1.85,-0.03,-0.033,stopped_out,True,13,9,119593.5,-3946.59,2012
AMBUJACEM,2011-12-27,2011-12-29,131.9896,128.0299,1.44,1.53,1.72,-0.03,-0.033,stopped_out,True,2,2,154215.86,-5089.12,2011
DIVISLAB,2011-12-28,2011-12-30,343.7533,333.4407,0.51,2.17,1.93,-0.03,-0.033,stopped_out,True,2,2,123372.69,-4071.3,2011
SHAKTIPUMP,2012-01-02,2012-01-03,7.5751,7.3479,5.36,6.99,16.72,-0.03,-0.033,stopped_out,True,1,1,152383.78,-5028.66,2012
SHAKTIPUMP,2012-01-02,2012-01-03,7.5751,7.3479,3.48,6.99,16.72,-0.03,-0.033,stopped_out,True,1,1,121907.02,-4022.93,2012
MMTC,2012-01-03,2012-01-04,395.308,415.0734,9.18,10.07,19.44,0.05,0.047,take_profit,False,1,1,150573.46,7076.95,2012
COALINDIA,2012-01-03,2012-01-05,110.203,106.8969,2.61,2.03,3.64,-0.03,-0.033,stopped_out,True,2,2,120458.77,-3975.14,2012
JSWSTEEL,2012-01-03,2012-01-06,50.3842,48.8727,5.69,1.86,9.24,-0.03,-0.033,stopped_out,True,3,3,96367.01,-3180.11,2012
COALINDIA,2012-01-03,2012-01-05,110.203,106.8969,4.29,2.03,3.64,-0.03,-0.033,stopped_out,True,2,2,77093.61,-2544.09,2012
NFL,2012-01-04,2012-01-05,49.5945,52.0743,9.63,7.5,13.04,0.05,0.047,take_profit,False,1,1,116334.35,5467.71,2012
NLCINDIA,2012-01-04,2012-01-06,41.155,39.9204,3.21,5.99,2.45,-0.03,-0.033,stopped_out,True,2,2,93067.48,-3071.23,2012
MMTC,2012-01-05,2012-01-06,497.9714,522.8699,3.62,5.21,6.91,0.05,0.047,take_profit,False,1,1,87693.46,4121.59,2012
TIPSMUSIC,2012-01-05,2012-01-09,3.2378,3.3997,1.58,1.7,5.73,0.05,0.047,take_profit,False,4,2,137021.03,6439.99,2012
NFL,2012-01-05,2012-01-06,51.9224,54.5185,0.61,5.0,4.44,0.05,0.047,take_profit,False,1,1,109616.82,5151.99,2012
TIPSMUSIC,2012-01-06,2012-01-09,3.2963,3.4611,1.77,2.43,2.62,0.05,0.047,take_profit,False,3,1,148108.17,6961.08,2012
HINDCOPPER,2012-01-06,2012-01-09,248.9905,270.853,7.89,3.6,2.87,0.087805,0.084805,take_profit_gap,False,3,1,118486.54,10048.25,2012
NFL,2012-01-06,2012-01-09,53.3427,65.0352,19.38,3.93,3.36,0.219194,0.216194,take_profit_gap,False,3,1,94789.23,20492.86,2012
MMTC,2012-01-06,2012-01-09,528.0238,583.2383,14.44,4.43,3.44,0.104568,0.101568,take_profit_gap,False,3,1,75831.38,7702.04,2012
FACT,2012-01-09,2012-01-10,34.653,33.6134,7.29,10.07,5.62,-0.03,-0.033,stopped_out,True,1,1,95150.71,-3139.97,2012
CIPLA,2012-01-09,2012-01-16,317.0778,307.5654,1.32,1.93,2.74,-0.03,-0.033,stopped_out,True,7,5,185841.22,-6132.76,2012
ITI,2012-01-09,2012-01-17,23.8119,23.0975,7.98,6.08,3.93,-0.03,-0.033,stopped_out,True,8,6,148672.98,-4906.21,2012
FACT,2012-01-09,2012-01-10,34.653,33.6134,13.67,10.07,5.62,-0.03,-0.033,stopped_out,True,1,1,118938.38,-3924.97,2012
HINDCOPPER,2012-01-09,2012-01-11,283.4562,274.9525,6.3,2.83,4.55,-0.03,-0.033,stopped_out,True,2,2,76120.56,-2511.98,2012
SURYAROSNI,2012-01-10,2012-01-11,10.8191,11.36,7.86,3.64,7.29,0.05,0.047,take_profit,False,1,1,81841.03,3846.53,2012
JKTYRE,2012-01-10,2012-01-11,10.8144,11.3552,5.16,2.98,3.59,0.05,0.047,take_profit,False,1,1,102301.28,4808.16,2012
ABB,2012-01-11,2012-01-12,548.4061,575.8264,2.79,2.39,2.19,0.05,0.047,take_profit,False,1,1,76002.52,3572.12,2012
ABB,2012-01-11,2012-01-12,548.4061,575.8264,1.8,2.39,2.19,0.05,0.047,take_profit,False,1,1,118753.94,5581.44,2012
LTF,2012-01-11,2012-01-25,38.4222,39.5259,0.74,3.22,3.52,0.028727,0.025727,time_exit,False,14,10,95003.15,2444.15,2012
CUMMINSIND,2012-01-12,2012-01-18,288.3806,302.7996,2.38,1.51,2.87,0.05,0.047,take_profit,False,6,4,101584.02,4774.45,2012
TRIVENI,2012-01-12,2012-01-13,16.6118,17.4424,6.49,2.76,13.85,0.05,0.047,take_profit,False,1,1,81267.21,3819.56,2012
TATASTEEL,2012-01-13,2012-01-17,27.4402,28.8122,3.78,2.25,6.05,0.05,0.047,take_profit,False,4,2,82031.13,3855.46,2012
OLECTRA,2012-01-16,2012-01-17,12.6726,13.3062,1.77,3.38,5.33,0.05,0.047,take_profit,False,1,1,101566.59,4773.63,2012
ADANIENT,2012-01-17,2012-01-18,48.4353,50.8571,3.61,1.75,3.76,0.05,0.047,take_profit,False,1,1,148451.99,6977.24,2012
GRAVITA,2012-01-17,2012-01-20,89.0686,93.522,2.37,1.96,2.48,0.05,0.047,take_profit,False,3,3,118761.59,5581.79,2012
BLUEDART,2012-01-17,2012-02-01,1554.0522,1504.1636,0.95,4.67,3.85,-0.032102,-0.035102,stopped_out_gap,False,15,10,95009.27,-3335.02,2012
RPOWER,2012-01-18,2012-01-24,89.4381,93.91,1.59,1.68,1.84,0.05,0.047,take_profit,False,6,4,128364.96,6033.15,2012
TITAGARH,2012-01-18,2012-01-20,75.5038,73.2387,0.56,1.56,2.61,-0.03,-0.033,stopped_out,True,2,2,102691.97,-3388.83,2012
VGUARD,2012-01-20,2012-01-27,11.7534,12.3411,1.58,3.24,4.45,0.05,0.047,take_profit,False,7,4,101506.3,4770.8,2012
ICICIBANK,2012-01-20,2012-01-24,131.3526,137.9202,4.02,2.18,3.5,0.05,0.047,take_profit,False,4,2,126882.88,5963.5,2012
NCC,2012-01-24,2012-01-25,28.6598,30.0927,4.68,1.6,9.0,0.05,0.047,take_profit,False,1,1,134653.94,6328.74,2012
TIPSMUSIC,2012-01-24,2012-01-27,3.5046,3.3995,1.67,3.48,4.24,-0.03,-0.033,stopped_out,True,3,2,107723.15,-3554.86,2012
LUPIN,2012-01-25,2012-02-02,425.2093,446.4698,0.7,1.71,2.63,0.05,0.047,take_profit,False,8,5,133864.51,6291.63,2012
THANGAMAYL,2012-01-25,2012-01-30,68.5129,66.4576,0.74,4.92,5.39,-0.03,-0.033,stopped_out,True,5,2,107091.61,-3534.02,2012
ELECON,2012-01-27,2012-02-01,25.0749,26.3286,2.03,2.69,5.44,0.05,0.047,take_profit,False,5,3,127762.37,6004.83,2012
AARTIIND,2012-01-27,2012-01-30,11.2523,10.9147,0.7,2.89,13.31,-0.03,-0.033,stopped_out,True,3,1,102209.89,-3372.93,2012
JUBLFOOD,2012-01-30,2012-01-31,87.8821,92.2762,1.38,2.27,5.48,0.05,0.047,take_profit,False,1,1,122246.83,5745.6,2012
DCAL,2012-01-30,2012-01-31,24.0259,27.2492,3.04,2.75,6.69,0.13416,0.13116,take_profit_gap,False,1,1,97797.46,12827.11,2012
HAVELLS,2012-01-31,2012-02-02,84.8296,89.071,4.99,6.38,6.55,0.05,0.047,take_profit,False,2,2,100769.09,4736.15,2012
ABREL,2012-01-31,2012-02-01,250.7915,263.3311,2.88,3.62,5.57,0.05,0.047,take_profit,False,1,1,125961.37,5920.18,2012
GSPL,2012-02-01,2012-02-07,73.8485,71.6331,1.39,1.98,3.22,-0.03,-0.033,stopped_out,True,6,4,121663.9,-4014.91,2012
GODFRYPHLP,2012-02-01,2012-02-02,172.559,167.3823,4.33,3.03,9.83,-0.03,-0.033,stopped_out,True,1,1,97331.12,-3211.93,2012
ITI,2012-02-01,2012-02-02,27.6138,28.9855,17.93,4.65,17.45,0.049674,0.046674,take_profit_gap,False,1,1,152079.88,7098.18,2012
SARDAEN,2012-02-02,2012-02-03,10.8923,10.5656,1.31,4.04,9.0,-0.03,-0.033,stopped_out,True,1,1,177656.63,-5862.67,2012
AMBUJACEM,2012-02-02,2012-02-06,137.5751,144.4539,2.29,2.32,2.38,0.05,0.047,take_profit,False,4,2,142125.3,6679.89,2012
MOIL,2012-02-02,2012-02-07,87.8376,85.2024,2.7,2.8,2.0,-0.03,-0.033,stopped_out,True,5,3,113700.24,-3752.11,2012
HCLTECH,2012-02-02,2012-02-16,81.7757,84.2787,1.82,1.91,4.88,0.030608,0.027608,time_exit,False,14,10,90960.19,2511.23,2012
BRIGADE,2012-02-03,2012-02-06,38.983,40.9321,7.66,1.97,6.09,0.05,0.047,take_profit,False,3,1,107126.94,5034.97,2012
IIFL,2012-02-06,2012-02-07,24.9688,24.2197,1.22,13.48,18.73,-0.03,-0.033,stopped_out,True,1,1,137894.98,-4550.53,2012
ACC,2012-02-06,2012-02-10,1116.7835,1172.6226,0.62,2.47,4.23,0.05,0.047,take_profit,False,4,4,110315.98,5184.85,2012
SOUTHBANK,2012-02-07,2012-02-09,18.5811,18.009,6.96,4.7,8.87,-0.030791,-0.033791,stopped_out_gap,False,2,2,160441.1,-5421.47,2012
KSB,2012-02-07,2012-02-08,34.1362,35.843,0.5,1.55,3.23,0.05,0.047,take_profit,False,1,1,128352.88,6032.59,2012
ELGIEQUIP,2012-02-07,2012-02-08,34.5032,33.4681,0.73,3.2,5.85,-0.03,-0.033,stopped_out,True,1,1,102682.3,-3388.52,2012
THOMASCOOK,2012-02-08,2012-02-09,18.0201,19.5231,16.25,3.15,19.8,0.08341,0.08041,take_profit_gap,False,1,1,103105.35,8290.7,2012
PIIND,2012-02-08,2012-02-13,100.1335,97.1295,1.13,4.03,8.76,-0.03,-0.033,stopped_out,True,5,3,128881.69,-4253.1,2012
TATAINVEST,2012-02-09,2012-02-13,34.907,33.8598,2.22,10.8,5.33,-0.03,-0.033,stopped_out,True,4,2,135767.42,-4480.32,2012
ALOKINDS,2012-02-09,2012-02-13,21.2627,22.3224,1.77,2.23,4.63,0.049835,0.046835,take_profit_gap,False,4,2,108613.94,5086.93,2012
MOTHERSON,2012-02-10,2012-02-13,5.2349,5.4967,5.77,2.29,9.69,0.05,0.047,take_profit,False,3,1,109991.32,5169.59,2012
SURYAROSNI,2012-02-13,2012-02-14,12.5417,13.1688,0.84,2.45,1.53,0.05,0.047,take_profit,False,1,1,184948.55,8692.58,2012
BRITANNIA,2012-02-13,2012-02-21,216.2208,227.0318,2.2,7.23,3.36,0.05,0.047,take_profit,False,8,5,147958.84,6954.07,2012
BRITANNIA,2012-02-13,2012-02-21,216.2208,227.0318,2.65,7.23,3.36,0.05,0.047,take_profit,False,8,5,118367.07,5563.25,2012
GRAPHITE,2012-02-13,2012-02-16,53.5255,56.2018,1.91,2.46,2.78,0.05,0.047,take_profit,False,3,3,94693.66,4450.6,2012
HCC,2012-02-14,2012-02-15,26.1653,27.4736,2.74,1.93,9.79,0.05,0.047,take_profit,False,1,1,114483.15,5380.71,2012
MANINFRA,2012-02-15,2012-02-16,14.0892,13.6665,4.43,3.63,12.2,-0.03,-0.033,stopped_out,True,1,1,115559.29,-3813.46,2012
TATAPOWER,2012-02-16,2012-02-17,90.2674,94.7807,2.24,2.94,3.12,0.05,0.047,take_profit,False,1,1,122655.79,5764.82,2012
APLAPOLLO,2012-02-16,2012-02-17,14.504,14.0689,5.0,6.96,14.94,-0.03,-0.033,stopped_out,True,1,1,98124.63,-3238.11,2012
IRB,2012-02-16,2012-02-22,15.8098,15.3355,5.41,2.98,2.81,-0.03,-0.033,stopped_out,True,6,3,153319.74,-5059.55,2012
TANLA,2012-02-17,2012-02-21,8.3072,8.7226,9.34,5.04,4.6,0.05,0.047,take_profit,False,4,1,98528.9,4630.86,2012
BEML,2012-02-17,2012-02-23,236.4501,229.3566,1.51,1.82,3.42,-0.03,-0.033,stopped_out,True,6,3,123161.13,-4064.32,2012
TANLA,2012-02-21,2012-02-22,9.1288,8.8549,4.0,3.75,5.26,-0.03,-0.033,stopped_out,True,1,1,155223.72,-5122.38,2012
WABAG,2012-02-21,2012-02-23,211.036,204.7049,0.55,2.3,3.71,-0.03,-0.033,stopped_out,True,2,2,124178.98,-4097.91,2012
TRITURBINE,2012-02-21,2012-02-22,42.3034,44.5043,2.12,6.06,3.52,0.052026,0.049026,take_profit_gap,False,1,1,99343.18,4870.4,2012
HEG,2012-02-23,2012-02-27,36.8628,35.7569,2.85,2.13,3.95,-0.03,-0.033,stopped_out,True,4,2,207825.14,-6858.23,2012
BPCL,2012-02-23,2012-03-01,26.1871,25.4015,1.1,3.42,5.69,-0.03,-0.033,stopped_out,True,7,5,166260.11,-5486.58,2012
HEG,2012-02-23,2012-02-27,36.8628,35.7569,0.51,2.13,3.95,-0.03,-0.033,stopped_out,True,4,2,133008.09,-4389.27,2012
OFSS,2012-02-24,2012-02-27,1407.5552,1365.3286,8.25,12.01,15.35,-0.03,-0.033,stopped_out,True,3,1,106406.47,-3511.41,2012
BLUEDART,2012-02-24,2012-02-27,1746.5296,1694.1337,2.04,4.48,3.95,-0.03,-0.033,stopped_out,True,3,1,85125.18,-2809.13,2012
CHOLAHLDNG,2012-02-27,2012-03-05,81.0911,85.1457,5.23,8.77,7.76,0.05,0.047,take_profit,False,7,5,171059.51,8039.8,2012
TITAGARH,2012-02-28,2012-02-29,82.5036,80.0285,0.73,6.96,8.82,-0.03,-0.033,stopped_out,True,1,1,87582.47,-2890.22,2012
APLAPOLLO,2012-02-28,2012-03-02,16.0023,15.5222,2.75,1.6,9.04,-0.03,-0.033,stopped_out,True,3,3,109478.09,-3612.78,2012
GMDCLTD,2012-02-28,2012-02-29,141.7529,137.5003,1.09,2.42,6.74,-0.03,-0.033,stopped_out,True,1,1,136847.61,-4515.97,2012
JMFINANCIL,2012-02-29,2012-03-01,13.0398,12.6486,3.28,2.87,3.98,-0.03,-0.033,stopped_out,True,1,1,113470.75,-3744.53,2012
TATAPOWER,2012-02-29,2012-03-06,91.0199,88.2893,0.52,1.67,1.5,-0.03,-0.033,stopped_out,True,6,4,90776.6,-2995.63,2012
NAVINFLUOR,2012-03-01,2012-03-05,48.7382,47.276,0.86,3.5,3.8,-0.03,-0.033,stopped_out,True,4,2,126721.23,-4181.8,2012
CYIENT,2012-03-01,2012-03-02,119.0582,115.4864,3.17,12.88,2.25,-0.03,-0.033,stopped_out,True,1,1,101376.99,-3345.44,2012
ZEEL,2012-03-02,2012-03-12,122.1626,118.4977,2.04,2.34,3.52,-0.03,-0.033,stopped_out,True,10,5,121880.96,-4022.07,2012
ZEEL,2012-03-02,2012-03-12,122.1626,118.4977,2.93,2.34,3.52,-0.03,-0.033,stopped_out,True,10,5,97504.77,-3217.66,2012
CASTROLIND,2012-03-05,2012-03-20,77.5565,76.9072,0.84,3.31,2.23,-0.008373,-0.011373,time_exit,False,15,10,138331.56,-1573.24,2012
RELINFRA,2012-03-05,2012-03-06,581.8688,564.4127,1.17,2.43,5.55,-0.03,-0.033,stopped_out,True,1,1,110665.25,-3651.95,2012
DCMSHRIRAM,2012-03-06,2012-03-09,35.3223,37.0884,1.78,10.7,4.65,0.05,0.047,take_profit,False,3,2,127491.05,5992.08,2012
PGEL,2012-03-06,2012-03-07,25.1833,26.5214,7.78,2.8,17.71,0.053134,0.050134,take_profit_gap,False,1,1,101992.84,5113.31,2012
CANFINHOME,2012-03-07,2012-03-12,18.8929,19.8376,3.46,6.44,8.95,0.05,0.047,take_profit,False,5,2,103015.51,4841.73,2012
HCLTECH,2012-03-09,2012-03-16,89.8301,87.1352,1.15,2.18,1.95,-0.03,-0.033,stopped_out,True,7,5,109109.03,-3600.6,2012
NATCOPHARM,2012-03-12,2012-03-14,56.5407,54.8445,3.19,8.88,4.93,-0.03,-0.033,stopped_out,True,2,2,151287.87,-4992.5,2012
UBL,2012-03-12,2012-03-13,523.4836,549.6578,14.02,9.29,17.58,0.05,0.047,take_profit,False,1,1,121030.3,5688.42,2012
BHARATFORG,2012-03-12,2012-03-13,145.8822,141.5058,1.49,2.42,4.08,-0.03,-0.033,stopped_out,True,1,1,96824.24,-3195.2,2012
BBTC,2012-03-13,2012-03-14,105.3862,102.2246,1.87,1.72,3.04,-0.03,-0.033,stopped_out,True,1,1,121528.94,-4010.46,2012
JINDALSTEL,2012-03-13,2012-03-15,595.7569,577.8842,1.59,1.74,3.21,-0.03,-0.033,stopped_out,True,2,2,97223.15,-3208.36,2012
MOIL,2012-03-14,2012-03-15,85.9971,90.297,1.18,1.83,4.24,0.05,0.047,take_profit,False,1,1,130541.29,6135.44,2012
MOIL,2012-03-14,2012-03-15,85.9971,90.297,3.87,1.83,4.24,0.05,0.047,take_profit,False,1,1,104433.04,4908.35,2012
WELSPUNLIV,2012-03-15,2012-03-16,3.2463,3.4086,3.57,6.82,7.24,0.05,0.047,take_profit,False,1,1,151553.01,7122.99,2012
NATCOPHARM,2012-03-15,2012-03-16,63.2906,61.3919,3.57,10.28,12.58,-0.03,-0.033,stopped_out,True,1,1,121242.41,-4001.0,2012
EICHERMOT,2012-03-15,2012-03-20,169.4092,177.8797,1.25,2.81,3.1,0.05,0.047,take_profit,False,5,3,96993.93,4558.71,2012
GODFRYPHLP,2012-03-16,2012-03-19,168.6776,191.0169,1.14,2.3,4.64,0.132437,0.129437,take_profit_gap,False,3,1,98483.4,12747.4,2012
ITC,2012-03-16,2012-03-27,89.9788,94.4777,1.09,4.4,3.79,0.05,0.047,take_profit,False,11,7,153880.31,7232.37,2012
BLUESTARCO,2012-03-16,2012-03-22,81.2434,85.3056,1.26,1.66,2.31,0.05,0.047,take_profit,False,6,4,123104.25,5785.9,2012
KAJARIACER,2012-03-19,2012-03-21,74.1147,71.8913,2.48,3.67,6.49,-0.03,-0.033,stopped_out,True,2,2,101032.88,-3334.08,2012
AJANTPHARM,2012-03-20,2012-03-26,37.4024,36.2803,2.52,1.54,3.39,-0.03,-0.033,stopped_out,True,6,4,128488.49,-4240.12,2012
THOMASCOOK,2012-03-20,2012-03-26,22.9559,22.2673,2.41,2.01,3.94,-0.03,-0.033,stopped_out,True,6,4,102790.8,-3392.1,2012
SARDAEN,2012-03-21,2012-03-22,10.8883,11.9568,5.57,3.68,9.27,0.098127,0.095127,take_profit_gap,False,1,1,101772.39,9681.3,2012
TECHM,2012-03-22,2012-03-27,126.9352,123.1272,1.17,5.94,5.05,-0.03,-0.033,stopped_out,True,5,3,129486.68,-4273.06,2012
SUNDRMFAST,2012-03-23,2012-03-26,46.8224,49.1635,3.02,1.58,4.26,0.05,0.047,take_profit,False,3,1,103589.35,4868.7,2012
HINDUNILVR,2012-03-27,2012-04-03,323.6111,313.9027,1.33,1.99,2.78,-0.03,-0.033,stopped_out,True,7,5,165246.21,-5453.12,2012
INDIACEM,2012-03-27,2012-03-28,104.7393,101.5971,1.45,2.76,7.64,-0.03,-0.033,stopped_out,True,1,1,206557.76,-6816.41,2012
FDC,2012-03-27,2012-03-28,73.7576,71.5448,1.31,1.61,8.96,-0.03,-0.033,stopped_out,True,1,1,132196.97,-4362.5,2012
BAJAJELEC,2012-03-28,2012-03-29,164.1589,159.2341,0.54,1.65,7.73,-0.03,-0.033,stopped_out,True,1,1,171272.74,-5652.0,2012
PETRONET,2012-03-29,2012-04-10,54.0819,52.4595,1.59,2.57,1.65,-0.03,-0.033,stopped_out,True,12,6,108891.1,-3593.41,2012
JUBLPHARMA,2012-03-29,2012-03-30,115.4538,121.2265,3.26,3.24,3.95,0.05,0.047,take_profit,False,1,1,87112.88,4094.31,2012
KAJARIACER,2012-03-29,2012-04-02,73.0512,76.7037,0.76,1.79,4.34,0.05,0.047,take_profit,False,4,2,170142.34,7996.69,2012
SOBHA,2012-03-29,2012-03-30,268.488,281.9124,2.57,2.12,5.6,0.05,0.047,take_profit,False,1,1,136113.87,6397.35,2012
ELECON,2012-03-30,2012-04-09,26.0931,25.3104,0.67,2.62,5.13,-0.03,-0.033,stopped_out,True,10,4,116433.98,-3842.32,2012
PIIND,2012-03-30,2012-04-03,99.26,104.223,0.95,5.56,4.43,0.05,0.047,take_profit,False,4,2,93147.19,4377.92,2012
JKCEMENT,2012-04-02,2012-04-10,148.35,141.9027,1.51,1.97,5.74,-0.04346,-0.04646,stopped_out_gap,False,8,4,110145.56,-5117.36,2012
TATACONSUM,2012-04-03,2012-04-10,99.959,96.9602,3.03,1.73,2.19,-0.03,-0.033,stopped_out,True,7,3,139580.08,-4606.14,2012
TATACONSUM,2012-04-03,2012-04-10,99.959,96.9602,0.97,1.73,2.19,-0.03,-0.033,stopped_out,True,7,3,111664.07,-3684.91,2012
KRBL,2012-04-09,2012-04-10,16.3793,17.1982,6.23,3.95,3.77,0.05,0.047,take_profit,False,1,1,111849.59,5256.93,2012
THOMASCOOK,2012-04-10,2012-04-11,23.9933,23.2735,1.33,4.72,9.38,-0.03,-0.033,stopped_out,True,1,1,83376.85,-2751.44,2012
MANINFRA,2012-04-10,2012-04-11,20.8898,20.2631,1.61,5.03,11.36,-0.03,-0.033,stopped_out,True,1,1,130276.33,-4299.12,2012
KRBL,2012-04-10,2012-04-13,17.5705,17.0434,1.69,5.06,4.82,-0.03,-0.033,stopped_out,True,3,3,104221.07,-3439.3,2012
JKPAPER,2012-04-10,2012-04-16,28.8031,27.939,0.95,3.42,4.52,-0.03,-0.033,stopped_out,True,6,4,203556.77,-6717.37,2012
ICIL,2012-04-10,2012-04-12,1.2869,1.3512,0.78,1.77,2.17,0.05,0.047,take_profit,False,2,2,162845.41,7653.73,2012
INDIAGLYCO,2012-04-11,2012-04-12,59.1248,62.081,0.92,1.83,2.95,0.05,0.047,take_profit,False,1,1,108022.01,5077.03,2012
SHILPAMED,2012-04-11,2012-04-13,39.5734,38.3862,1.22,4.13,1.63,-0.03,-0.033,stopped_out,True,2,2,86417.61,-2851.78,2012
GODFRYPHLP,2012-04-12,2012-04-18,204.3961,214.6159,1.64,1.53,6.99,0.05,0.047,take_profit,False,6,4,125853.72,5915.12,2012
GODFRYPHLP,2012-04-12,2012-04-18,204.3961,214.6159,3.16,1.53,6.99,0.05,0.047,take_profit,False,6,4,100682.98,4732.1,2012
BLUEDART,2012-04-13,2012-04-16,1972.0723,1912.9102,0.73,3.12,2.24,-0.03,-0.033,stopped_out,True,3,1,117415.9,-3874.72,2012
TDPOWERSYS,2012-04-13,2012-04-16,54.1637,56.8719,2.92,4.3,5.92,0.05,0.047,take_profit,False,3,1,93932.72,4414.84,2012
AUROPHARMA,2012-04-16,2012-04-19,58.1153,61.0211,6.45,3.84,8.59,0.05,0.047,take_profit,False,3,3,100410.75,4719.31,2012
APLLTD,2012-04-16,2012-04-20,49.1607,47.6859,1.2,1.65,1.84,-0.03,-0.033,stopped_out,True,4,4,156891.8,-5177.43,2012
GRAVITA,2012-04-16,2012-04-17,143.8232,151.0144,11.03,7.11,18.03,0.05,0.047,take_profit,False,1,1,125513.44,5899.13,2012
GRAVITA,2012-04-17,2012-04-23,151.5881,147.0404,2.9,8.57,3.29,-0.03,-0.033,stopped_out,True,6,4,106611.12,-3518.17,2012
SUBROS,2012-04-18,2012-04-19,33.1789,32.1836,0.78,4.19,4.79,-0.03,-0.033,stopped_out,True,1,1,106180.54,-3503.96,2012
ASTRAMICRO,2012-04-18,2012-04-19,33.9402,32.9219,2.43,1.59,2.0,-0.03,-0.033,stopped_out,True,1,1,132725.68,-4379.95,2012
ASAHIINDIA,2012-04-19,2012-04-20,64.195,67.4047,4.14,2.61,7.34,0.05,0.047,take_profit,False,1,1,152174.91,7152.22,2012
GESHIP,2012-04-19,2012-04-20,168.2236,163.1769,0.87,2.69,5.52,-0.03,-0.033,stopped_out,True,1,1,121739.93,-4017.42,2012
ASAHIINDIA,2012-04-19,2012-04-20,64.195,67.4047,7.7,2.61,7.34,0.05,0.047,take_profit,False,1,1,97391.94,4577.42,2012
AJANTPHARM,2012-04-20,2012-04-26,43.4083,42.1061,4.0,2.19,5.85,-0.03,-0.033,stopped_out,True,6,4,184060.23,-6073.99,2012
JBMA,2012-04-20,2012-04-23,2.6378,2.7697,5.15,10.04,5.15,0.05,0.047,take_profit,False,3,1,147248.18,6920.66,2012
M&M,2012-04-20,2012-04-24,314.7161,305.2746,1.45,2.08,3.04,-0.03,-0.033,stopped_out,True,4,2,117798.55,-3887.35,2012
ASTRAMICRO,2012-04-20,2012-04-24,35.8923,34.8155,0.62,9.2,11.13,-0.03,-0.033,stopped_out,True,4,2,94238.84,-3109.88,2012
ASIANPAINT,2012-04-23,2012-05-04,307.8548,323.2476,2.16,2.25,3.77,0.05,0.047,take_profit,False,11,8,126843.43,5961.64,2012
NATIONALUM,2012-04-24,2012-04-25,29.1914,28.3157,0.83,1.81,7.71,-0.03,-0.033,stopped_out,True,1,1,91188.98,-3009.24,2012
TCS,2012-04-24,2012-05-02,435.4539,457.2266,5.45,5.16,6.43,0.05,0.047,take_profit,False,8,5,142482.77,6696.69,2012
TCS,2012-04-24,2012-05-02,435.4539,457.2266,0.88,5.16,6.43,0.05,0.047,take_profit,False,8,5,113986.22,5357.35,2012
FINPIPE,2012-04-25,2012-04-30,8.1025,8.5076,0.96,3.2,5.38,0.05,0.047,take_profit,False,5,3,90587.13,4257.6,2012
RAIN,2012-04-26,2012-05-07,32.2305,31.2636,1.29,3.15,3.33,-0.03,-0.033,stopped_out,True,11,6,108066.95,-3566.21,2012
IPCALAB,2012-04-30,2012-05-03,172.4812,163.9901,2.31,1.92,4.77,-0.049229,-0.052229,stopped_out_gap,False,3,2,105422.51,-5506.11,2012
MMTC,2012-05-02,2012-05-04,513.9227,498.505,9.55,7.75,2.65,-0.03,-0.033,stopped_out,True,2,2,138042.61,-4555.41,2012
RHIM,2012-05-02,2012-05-04,28.8542,27.3737,0.59,1.96,5.3,-0.051309,-0.054309,stopped_out_gap,False,2,2,110434.09,-5997.56,2012
SONATSOFTW,2012-05-03,2012-05-07,4.7599,4.5723,0.68,6.93,9.68,-0.039423,-0.042423,stopped_out_gap,False,4,2,108330.55,-4595.71,2012
CIPLA,2012-05-04,2012-05-11,299.9197,290.9221,0.95,3.54,2.15,-0.03,-0.033,stopped_out,True,7,5,160810.2,-5306.74,2012
BPCL,2012-05-07,2012-05-15,27.3761,28.7449,0.75,2.93,4.68,0.05,0.047,take_profit,False,8,6,170295.28,8003.88,2012
EMAMILTD,2012-05-09,2012-05-16,126.9291,123.1212,2.98,3.19,6.06,-0.03,-0.033,stopped_out,True,7,5,136236.22,-4495.8,2012
BERGEPAINT,2012-05-09,2012-05-11,33.6247,35.3059,2.23,1.55,4.32,0.05,0.047,take_profit,False,2,2,108988.98,5122.48,2012
GLENMARK,2012-05-09,2012-05-10,324.7379,340.9748,0.91,1.98,1.77,0.05,0.047,take_profit,False,1,1,87191.18,4097.99,2012
AVANTIFEED,2012-05-10,2012-05-11,7.1142,7.7676,1.56,4.04,6.75,0.091845,0.088845,take_profit_gap,False,1,1,88010.78,7819.32,2012
BERGEPAINT,2012-05-11,2012-05-15,35.4684,37.2418,1.69,2.1,1.76,0.05,0.047,take_profit,False,4,2,114798.1,5395.51,2012
DATAMATICS,2012-05-11,2012-05-14,23.9509,23.2324,1.42,4.64,1.93,-0.03,-0.033,stopped_out,True,3,1,91838.48,-3030.67,2012
JUBLFOOD,2012-05-11,2012-05-17,110.398,115.9179,2.32,3.53,7.64,0.05,0.047,take_profit,False,6,4,143497.63,6744.39,2012
DIVISLAB,2012-05-14,2012-05-21,387.7447,407.1319,3.69,3.34,3.75,0.05,0.047,take_profit,False,7,5,91232.35,4287.92,2012
BPCL,2012-05-15,2012-05-16,29.0757,30.5295,1.8,2.59,1.96,0.05,0.047,take_profit,False,1,1,132684.43,6236.17,2012
EPL,2012-05-15,2012-05-16,15.2653,14.8074,2.45,1.51,7.47,-0.03,-0.033,stopped_out,True,1,1,106147.55,-3502.87,2012
BAJAJELEC,2012-05-16,2012-05-22,183.1438,192.301,0.8,5.03,3.07,0.05,0.047,take_profit,False,6,4,159579.18,7500.22,2012
WELSPUNLIV,2012-05-16,2012-05-21,4.1478,4.0233,1.99,1.88,6.59,-0.03,-0.033,stopped_out,True,5,3,127663.34,-4212.89,2012
DATAMATICS,2012-05-17,2012-05-18,26.9602,26.1514,5.2,16.84,19.56,-0.03,-0.033,stopped_out,True,1,1,132179.08,-4361.91,2012
GODREJCP,2012-05-17,2012-05-29,164.5453,172.7726,1.02,2.33,2.34,0.05,0.047,take_profit,False,12,8,105743.26,4969.93,2012
HFCL,2012-05-21,2012-05-22,12.4832,12.1087,8.96,6.13,5.83,-0.03,-0.033,stopped_out,True,1,1,153952.19,-5080.42,2012
FDC,2012-05-21,2012-05-28,70.0675,74.9127,1.44,4.61,3.1,0.06915,0.06615,take_profit_gap,False,7,5,123161.75,8147.15,2012
DBREALTY,2012-05-21,2012-05-22,83.942,81.4237,7.81,4.32,13.46,-0.03,-0.033,stopped_out,True,1,1,98529.4,-3251.47,2012
DEEPAKNTR,2012-05-22,2012-05-24,13.7359,13.3239,0.69,3.21,1.59,-0.03,-0.033,stopped_out,True,2,2,103084.38,-3401.78,2012
BERGEPAINT,2012-05-22,2012-05-25,36.124,37.9302,1.02,2.0,3.32,0.05,0.047,take_profit,False,3,3,128855.47,6056.21,2012
BERGEPAINT,2012-05-22,2012-05-25,36.124,37.9302,3.63,2.0,3.32,0.05,0.047,take_profit,False,3,3,161069.34,7570.26,2012
ASAHIINDIA,2012-05-24,2012-05-25,60.2844,63.2986,3.51,1.95,3.73,0.05,0.047,take_profit,False,1,1,102404.02,4812.99,2012
EMAMILTD,2012-05-25,2012-05-28,133.4837,140.1579,3.01,1.98,2.24,0.05,0.047,take_profit,False,3,1,164076.87,7711.61,2012
WABAG,2012-05-25,2012-05-28,206.4411,216.7631,2.69,9.95,5.89,0.05,0.047,take_profit,False,3,1,131261.5,6169.29,2012
DCAL,2012-05-25,2012-05-28,24.0494,25.2519,6.66,4.11,9.78,0.05,0.047,take_profit,False,3,1,105009.2,4935.43,2012
HERITGFOOD,2012-05-28,2012-05-29,17.7929,17.2591,1.35,1.73,10.64,-0.03,-0.033,stopped_out,True,1,1,194101.92,-6405.36,2012
DCMSHRIRAM,2012-05-28,2012-06-01,35.0868,36.8411,2.68,2.24,3.59,0.05,0.047,take_profit,False,4,4,155281.53,7298.23,2012
JKCEMENT,2012-05-28,2012-05-29,130.8791,126.9527,10.44,12.05,16.08,-0.03,-0.033,stopped_out,True,1,1,124225.23,-4099.43,2012
BATAINDIA,2012-05-28,2012-05-30,412.2211,399.8545,0.69,1.59,2.25,-0.03,-0.033,stopped_out,True,2,2,99380.18,-3279.55,2012
HCLTECH,2012-05-29,2012-06-01,89.9113,87.2139,2.05,1.72,1.93,-0.03,-0.033,stopped_out,True,3,3,163211.25,-5385.97,2012
WELENT,2012-05-29,2012-05-30,29.2204,28.3438,5.21,9.79,3.64,-0.03,-0.033,stopped_out,True,1,1,104455.2,-3447.02,2012
SUBROS,2012-05-29,2012-05-30,28.9286,28.0607,3.13,2.46,4.22,-0.03,-0.033,stopped_out,True,1,1,130569.0,-4308.78,2012
VGUARD,2012-05-30,2012-05-31,13.5295,14.206,4.7,9.02,5.23,0.05,0.047,take_profit,False,1,1,94872.3,4459.0,2012
GPPL,2012-05-30,2012-06-04,37.8766,35.564,2.65,6.21,3.51,-0.061058,-0.064058,stopped_out_gap,False,5,3,148237.97,-9495.83,2012
KARURVYSYA,2012-05-30,2012-06-04,44.9077,43.5605,0.6,5.15,4.42,-0.03,-0.033,stopped_out,True,5,3,118590.38,-3913.48,2012
ASHOKA,2012-05-31,2012-06-01,44.3374,41.8502,0.61,9.13,8.7,-0.056096,-0.059096,stopped_out_gap,False,1,1,95764.1,-5659.28,2012
GSPL,2012-06-01,2012-06-04,60.2471,55.3736,0.85,4.29,12.05,-0.080891,-0.083891,stopped_out_gap,False,3,1,158713.26,-13314.61,2012
NLCINDIA,2012-06-01,2012-06-04,42.7369,41.4548,3.46,6.19,10.6,-0.03,-0.033,stopped_out,True,3,1,126970.6,-4190.03,2012
NFL,2012-06-04,2012-06-07,62.9302,66.0767,0.88,3.96,5.21,0.05,0.047,take_profit,False,3,3,205896.13,9677.12,2012
ZYDUSWELL,2012-06-04,2012-06-05,76.1258,73.8421,2.92,7.42,15.46,-0.03,-0.033,stopped_out,True,1,1,164716.91,-5435.66,2012
HINDPETRO,2012-06-04,2012-06-06,24.9099,24.1626,1.45,1.51,4.81,-0.03,-0.033,stopped_out,True,2,2,131773.53,-4348.53,2012
WOCKPHARMA,2012-06-05,2012-06-06,746.3657,723.9747,1.27,1.82,5.19,-0.03,-0.033,stopped_out,True,1,1,137275.07,-4530.08,2012
POWERGRID,2012-06-06,2012-06-08,35.9339,34.8559,1.46,2.25,3.44,-0.03,-0.033,stopped_out,True,2,2,103586.6,-3418.36,2012
RELIANCE,2012-06-06,2012-06-20,149.964,154.3133,1.43,1.5,1.63,0.029003,0.026003,time_exit,False,14,10,82869.28,2154.85,2012
HDFCBANK,2012-06-06,2012-06-11,115.8036,121.5938,1.0,2.06,2.98,0.05,0.047,take_profit,False,5,3,161854.06,7607.14,2012
DABUR,2012-06-06,2012-06-08,93.0682,90.2762,1.54,4.6,5.42,-0.03,-0.033,stopped_out,True,2,2,129483.24,-4272.95,2012
PIDILITIND,2012-06-07,2012-06-11,80.0783,77.676,1.72,2.36,3.08,-0.03,-0.033,stopped_out,True,4,2,109410.07,-3610.53,2012
CCL,2012-06-08,2012-06-12,17.9186,18.8146,4.78,3.4,8.16,0.05,0.047,take_profit,False,4,2,132603.76,6232.38,2012
RHIM,2012-06-11,2012-06-19,32.1211,33.7271,6.53,2.99,4.02,0.05,0.047,take_profit,False,8,6,103126.5,4846.95,2012
JWL,2012-06-11,2012-06-15,72.0635,75.6667,0.9,7.25,2.04,0.05,0.047,take_profit,False,4,4,161135.16,7573.35,2012
VGUARD,2012-06-11,2012-06-13,14.8517,15.5943,0.85,2.78,2.59,0.05,0.047,take_profit,False,2,2,128908.13,6058.68,2012
IIFL,2012-06-12,2012-06-13,22.7163,22.0348,0.83,4.01,9.55,-0.03,-0.033,stopped_out,True,1,1,110268.43,-3638.86,2012
HIKAL,2012-06-13,2012-06-27,33.9439,33.6934,1.42,1.79,2.47,-0.007381,-0.010381,time_exit,False,14,10,109227.22,-1133.89,2012
GRANULES,2012-06-13,2012-06-14,9.2218,9.6829,3.59,3.25,2.25,0.05,0.047,take_profit,False,1,1,136534.02,6417.1,2012
ALLCARGO,2012-06-14,2012-06-15,12.0325,12.6341,1.95,3.64,1.82,0.05,0.047,take_profit,False,1,1,115972.0,5450.68,2012
FINCABLES,2012-06-15,2012-06-18,34.8895,37.0411,7.01,3.71,7.26,0.061669,0.058669,take_profit_gap,False,3,1,120643.07,7078.01,2012
GMDCLTD,2012-06-15,2012-06-18,124.353,120.1807,0.54,3.79,2.64,-0.033552,-0.036552,stopped_out_gap,False,3,1,150803.84,-5512.18,2012
EPL,2012-06-18,2012-06-20,14.4205,13.9879,1.77,6.46,5.01,-0.03,-0.033,stopped_out,True,2,2,120893.6,-3989.49,2012
KEC,2012-06-18,2012-06-19,49.2737,47.7954,1.21,2.33,4.58,-0.03,-0.033,stopped_out,True,1,1,151117.0,-4986.86,2012
PERSISTENT,2012-06-19,2012-06-25,79.0054,82.9557,1.69,6.99,5.01,0.05,0.047,take_profit,False,6,4,147535.6,6934.17,2012
ALLCARGO,2012-06-19,2012-06-20,13.8602,13.4444,4.51,4.33,2.56,-0.03,-0.033,stopped_out,True,1,1,118028.48,-3894.94,2012
HINDZINC,2012-06-20,2012-06-22,43.4238,41.6886,0.7,4.34,3.62,-0.039959,-0.042959,stopped_out_gap,False,2,2,157635.14,-6771.85,2012
ASTRAMICRO,2012-06-20,2012-06-22,36.9571,35.8483,2.4,3.96,6.39,-0.03,-0.033,stopped_out,True,2,2,126108.11,-4161.57,2012
JWL,2012-06-20,2012-06-27,83.6354,87.8172,4.33,1.95,5.98,0.05,0.047,take_profit,False,7,5,100886.49,4741.66,2012
JKTYRE,2012-06-22,2012-06-26,14.3927,15.1123,2.66,3.71,6.24,0.05,0.047,take_profit,False,4,2,135271.16,6357.74,2012
ASHOKA,2012-06-22,2012-06-29,43.8275,46.0189,6.81,4.62,2.93,0.05,0.047,take_profit,False,7,5,108216.93,5086.2,2012
VAIBHAVGBL,2012-06-25,2012-06-26,8.199,7.9531,4.09,6.95,2.24,-0.03,-0.033,stopped_out,True,1,1,117467.49,-3876.43,2012
ZENSARTECH,2012-06-26,2012-06-27,39.6545,41.6372,5.37,4.94,5.63,0.05,0.047,take_profit,False,1,1,145017.99,6815.85,2012
MUTHOOTFIN,2012-06-26,2012-06-27,98.6945,103.6292,4.14,12.38,9.45,0.05,0.047,take_profit,False,1,1,116014.39,5452.68,2012
MANAPPURAM,2012-06-27,2012-06-28,19.2092,18.6329,1.97,5.88,8.2,-0.03,-0.033,stopped_out,True,1,1,97390.59,-3213.89,2012
SUDARSCHEM,2012-06-27,2012-06-29,36.1218,37.9278,4.68,1.58,2.31,0.05,0.047,take_profit,False,2,2,121738.23,5721.7,2012
GAEL,2012-06-27,2012-06-28,4.5827,4.4452,1.52,2.73,4.75,-0.03,-0.033,stopped_out,True,1,1,152172.79,-5021.7,2012
STAR,2012-06-27,2012-07-04,213.3232,206.9235,0.68,3.14,1.83,-0.03,-0.033,stopped_out,True,7,5,190215.99,-6277.13,2012
BAJFINANCE,2012-06-28,2012-07-11,8.2064,8.6167,2.55,2.74,2.28,0.05,0.047,take_profit,False,13,9,126178.03,5930.37,2012
BIOCON,2012-06-28,2012-07-04,35.5391,37.316,0.56,2.51,2.23,0.05,0.047,take_profit,False,6,4,100942.42,4744.29,2012
DCBBANK,2012-06-29,2012-07-04,40.6001,42.6301,2.69,2.04,4.26,0.05,0.047,take_profit,False,5,3,128906.55,6058.61,2012
FSL,2012-06-29,2012-07-03,6.8544,7.1971,2.31,2.85,2.37,0.05,0.047,take_profit,False,4,2,103125.24,4846.89,2012
MOIL,2012-07-03,2012-07-09,95.8565,92.9808,1.1,2.68,2.72,-0.03,-0.033,stopped_out,True,6,4,104094.62,-3435.12,2012
AVANTIFEED,2012-07-04,2012-07-09,7.2332,7.0162,3.07,1.51,2.36,-0.03,-0.033,stopped_out,True,5,3,168193.84,-5550.4,2012
JMFINANCIL,2012-07-04,2012-07-05,9.8333,10.3249,1.09,1.95,4.94,0.05,0.047,take_profit,False,1,1,134555.07,6324.09,2012
ELECTCAST,2012-07-04,2012-07-06,14.7665,15.5049,1.82,2.67,4.07,0.05,0.047,take_profit,False,2,2,107644.06,5059.27,2012
TRENT,2012-07-05,2012-07-06,97.7836,94.8501,2.55,11.86,3.25,-0.03,-0.033,stopped_out,True,1,1,114291.08,-3771.61,2012
GABRIEL,2012-07-06,2012-07-09,25.5649,24.7979,1.39,4.01,6.06,-0.03,-0.033,stopped_out,True,3,1,108861.94,-3592.44,2012
JINDWORLD,2012-07-06,2012-07-09,1.9924,1.9326,3.03,2.61,2.04,-0.03,-0.033,stopped_out,True,3,1,136077.42,-4490.55,2012
HSCL,2012-07-09,2012-07-11,36.1281,35.0443,4.23,5.83,2.63,-0.03,-0.033,stopped_out,True,2,2,187121.41,-6175.01,2012
ENGINERSIN,2012-07-09,2012-07-12,78.308,72.2624,1.21,5.15,2.73,-0.077203,-0.080203,stopped_out_gap,False,3,3,149697.13,-12006.16,2012
HSCL,2012-07-09,2012-07-11,36.1281,35.0443,3.5,5.83,2.63,-0.03,-0.033,stopped_out,True,2,2,119757.7,-3952.0,2012
ZYDUSWELL,2012-07-09,2012-07-13,78.0598,81.9628,1.65,5.0,2.7,0.05,0.047,take_profit,False,4,4,95806.16,4502.89,2012
GESHIP,2012-07-11,2012-07-23,169.2802,161.2104,0.57,1.85,3.26,-0.047671,-0.050671,stopped_out_gap,False,12,8,162417.03,-8229.83,2012
BBTC,2012-07-11,2012-07-13,110.5568,116.0847,0.68,2.48,1.51,0.05,0.047,take_profit,False,2,2,129933.62,6106.88,2012
POONAWALLA,2012-07-12,2012-07-13,62.3737,65.4923,4.66,2.76,7.09,0.05,0.047,take_profit,False,1,1,131485.09,6179.8,2012
ZYDUSLIFE,2012-07-12,2012-07-17,138.0275,144.9288,0.78,2.31,1.96,0.05,0.047,take_profit,False,5,3,105188.07,4943.84,2012
BLUESTARCO,2012-07-13,2012-07-23,81.7131,79.2617,1.57,9.42,3.46,-0.03,-0.033,stopped_out,True,10,6,101730.14,-3357.09,2012
SURYAROSNI,2012-07-13,2012-07-16,11.7749,11.4217,1.78,5.33,5.75,-0.03,-0.033,stopped_out,True,3,1,158953.35,-5245.46,2012
GRAVITA,2012-07-13,2012-07-17,173.6641,168.4542,2.1,2.38,2.93,-0.03,-0.033,stopped_out,True,4,2,127162.68,-4196.37,2012
LUPIN,2012-07-16,2012-07-30,532.0143,549.4422,0.85,1.58,1.99,0.032758,0.029758,time_exit,False,14,10,112125.69,3336.64,2012
CHOLAFIN,2012-07-17,2012-07-19,39.5478,38.3411,0.75,5.5,2.77,-0.030512,-0.033512,stopped_out_gap,False,2,2,136320.2,-4568.36,2012
ZYDUSLIFE,2012-07-17,2012-07-19,147.3709,154.7394,3.46,7.64,3.48,0.05,0.047,take_profit,False,2,2,109056.16,5125.64,2012
BSOFT,2012-07-19,2012-07-23,60.6866,58.866,4.35,1.67,4.61,-0.03,-0.033,stopped_out,True,4,2,136431.65,-4502.24,2012
HAVELLS,2012-07-19,2012-07-26,106.9861,103.7766,2.25,2.74,2.58,-0.03,-0.033,stopped_out,True,7,5,109145.32,-3601.8,2012
BALRAMCHIN,2012-07-23,2012-07-24,49.7049,52.1902,2.1,1.84,3.92,0.05,0.047,take_profit,False,1,1,164214.19,7718.07,2012
ULTRACEMCO,2012-07-23,2012-08-06,1509.1607,1546.3635,1.2,1.98,2.03,0.024651,0.021651,time_exit,False,14,10,131371.35,2844.32,2012
APLLTD,2012-07-23,2012-07-26,51.5299,49.984,2.79,2.95,5.0,-0.03,-0.033,stopped_out,True,3,3,105097.08,-3468.2,2012
BSOFT,2012-07-24,2012-07-26,62.912,61.0246,0.72,2.0,2.03,-0.03,-0.033,stopped_out,True,2,2,118464.12,-3909.32,2012
AMBUJACEM,2012-07-26,2012-08-07,147.0075,154.3579,1.89,4.18,2.16,0.05,0.047,take_profit,False,12,8,159116.73,7478.49,2012
JKIL,2012-07-26,2012-07-27,69.4997,67.4148,1.28,15.14,10.72,-0.03,-0.033,stopped_out,True,1,1,127293.39,-4200.68,2012
JWL,2012-07-27,2012-08-01,88.6019,93.032,0.56,2.73,3.72,0.05,0.047,take_profit,False,5,3,126453.25,5943.3,2012
DCMSHRIRAM,2012-07-27,2012-07-31,39.1056,41.5181,0.75,1.85,2.92,0.06169,0.05869,take_profit_gap,False,4,2,101162.6,5937.23,2012
LUPIN,2012-07-30,2012-08-13,549.992,541.5791,2.29,1.59,4.0,-0.015296,-0.018296,time_exit,False,14,10,104022.55,-1903.2,2012
AUROPHARMA,2012-07-31,2012-08-02,50.6152,53.1459,3.44,2.28,4.81,0.05,0.047,take_profit,False,2,2,104638.0,4917.99,2012
PFC,2012-08-01,2012-08-08,33.9796,35.6786,0.92,1.5,3.13,0.05,0.047,take_profit,False,7,5,110189.71,5178.92,2012
HIKAL,2012-08-02,2012-08-06,41.0447,39.8134,3.97,2.4,5.45,-0.03,-0.033,stopped_out,True,4,2,110062.97,-3632.08,2012
BALRAMCHIN,2012-08-06,2012-08-10,53.6663,56.3496,5.22,2.49,3.79,0.05,0.047,take_profit,False,4,4,136179.69,6400.45,2012
WOCKPHARMA,2012-08-06,2012-08-08,904.7559,949.9937,1.72,4.56,3.52,0.05,0.047,take_profit,False,2,2,108943.75,5120.36,2012
PGIL,2012-08-07,2012-08-09,40.6983,39.4773,0.53,3.62,1.61,-0.03,-0.033,stopped_out,True,2,2,120474.04,-3975.64,2012
VGUARD,2012-08-08,2012-08-14,26.9763,28.3251,2.09,4.59,4.32,0.05,0.047,take_profit,False,6,4,142265.78,6686.49,2012
HINDCOPPER,2012-08-08,2012-08-09,259.9422,252.144,5.13,13.79,11.93,-0.03,-0.033,stopped_out,True,1,1,113812.63,-3755.82,2012
BALRAMCHIN,2012-08-09,2012-08-10,54.8339,57.5756,1.14,2.03,3.87,0.05,0.047,take_profit,False,1,1,136361.14,6408.97,2012
MARICO,2012-08-09,2012-08-16,79.9923,77.5925,0.62,2.2,4.46,-0.03,-0.033,stopped_out,True,7,4,109088.91,-3599.93,2012
MAHLIFE,2012-08-10,2012-08-13,98.5791,95.6218,1.52,5.74,8.47,-0.03,-0.033,stopped_out,True,3,1,115472.94,-3810.61,2012
ECLERX,2012-08-10,2012-08-16,348.06,365.463,1.33,2.97,3.04,0.05,0.047,take_profit,False,6,3,144341.18,6784.04,2012
APLAPOLLO,2012-08-13,2012-08-21,14.1789,15.0996,1.95,2.3,7.93,0.06494,0.06194,take_profit_gap,False,8,4,135134.69,8370.24,2012
RAIN,2012-08-13,2012-08-17,31.4829,30.5384,3.96,3.61,3.27,-0.03,-0.033,stopped_out,True,4,3,108107.75,-3567.56,2012
VAIBHAVGBL,2012-08-14,2012-08-16,8.6778,8.4175,0.93,10.64,2.53,-0.03,-0.033,stopped_out,True,2,1,116276.66,-3837.13,2012
JKTYRE,2012-08-16,2012-08-17,16.3993,17.2192,6.89,4.43,11.27,0.05,0.047,take_profit,False,1,1,166832.07,7841.11,2012
RELIANCE,2012-08-16,2012-08-23,170.964,165.8351,0.94,1.57,1.76,-0.03,-0.033,stopped_out,True,7,4,133465.66,-4404.37,2012
PERSISTENT,2012-08-16,2012-08-21,84.6272,82.0884,2.76,4.77,3.13,-0.03,-0.033,stopped_out,True,5,2,106772.53,-3523.49,2012
MOTHERSON,2012-08-17,2012-08-21,5.2394,5.5013,0.61,1.88,3.4,0.05,0.047,take_profit,False,4,1,141260.7,6639.25,2012
MOTHERSON,2012-08-17,2012-08-21,5.2394,5.5013,2.0,1.88,3.4,0.05,0.047,take_profit,False,4,1,113008.56,5311.4,2012
OLECTRA,2012-08-21,2012-08-24,13.4122,14.0828,6.25,2.8,12.86,0.05,0.047,take_profit,False,3,3,123521.04,5805.49,2012
JKTYRE,2012-08-21,2012-08-22,18.9606,19.9087,3.8,6.2,5.9,0.05,0.047,take_profit,False,1,1,193001.62,9071.08,2012
CEATLTD,2012-08-21,2012-08-28,102.2391,99.1719,1.17,6.89,8.1,-0.03,-0.033,stopped_out,True,7,5,154401.3,-5095.24,2012
NESTLEIND,2012-08-21,2012-09-04,196.3964,197.4819,1.87,1.65,3.35,0.005527,0.002527,time_exit,False,14,10,98816.83,249.71,2012
NMDC,2012-08-22,2012-09-05,17.4714,16.9472,2.13,3.3,2.77,-0.03,-0.033,stopped_out,True,14,10,119468.0,-3942.44,2012
GSPL,2012-08-23,2012-08-27,65.7474,69.0347,1.08,2.34,3.84,0.05,0.047,take_profit,False,4,2,121386.66,5705.17,2012
COALINDIA,2012-08-24,2012-08-31,127.0937,123.2809,0.5,2.1,2.46,-0.03,-0.033,stopped_out,True,7,5,122974.63,-4058.16,2012
INDIAGLYCO,2012-08-27,2012-08-28,65.3066,63.3474,0.58,13.8,11.6,-0.03,-0.033,stopped_out,True,1,1,123798.07,-4085.34,2012
NMDC,2012-08-28,2012-09-03,18.0353,17.4942,1.83,2.42,3.2,-0.03,-0.033,stopped_out,True,6,4,152842.22,-5043.79,2012
UBL,2012-08-28,2012-08-30,608.5008,590.2458,5.4,3.46,9.13,-0.03,-0.033,stopped_out,True,2,2,122273.77,-4035.03,2012
PHOENIXLTD,2012-08-30,2012-08-31,85.605,83.0368,2.25,6.88,9.82,-0.03,-0.033,stopped_out,True,1,1,121466.77,-4008.4,2012
BIOCON,2012-08-31,2012-09-10,40.7081,42.7436,4.23,5.28,5.86,0.05,0.047,take_profit,False,10,6,144448.38,6789.07,2012
GRANULES,2012-08-31,2012-09-03,16.2474,17.0598,3.62,2.94,5.33,0.05,0.047,take_profit,False,3,1,115558.7,5431.26,2012
SHAKTIPUMP,2012-09-03,2012-09-06,7.5238,7.2981,3.22,1.55,4.69,-0.03,-0.033,stopped_out,True,3,3,146204.64,-4824.75,2012
PIDILITIND,2012-09-03,2012-09-10,92.7384,97.3753,0.78,2.84,4.78,0.05,0.047,take_profit,False,7,5,116963.71,5497.29,2012
EXIDEIND,2012-09-04,2012-09-18,123.1757,124.8584,2.66,1.77,3.14,0.013661,0.010661,time_exit,False,14,10,113384.28,1208.79,2012
SUNFLAG,2012-09-05,2012-09-06,20.9742,20.345,0.93,8.72,14.59,-0.03,-0.033,stopped_out,True,1,1,113812.53,-3755.81,2012
JUBLPHARMA,2012-09-06,2012-09-07,113.7192,119.4051,0.72,1.86,1.55,0.05,0.047,take_profit,False,1,1,141337.35,6642.86,2012
AMBUJACEM,2012-09-06,2012-09-17,156.0206,163.8217,2.85,2.34,5.58,0.05,0.047,take_profit,False,11,7,113069.88,5314.28,2012
HIKAL,2012-09-07,2012-09-10,46.3742,50.2094,15.16,11.36,16.59,0.082702,0.079702,take_profit_gap,False,3,1,120051.94,9568.38,2012
AVANTIFEED,2012-09-10,2012-09-11,10.4047,12.4698,11.17,3.14,7.49,0.198482,0.195482,take_profit_gap,False,1,1,176705.31,34542.71,2012
AVANTIFEED,2012-09-10,2012-09-11,10.4047,12.4698,6.74,3.14,7.49,0.198482,0.195482,take_profit_gap,False,1,1,141364.25,27634.17,2012
JYOTHYLAB,2012-09-10,2012-09-11,70.0303,67.9294,0.62,5.24,8.39,-0.03,-0.033,stopped_out,True,1,1,113091.4,-3732.02,2012
FDC,2012-09-11,2012-09-14,82.8522,80.3667,0.76,2.23,2.28,-0.03,-0.033,stopped_out,True,3,3,188394.28,-6217.01,2012
BATAINDIA,2012-09-11,2012-09-17,414.8338,435.5755,0.78,1.51,1.54,0.05,0.047,take_profit,False,6,4,150715.43,7083.63,2012
ACE,2012-09-11,2012-09-12,25.8797,27.7005,15.92,11.04,15.23,0.070358,0.067358,take_profit_gap,False,1,1,120572.34,8121.51,2012
COALINDIA,2012-09-12,2012-09-20,130.5996,126.6816,1.99,1.7,2.83,-0.03,-0.033,stopped_out,True,8,5,122196.64,-4032.49,2012
PGIL,2012-09-14,2012-09-17,43.1746,45.3333,6.03,3.49,3.4,0.05,0.047,take_profit,False,3,1,134192.77,6307.06,2012
PURVA,2012-09-17,2012-09-24,52.6594,55.2924,1.65,3.36,2.31,0.05,0.047,take_profit,False,7,4,122042.13,5735.98,2012
PTC,2012-09-17,2012-09-18,29.3201,30.7862,5.8,3.78,1.82,0.05,0.047,take_profit,False,1,1,152552.66,7169.98,2012
MAHABANK,2012-09-17,2012-09-18,36.3067,38.1221,1.35,3.85,1.77,0.05,0.047,take_profit,False,1,1,190690.83,8962.47,2012
WELSPUNLIV,2012-09-18,2012-09-24,4.5613,4.4245,1.9,5.71,2.32,-0.03,-0.033,stopped_out,True,6,3,192427.5,-6350.11,2012
WELSPUNLIV,2012-09-18,2012-09-24,4.5613,4.4245,1.91,5.71,2.32,-0.03,-0.033,stopped_out,True,6,3,153942.0,-5080.09,2012
MOTILALOFS,2012-09-18,2012-09-20,98.9432,95.9749,2.37,1.74,6.13,-0.03,-0.033,stopped_out,True,2,1,123153.6,-4064.07,2012
KAJARIACER,2012-09-20,2012-09-21,84.6131,88.8438,4.34,12.23,9.94,0.05,0.047,take_profit,False,1,1,145973.62,6860.76,2012
BAJAJ-AUTO,2012-09-20,2012-10-05,1288.0464,1249.405,2.03,1.51,2.51,-0.03,-0.033,stopped_out,True,15,10,116778.89,-3853.7,2012
HINDALCO,2012-09-21,2012-10-03,107.3931,112.7627,0.89,2.27,2.56,0.05,0.047,take_profit,False,12,7,123989.99,5827.53,2012
RALLIS,2012-09-24,2012-09-26,119.733,125.7197,1.1,3.41,1.66,0.05,0.047,take_profit,False,2,2,191735.48,9011.57,2012
M&M,2012-09-24,2012-10-09,369.8471,382.7313,0.86,1.94,3.34,0.034837,0.031837,time_exit,False,15,10,153388.38,4883.43,2012
SUZLON,2012-09-24,2012-09-26,16.9955,16.4856,3.78,2.89,6.32,-0.03,-0.033,stopped_out,True,2,2,122710.71,-4049.45,2012
ASTRAL,2012-09-26,2012-10-11,26.3746,26.4762,2.18,2.07,1.62,0.003851,0.000851,time_exit,False,15,10,129640.18,110.32,2012
JKLAKSHMI,2012-09-26,2012-09-28,95.7336,100.5203,6.8,4.07,6.92,0.05,0.047,take_profit,False,2,2,162050.22,7616.36,2012
TITAN,2012-09-28,2012-10-12,245.8439,258.1361,1.23,1.57,2.03,0.05,0.047,take_profit,False,14,9,137645.46,6469.34,2012
COLPAL,2012-10-03,2012-10-17,475.7417,478.7145,0.82,2.05,1.81,0.006249,0.003249,time_exit,False,14,10,136079.87,442.12,2012
NETWORK18,2012-10-05,2012-10-09,33.0665,32.0745,0.91,2.83,5.59,-0.03,-0.033,stopped_out,True,4,2,131448.94,-4337.81,2012
J&KBANK,2012-10-09,2012-10-12,93.5374,98.2143,0.93,1.59,3.97,0.05,0.047,take_profit,False,3,3,162235.73,7625.08,2012
BRITANNIA,2012-10-09,2012-10-12,216.4321,209.9392,1.0,3.93,3.16,-0.03,-0.033,stopped_out,True,3,3,129788.59,-4283.02,2012
TATACONSUM,2012-10-11,2012-10-25,136.7289,132.627,1.62,2.36,2.46,-0.03,-0.033,stopped_out,True,14,9,129780.97,-4282.77,2012
SURYAROSNI,2012-10-12,2012-10-16,13.319,13.985,1.58,2.74,4.79,0.05,0.047,take_profit,False,4,2,191721.01,9010.89,2012
INDIACEM,2012-10-12,2012-10-17,92.7155,89.934,4.3,2.74,5.37,-0.03,-0.033,stopped_out,True,5,3,153376.81,-5061.43,2012
JPPOWER,2012-10-12,2012-10-16,37.8689,36.7329,6.19,2.85,2.44,-0.03,-0.033,stopped_out,True,4,2,122701.45,-4049.15,2012
AARTIDRUGS,2012-10-16,2012-10-18,18.0566,17.5149,4.85,7.31,3.15,-0.03,-0.033,stopped_out,True,2,2,162038.0,-5347.25,2012
EXIDEIND,2012-10-16,2012-10-19,134.9252,130.8774,2.42,2.08,1.92,-0.03,-0.033,stopped_out,True,3,3,129630.4,-4277.8,2012
NETWORK18,2012-10-17,2012-10-18,37.5688,36.4417,3.2,4.6,13.44,-0.03,-0.033,stopped_out,True,1,1,128537.43,-4241.74,2012
IMFA,2012-10-17,2012-10-18,115.6177,112.1492,8.76,8.84,13.49,-0.03,-0.033,stopped_out,True,1,1,160671.79,-5302.17,2012
SUNFLAG,2012-10-18,2012-10-19,23.2076,22.3114,0.84,3.69,13.81,-0.038619,-0.041619,stopped_out_gap,False,1,1,190101.16,-7911.82,2012
CANFINHOME,2012-10-18,2012-10-19,21.7227,21.0711,7.57,12.68,16.41,-0.03,-0.033,stopped_out,True,1,1,152080.93,-5018.67,2012
BANKBARODA,2012-10-18,2012-10-23,129.3237,124.7534,1.09,1.61,3.36,-0.03534,-0.03834,stopped_out_gap,False,5,3,121664.74,-4664.63,2012
THANGAMAYL,2012-10-19,2012-10-22,102.4176,107.5385,9.32,6.32,8.63,0.05,0.047,take_profit,False,3,1,188252.63,8847.87,2012
PERSISTENT,2012-10-19,2012-10-22,100.0381,97.037,2.76,11.44,4.38,-0.03,-0.033,stopped_out,True,3,1,150602.11,-4969.87,2012
PERSISTENT,2012-10-19,2012-10-22,100.0381,97.037,5.15,11.44,4.38,-0.03,-0.033,stopped_out,True,3,1,120481.68,-3975.9,2012
DCMSHRIRAM,2012-10-22,2012-10-23,54.4233,57.1445,0.95,5.06,6.59,0.05,0.047,take_profit,False,1,1,188233.05,8846.95,2012
THANGAMAYL,2012-10-22,2012-10-23,112.486,109.1114,1.58,9.04,8.87,-0.03,-0.033,stopped_out,True,1,1,150586.44,-4969.35,2012
EMAMILTD,2012-10-22,2012-10-23,153.6409,149.0317,2.45,1.8,5.61,-0.03,-0.033,stopped_out,True,1,1,120469.15,-3975.48,2012
ICIL,2012-10-23,2012-10-25,2.5007,2.6258,4.37,7.22,10.93,0.05,0.047,take_profit,False,2,1,135432.64,6365.33,2012
ICIL,2012-10-23,2012-10-25,2.5007,2.6258,12.41,7.22,10.93,0.05,0.047,take_profit,False,2,1,108346.11,5092.27,2012
LT,2012-10-23,2012-10-30,624.5987,605.8607,1.01,1.89,1.51,-0.03,-0.033,stopped_out,True,7,3,169290.8,-5586.6,2012
LTF,2012-10-23,2012-10-30,45.5268,44.161,2.51,2.49,2.29,-0.03,-0.033,stopped_out,True,7,3,211613.5,-6983.25,2012
NAVA,2012-10-25,2012-10-31,36.5325,35.4365,2.27,11.84,6.89,-0.03,-0.033,stopped_out,True,6,3,162823.8,-5373.19,2012
AJANTPHARM,2012-10-25,2012-10-30,65.4856,63.521,2.95,5.34,5.76,-0.03,-0.033,stopped_out,True,5,2,130259.04,-4298.55,2012
ARVIND,2012-10-25,2012-11-09,23.6966,24.2244,1.53,1.81,4.55,0.022276,0.019276,time_exit,False,15,10,104207.23,2008.7,2012
TRITURBINE,2012-10-30,2012-10-31,47.2692,49.6326,4.58,4.03,4.17,0.05,0.047,take_profit,False,1,1,182224.78,8564.56,2012
COLPAL,2012-10-30,2012-11-15,498.3332,513.2945,2.28,3.07,1.98,0.030023,0.027023,time_exit,False,16,10,145779.82,3939.41,2012
MARUTI,2012-10-30,2012-11-01,1250.1542,1312.6619,0.6,2.12,2.95,0.05,0.047,take_profit,False,2,2,116623.86,5481.32,2012
GLENMARK,2012-10-31,2012-11-16,409.2552,413.4282,0.58,6.14,4.98,0.010197,0.007197,time_exit,False,16,10,162947.08,1172.73,2012
MARUTI,2012-10-31,2012-11-16,1292.491,1291.3788,1.33,2.74,3.82,-0.000861,-0.003861,time_exit,False,16,10,130357.66,-503.31,2012
GOKEX,2012-11-01,2012-11-02,69.194,67.1182,0.51,1.69,8.88,-0.03,-0.033,stopped_out,True,1,1,128707.16,-4247.34,2012
SHAKTIPUMP,2012-11-02,2012-11-05,9.7496,9.4571,1.69,3.09,11.45,-0.03,-0.033,stopped_out,True,3,1,127857.7,-4219.3,2012
SARDAEN,2012-11-05,2012-11-08,11.5138,12.0895,5.5,6.65,6.02,0.05,0.047,take_profit,False,3,3,127013.84,5969.65,2012
EMAMILTD,2012-11-08,2012-11-12,164.2203,159.2937,0.83,3.3,4.65,-0.03,-0.033,stopped_out,True,4,2,128207.77,-4230.86,2012
RADICO,2012-11-09,2012-11-15,119.504,135.03,2.02,4.37,4.14,0.129921,0.126921,take_profit_gap,False,6,2,123809.4,15714.01,2012
MARICO,2012-11-12,2012-11-16,92.632,89.853,4.08,1.66,5.48,-0.03,-0.033,stopped_out,True,4,2,123842.9,-4086.82,2012
CCL,2012-11-15,2012-11-16,30.8403,29.9151,3.71,12.13,14.38,-0.03,-0.033,stopped_out,True,1,1,156922.85,-5178.45,2012
BHARTIARTL,2012-11-15,2012-11-19,243.5242,255.7005,2.04,2.49,1.77,0.05,0.047,take_profit,False,4,2,125538.28,5900.3,2012
WELCORP,2012-11-16,2012-11-20,87.0167,84.4062,2.0,8.49,3.14,-0.03,-0.033,stopped_out,True,4,2,213525.55,-7046.34,2012
BHARTIARTL,2012-11-16,2012-11-27,252.8357,265.4775,2.49,2.57,3.17,0.05,0.047,take_profit,False,11,7,170820.44,8028.56,2012
KAJARIACER,2012-11-16,2012-11-27,106.6666,111.9999,2.18,2.44,3.31,0.05,0.047,take_profit,False,11,7,136656.35,6422.85,2012
STAR,2012-11-16,2012-11-19,266.8635,280.2067,3.51,3.99,2.89,0.05,0.047,take_profit,False,3,1,109325.08,5138.28,2012
BHARTIARTL,2012-11-19,2012-11-27,259.6305,272.6121,0.5,1.75,1.91,0.05,0.047,take_profit,False,8,6,136640.45,6422.1,2012
POLYMED,2012-11-19,2012-11-20,42.2272,44.3386,2.29,3.96,5.19,0.05,0.047,take_profit,False,1,1,109312.36,5137.68,2012
M&M,2012-11-20,2012-12-05,413.6594,409.5472,2.42,2.17,2.83,-0.009941,-0.012941,time_exit,False,15,10,121308.59,-1569.85,2012
SUNTV,2012-11-20,2012-11-27,261.5381,274.615,0.82,2.15,2.17,0.05,0.047,take_profit,False,7,5,151635.74,7126.88,2012
BRIGADE,2012-11-27,2012-11-30,41.7069,43.7922,3.2,1.57,4.61,0.05,0.047,take_profit,False,3,2,221797.55,10424.48,2012
FINCABLES,2012-11-27,2012-11-30,45.0557,47.3085,3.3,2.0,2.9,0.05,0.047,take_profit,False,3,2,177438.04,8339.59,2012
INDUSINDBK,2012-11-27,2012-11-29,366.5782,384.9072,2.03,2.76,2.19,0.05,0.047,take_profit,False,2,1,141950.43,6671.67,2012
IDEA,2012-11-27,2012-11-30,59.4536,57.6699,1.31,1.76,4.82,-0.03,-0.033,stopped_out,True,3,2,113560.35,-3747.49,2012
DIACABS,2012-11-29,2012-12-05,825.0153,866.2661,0.89,2.98,3.03,0.05,0.047,take_profit,False,6,4,120572.7,5666.92,2012
SCHNEIDER,2012-11-30,2012-12-04,99.0995,96.1265,6.87,9.48,14.05,-0.03,-0.033,stopped_out,True,4,2,202020.66,-6666.68,2012
DCBBANK,2012-11-30,2012-12-07,44.4419,46.664,3.31,4.51,4.58,0.05,0.047,take_profit,False,7,5,161616.53,7595.98,2012
KTKBANK,2012-11-30,2012-12-03,89.1867,93.6461,2.05,4.43,5.7,0.05,0.047,take_profit,False,3,1,129293.22,6076.78,2012
PTC,2012-12-03,2012-12-10,37.9511,33.9894,2.44,2.66,6.38,-0.10439,-0.10739,stopped_out_gap,False,7,5,130508.58,-14015.32,2012
FINPIPE,2012-12-04,2012-12-05,9.9173,10.4132,0.64,1.95,1.74,0.05,0.047,take_profit,False,1,1,143477.66,6743.45,2012
BANKINDIA,2012-12-05,2012-12-10,234.5352,246.262,0.74,2.28,2.15,0.05,0.047,take_profit,False,5,3,155217.62,7295.23,2012
PHOENIXLTD,2012-12-05,2012-12-06,110.7019,116.2369,4.72,2.66,4.11,0.05,0.047,take_profit,False,1,1,124174.09,5836.18,2012
IIFL,2012-12-05,2012-12-18,31.7462,33.3335,0.59,1.7,3.82,0.05,0.047,take_profit,False,13,9,194022.02,9119.03,2012
ADANIPOWER,2012-12-06,2012-12-10,11.5258,12.102,2.26,3.32,6.86,0.05,0.047,take_profit,False,4,2,125341.33,5891.04,2012
MOTHERSON,2012-12-07,2012-12-13,8.9386,9.3855,2.18,2.97,6.14,0.05,0.047,take_profit,False,6,4,134115.56,6303.43,2012
NATCOPHARM,2012-12-10,2012-12-19,85.2797,89.5437,2.88,3.25,2.58,0.05,0.047,take_profit,False,9,7,189340.15,8898.99,2012
TITAGARH,2012-12-10,2012-12-12,66.764,70.1022,2.6,2.15,2.68,0.05,0.047,take_profit,False,2,2,151472.12,7119.19,2012
ADANIPOWER,2012-12-10,2012-12-11,12.1661,12.7744,2.3,2.84,4.02,0.05,0.047,take_profit,False,1,1,121177.69,5695.35,2012
KITEX,2012-12-11,2012-12-13,14.0543,13.6326,0.92,2.58,3.09,-0.03,-0.033,stopped_out,True,2,2,122316.76,-4036.45,2012
BAJAJ-AUTO,2012-12-12,2012-12-26,1479.3956,1553.3654,1.5,3.28,2.27,0.05,0.047,take_profit,False,14,9,129571.67,6089.87,2012
DCMSHRIRAM,2012-12-13,2012-12-17,56.442,59.2641,0.63,2.81,2.59,0.05,0.047,take_profit,False,4,2,155397.2,7303.67,2012
SPARC,2012-12-13,2012-12-20,128.1923,134.6019,5.27,4.23,7.99,0.05,0.047,take_profit,False,7,5,124317.76,5842.93,2012
SAIL,2012-12-17,2012-12-19,65.3151,68.5809,0.9,1.86,2.76,0.05,0.047,take_profit,False,2,2,131994.38,6203.74,2012
IIFL,2012-12-18,2012-12-21,33.3863,32.3847,1.36,5.15,4.18,-0.03,-0.033,stopped_out,True,3,3,146223.72,-4825.38,2012
ALOKINDS,2012-12-19,2012-12-20,11.3653,11.0244,5.91,2.78,12.32,-0.03,-0.033,stopped_out,True,1,1,147413.14,-4864.63,2012
JINDALSTEL,2012-12-19,2012-12-24,449.1578,435.6831,0.88,1.62,2.02,-0.03,-0.033,stopped_out,True,5,3,184266.42,-6080.79,2012
SARDAEN,2012-12-20,2012-12-27,11.4151,11.0727,3.28,3.81,7.43,-0.03,-0.033,stopped_out,True,7,4,172472.35,-5691.59,2012
SJVN,2012-12-20,2012-12-21,10.582,10.2645,0.98,5.2,2.16,-0.03,-0.033,stopped_out,True,1,1,137977.88,-4553.27,2012
CGCL,2012-12-21,2012-12-26,30.9485,32.4959,4.26,2.17,3.78,0.05,0.047,take_profit,False,5,2,165346.89,7771.3,2012
CGCL,2012-12-21,2012-12-26,30.9485,32.4959,2.53,2.17,3.78,0.05,0.047,take_profit,False,5,2,132277.51,6217.04,2012
JKCEMENT,2012-12-24,2013-01-03,322.2722,312.6041,3.76,3.8,6.32,-0.03,-0.033,stopped_out,True,10,7,141459.14,-4668.15,2013
BERGEPAINT,2012-12-26,2012-12-28,44.203,42.8769,3.44,5.43,6.03,-0.03,-0.033,stopped_out,True,2,2,202622.17,-6686.53,2012
BERGEPAINT,2012-12-26,2012-12-28,44.203,42.8769,0.7,5.43,6.03,-0.03,-0.033,stopped_out,True,2,2,162097.74,-5349.23,2012
M&MFIN,2012-12-26,2013-01-02,115.3006,104.7341,0.89,3.85,1.65,-0.091643,-0.094643,stopped_out_gap,False,7,5,129678.19,-12273.13,2013
KARURVYSYA,2012-12-27,2013-01-01,61.0633,64.1165,2.8,2.03,2.83,0.05,0.047,take_profit,False,5,3,137098.7,6443.64,2013
BALKRISIND,2012-12-28,2013-01-01,127.7192,134.1398,1.71,6.25,3.6,0.050271,0.047271,take_profit_gap,False,4,2,180215.79,8518.98,2013
OFSS,2012-12-28,2013-01-11,1786.6677,1806.7857,0.8,1.86,1.73,0.01126,0.00826,time_exit,False,14,10,144172.63,1190.87,2013
HCC,2013-01-01,2013-01-03,16.9648,17.8131,3.7,1.73,4.42,0.05,0.047,take_profit,False,2,2,145434.82,6835.44,2013
INDIANB,2013-01-01,2013-01-11,155.1497,150.4952,2.02,2.54,3.4,-0.03,-0.033,stopped_out,True,10,8,181793.53,-5999.19,2013
SAIL,2013-01-02,2013-01-07,73.1651,76.8234,1.46,2.03,2.62,0.05,0.047,take_profit,False,5,3,139828.87,6571.96,2013
MUTHOOTFIN,2013-01-03,2013-01-04,167.3721,175.7407,6.1,12.45,8.08,0.05,0.047,take_profit,False,1,1,169675.35,7974.74,2013
UPL,2013-01-03,2013-01-14,79.5419,77.1556,0.77,1.86,3.48,-0.03,-0.033,stopped_out,True,11,7,135740.28,-4479.43,2013
TEXRAIL,2013-01-04,2013-01-07,59.302,62.2671,4.42,4.57,5.33,0.05,0.047,take_profit,False,3,1,144122.24,6773.75,2013
AJANTPHARM,2013-01-07,2013-01-10,65.2632,63.3053,1.47,2.35,5.64,-0.03,-0.033,stopped_out,True,3,3,174757.15,-5766.99,2013
JSL,2013-01-07,2013-01-08,71.6206,75.2017,2.75,1.64,3.48,0.05,0.047,take_profit,False,1,1,139805.72,6570.87,2013
SCI,2013-01-08,2013-01-11,54.7424,53.1001,0.51,4.66,3.41,-0.03,-0.033,stopped_out,True,3,3,141119.9,-4656.96,2013
CHENNPETRO,2013-01-10,2013-01-18,114.0256,119.7269,1.09,5.62,2.08,0.05,0.047,take_profit,False,8,6,146693.95,6894.62,2013
WIPRO,2013-01-11,2013-01-18,67.0194,65.0088,0.92,3.33,3.44,-0.03,-0.033,stopped_out,True,7,5,208879.32,-6893.02,2013
INFY,2013-01-11,2013-01-25,243.0869,252.0263,15.1,7.83,7.58,0.036774,0.033774,time_exit,False,14,10,167103.45,5643.75,2013
ZEEL,2013-01-11,2013-01-16,209.7846,203.4911,1.23,2.61,2.47,-0.03,-0.033,stopped_out,True,5,3,133682.76,-4411.53,2013
DLF,2013-01-14,2013-01-18,216.9146,227.7603,4.81,1.86,6.74,0.05,0.047,take_profit,False,4,4,133198.38,6260.32,2013
RELIANCE,2013-01-16,2013-01-21,180.4323,196.3132,0.92,1.69,1.81,0.088016,0.085016,take_profit_gap,False,5,3,132412.95,11257.22,2013
OIL,2013-01-18,2013-01-21,93.4962,88.2481,0.73,7.25,8.3,-0.056133,-0.059133,stopped_out_gap,False,3,1,204937.07,-12118.54,2013
CHENNPETRO,2013-01-18,2013-01-23,120.7764,117.1531,0.66,3.82,2.07,-0.03,-0.033,stopped_out,True,5,3,163949.66,-5410.34,2013
JSWENERGY,2013-01-18,2013-01-21,57.4125,60.2831,3.24,1.72,4.59,0.05,0.047,take_profit,False,3,1,131159.73,6164.51,2013
NLCINDIA,2013-01-21,2013-01-23,46.6982,45.2972,1.38,4.22,4.64,-0.03,-0.033,stopped_out,True,2,2,199690.37,-6589.78,2013
MOTHERSON,2013-01-21,2013-02-04,9.1959,9.0192,1.47,2.8,1.7,-0.019218,-0.022218,time_exit,False,14,10,159752.3,-3549.38,2013
FINPIPE,2013-01-21,2013-01-22,11.0459,10.7145,9.31,13.89,15.33,-0.03,-0.033,stopped_out,True,1,1,127801.84,-4217.46,2013
ASIANPAINT,2013-01-22,2013-02-04,395.5197,415.2957,1.38,3.01,1.92,0.05,0.047,take_profit,False,13,9,126958.34,5967.04,2013
BHARTIARTL,2013-01-23,2013-01-28,308.1592,298.9144,1.28,1.98,4.66,-0.03,-0.033,stopped_out,True,5,3,171894.66,-5672.52,2013
APLAPOLLO,2013-01-23,2013-01-28,18.3527,19.2703,0.99,2.94,2.1,0.05,0.047,take_profit,False,5,3,137515.73,6463.24,2013
CANFINHOME,2013-01-25,2013-01-29,27.6132,26.7848,1.53,2.58,3.65,-0.03,-0.033,stopped_out,True,4,2,144562.02,-4770.55,2013
APLLTD,2013-01-28,2013-01-30,64.923,68.1691,4.0,3.52,4.53,0.05,0.047,take_profit,False,2,2,142151.87,6681.14,2013
AXISBANK,2013-01-28,2013-01-29,267.015,280.3657,1.01,2.38,2.31,0.05,0.047,take_profit,False,1,1,177689.84,8351.42,2013
SUNTV,2013-01-29,2013-01-30,330.3702,320.4591,1.78,3.09,2.99,-0.03,-0.033,stopped_out,True,1,1,178888.04,-5903.31,2013
ADANIPORTS,2013-01-29,2013-01-30,136.2511,132.1636,1.65,8.67,6.42,-0.03,-0.033,stopped_out,True,1,1,143110.43,-4722.64,2013
KRBL,2013-01-30,2013-02-12,22.9303,24.0768,4.14,4.63,4.31,0.05,0.047,take_profit,False,13,9,206529.45,9706.88,2013
APLLTD,2013-01-30,2013-02-01,67.8248,65.7901,0.79,2.17,1.69,-0.03,-0.033,stopped_out,True,2,2,165223.56,-5452.38,2013
PIDILITIND,2013-01-30,2013-02-01,106.2656,111.5789,1.94,7.88,4.81,0.05,0.047,take_profit,False,2,2,132178.85,6212.41,2013
PIDILITIND,2013-02-01,2013-02-05,114.6098,111.1715,2.58,7.37,5.54,-0.03,-0.033,stopped_out,True,4,2,165375.57,-5457.39,2013
PFC,2013-02-04,2013-02-08,42.1525,44.2601,2.0,3.2,6.79,0.05,0.047,take_profit,False,4,4,190126.12,8935.93,2013
ASIANPAINT,2013-02-04,2013-02-11,416.1245,403.6408,1.3,2.06,2.09,-0.03,-0.033,stopped_out,True,7,5,152100.89,-5019.33,2013
GOKEX,2013-02-04,2013-02-05,67.3455,65.3252,2.74,6.64,10.49,-0.03,-0.033,stopped_out,True,1,1,121680.71,-4015.46,2013
SUNPHARMA,2013-02-05,2013-02-15,341.1941,358.2538,0.95,2.74,1.97,0.05,0.047,take_profit,False,10,8,152861.26,7184.48,2013
TRIDENT,2013-02-05,2013-02-07,0.7078,0.6866,0.54,1.84,3.24,-0.03,-0.033,stopped_out,True,2,2,122289.01,-4035.54,2013
TCS,2013-02-08,2013-02-22,529.1623,540.7102,0.66,2.24,2.64,0.021823,0.018823,time_exit,False,14,10,129035.45,2428.83,2013
ASTRAL,2013-02-08,2013-02-19,34.11,35.8155,2.45,7.18,8.01,0.05,0.047,take_profit,False,11,7,161294.31,7580.83,2013
EMAMILTD,2013-02-11,2013-02-18,162.4184,170.5393,1.2,4.6,2.23,0.05,0.047,take_profit,False,7,5,132644.67,6234.3,2013
EMAMILTD,2013-02-12,2013-02-26,166.5819,165.3381,1.84,3.39,1.97,-0.007467,-0.010467,time_exit,False,14,10,149363.0,-1563.38,2013
BALRAMCHIN,2013-02-15,2013-02-18,42.366,44.4843,5.41,2.53,9.13,0.05,0.047,take_profit,False,3,1,151499.55,7120.48,2013
SOLARINDS,2013-02-18,2013-02-25,196.2179,190.3314,0.79,2.29,2.22,-0.03,-0.033,stopped_out,True,7,5,180699.44,-5963.08,2013
TATACOMM,2013-02-18,2013-02-21,118.7991,115.2351,0.94,1.66,3.89,-0.03,-0.033,stopped_out,True,3,3,144559.55,-4770.47,2013
BERGEPAINT,2013-02-19,2013-02-21,54.7637,57.5019,1.69,1.91,3.79,0.05,0.047,take_profit,False,2,2,149422.67,7022.87,2013
DEEPAKNTR,2013-02-22,2013-02-26,24.7728,24.0296,1.08,3.18,6.3,-0.03,-0.033,stopped_out,True,4,2,205077.91,-6767.57,2013
PERSISTENT,2013-02-22,2013-03-01,119.7906,116.1968,2.17,1.56,1.72,-0.03,-0.033,stopped_out,True,7,5,164062.33,-5414.06,2013
GPPL,2013-02-22,2013-02-25,29.6021,28.7141,1.95,2.76,7.33,-0.03,-0.033,stopped_out,True,3,1,131249.87,-4331.25,2013
POWERGRID,2013-02-25,2013-02-27,37.6867,36.5561,0.62,2.02,2.33,-0.03,-0.033,stopped_out,True,2,2,165330.89,-5455.92,2013
INFY,2013-02-26,2013-03-04,265.2883,257.3296,2.09,1.61,1.5,-0.03,-0.033,stopped_out,True,6,4,201486.7,-6649.06,2013
APLLTD,2013-02-27,2013-03-01,72.026,69.8652,0.66,2.62,3.94,-0.03,-0.033,stopped_out,True,2,2,193164.36,-6374.42,2013
TECHM,2013-03-01,2013-03-05,194.2238,188.3971,0.75,2.3,4.85,-0.03,-0.033,stopped_out,True,4,2,223619.13,-7379.43,2013
WIPRO,2013-03-05,2013-03-08,69.4583,72.9313,2.0,1.71,3.09,0.05,0.047,take_profit,False,3,3,261110.77,12272.21,2013
GMRAIRPORT,2013-03-05,2013-03-13,16.9885,17.838,4.27,1.98,2.37,0.05,0.047,take_profit,False,8,6,208888.61,9817.76,2013
GMRAIRPORT,2013-03-05,2013-03-13,16.9885,17.838,1.29,1.98,2.37,0.05,0.047,take_profit,False,8,6,167110.89,7854.21,2013
PCJEWELLER,2013-03-05,2013-03-06,5.6894,5.9739,7.27,2.07,10.14,0.05,0.047,take_profit,False,1,1,133688.71,6283.37,2013
APLLTD,2013-03-05,2013-03-06,79.8219,83.813,10.47,7.37,13.98,0.05,0.047,take_profit,False,1,1,106950.97,5026.7,2013
BLUEDART,2013-03-06,2013-03-08,2207.0085,2317.3589,2.33,2.32,3.79,0.05,0.047,take_profit,False,2,2,135950.73,6389.68,2013
SURYAROSNI,2013-03-07,2013-03-11,16.5039,16.0088,3.42,1.77,4.72,-0.03,-0.033,stopped_out,True,4,2,108760.58,-3589.1,2013
GODREJCP,2013-03-08,2013-03-12,245.2443,237.887,0.69,2.09,4.11,-0.03,-0.033,stopped_out,True,4,2,170153.14,-5615.05,2013
CASTROLIND,2013-03-08,2013-03-20,103.3121,100.2128,2.57,2.22,3.48,-0.03,-0.033,stopped_out,True,12,8,136122.51,-4492.04,2013
APLLTD,2013-03-11,2013-03-12,94.461,91.6271,0.55,4.07,9.6,-0.03,-0.033,stopped_out,True,1,1,129932.31,-4287.77,2013
J&KBANK,2013-03-12,2013-03-19,114.465,111.0311,0.84,1.74,3.03,-0.03,-0.033,stopped_out,True,7,5,161982.37,-5345.42,2013
RAIN,2013-03-13,2013-03-14,35.5532,37.3309,2.75,4.91,1.9,0.05,0.047,take_profit,False,1,1,208320.19,9791.05,2013
RAIN,2013-03-13,2013-03-14,35.5532,37.3309,1.87,4.91,1.9,0.05,0.047,take_profit,False,1,1,166656.16,7832.84,2013
JUBLFOOD,2013-03-14,2013-03-20,123.0565,119.3648,5.31,2.08,6.23,-0.03,-0.033,stopped_out,True,6,4,211844.97,-6990.88,2013
VGUARD,2013-03-14,2013-03-18,34.2145,33.1881,3.95,4.62,7.18,-0.03,-0.033,stopped_out,True,4,2,169475.98,-5592.71,2013
ASIANPAINT,2013-03-14,2013-04-01,438.8445,443.6437,0.63,1.98,2.41,0.010936,0.007936,time_exit,False,18,10,135580.78,1075.97,2013
PIDILITIND,2013-03-18,2013-03-26,121.3734,117.7322,1.95,5.99,2.84,-0.03,-0.033,stopped_out,True,8,6,141241.28,-4660.96,2013
PATANJALI,2013-03-21,2013-03-22,2230.9191,2163.9915,5.11,5.85,5.45,-0.03,-0.033,stopped_out,True,1,1,211617.33,-6983.37,2013
GMRAIRPORT,2013-03-25,2013-03-26,19.0848,18.5123,1.83,3.45,8.44,-0.03,-0.033,stopped_out,True,1,1,210220.65,-6937.28,2013
RELIGARE,2013-03-26,2013-03-28,291.0955,305.6503,2.41,2.1,9.3,0.05,0.047,take_profit,False,2,1,236149.26,11099.02,2013
RAIN,2013-03-26,2013-03-28,37.4223,39.2934,0.55,1.6,11.23,0.05,0.047,take_profit,False,2,1,188919.41,8879.21,2013
IGL,2013-03-28,2013-04-02,22.8637,24.0069,1.28,1.72,4.07,0.05,0.047,take_profit,False,5,2,122954.19,5778.85,2013
IPCALAB,2013-03-28,2013-04-04,254.5492,246.9128,0.76,1.6,2.9,-0.03,-0.033,stopped_out,True,7,4,153692.74,-5071.86,2013
PIIND,2013-03-28,2013-04-01,119.757,126.083,1.1,2.57,1.58,0.052824,0.049824,take_profit_gap,False,4,1,192115.92,9571.98,2013
TATACOMM,2013-03-28,2013-04-01,118.8753,115.309,4.98,4.02,10.88,-0.03,-0.033,stopped_out,True,4,1,240144.9,-7924.78,2013
SPARC,2013-04-01,2013-04-03,121.0374,117.4062,1.4,3.02,5.5,-0.03,-0.033,stopped_out,True,2,2,212476.31,-7011.72,2013
CONCOR,2013-04-01,2013-04-02,194.7684,204.5069,1.18,3.03,2.5,0.05,0.047,take_profit,False,1,1,169981.05,7989.11,2013
SPARC,2013-04-01,2013-04-03,121.0374,117.4062,3.86,3.02,5.5,-0.03,-0.033,stopped_out,True,2,2,135984.84,-4487.5,2013
SURYAROSNI,2013-04-02,2013-04-08,17.0182,16.2468,2.19,2.89,2.64,-0.045328,-0.048328,stopped_out_gap,False,6,4,170128.51,-8221.97,2013
FINCABLES,2013-04-02,2013-04-03,45.9314,44.5535,5.95,2.53,3.55,-0.03,-0.033,stopped_out,True,1,1,136102.81,-4491.39,2013
TRIDENT,2013-04-03,2013-04-04,0.6596,0.6293,2.92,1.99,4.71,-0.045899,-0.048899,stopped_out_gap,False,1,1,202596.91,-9906.79,2013
JSL,2013-04-03,2013-04-04,57.8966,56.1597,2.55,1.73,3.25,-0.03,-0.033,stopped_out,True,1,1,162077.53,-5348.56,2013
AJANTPHARM,2013-04-03,2013-04-04,119.3541,115.7735,8.02,9.75,12.76,-0.03,-0.033,stopped_out,True,1,1,129662.03,-4278.85,2013
BALRAMCHIN,2013-04-04,2013-04-05,39.9057,42.6985,4.91,1.87,3.8,0.069985,0.066985,take_profit_gap,False,1,1,228414.25,15300.33,2013
DRREDDY,2013-04-04,2013-04-18,347.0099,349.6624,1.49,1.81,3.0,0.007644,0.004644,time_exit,False,14,10,182731.4,848.6,2013
IGL,2013-04-05,2013-04-08,24.889,24.1423,1.11,7.81,11.6,-0.03,-0.033,stopped_out,True,3,1,124753.94,-4116.88,2013
TANLA,2013-04-05,2013-04-08,4.108,4.5142,17.78,2.65,13.92,0.0989,0.0959,take_profit_gap,False,3,1,194928.04,18693.6,2013
OIL,2013-04-05,2013-04-10,92.8281,90.0432,1.04,2.39,2.3,-0.03,-0.033,stopped_out,True,5,3,155942.43,-5146.1,2013
KPRMILL,2013-04-08,2013-04-09,10.7828,10.4593,2.74,3.29,8.56,-0.03,-0.033,stopped_out,True,1,1,199036.2,-6568.19,2013
TVSMOTOR,2013-04-08,2013-04-09,35.8831,34.8066,6.22,10.85,6.85,-0.03,-0.033,stopped_out,True,1,1,159228.96,-5254.56,2013
MAHSEAMLES,2013-04-09,2013-04-10,94.6059,91.7677,1.6,14.5,3.98,-0.03,-0.033,stopped_out,True,1,1,196671.65,-6490.16,2013
VGUARD,2013-04-09,2013-04-10,33.389,32.3873,3.21,3.7,8.98,-0.03,-0.033,stopped_out,True,1,1,157337.32,-5192.13,2013
VGUARD,2013-04-09,2013-04-10,33.389,32.3873,2.31,3.7,8.98,-0.03,-0.033,stopped_out,True,1,1,125869.86,-4153.71,2013
ADANIPORTS,2013-04-10,2013-04-12,141.3909,137.1492,0.59,1.85,3.63,-0.03,-0.033,stopped_out,True,2,2,143144.78,-4723.78,2013
ECLERX,2013-04-10,2013-04-16,300.9079,291.8807,2.21,10.16,1.93,-0.03,-0.033,stopped_out,True,6,4,223663.72,-7380.9,2013
ZENSARTECH,2013-04-10,2013-04-23,40.7639,39.2783,2.19,4.28,2.35,-0.036443,-0.039443,stopped_out_gap,False,13,8,178930.97,-7057.57,2013
COFORGE,2013-04-10,2013-04-12,46.8948,45.488,0.56,2.28,1.68,-0.03,-0.033,stopped_out,True,2,2,114515.82,-3779.02,2013
AUROPHARMA,2013-04-12,2013-04-17,81.6588,85.7417,2.29,2.12,3.49,0.05,0.047,take_profit,False,5,3,113155.38,5318.3,2013
AUROPHARMA,2013-04-12,2013-04-17,81.6588,85.7417,4.28,2.12,3.49,0.05,0.047,take_profit,False,5,3,141444.22,6647.88,2013
KITEX,2013-04-16,2013-04-18,12.0342,12.6359,1.17,2.99,2.96,0.05,0.047,take_profit,False,2,2,133780.86,6287.7,2013
M&M,2013-04-17,2013-04-30,388.2712,407.6848,2.53,2.53,4.25,0.05,0.047,take_profit,False,13,7,128270.28,6028.7,2013
ITI,2013-04-17,2013-04-18,20.3101,21.3257,1.64,7.61,4.91,0.05,0.047,take_profit,False,1,1,160337.85,7535.88,2013
TITAN,2013-04-18,2013-04-22,244.0552,256.258,3.26,1.63,6.25,0.05,0.047,take_profit,False,4,1,200920.68,9443.27,2013
DEEPAKFERT,2013-04-18,2013-04-25,75.7565,79.8438,1.13,3.68,1.77,0.053952,0.050952,take_profit_gap,False,7,3,160736.54,8189.85,2013
DIACABS,2013-04-18,2013-04-23,625.2786,656.5425,1.43,3.36,3.21,0.05,0.047,take_profit,False,5,2,128589.24,6043.69,2013
CEATLTD,2013-04-22,2013-04-25,85.3348,89.6015,5.42,3.72,6.18,0.05,0.047,take_profit,False,3,2,144944.18,6812.38,2013
NAVINFLUOR,2013-04-23,2013-05-02,39.555,37.4831,0.89,3.85,3.13,-0.052381,-0.055381,stopped_out_gap,False,9,5,177256.61,-9816.65,2013
GNFC,2013-04-23,2013-04-29,57.0804,55.368,4.65,3.02,6.05,-0.03,-0.033,stopped_out,True,6,3,141805.29,-4679.57,2013
GRASIM,2013-04-25,2013-05-10,423.9517,428.426,0.53,2.86,3.22,0.010554,0.007554,time_exit,False,15,10,177580.82,1341.45,2013
BAJAJELEC,2013-04-25,2013-04-26,153.4871,148.8825,1.99,1.82,3.98,-0.03,-0.033,stopped_out,True,1,1,142064.66,-4688.13,2013
CASTROLIND,2013-04-26,2013-05-13,102.6557,104.5997,3.14,5.41,3.26,0.018937,0.015937,time_exit,False,17,10,141127.03,2249.14,2013
TATACONSUM,2013-04-29,2013-05-08,123.2312,129.3927,1.03,1.8,2.3,0.05,0.047,take_profit,False,9,6,140326.77,6595.36,2013
SHRIRAMFIN,2013-04-30,2013-05-15,122.9065,126.9096,1.52,1.91,5.62,0.032571,0.029571,time_exit,False,15,10,139121.21,4113.95,2013
APLLTD,2013-05-02,2013-05-03,101.8671,106.9605,1.45,4.14,2.35,0.05,0.047,take_profit,False,1,1,144784.96,6804.89,2013
MCX,2013-05-03,2013-05-06,165.6696,160.6995,1.81,3.31,6.56,-0.03,-0.033,stopped_out,True,3,1,146145.94,-4822.82,2013
ASAHIINDIA,2013-05-06,2013-05-09,50.3481,52.8655,3.44,4.26,7.39,0.05,0.047,take_profit,False,3,3,145181.37,6823.52,2013
DBREALTY,2013-05-08,2013-05-09,72.4862,70.3116,2.83,2.73,5.77,-0.03,-0.033,stopped_out,True,1,1,145529.52,-4802.47,2013
FINCABLES,2013-05-09,2013-05-15,48.6899,51.1244,5.13,9.3,6.11,0.05,0.047,take_profit,False,6,4,174970.01,8223.59,2013
PNB,2013-05-09,2013-05-13,134.3132,130.2838,1.55,7.02,4.07,-0.03,-0.033,stopped_out,True,4,2,139976.01,-4619.21,2013
MPHASIS,2013-05-10,2013-05-14,304.4733,319.697,1.74,3.09,7.72,0.05,0.047,take_profit,False,4,2,147765.26,6944.97,2013
AJANTPHARM,2013-05-13,2013-05-15,149.2661,156.7294,1.47,1.98,1.94,0.05,0.047,take_profit,False,2,2,173958.8,8176.06,2013
BERGEPAINT,2013-05-13,2013-05-14,67.3951,65.3733,2.09,3.8,6.06,-0.03,-0.033,stopped_out,True,1,1,139167.04,-4592.51,2013
ZYDUSLIFE,2013-05-14,2013-05-20,148.5244,144.0687,0.54,1.59,3.35,-0.03,-0.033,stopped_out,True,6,4,169190.58,-5583.29,2013
SONATSOFTW,2013-05-14,2013-05-15,6.4403,6.2471,6.57,6.01,15.14,-0.03,-0.033,stopped_out,True,1,1,135352.47,-4466.63,2013
IRB,2013-05-15,2013-05-16,9.986,10.4853,4.79,2.99,5.79,0.05,0.047,take_profit,False,1,1,120920.0,5683.24,2013
NCC,2013-05-15,2013-05-21,19.3451,18.7647,3.43,1.53,6.11,-0.03,-0.033,stopped_out,True,6,4,151149.99,-4987.95,2013
BAJFINANCE,2013-05-15,2013-05-16,13.2772,13.9411,1.44,2.97,2.26,0.05,0.047,take_profit,False,1,1,188937.49,8880.06,2013
SPARC,2013-05-15,2013-05-16,162.4266,157.5538,4.19,10.55,6.27,-0.03,-0.033,stopped_out,True,1,1,236171.87,-7793.67,2013
APLLTD,2013-05-16,2013-05-17,119.1915,115.6157,4.71,2.77,6.25,-0.03,-0.033,stopped_out,True,1,1,207295.79,-6840.76,2013
ABB,2013-05-16,2013-05-17,472.2086,495.8191,4.0,1.68,3.86,0.05,0.047,take_profit,False,1,1,165836.63,7794.32,2013
CCL,2013-05-16,2013-05-17,28.1569,29.5647,5.52,7.53,7.85,0.05,0.047,take_profit,False,1,1,132669.31,6235.46,2013
ABB,2013-05-17,2013-05-20,571.0673,553.9352,11.4,13.46,19.89,-0.03,-0.033,stopped_out,True,3,1,208733.6,-6888.21,2013
BAJFINANCE,2013-05-17,2013-05-20,14.3016,15.0167,0.99,2.05,1.7,0.05,0.047,take_profit,False,3,1,166986.88,7848.38,2013
JMFINANCIL,2013-05-17,2013-05-21,20.3718,19.7606,5.99,11.77,2.69,-0.03,-0.033,stopped_out,True,4,2,133589.5,-4408.45,2013
BSOFT,2013-05-20,2013-05-23,54.5104,52.8751,1.06,2.5,2.83,-0.03,-0.033,stopped_out,True,3,3,214929.19,-7092.66,2013
JKPAPER,2013-05-20,2013-05-22,26.6653,27.9986,2.89,3.68,5.97,0.05,0.047,take_profit,False,2,2,171943.35,8081.34,2013
ADANIPOWER,2013-05-20,2013-05-21,10.8254,11.3667,5.64,2.64,5.15,0.05,0.047,take_profit,False,1,1,137554.68,6465.07,2013
ADANIPOWER,2013-05-21,2013-05-22,12.1461,11.7817,0.66,6.43,11.17,-0.03,-0.033,stopped_out,True,1,1,124106.44,-4095.51,2013
ASTRAL,2013-05-21,2013-05-22,45.6111,44.2428,3.54,13.67,15.23,-0.03,-0.033,stopped_out,True,1,1,155133.05,-5119.39,2013
AJANTPHARM,2013-05-21,2013-05-23,157.0955,152.3826,0.57,1.51,6.35,-0.03,-0.033,stopped_out,True,2,2,193916.31,-6399.24,2013
OFSS,2013-05-23,2013-05-24,1449.5547,1406.0681,5.08,5.61,3.78,-0.03,-0.033,stopped_out,True,1,1,268365.73,-8856.07,2013
KIRLOSENG,2013-05-23,2013-05-24,148.0933,143.6505,1.95,15.12,11.88,-0.03,-0.033,stopped_out,True,1,1,214692.58,-7084.86,2013
OFSS,2013-05-23,2013-05-24,1449.5547,1406.0681,2.68,5.61,3.78,-0.03,-0.033,stopped_out,True,1,1,171754.07,-5667.88,2013
ABB,2013-05-24,2013-05-31,574.4447,557.2114,2.29,1.72,3.8,-0.03,-0.033,stopped_out,True,7,5,264043.97,-8713.45,2013
ECLERX,2013-05-24,2013-05-28,295.3954,310.1652,3.43,4.83,5.95,0.05,0.047,take_profit,False,4,2,211235.17,9928.05,2013
JSWSTEEL,2013-05-24,2013-05-31,61.6377,59.7885,1.99,1.62,2.85,-0.03,-0.033,stopped_out,True,7,5,168988.14,-5576.61,2013
VAIBHAVGBL,2013-05-24,2013-05-27,21.4765,22.5504,3.07,1.97,4.58,0.05,0.047,take_profit,False,3,1,135190.51,6353.95,2013
POLYMED,2013-05-24,2013-06-07,58.5933,59.5344,1.06,1.81,1.66,0.016062,0.013062,time_exit,False,14,10,108152.41,1412.69,2013
PCBL,2013-05-27,2013-05-29,5.1564,5.0017,4.38,3.23,11.78,-0.03,-0.033,stopped_out,True,2,2,114830.82,-3789.42,2013
APLLTD,2013-05-28,2013-05-29,117.0259,122.8772,8.18,3.86,14.59,0.05,0.047,take_profit,False,1,1,136097.3,6396.57,2013
ICIL,2013-05-29,2013-05-30,2.738,2.8994,5.18,8.13,9.89,0.05894,0.05594,take_profit_gap,False,1,1,127667.92,7141.74,2013
M&MFIN,2013-05-29,2013-05-31,134.2648,130.2368,2.86,1.63,1.72,-0.03,-0.033,stopped_out,True,2,2,159584.9,-5266.3,2013
MPHASIS,2013-05-30,2013-05-31,341.6425,331.3932,1.01,6.07,10.24,-0.03,-0.033,stopped_out,True,1,1,129096.27,-4260.18,2013
GLENMARK,2013-05-31,2013-06-10,563.8129,546.8985,0.9,2.46,2.62,-0.03,-0.033,stopped_out,True,10,6,242856.36,-8014.26,2013
TORNTPHARM,2013-05-31,2013-06-03,162.6868,170.8212,6.08,8.87,5.82,0.05,0.047,take_profit,False,3,1,194285.09,9131.4,2013
ESCORTS,2013-05-31,2013-06-06,64.7119,62.3218,1.29,3.63,3.73,-0.036934,-0.039934,stopped_out_gap,False,6,4,155428.07,-6206.86,2013
TORNTPHARM,2013-06-03,2013-06-11,169.9114,164.8141,1.85,5.8,4.59,-0.03,-0.033,stopped_out,True,8,6,165025.75,-5445.85,2013
PCBL,2013-06-03,2013-06-06,5.1419,4.9876,2.13,1.9,2.25,-0.03,-0.033,stopped_out,True,3,3,132020.6,-4356.68,2013
ZYDUSWELL,2013-06-06,2013-06-07,134.5689,130.5318,4.74,6.84,14.65,-0.03,-0.033,stopped_out,True,1,1,160993.51,-5312.79,2013
ESCORTS,2013-06-06,2013-06-10,68.9484,66.88,3.71,2.87,10.52,-0.03,-0.033,stopped_out,True,4,2,128794.81,-4250.23,2013
NBCC,2013-06-07,2013-06-10,5.4688,5.7423,3.64,3.4,4.53,0.05,0.047,take_profit,False,3,1,156085.01,7336.0,2013
DCBBANK,2013-06-07,2013-06-13,44.5367,42.9286,2.17,1.68,2.07,-0.036108,-0.039108,stopped_out_gap,False,6,4,124868.01,-4883.34,2013
JKLAKSHMI,2013-06-10,2013-06-11,104.9544,101.8057,2.93,2.81,6.66,-0.03,-0.033,stopped_out,True,1,1,130851.8,-4318.11,2013
MCX,2013-06-10,2013-06-13,151.9624,147.4035,1.53,1.71,3.04,-0.03,-0.033,stopped_out,True,3,3,163564.75,-5397.64,2013
WELENT,2013-06-10,2013-06-12,14.0975,14.8024,0.93,3.43,1.85,0.05,0.047,take_profit,False,2,2,204455.94,9609.43,2013
TECHM,2013-06-11,2013-06-19,170.4521,178.9747,1.34,1.52,3.09,0.05,0.047,take_profit,False,8,6,161904.16,7609.5,2013
DCMSHRIRAM,2013-06-12,2013-06-13,52.2187,50.6521,2.0,3.54,12.33,-0.03,-0.033,stopped_out,True,1,1,172336.4,-5687.1,2013
HINDALCO,2013-06-14,2013-06-18,94.1734,91.3482,2.38,1.6,6.86,-0.03,-0.033,stopped_out,True,4,2,226829.34,-7485.37,2013
HINDALCO,2013-06-14,2013-06-18,94.1734,91.3482,3.04,1.6,6.86,-0.03,-0.033,stopped_out,True,4,2,181463.47,-5988.29,2013
CIEINDIA,2013-06-14,2013-06-17,64.0452,67.331,9.27,3.97,14.76,0.051304,0.048304,take_profit_gap,False,3,1,145170.78,7012.33,2013
VAIBHAVGBL,2013-06-14,2013-06-20,25.4777,24.3505,4.23,2.34,4.56,-0.044245,-0.047245,stopped_out_gap,False,6,4,116136.62,-5486.87,2013
COFORGE,2013-06-17,2013-06-21,44.1358,46.3426,3.37,4.57,3.31,0.05,0.047,take_profit,False,4,4,123345.92,5797.26,2013
AJANTPHARM,2013-06-18,2013-06-21,146.3678,141.9768,2.6,3.02,4.26,-0.03,-0.033,stopped_out,True,3,3,177640.57,-5862.14,2013
JAIBALAJI,2013-06-19,2013-06-20,5.2226,5.0659,5.32,3.37,15.74,-0.03,-0.033,stopped_out,True,1,1,176015.18,-5808.5,2013
LTF,2013-06-19,2013-06-21,65.6157,63.6473,1.09,2.69,2.68,-0.03,-0.033,stopped_out,True,2,2,140812.15,-4646.8,2013
GVT&D,2013-06-21,2013-06-24,163.8037,158.8896,6.8,12.96,15.13,-0.03,-0.033,stopped_out,True,3,1,256238.39,-8455.87,2013
MARKSANS,2013-06-24,2013-06-26,5.8585,6.4331,3.31,1.84,8.04,0.098075,0.095075,take_profit_gap,False,2,2,254547.22,24201.08,2013
RELAXO,2013-06-26,2013-07-08,38.1217,36.978,1.49,1.55,2.75,-0.03,-0.033,stopped_out,True,12,8,259387.44,-8559.79,2013
AVANTIFEED,2013-06-26,2013-06-28,7.9315,8.5619,0.7,3.28,5.37,0.079492,0.076492,take_profit_gap,False,2,2,207509.95,15872.85,2013
TECHM,2013-06-26,2013-06-27,182.9191,192.065,1.53,1.89,2.34,0.05,0.047,take_profit,False,1,1,166007.96,7802.37,2013
HCLTECH,2013-06-27,2013-06-28,143.2589,138.9612,0.73,1.84,2.64,-0.03,-0.033,stopped_out,True,1,1,167568.43,-5529.76,2013
HAVELLS,2013-06-27,2013-07-01,128.3286,134.745,4.06,1.57,4.45,0.05,0.047,take_profit,False,4,2,134054.75,6300.57,2013
BAJAJ-AUTO,2013-06-27,2013-06-28,1322.3236,1388.4397,2.65,2.33,2.86,0.05,0.047,take_profit,False,1,1,107243.8,5040.46,2013
VTL,2013-06-28,2013-07-10,45.2334,47.495,2.15,2.47,6.7,0.05,0.047,take_profit,False,12,8,185336.18,8710.8,2013
POWERGRID,2013-06-28,2013-07-03,37.4345,36.3114,2.25,2.64,4.02,-0.03,-0.033,stopped_out,True,5,3,148268.95,-4892.88,2013
UBL,2013-06-28,2013-07-01,700.6374,735.6692,2.05,1.58,5.43,0.05,0.047,take_profit,False,3,1,118615.16,5574.91,2013
FACT,2013-07-01,2013-07-02,22.5868,21.9092,5.52,5.42,13.25,-0.03,-0.033,stopped_out,True,1,1,118240.96,-3901.95,2013
UBL,2013-07-01,2013-07-02,800.1136,840.1193,8.14,2.62,13.95,0.05,0.047,take_profit,False,1,1,147801.2,6946.66,2013
LUPIN,2013-07-02,2013-07-04,746.3011,783.6162,1.22,1.56,3.18,0.05,0.047,take_profit,False,2,2,148410.15,6975.28,2013
POONAWALLA,2013-07-02,2013-07-03,89.1052,86.4321,0.54,2.92,2.04,-0.03,-0.033,stopped_out,True,1,1,118728.12,-3918.03,2013
PGEL,2013-07-03,2013-07-04,7.593,7.2908,1.18,3.65,8.35,-0.039802,-0.042802,stopped_out_gap,False,1,1,146619.73,-6275.62,2013
LUPIN,2013-07-03,2013-07-11,773.5468,812.2241,2.13,1.76,3.5,0.05,0.047,take_profit,False,8,6,117295.78,5512.9,2013
AJANTPHARM,2013-07-04,2013-07-09,153.3555,161.0233,3.01,1.51,3.94,0.05,0.047,take_profit,False,5,3,152982.53,7190.18,2013
FSL,2013-07-04,2013-07-05,9.192,10.014,12.93,17.27,18.37,0.089427,0.086427,take_profit_gap,False,1,1,122386.02,10577.46,2013
HIKAL,2013-07-05,2013-07-09,52.451,50.8775,0.52,1.96,2.7,-0.03,-0.033,stopped_out,True,4,2,124501.52,-4108.55,2013
APLLTD,2013-07-08,2013-07-09,140.2405,136.0333,4.45,3.64,10.06,-0.03,-0.033,stopped_out,True,1,1,149766.74,-4942.3,2013
JUSTDIAL,2013-07-09,2013-07-10,715.8501,694.3746,1.95,5.87,4.63,-0.03,-0.033,stopped_out,True,1,1,131130.51,-4327.31,2013
BAJAJELEC,2013-07-09,2013-07-15,158.2955,166.2103,5.7,5.1,5.08,0.05,0.047,take_profit,False,6,4,204891.42,9629.9,2013
SONATSOFTW,2013-07-09,2013-07-10,6.5518,6.3552,4.25,3.97,8.89,-0.03,-0.033,stopped_out,True,1,1,163913.13,-5409.13,2013
PRAJIND,2013-07-10,2013-07-11,31.6182,33.1991,2.58,2.87,4.34,0.05,0.047,take_profit,False,1,1,160620.19,7549.15,2013
AJANTPHARM,2013-07-10,2013-07-12,163.2017,171.3618,1.2,1.57,2.05,0.05,0.047,take_profit,False,2,2,128496.16,6039.32,2013
FORTIS,2013-07-10,2013-07-11,95.1981,99.958,2.56,3.0,3.91,0.05,0.047,take_profit,False,1,1,200775.24,9436.44,2013
HEG,2013-07-11,2013-07-15,26.8641,26.0582,3.41,8.53,7.0,-0.03,-0.033,stopped_out,True,4,2,203034.86,-6700.15,2013
CYIENT,2013-07-11,2013-07-25,136.9652,136.0769,0.56,1.66,2.27,-0.006486,-0.009486,time_exit,False,14,10,162427.89,-1540.79,2013
NATCOPHARM,2013-07-11,2013-07-15,86.8625,91.2056,2.93,2.26,3.22,0.05,0.047,take_profit,False,4,2,129942.31,6107.29,2013
DCBBANK,2013-07-12,2013-07-16,49.5643,47.5721,1.72,1.68,4.5,-0.040195,-0.043195,stopped_out_gap,False,4,2,130860.95,-5652.54,2013
ELGIEQUIP,2013-07-15,2013-07-17,40.2461,43.6919,1.39,2.68,5.49,0.085619,0.082619,take_profit_gap,False,2,2,214069.88,17686.24,2013
KPRMILL,2013-07-15,2013-07-22,11.6725,11.3224,1.39,4.83,4.33,-0.03,-0.033,stopped_out,True,7,5,171255.91,-5651.44,2013
KPRMILL,2013-07-15,2013-07-22,11.6725,11.3224,3.51,4.83,4.33,-0.03,-0.033,stopped_out,True,7,5,137004.72,-4521.16,2013
BIOCON,2013-07-16,2013-07-25,48.6894,47.2287,2.21,3.88,4.95,-0.03,-0.033,stopped_out,True,9,7,134645.46,-4443.3,2013
ITC,2013-07-17,2013-07-25,158.8363,154.0712,2.06,1.7,2.04,-0.03,-0.033,stopped_out,True,8,6,154067.59,-5084.23,2013
AARTIDRUGS,2013-07-22,2013-07-23,26.9412,28.2883,5.79,5.48,6.03,0.05,0.047,take_profit,False,1,1,146297.34,6875.98,2013
KAJARIACER,2013-07-22,2013-07-26,117.3591,113.8383,0.87,5.46,1.82,-0.03,-0.033,stopped_out,True,4,4,182871.68,-6034.77,2013
TARIL,2013-07-23,2013-07-24,3.9328,4.1295,1.86,3.11,7.01,0.05,0.047,take_profit,False,1,1,147672.54,6940.61,2013
RALLIS,2013-07-24,2013-07-26,131.5113,138.0869,0.66,2.04,4.72,0.05,0.047,take_profit,False,2,2,149060.66,7005.85,2013
SHAKTIPUMP,2013-07-25,2013-07-29,6.9832,6.7737,5.19,10.44,1.97,-0.03,-0.033,stopped_out,True,4,2,207263.05,-6839.68,2013
ZEEL,2013-07-25,2013-07-26,236.2537,229.166,0.52,5.09,5.68,-0.03,-0.033,stopped_out,True,1,1,165810.44,-5471.74,2013
HEROMOTOCO,2013-07-25,2013-08-08,1211.2503,1223.1448,1.83,4.81,3.58,0.00982,0.00682,time_exit,False,14,10,132648.35,904.66,2013
BATAINDIA,2013-07-26,2013-07-31,411.8458,432.4381,1.62,1.56,1.97,0.05,0.047,take_profit,False,5,3,204767.11,9624.05,2013
CEATLTD,2013-07-26,2013-07-29,103.4802,108.6542,1.53,2.33,1.94,0.05,0.047,take_profit,False,3,1,163813.69,7699.24,2013
ARVIND,2013-07-26,2013-07-30,24.6733,23.9331,0.5,1.53,4.44,-0.03,-0.033,stopped_out,True,4,2,131050.95,-4324.68,2013
NATCOPHARM,2013-07-29,2013-07-30,107.2456,115.0345,6.84,3.72,9.38,0.072627,0.069627,take_profit_gap,False,1,1,143382.42,9983.29,2013
WIPRO,2013-07-29,2013-07-31,66.4023,69.7224,5.0,3.67,1.76,0.05,0.047,take_profit,False,2,2,179228.02,8423.72,2013
WIPRO,2013-07-31,2013-08-06,71.2761,74.8399,1.03,1.86,4.29,0.05,0.047,take_profit,False,6,4,160725.06,7554.08,2013
BHARTIARTL,2013-07-31,2013-08-06,289.9201,281.2225,1.57,3.31,9.71,-0.03,-0.033,stopped_out,True,6,4,128580.05,-4243.14,2013
SUNTV,2013-07-31,2013-08-02,284.7874,299.0268,2.51,2.41,7.67,0.05,0.047,take_profit,False,2,2,251132.91,11803.25,2013
VMART,2013-07-31,2013-08-01,43.371,42.0698,0.67,16.27,15.89,-0.03,-0.033,stopped_out,True,1,1,200906.33,-6629.91,2013
TITAN,2013-08-02,2013-08-06,268.1729,260.1277,3.2,1.86,7.13,-0.03,-0.033,stopped_out,True,4,2,194306.55,-6412.12,2013
HCC,2013-08-05,2013-08-06,10.0083,9.7081,16.15,3.82,8.25,-0.03,-0.033,stopped_out,True,1,1,155445.24,-5129.69,2013
TI,2013-08-07,2013-08-08,51.4932,55.6283,17.21,2.9,10.78,0.080304,0.077304,take_profit_gap,False,1,1,250521.4,19366.31,2013
TI,2013-08-08,2013-08-13,58.1887,61.0982,5.05,6.02,4.5,0.05,0.047,take_profit,False,5,2,281105.27,13211.95,2013
BHARATFORG,2013-08-08,2013-08-16,105.5596,102.3929,11.5,6.95,15.99,-0.03,-0.033,stopped_out,True,8,4,224884.21,-7421.18,2013
THOMASCOOK,2013-08-08,2013-08-12,19.5618,18.9749,2.39,2.04,8.98,-0.03,-0.033,stopped_out,True,4,1,179907.37,-5936.94,2013
CIPLA,2013-08-08,2013-08-19,380.8101,369.3858,4.54,2.55,4.51,-0.03,-0.033,stopped_out,True,11,5,143925.9,-4749.55,2013
BIOCON,2013-08-08,2013-08-19,53.5568,51.9501,4.38,2.18,5.88,-0.03,-0.033,stopped_out,True,11,5,115140.72,-3799.64,2013
NMDC,2013-08-12,2013-08-14,10.57,11.0985,4.28,1.94,5.63,0.05,0.047,take_profit,False,2,2,126906.66,5964.61,2013
NTPC,2013-08-13,2013-08-16,75.7317,73.4597,1.81,1.57,5.35,-0.03,-0.033,stopped_out,True,3,2,160388.77,-5292.83,2013
ESCORTS,2013-08-14,2013-08-16,82.6822,86.8163,15.26,6.14,11.0,0.05,0.047,take_profit,False,2,1,154885.27,7279.61,2013
ICIL,2013-08-16,2013-08-19,4.8463,5.0886,9.04,3.13,3.11,0.05,0.047,take_profit,False,3,1,230852.99,10850.09,2013
TRIDENT,2013-08-20,2013-08-21,0.7115,0.7471,2.08,2.57,4.35,0.05,0.047,take_profit,False,1,1,283126.49,13306.94,2013
JINDALSTEL,2013-08-22,2013-08-23,225.1883,236.4477,1.62,1.7,4.98,0.05,0.047,take_profit,False,1,1,285787.88,13432.03,2013
TATASTEEL,2013-08-22,2013-08-28,19.2039,18.6278,2.63,1.88,10.52,-0.03,-0.033,stopped_out,True,6,4,228630.3,-7544.8,2013
MOIL,2013-08-22,2013-08-28,70.9174,68.5071,1.61,1.86,5.04,-0.033986,-0.036986,stopped_out_gap,False,6,4,182904.24,-6764.9,2013
TCS,2013-08-22,2013-08-26,669.1345,702.5912,2.28,1.63,4.34,0.05,0.047,take_profit,False,4,2,146323.39,6877.2,2013
HINDALCO,2013-08-22,2013-08-23,94.4914,91.6566,0.87,2.02,9.76,-0.03,-0.033,stopped_out,True,1,1,117058.71,-3862.94,2013
COROMANDEL,2013-08-23,2013-08-26,159.9217,167.9178,1.06,1.84,1.67,0.05,0.047,take_profit,False,3,1,176130.11,8278.12,2013
UBL,2013-08-23,2013-08-27,731.4909,709.5462,7.93,5.0,13.05,-0.03,-0.033,stopped_out,True,4,2,140904.09,-4649.83,2013
TITAGARH,2013-08-26,2013-08-27,17.2415,16.7243,2.59,1.56,9.52,-0.03,-0.033,stopped_out,True,1,1,180245.03,-5948.09,2013
RADICO,2013-08-26,2013-08-28,103.6078,110.5987,6.99,2.99,2.8,0.067475,0.064475,take_profit_gap,False,2,2,144196.03,9297.04,2013
TITAGARH,2013-08-27,2013-08-28,18.9581,18.3893,3.2,5.15,9.84,-0.03,-0.033,stopped_out,True,1,1,177467.06,-5856.41,2013
COFORGE,2013-08-28,2013-08-29,44.6372,46.8691,1.5,2.74,2.88,0.05,0.047,take_profit,False,1,1,146656.95,6892.88,2013
ALLCARGO,2013-08-28,2013-08-29,7.9601,8.3581,2.97,1.87,9.16,0.05,0.047,take_profit,False,1,1,229151.49,10770.12,2013
IMFA,2013-08-28,2013-08-29,72.7603,76.3983,0.52,2.38,3.31,0.05,0.047,take_profit,False,1,1,286439.36,13462.65,2013
TITAGARH,2013-08-28,2013-08-30,19.897,21.6772,7.05,3.23,5.11,0.089473,0.086473,take_profit_gap,False,2,2,183321.19,15852.33,2013
VEDL,2013-08-29,2013-08-30,60.7856,58.962,4.08,4.15,12.54,-0.03,-0.033,stopped_out,True,1,1,256000.25,-8448.01,2013
NATIONALUM,2013-08-29,2013-08-30,16.6063,16.1081,5.99,3.99,12.46,-0.03,-0.033,stopped_out,True,1,1,204800.2,-6758.41,2013
HCLTECH,2013-08-29,2013-09-10,183.2882,192.4526,2.46,1.51,3.74,0.05,0.047,take_profit,False,12,7,163840.16,7700.49,2013
HCLTECH,2013-08-29,2013-09-10,183.2882,192.4526,0.96,1.51,3.74,0.05,0.047,take_profit,False,12,7,131072.13,6160.39,2013
HEROMOTOCO,2013-08-30,2013-09-03,1355.9191,1315.2415,0.82,3.94,3.82,-0.03,-0.033,stopped_out,True,4,2,233811.21,-7715.77,2013
M&MFIN,2013-08-30,2013-09-02,132.0392,138.6412,6.13,5.52,6.15,0.05,0.047,take_profit,False,3,1,187048.97,8791.3,2013
PGEL,2013-08-30,2013-09-03,10.7671,10.4441,2.41,1.88,9.34,-0.03,-0.033,stopped_out,True,4,2,149639.18,-4938.09,2013
RENUKA,2013-09-02,2013-09-03,17.7589,17.2261,0.56,3.12,16.78,-0.03,-0.033,stopped_out,True,1,1,158879.4,-5243.02,2013
GPIL,2013-09-03,2013-09-10,18.6657,19.599,3.88,2.37,5.31,0.05,0.047,take_profit,False,7,4,185592.08,8722.83,2013
SRF,2013-09-03,2013-09-18,26.3564,27.0414,2.97,6.09,3.53,0.025991,0.022991,time_exit,False,15,10,148473.66,3413.56,2013
SRF,2013-09-03,2013-09-18,26.3564,27.0414,5.47,6.09,3.53,0.025991,0.022991,time_exit,False,15,10,231990.1,5333.68,2013
PRAJIND,2013-09-10,2013-09-11,29.3644,30.8326,1.23,1.51,1.67,0.05,0.047,take_profit,False,1,1,219396.54,10311.64,2013
BHARTIARTL,2013-09-10,2013-09-12,284.7444,276.2021,4.02,2.1,4.43,-0.03,-0.033,stopped_out,True,2,2,175517.24,-5792.07,2013
RTNPOWER,2013-09-10,2013-09-11,7.1536,6.939,9.09,4.0,18.18,-0.03,-0.033,stopped_out,True,1,1,140413.79,-4633.66,2013
WOCKPHARMA,2013-09-11,2013-09-12,585.9844,568.4049,2.91,3.54,3.36,-0.03,-0.033,stopped_out,True,1,1,185428.69,-6119.15,2013
HFCL,2013-09-11,2013-09-12,7.8635,7.6276,2.5,3.35,10.34,-0.03,-0.033,stopped_out,True,1,1,148342.96,-4895.32,2013
JKPAPER,2013-09-12,2013-09-13,22.2388,23.3508,3.54,4.73,6.76,0.05,0.047,take_profit,False,1,1,217170.83,10207.03,2013
EIHOTEL,2013-09-12,2013-09-19,53.3833,51.7818,0.69,1.97,3.21,-0.03,-0.033,stopped_out,True,7,5,173736.67,-5733.31,2013
EICHERMOT,2013-09-12,2013-09-20,331.0713,321.1392,2.5,2.21,4.31,-0.03,-0.033,stopped_out,True,8,6,138989.33,-4586.65,2013
NHPC,2013-09-13,2013-09-16,10.4841,11.0292,4.77,2.55,3.86,0.051998,0.048998,take_profit_gap,False,3,1,156667.04,7676.37,2013
TVSMOTOR,2013-09-16,2013-09-26,30.9766,32.5254,2.37,2.88,4.32,0.05,0.047,take_profit,False,10,8,158202.31,7435.51,2013
CENTRALBK,2013-09-18,2013-09-19,58.811,61.7515,2.99,1.92,3.79,0.05,0.047,take_profit,False,1,1,163523.24,7685.59,2013
LTF,2013-09-18,2013-09-25,56.2309,54.544,2.42,1.71,3.57,-0.03,-0.033,stopped_out,True,7,5,204404.05,-6745.33,2013
PNB,2013-09-19,2013-09-20,99.0196,96.049,4.82,1.54,3.88,-0.03,-0.033,stopped_out,True,1,1,198661.03,-6555.81,2013
GRASIM,2013-09-19,2013-09-26,398.6424,386.6831,3.53,1.83,4.72,-0.03,-0.033,stopped_out,True,7,5,158928.83,-5244.65,2013
RAMCOCEM,2013-09-20,2013-09-27,176.3134,171.024,3.25,1.56,7.24,-0.03,-0.033,stopped_out,True,7,5,192444.64,-6350.67,2013
GAIL,2013-09-20,2013-09-26,41.6204,40.3718,0.82,2.77,2.87,-0.03,-0.033,stopped_out,True,6,4,153955.71,-5080.54,2013
SAREGAMA,2013-09-25,2013-09-27,5.1914,5.0356,3.82,9.82,5.74,-0.03,-0.033,stopped_out,True,2,2,162696.31,-5368.98,2013
GESHIP,2013-09-26,2013-09-27,199.4273,193.4445,1.98,6.06,8.56,-0.03,-0.033,stopped_out,True,1,1,223796.49,-7385.28,2013
GESHIP,2013-09-26,2013-09-27,199.4273,193.4445,1.17,6.06,8.56,-0.03,-0.033,stopped_out,True,1,1,179037.19,-5908.23,2013
JUSTDIAL,2013-09-26,2013-09-30,814.2408,854.9529,1.78,3.17,2.75,0.05,0.047,take_profit,False,4,2,143229.75,6731.8,2013
SRF,2013-09-27,2013-09-30,28.1366,29.5435,3.83,6.12,4.88,0.05,0.047,take_profit,False,3,1,133722.16,6284.94,2013
ELECON,2013-09-27,2013-09-30,12.6579,12.2781,4.01,3.99,12.04,-0.03,-0.033,stopped_out,True,3,1,167152.7,-5516.04,2013
ALLCARGO,2013-09-27,2013-09-30,10.2006,10.7107,8.46,10.94,9.07,0.05,0.047,take_profit,False,3,1,261176.09,12275.28,2013
KANSAINER,2013-09-27,2013-10-03,73.6497,71.4402,7.37,3.57,9.06,-0.03,-0.033,stopped_out,True,6,3,208940.88,-6895.05,2013
MARKSANS,2013-09-30,2013-10-01,8.5215,9.1417,10.23,1.55,6.02,0.07279,0.06979,take_profit_gap,False,1,1,251989.06,17586.32,2013
BRITANNIA,2013-09-30,2013-10-01,353.1439,370.8011,4.64,2.39,5.7,0.05,0.047,take_profit,False,1,1,201591.25,9474.79,2013
SRF,2013-09-30,2013-10-07,29.4362,28.5531,1.81,3.2,4.22,-0.03,-0.033,stopped_out,True,7,4,161273.0,-5322.01,2013
GSPL,2013-09-30,2013-10-01,48.3379,46.8878,0.91,3.84,9.05,-0.03,-0.033,stopped_out,True,1,1,129018.4,-4257.61,2013
CEATLTD,2013-10-01,2013-10-03,113.8399,119.5319,4.74,3.31,4.64,0.05,0.047,take_profit,False,2,1,224295.16,10541.87,2013
TVSMOTOR,2013-10-01,2013-10-03,36.7962,35.6923,3.49,4.89,6.92,-0.03,-0.033,stopped_out,True,2,1,179436.13,-5921.39,2013
ESCORTS,2013-10-01,2013-10-07,81.3321,85.3987,1.18,3.42,3.13,0.05,0.047,take_profit,False,6,3,143548.9,6746.8,2013
TATACONSUM,2013-10-03,2013-10-11,134.7296,141.4661,1.06,2.4,2.78,0.05,0.047,take_profit,False,8,6,189534.92,8908.14,2013
TATACONSUM,2013-10-03,2013-10-11,134.7296,141.4661,3.1,2.4,2.78,0.05,0.047,take_profit,False,8,6,236918.64,11135.18,2013
VOLTAS,2013-10-03,2013-10-09,74.9269,78.6732,4.09,1.56,4.87,0.05,0.047,take_profit,False,6,4,151627.93,7126.51,2013
PGEL,2013-10-07,2013-10-08,15.5059,16.6689,4.64,3.22,14.04,0.075004,0.072004,take_profit_gap,False,1,1,182551.68,13144.45,2013
GRANULES,2013-10-07,2013-10-09,14.3726,15.0912,2.63,1.62,3.99,0.05,0.047,take_profit,False,2,2,146041.35,6863.94,2013
HCC,2013-10-08,2013-10-09,10.0532,10.5559,4.91,1.9,6.67,0.05,0.047,take_profit,False,1,1,155972.31,7330.7,2013
KRBL,2013-10-09,2013-10-14,24.0971,25.302,1.85,5.26,4.04,0.05,0.047,take_profit,False,5,3,140653.05,6610.69,2013
ADANIPOWER,2013-10-09,2013-10-21,7.0035,7.3537,0.59,4.59,3.7,0.05,0.047,take_profit,False,12,7,175816.31,8263.37,2013
BRIGADE,2013-10-09,2013-10-14,36.2908,35.2021,2.43,6.7,6.52,-0.03,-0.033,stopped_out,True,5,3,219770.39,-7252.42,2013
ADANIPORTS,2013-10-11,2013-10-21,141.565,148.6433,1.6,3.28,4.37,0.05,0.047,take_profit,False,10,5,201821.82,9485.63,2013
NCC,2013-10-11,2013-10-14,11.8251,11.4704,3.42,4.35,7.6,-0.03,-0.033,stopped_out,True,3,1,161457.45,-5328.1,2013
CGCL,2013-10-14,2013-10-25,24.0794,22.4031,1.02,11.15,3.91,-0.069615,-0.072615,stopped_out_gap,False,11,8,232348.18,-16871.96,2013
TCS,2013-10-14,2013-10-17,832.3041,807.3349,1.27,1.51,4.01,-0.03,-0.033,stopped_out,True,3,2,185878.54,-6133.99,2013
MRPL,2013-10-14,2013-10-18,30.8764,32.4202,4.55,1.69,5.83,0.05,0.047,take_profit,False,4,3,148702.83,6989.03,2013
MCX,2013-10-17,2013-10-21,87.9718,85.3326,1.65,1.97,3.05,-0.03,-0.033,stopped_out,True,4,2,154911.18,-5112.07,2013
TATASTEEL,2013-10-18,2013-10-28,23.0433,22.352,3.82,2.03,5.15,-0.03,-0.033,stopped_out,True,10,6,155067.31,-5117.22,2013
ADANIENT,2013-10-21,2013-10-22,28.0318,27.1908,2.77,3.66,12.53,-0.03,-0.033,stopped_out,True,1,1,233091.1,-7692.01,2013
ACE,2013-10-21,2013-10-22,13.1639,12.5336,2.89,3.58,13.06,-0.047884,-0.050884,stopped_out_gap,False,1,1,186472.88,-9488.49,2013
ASIANPAINT,2013-10-21,2013-10-29,465.9235,451.9458,3.04,3.01,5.27,-0.03,-0.033,stopped_out,True,8,6,149178.3,-4922.88,2013
PIDILITIND,2013-10-22,2013-10-30,124.7641,131.0023,3.42,2.3,5.04,0.05,0.047,take_profit,False,8,6,159855.47,7513.21,2013
CEATLTD,2013-10-22,2013-10-23,137.5547,133.428,0.76,1.5,6.33,-0.03,-0.033,stopped_out,True,1,1,199819.34,-6594.04,2013
DCMSHRIRAM,2013-10-23,2013-10-25,54.41,52.7777,0.75,2.97,3.32,-0.03,-0.033,stopped_out,True,2,2,166529.44,-5495.47,2013
SHAKTIPUMP,2013-10-25,2013-10-28,9.0641,8.7922,5.66,11.69,10.45,-0.03,-0.033,stopped_out,True,3,1,208525.59,-6881.34,2013
ELECON,2013-10-25,2013-10-30,15.1018,14.4648,6.26,4.2,15.93,-0.04218,-0.04518,stopped_out_gap,False,5,3,166820.47,-7536.95,2013
TATAELXSI,2013-10-28,2013-10-31,98.2063,95.2602,9.56,13.1,14.42,-0.03,-0.033,stopped_out,True,3,3,203775.24,-6724.58,2013
ICIL,2013-10-28,2013-10-31,5.3026,5.5678,6.2,1.74,5.25,0.05,0.047,take_profit,False,3,3,163020.19,7661.95,2013
GODREJCP,2013-10-29,2013-11-05,258.3253,250.5755,1.3,2.96,2.37,-0.03,-0.033,stopped_out,True,7,4,159267.24,-5255.82,2013
PIDILITIND,2013-10-30,2013-11-05,131.1713,138.8009,4.2,5.04,3.12,0.058165,0.055165,take_profit_gap,False,6,3,192744.23,10632.74,2013
HAVELLS,2013-10-30,2013-11-08,135.2642,131.2063,3.5,7.0,7.26,-0.03,-0.033,stopped_out,True,9,6,154195.38,-5088.45,2013
BANKINDIA,2013-10-31,2013-11-01,175.9488,184.7463,12.74,7.3,20.81,0.05,0.047,take_profit,False,1,1,196902.87,9254.43,2013
JISLJALEQS,2013-10-31,2013-11-06,61.4297,64.8999,1.49,1.75,6.19,0.056492,0.053492,take_profit_gap,False,6,3,157522.29,8426.18,2013
KEC,2013-11-01,2013-11-06,36.5675,38.3958,6.02,2.2,9.03,0.05,0.047,take_profit,False,5,2,167249.3,7860.72,2013
SUBROS,2013-11-05,2013-11-07,25.1955,24.4396,5.51,5.0,11.02,-0.03,-0.033,stopped_out,True,2,2,164221.69,-5419.32,2013
TORNTPOWER,2013-11-05,2013-11-06,75.2297,78.9911,10.49,4.2,15.24,0.05,0.047,take_profit,False,1,1,205277.11,9648.02,2013
BSOFT,2013-11-06,2013-11-19,75.8073,73.5331,1.64,2.25,3.1,-0.03,-0.033,stopped_out,True,13,8,242574.08,-8004.94,2013
DCAL,2013-11-06,2013-11-07,38.9705,40.919,1.87,2.0,3.68,0.05,0.047,take_profit,False,1,1,194059.26,9120.79,2013
FSL,2013-11-06,2013-11-07,18.1067,17.5635,3.9,1.58,3.86,-0.03,-0.033,stopped_out,True,1,1,155247.41,-5123.16,2013
SAIL,2013-11-07,2013-11-11,51.4688,49.9247,1.37,1.94,2.34,-0.03,-0.033,stopped_out,True,4,2,226619.26,-7478.44,2013
TATASTEEL,2013-11-07,2013-11-11,24.2273,25.4387,1.11,1.54,4.08,0.05,0.047,take_profit,False,4,2,181295.41,8520.88,2013
MUTHOOTFIN,2013-11-07,2013-11-08,94.1339,91.3099,7.77,6.59,5.62,-0.03,-0.033,stopped_out,True,1,1,145036.33,-4786.2,2013
VAIBHAVGBL,2013-11-08,2013-11-11,57.684,60.5682,1.78,2.06,3.75,0.05,0.047,take_profit,False,3,1,173900.47,8173.32,2013
PATANJALI,2013-11-08,2013-11-11,1214.496,1275.2208,0.67,13.82,6.23,0.05,0.047,take_profit,False,3,1,139120.38,6538.66,2013
VAIBHAVGBL,2013-11-11,2013-11-12,66.3276,64.3378,5.71,5.24,12.79,-0.03,-0.033,stopped_out,True,1,1,165525.95,-5462.36,2013
RHIM,2013-11-11,2013-11-12,32.8119,34.4525,4.06,4.17,5.57,0.05,0.047,take_profit,False,1,1,132420.76,6223.78,2013
TATACOMM,2013-11-11,2013-11-12,149.6938,145.203,1.61,2.35,10.99,-0.03,-0.033,stopped_out,True,1,1,258634.29,-8534.93,2013
ZENSARTECH,2013-11-11,2013-11-12,51.3524,49.8119,2.64,7.51,4.55,-0.03,-0.033,stopped_out,True,1,1,206907.44,-6827.95,2013
NATCOPHARM,2013-11-12,2013-11-14,135.4509,142.2234,3.84,4.25,5.33,0.05,0.047,take_profit,False,2,2,255714.0,12018.56,2013
UNOMINDA,2013-11-12,2013-11-14,6.1697,6.4781,2.68,8.17,7.02,0.05,0.047,take_profit,False,2,2,204571.2,9614.85,2013
SURYAROSNI,2013-11-12,2013-11-13,17.9593,17.4206,1.8,2.53,6.46,-0.03,-0.033,stopped_out,True,1,1,163656.96,-5400.68,2013
GRAPHITE,2013-11-12,2013-11-27,56.4495,55.9982,0.51,1.66,2.41,-0.007994,-0.010994,time_exit,False,15,10,130925.57,-1439.4,2013
ARVIND,2013-11-13,2013-11-19,37.396,39.2658,1.36,2.06,6.84,0.05,0.047,take_profit,False,6,3,136391.71,6410.41,2013
MFSL,2013-11-14,2013-11-20,194.3209,204.0369,3.74,2.85,5.55,0.05,0.047,take_profit,False,6,3,205497.09,9658.36,2013
IDEA,2013-11-14,2013-11-29,101.6381,106.72,2.06,2.03,1.97,0.05,0.047,take_profit,False,15,10,164397.67,7726.69,2013
JINDALSTEL,2013-11-19,2013-11-21,250.611,243.0927,1.35,2.58,4.16,-0.03,-0.033,stopped_out,True,2,2,206992.39,-6830.75,2013
TITAGARH,2013-11-19,2013-11-20,20.7979,21.8378,4.42,2.59,8.56,0.05,0.047,take_profit,False,1,1,165593.91,7782.91,2013
JUSTDIAL,2013-11-20,2013-11-21,1385.3957,1343.8338,4.31,2.65,15.33,-0.03,-0.033,stopped_out,True,1,1,168145.27,-5548.79,2013
CEATLTD,2013-11-20,2013-11-27,228.4762,239.9,6.35,1.69,8.17,0.05,0.047,take_profit,False,7,5,210181.59,9878.53,2013
CCL,2013-11-21,2013-11-22,24.9018,26.1469,3.32,2.32,4.19,0.05,0.047,take_profit,False,1,1,165654.27,7785.75,2013
PERSISTENT,2013-11-21,2013-11-25,182.8869,192.0313,2.61,3.08,2.89,0.05,0.047,take_profit,False,4,2,207067.84,9732.19,2013
IIFL,2013-11-22,2013-11-25,24.9558,26.2036,1.69,1.51,1.72,0.05,0.047,take_profit,False,3,1,167211.42,7858.94,2013
TRIDENT,2013-11-25,2013-11-26,1.1117,1.1673,8.33,2.4,9.09,0.05,0.047,take_profit,False,1,1,212143.21,9970.73,2013
GPIL,2013-11-25,2013-11-29,21.5785,20.9312,5.68,4.68,8.08,-0.03,-0.033,stopped_out,True,4,4,169714.57,-5600.58,2013
TATAELXSI,2013-11-26,2013-11-28,114.1311,120.5677,0.86,2.81,2.85,0.056397,0.053397,take_profit_gap,False,2,2,180194.45,9621.84,2013
MOTHERSON,2013-11-27,2013-11-29,13.4872,13.0826,2.49,2.53,6.68,-0.03,-0.033,stopped_out,True,2,2,214064.82,-7064.14,2013
MOTHERSON,2013-11-27,2013-11-29,13.4872,13.0826,3.36,2.53,6.68,-0.03,-0.033,stopped_out,True,2,2,171251.85,-5651.31,2013
GVT&D,2013-11-28,2013-11-29,168.1943,176.604,1.52,3.05,1.96,0.05,0.047,take_profit,False,1,1,174964.74,8223.34,2013
KPRMILL,2013-11-29,2013-12-03,15.0856,14.6331,4.79,3.34,6.37,-0.03,-0.033,stopped_out,True,4,2,163009.19,-5379.3,2013
KEI,2013-11-29,2013-12-03,9.0052,9.4554,4.28,3.41,11.31,0.05,0.047,take_profit,False,4,2,203761.49,9576.79,2013
INDIAGLYCO,2013-11-29,2013-12-06,41.2781,43.342,2.38,2.48,2.67,0.05,0.047,take_profit,False,7,5,130407.35,6129.15,2013
GESHIP,2013-11-29,2013-12-04,199.8967,193.8998,1.01,2.72,4.25,-0.03,-0.033,stopped_out,True,5,3,318377.32,-10506.45,2013
FDC,2013-11-29,2013-12-02,98.8202,103.7612,4.87,3.76,3.84,0.05,0.047,take_profit,False,3,1,254701.86,11970.99,2013
CUMMINSIND,2013-12-02,2013-12-13,358.7578,347.9951,0.52,2.19,4.02,-0.03,-0.033,stopped_out,True,11,9,157660.45,-5202.79,2013
WELENT,2013-12-03,2013-12-04,7.8177,8.322,6.01,2.67,5.78,0.064509,0.061509,take_profit_gap,False,1,1,200321.99,12321.61,2013
SUPREMEIND,2013-12-03,2013-12-09,365.0878,383.3422,0.88,2.25,3.15,0.05,0.047,take_profit,False,6,4,160257.59,7532.11,2013
NCC,2013-12-04,2013-12-05,14.7612,15.4992,2.92,2.03,5.38,0.05,0.047,take_profit,False,1,1,232308.97,10918.52,2013
GPIL,2013-12-04,2013-12-10,21.712,21.0606,2.35,3.72,4.01,-0.03,-0.033,stopped_out,True,6,4,185847.17,-6132.96,2013
HINDPETRO,2013-12-05,2013-12-09,19.3,20.265,1.97,1.93,4.39,0.05,0.047,take_profit,False,4,2,197323.24,9274.19,2013
POWERGRID,2013-12-06,2013-12-18,33.6792,32.3024,1.87,2.58,3.13,-0.040879,-0.043879,stopped_out_gap,False,12,8,185165.89,-8124.89,2013
SPARC,2013-12-09,2013-12-11,174.7489,169.5065,0.71,2.11,5.87,-0.03,-0.033,stopped_out,True,2,2,223010.14,-7359.33,2013
LT,2013-12-09,2013-12-10,641.4881,622.2435,3.11,2.62,2.04,-0.03,-0.033,stopped_out,True,1,1,178408.11,-5887.47,2013
PRICOLLTD,2013-12-10,2013-12-11,20.3725,21.3912,0.89,4.1,8.33,0.05,0.047,take_profit,False,1,1,170538.77,8015.32,2013
TCS,2013-12-10,2013-12-13,784.9692,761.4201,0.63,1.92,4.14,-0.03,-0.033,stopped_out,True,3,3,213173.46,-7034.72,2013
ASAHIINDIA,2013-12-11,2013-12-17,44.419,43.0865,1.19,3.42,6.35,-0.03,-0.033,stopped_out,True,6,4,172217.59,-5683.18,2013
CANFINHOME,2013-12-11,2013-12-19,25.56,26.838,0.75,1.79,1.96,0.05,0.047,take_profit,False,8,6,215271.99,10117.78,2013
ASTRAL,2013-12-13,2013-12-17,60.8264,63.8678,1.18,2.31,2.43,0.05,0.047,take_profit,False,4,2,209493.35,9846.19,2013
INDHOTEL,2013-12-16,2013-12-17,50.5078,53.0332,5.57,2.86,5.9,0.05,0.047,take_profit,False,1,1,167594.68,7876.95,2013
TRENT,2013-12-17,2013-12-18,102.5615,109.0829,9.97,2.34,7.6,0.063585,0.060585,take_profit_gap,False,1,1,246344.86,14924.8,2013
WHIRLPOOL,2013-12-17,2013-12-18,207.7753,201.5421,0.87,1.63,5.89,-0.03,-0.033,stopped_out,True,1,1,197075.89,-6503.5,2013
DCAL,2013-12-17,2013-12-18,41.643,43.7252,4.49,1.8,6.2,0.05,0.047,take_profit,False,1,1,157660.71,7410.05,2013
APLLTD,2013-12-18,2013-12-19,189.1046,183.4314,2.77,5.22,4.17,-0.03,-0.033,stopped_out,True,1,1,284919.33,-9402.34,2013
APLLTD,2013-12-18,2013-12-19,189.1046,183.4314,2.33,5.22,4.17,-0.03,-0.033,stopped_out,True,1,1,227935.47,-7521.87,2013
BSOFT,2013-12-18,2013-12-27,83.5273,89.0573,3.42,2.59,4.43,0.066206,0.063206,take_profit_gap,False,9,6,182348.37,11525.51,2013
CUMMINSIND,2013-12-18,2013-12-20,367.4651,385.8384,0.77,3.28,4.17,0.05,0.047,take_profit,False,2,2,145878.7,6856.3,2013
RELAXO,2013-12-19,2013-12-20,49.4485,47.9651,2.16,5.35,7.59,-0.03,-0.033,stopped_out,True,1,1,208773.63,-6889.53,2013
ASTRAMICRO,2013-12-19,2013-12-20,47.7245,50.1107,6.38,4.47,7.71,0.05,0.047,take_profit,False,1,1,167018.9,7849.89,2013
WELCORP,2013-12-19,2013-12-20,37.0731,38.9268,2.86,5.87,17.6,0.05,0.047,take_profit,False,1,1,260967.03,12265.45,2013
JUSTDIAL,2013-12-20,2013-12-27,1320.3003,1386.3153,2.76,2.05,4.37,0.05,0.047,take_profit,False,7,4,294159.19,13825.48,2013
JUSTDIAL,2013-12-20,2013-12-27,1320.3003,1386.3153,1.16,2.05,4.37,0.05,0.047,take_profit,False,7,4,235327.36,11060.39,2013
BAJAJELEC,2013-12-20,2013-12-26,165.6149,173.8956,1.5,1.86,6.1,0.05,0.047,take_profit,False,6,3,188261.88,8848.31,2013
PERSISTENT,2013-12-20,2013-12-26,218.1783,211.6329,2.63,5.07,6.29,-0.03,-0.033,stopped_out,True,6,3,150609.51,-4970.11,2013
HCC,2013-12-26,2013-12-31,14.0925,13.6697,5.41,3.41,9.79,-0.03,-0.033,stopped_out,True,5,3,189037.52,-6238.24,2013
SAREGAMA,2013-12-26,2013-12-27,7.0716,6.8594,0.93,2.04,7.86,-0.03,-0.033,stopped_out,True,1,1,151230.02,-4990.59,2013
ASTRAMICRO,2013-12-27,2013-12-30,55.6632,53.9933,1.0,4.44,7.58,-0.03,-0.033,stopped_out,True,3,1,153539.15,-5066.79,2013
TATAELXSI,2013-12-27,2013-12-30,171.9047,180.4999,2.81,2.67,6.29,0.05,0.047,take_profit,False,3,1,299881.16,14094.41,2013
AARTIDRUGS,2013-12-27,2013-12-30,25.2857,26.5499,5.88,2.43,4.81,0.05,0.047,take_profit,False,3,1,239904.93,11275.53,2013
NHPC,2013-12-27,2014-01-02,10.9569,10.6281,0.76,2.16,3.68,-0.03,-0.033,stopped_out,True,6,4,191923.94,-6333.49,2014
PATANJALI,2013-12-30,2013-12-31,1141.6261,1229.459,7.66,2.81,4.14,0.076937,0.073937,take_profit_gap,False,1,1,212445.6,15707.59,2013
TEXRAIL,2013-12-30,2013-12-31,39.7153,38.5238,1.43,9.19,10.05,-0.03,-0.033,stopped_out,True,1,1,169956.48,-5608.56,2013
TITAGARH,2013-12-30,2013-12-31,21.7368,21.0847,2.66,4.41,5.62,-0.03,-0.033,stopped_out,True,1,1,265557.0,-8763.38,2013
CIEINDIA,2013-12-31,2014-01-06,47.0879,49.4423,1.42,2.14,1.55,0.05,0.047,take_profit,False,6,4,302383.99,14212.05,2014
KANSAINER,2013-12-31,2014-01-01,70.5414,68.0675,1.7,2.59,5.49,-0.035071,-0.038071,stopped_out_gap,False,1,1,241907.19,-9209.65,2014
VAIBHAVGBL,2013-12-31,2014-01-01,113.3332,109.9332,0.59,1.77,10.52,-0.03,-0.033,stopped_out,True,1,1,193525.75,-6386.35,2014
GNFC,2013-12-31,2014-01-09,56.576,54.8787,3.75,1.94,4.69,-0.03,-0.033,stopped_out,True,9,7,154820.6,-5109.08,2014
USHAMART,2014-01-01,2014-01-03,31.0664,30.1344,2.32,3.86,6.95,-0.03,-0.033,stopped_out,True,2,2,207823.87,-6858.19,2014
JKIL,2014-01-01,2014-01-02,86.0168,83.4363,0.65,2.66,5.85,-0.03,-0.033,stopped_out,True,1,1,166259.1,-5486.55,2014
ARVIND,2014-01-02,2014-01-03,44.6065,43.2683,0.58,6.21,3.92,-0.03,-0.033,stopped_out,True,1,1,202279.88,-6675.24,2014
ASHOKLEY,2014-01-02,2014-01-03,7.3578,7.7257,1.69,2.5,2.31,0.05,0.047,take_profit,False,1,1,161823.9,7605.72,2014
SONATSOFTW,2014-01-03,2014-01-06,11.2865,10.948,4.8,3.59,13.97,-0.03,-0.033,stopped_out,True,3,1,242659.11,-8007.75,2014
TTML,2014-01-03,2014-01-06,7.9937,7.7539,0.65,6.49,1.83,-0.03,-0.033,stopped_out,True,3,1,194127.29,-6406.2,2014
FINCABLES,2014-01-03,2014-01-07,80.5231,78.1074,3.23,2.61,6.02,-0.03,-0.033,stopped_out,True,4,2,155301.83,-5124.96,2014
VIPIND,2014-01-06,2014-01-08,64.229,62.3021,0.98,2.65,4.63,-0.03,-0.033,stopped_out,True,2,2,174102.5,-5745.38,2014
HAVELLS,2014-01-06,2014-01-10,149.5681,145.081,1.4,2.11,1.87,-0.03,-0.033,stopped_out,True,4,4,272035.16,-8977.16,2014
HFCL,2014-01-06,2014-01-07,9.6819,10.166,3.55,3.46,7.07,0.05,0.047,take_profit,False,1,1,217628.13,10228.52,2014
FSL,2014-01-07,2014-01-10,19.0972,20.052,2.9,2.9,4.33,0.05,0.047,take_profit,False,3,3,214888.71,10099.77,2014
TANLA,2014-01-07,2014-01-09,4.61,4.9246,5.94,2.42,4.12,0.068238,0.065238,take_profit_gap,False,2,2,171910.97,11215.13,2014
APLLTD,2014-01-08,2014-01-09,202.1842,212.2934,4.84,4.01,7.52,0.05,0.047,take_profit,False,1,1,171200.2,8046.41,2014
AARTIDRUGS,2014-01-09,2014-01-15,25.9003,25.1233,1.16,4.97,2.24,-0.03,-0.033,stopped_out,True,6,4,239377.0,-7899.44,2014
DRREDDY,2014-01-09,2014-01-23,478.1497,492.8685,0.86,2.13,1.81,0.030783,0.027783,time_exit,False,14,10,191501.6,5320.49,2014
DRREDDY,2014-01-09,2014-01-23,478.1497,492.8685,0.68,2.13,1.81,0.030783,0.027783,time_exit,False,14,10,153201.28,4256.39,2014
MANAPPURAM,2014-01-10,2014-01-13,14.7896,14.3459,12.12,9.22,9.35,-0.03,-0.033,stopped_out,True,3,1,220170.32,-7265.62,2014
WELSPUNLIV,2014-01-10,2014-01-13,7.5248,7.9011,3.69,2.37,5.24,0.05,0.047,take_profit,False,3,1,176136.26,8278.4,2014
BHARATFORG,2014-01-13,2014-01-15,157.9745,153.2353,0.53,2.76,3.68,-0.03,-0.033,stopped_out,True,2,2,176298.3,-5817.84,2014
INFY,2014-01-13,2014-01-27,334.3029,340.0922,1.79,1.75,2.32,0.017318,0.014318,time_exit,False,14,10,220372.88,3155.3,2014
KRBL,2014-01-15,2014-01-20,36.6134,35.515,5.6,5.09,8.16,-0.03,-0.033,stopped_out,True,5,3,177144.2,-5845.76,2014
IMFA,2014-01-15,2014-01-16,85.7107,83.1393,0.93,6.73,7.1,-0.03,-0.033,stopped_out,True,1,1,221430.25,-7307.2,2014
JAMNAAUTO,2014-01-16,2014-01-21,5.8014,5.6274,1.21,4.68,6.21,-0.03,-0.033,stopped_out,True,5,3,184539.97,-6089.82,2014
GRANULES,2014-01-20,2014-01-21,19.2661,20.2294,4.97,2.09,5.42,0.05,0.047,take_profit,False,1,1,181891.66,8548.91,2014
BIOCON,2014-01-21,2014-01-23,76.7403,73.8351,3.35,1.91,5.64,-0.037858,-0.040858,stopped_out_gap,False,2,2,219291.47,-8959.81,2014
CENTURYPLY,2014-01-21,2014-01-22,28.1199,27.2763,3.72,9.72,8.76,-0.03,-0.033,stopped_out,True,1,1,175433.18,-5789.29,2014
JUSTDIAL,2014-01-22,2014-01-23,1687.9449,1637.3065,0.89,3.47,4.78,-0.03,-0.033,stopped_out,True,1,1,174275.32,-5751.09,2014
RADICO,2014-01-23,2014-01-27,155.8127,151.1383,1.52,2.97,1.86,-0.03,-0.033,stopped_out,True,4,2,286047.39,-9439.56,2014
HIKAL,2014-01-24,2014-01-27,66.0623,64.0804,5.09,12.22,14.77,-0.03,-0.033,stopped_out,True,3,1,228837.91,-7551.65,2014
VMART,2014-01-24,2014-02-03,63.1065,59.8412,1.59,5.08,4.06,-0.051743,-0.054743,stopped_out_gap,False,10,6,183070.33,-10021.82,2014
GLENMARK,2014-01-27,2014-01-29,513.7971,539.4869,4.92,4.12,4.3,0.05,0.047,take_profit,False,2,2,290740.71,13664.81,2014
AARTIDRUGS,2014-01-28,2014-01-29,25.7739,27.0626,0.89,2.06,2.47,0.05,0.047,take_profit,False,1,1,186074.06,8745.48,2014
TATAELXSI,2014-01-28,2014-01-31,171.5997,180.1797,2.96,2.18,2.91,0.05,0.047,take_profit,False,3,3,148859.25,6996.38,2014
GLENMARK,2014-01-28,2014-01-30,533.02,517.0294,1.03,2.63,2.91,-0.03,-0.033,stopped_out,True,2,2,232592.57,-7675.55,2014
IOC,2014-01-29,2014-02-03,19.6961,20.6809,2.55,1.6,5.18,0.05,0.047,take_profit,False,5,3,218932.41,10289.82,2014
BPCL,2014-01-29,2014-01-30,29.8654,28.9694,0.66,1.59,2.71,-0.03,-0.033,stopped_out,True,1,1,175145.93,-5779.82,2014
AUROPHARMA,2014-01-30,2014-02-03,214.2525,224.9651,1.98,1.93,4.74,0.05,0.047,take_profit,False,4,2,218973.37,10291.75,2014
AUROPHARMA,2014-01-30,2014-02-03,214.2525,224.9651,1.45,1.93,4.74,0.05,0.047,take_profit,False,4,2,175178.69,8233.4,2014
GAIL,2014-01-31,2014-02-14,43.8606,44.6808,1.02,1.57,1.59,0.018701,0.015701,time_exit,False,14,10,171314.08,2689.8,2014
CHOLAHLDNG,2014-02-03,2014-02-04,113.4367,110.0336,1.16,2.78,5.81,-0.03,-0.033,stopped_out,True,1,1,300040.86,-9901.35,2014
LUPIN,2014-02-03,2014-02-13,862.6741,836.7939,1.64,4.28,4.51,-0.03,-0.033,stopped_out,True,10,8,240032.68,-7921.08,2014
CHOLAHLDNG,2014-02-03,2014-02-04,113.4367,110.0336,1.53,2.78,5.81,-0.03,-0.033,stopped_out,True,1,1,192026.15,-6336.86,2014
SWANCORP,2014-02-03,2014-02-05,67.8135,65.7791,3.72,1.64,3.95,-0.03,-0.033,stopped_out,True,2,2,153620.92,-5069.49,2014
TVSMOTOR,2014-02-04,2014-02-06,78.6555,76.2959,3.25,3.6,7.69,-0.03,-0.033,stopped_out,True,2,2,218062.49,-7196.06,2014
THOMASCOOK,2014-02-04,2014-02-05,28.5543,29.982,1.88,3.65,5.3,0.05,0.047,take_profit,False,1,1,174449.99,8199.15,2014
VOLTAS,2014-02-05,2014-02-10,106.5678,111.8962,5.09,2.54,5.37,0.05,0.047,take_profit,False,5,3,164640.09,7738.08,2014
GODFRYPHLP,2014-02-05,2014-02-06,154.6113,162.3418,0.56,14.92,4.14,0.05,0.047,take_profit,False,1,1,205800.11,9672.61,2014
AVANTIFEED,2014-02-06,2014-02-07,16.1042,16.9094,4.71,8.53,5.75,0.05,0.047,take_profit,False,1,1,216979.9,10198.06,2014
PATELENG,2014-02-06,2014-02-07,41.636,44.506,15.17,4.22,14.94,0.068931,0.065931,take_profit_gap,False,1,1,173583.92,11444.56,2014
DEEPAKNTR,2014-02-07,2014-02-10,29.5495,31.027,5.9,1.82,5.54,0.05,0.047,take_profit,False,3,1,221308.42,10401.5,2014
HSCL,2014-02-07,2014-02-10,18.9679,19.9163,16.8,9.65,4.59,0.05,0.047,take_profit,False,3,1,177046.74,8321.2,2014
APOLLOTYRE,2014-02-10,2014-02-20,100.0992,105.1042,0.98,1.55,1.64,0.05,0.047,take_profit,False,10,8,259528.6,12197.84,2014
APOLLOTYRE,2014-02-10,2014-02-20,100.0992,105.1042,1.18,1.55,1.64,0.05,0.047,take_profit,False,10,8,207622.88,9758.28,2014
AVANTIFEED,2014-02-10,2014-02-11,19.598,20.5779,12.64,13.29,5.59,0.05,0.047,take_profit,False,1,1,166098.3,7806.62,2014
V2RETAIL,2014-02-11,2014-02-13,7.1536,7.8461,7.69,2.35,2.14,0.096805,0.093805,take_profit_gap,False,2,2,167659.63,15727.31,2014
TATAELXSI,2014-02-13,2014-02-14,180.3573,189.3751,3.29,2.12,5.06,0.05,0.047,take_profit,False,1,1,217227.41,10209.69,2014
PCJEWELLER,2014-02-13,2014-02-14,4.1831,4.3922,0.6,1.53,2.68,0.05,0.047,take_profit,False,1,1,173781.93,8167.75,2014
SUNFLAG,2014-02-14,2014-02-17,19.1293,20.3712,3.3,2.37,4.23,0.064924,0.061924,take_profit_gap,False,3,1,163650.35,10133.88,2014
ZENSARTECH,2014-02-14,2014-02-19,64.4336,67.6553,0.52,1.81,3.06,0.05,0.047,take_profit,False,5,3,204562.94,9614.46,2014
TATAELXSI,2014-02-14,2014-02-18,193.8203,203.5113,6.16,3.84,6.83,0.05,0.047,take_profit,False,4,2,255703.67,12018.07,2014
ALLCARGO,2014-02-17,2014-02-21,14.3271,15.0435,1.82,6.23,2.92,0.05,0.047,take_profit,False,4,4,165677.13,7786.82,2014
GPPL,2014-02-18,2014-02-20,45.3173,43.9577,7.5,10.46,10.56,-0.03,-0.033,stopped_out,True,2,2,186086.05,-6140.84,2014
RENUKA,2014-02-19,2014-02-20,21.6608,22.7439,0.98,2.98,5.61,0.05,0.047,take_profit,False,1,1,191704.32,9010.1,2014
APLLTD,2014-02-20,2014-02-26,216.8934,227.738,2.03,2.46,5.64,0.05,0.047,take_profit,False,6,4,327316.9,15383.89,2014
APOLLOTYRE,2014-02-20,2014-02-28,105.6769,110.9607,2.98,1.99,4.33,0.05,0.047,take_profit,False,8,5,261853.52,12307.12,2014
WOCKPHARMA,2014-02-20,2014-02-28,367.4662,385.8395,1.35,2.41,3.77,0.05,0.047,take_profit,False,8,5,209482.82,9845.69,2014
ABREL,2014-02-20,2014-03-04,289.9717,304.4703,1.66,1.59,3.31,0.05,0.047,take_profit,False,12,7,167586.25,7876.55,2014
INDIACEM,2014-02-21,2014-02-24,52.7626,51.1797,1.9,2.84,6.77,-0.03,-0.033,stopped_out,True,3,1,168761.79,-5569.14,2014
LT,2014-02-24,2014-03-06,606.6702,637.0037,1.43,1.63,3.14,0.05,0.047,take_profit,False,10,7,167647.97,7879.45,2014
CESC,2014-02-26,2014-03-03,27.966,29.3643,0.7,2.22,1.73,0.05,0.047,take_profit,False,5,2,202658.53,9524.95,2014
SUNPHARMA,2014-02-28,2014-03-03,589.6559,571.9663,0.63,1.53,2.52,-0.03,-0.033,stopped_out,True,3,1,208659.72,-6885.77,2014
BHARATFORG,2014-02-28,2014-03-05,175.5225,184.2986,0.52,1.5,1.53,0.05,0.047,take_profit,False,5,3,260824.65,12258.76,2014
JUBLPHARMA,2014-03-03,2014-03-04,90.4557,95.6965,5.24,2.13,9.03,0.057937,0.054937,take_profit_gap,False,1,1,249719.27,13718.83,2014
SOBHA,2014-03-03,2014-03-10,282.5573,296.6852,4.26,5.87,9.76,0.05,0.047,take_profit,False,7,5,199775.41,9389.44,2014
PETRONET,2014-03-04,2014-03-13,41.7927,43.8823,1.01,2.2,1.56,0.05,0.047,take_profit,False,9,7,247600.51,11637.22,2014
CHAMBLFERT,2014-03-04,2014-03-10,29.5014,28.6164,1.14,1.98,4.93,-0.03,-0.033,stopped_out,True,6,4,198080.41,-6536.65,2014
GRASIM,2014-03-05,2014-03-07,380.0817,399.0858,1.91,1.75,2.15,0.05,0.047,take_profit,False,2,2,213081.01,10014.81,2014
ACC,2014-03-06,2014-03-10,1063.6782,1116.8621,1.7,1.84,3.61,0.05,0.047,take_profit,False,4,2,205570.29,9661.8,2014
ICICIBANK,2014-03-07,2014-03-24,194.4598,200.7792,3.44,2.68,4.96,0.032497,0.029497,time_exit,False,17,10,209075.4,6167.1,2014
M&MFIN,2014-03-10,2014-03-20,142.9859,138.6963,1.24,1.8,5.25,-0.03,-0.033,stopped_out,True,10,7,290448.46,-9584.8,2014
BAJFINANCE,2014-03-10,2014-03-25,16.0142,15.8862,1.44,2.33,2.16,-0.00799,-0.01099,time_exit,False,15,10,232358.77,-2553.62,2014
KOTAKBANK,2014-03-10,2014-03-25,74.6716,76.6047,2.26,1.93,5.97,0.025887,0.022887,time_exit,False,15,10,185887.01,4254.4,2014
APLLTD,2014-03-13,2014-03-14,232.5713,244.1999,0.98,2.14,1.56,0.05,0.047,take_profit,False,1,1,200557.16,9426.19,2014
REFEX,2014-03-14,2014-03-19,1.3224,1.3971,2.16,2.52,6.92,0.056497,0.053497,take_profit_gap,False,5,2,202442.39,10830.06,2014
KSB,2014-03-19,2014-03-20,56.0395,54.3583,4.66,7.83,7.84,-0.03,-0.033,stopped_out,True,1,1,204608.41,-6752.08,2014
PRAJIND,2014-03-20,2014-03-25,37.5118,39.3874,2.5,2.07,3.6,0.05,0.047,take_profit,False,5,3,259430.72,12193.24,2014
TIMETECHNO,2014-03-20,2014-03-21,18.1232,19.0293,1.61,3.39,2.68,0.05,0.047,take_profit,False,1,1,207544.58,9754.6,2014
GLENMARK,2014-03-21,2014-03-27,544.7169,528.3754,1.93,1.6,3.28,-0.03,-0.033,stopped_out,True,6,4,209495.5,-6913.35,2014
ASAHIINDIA,2014-03-24,2014-03-25,56.5728,54.8756,3.07,4.29,6.83,-0.03,-0.033,stopped_out,True,1,1,210644.9,-6951.28,2014
GABRIEL,2014-03-25,2014-03-26,25.3023,26.5674,1.56,1.75,2.86,0.05,0.047,take_profit,False,1,1,347568.74,16335.73,2014
ARVIND,2014-03-25,2014-03-26,48.1269,50.5332,3.59,1.87,5.3,0.05,0.047,take_profit,False,1,1,278055.0,13068.58,2014
VIPIND,2014-03-25,2014-03-26,83.1608,80.666,9.14,5.58,18.32,-0.03,-0.033,stopped_out,True,1,1,222444.0,-7340.65,2014
SCHNEIDER,2014-03-25,2014-03-26,86.143,83.5588,1.28,2.06,7.42,-0.03,-0.033,stopped_out,True,1,1,177955.2,-5872.52,2014
SAIL,2014-03-26,2014-03-31,51.589,54.1684,1.58,1.84,4.88,0.05,0.047,take_profit,False,5,3,280645.58,13190.34,2014
SHILPAMED,2014-03-26,2014-03-28,93.5729,98.2515,2.25,3.91,1.77,0.05,0.047,take_profit,False,2,2,224516.46,10552.27,2014
PIDILITIND,2014-03-26,2014-04-03,141.1224,148.1785,3.46,1.92,4.0,0.05,0.047,take_profit,False,8,6,350806.97,16487.93,2014
SAIL,2014-03-26,2014-03-31,51.589,54.1684,5.04,1.84,4.88,0.05,0.047,take_profit,False,5,3,179613.17,8441.82,2014
POLYMED,2014-03-27,2014-03-28,102.1972,107.3071,5.12,2.71,9.99,0.05,0.047,take_profit,False,1,1,184206.97,8657.73,2014
MAHABANK,2014-03-28,2014-03-31,32.7648,34.4031,5.44,4.07,7.52,0.05,0.047,take_profit,False,3,1,186361.81,8759.0,2014
CGCL,2014-03-28,2014-03-31,23.444,24.6162,5.18,8.75,7.22,0.05,0.047,take_profit,False,3,1,232952.26,10948.76,2014
HINDALCO,2014-03-31,2014-04-01,130.4957,126.5809,3.51,2.41,7.39,-0.03,-0.033,stopped_out,True,1,1,333271.99,-10997.98,2014
SUDARSCHEM,2014-03-31,2014-04-02,43.3859,46.4108,3.98,1.89,1.87,0.069721,0.066721,take_profit_gap,False,2,2,266617.59,17788.99,2014
INDIAGLYCO,2014-03-31,2014-04-09,42.1274,44.2337,1.27,2.52,2.5,0.05,0.047,take_profit,False,9,6,213294.08,10024.82,2014
HINDZINC,2014-03-31,2014-04-16,48.0275,48.0911,1.37,3.04,2.3,0.001326,-0.001674,time_exit,False,16,10,170635.26,-285.64,2014
BALRAMCHIN,2014-04-01,2014-04-03,51.1617,49.6268,3.13,2.37,4.19,-0.03,-0.033,stopped_out,True,2,2,200963.01,-6631.78,2014
NBCC,2014-04-02,2014-04-03,6.7157,6.5143,1.56,1.82,7.84,-0.03,-0.033,stopped_out,True,1,1,217651.73,-7182.51,2014
UPL,2014-04-03,2014-04-10,118.8951,124.8398,2.94,2.58,3.53,0.05,0.047,take_profit,False,7,4,328540.45,15441.4,2014
NLCINDIA,2014-04-03,2014-04-04,36.7508,38.5884,1.59,2.76,2.06,0.05,0.047,take_profit,False,1,1,262832.36,12353.12,2014
MAHSEAMLES,2014-04-03,2014-04-09,95.8641,100.6573,3.55,10.62,6.48,0.05,0.047,take_profit,False,6,3,210265.89,9882.5,2014
PATELENG,2014-04-04,2014-04-07,46.0772,48.381,3.31,5.96,6.92,0.05,0.047,take_profit,False,3,1,223249.81,10492.74,2014
GPIL,2014-04-07,2014-04-09,20.7382,21.7752,0.94,1.71,3.78,0.05,0.047,take_profit,False,2,1,225348.36,10591.37,2014
ICIL,2014-04-09,2014-04-11,8.3509,8.8897,3.61,5.37,6.03,0.064509,0.061509,take_profit_gap,False,2,2,202342.46,12445.88,2014
WELCORP,2014-04-09,2014-04-10,67.7152,65.6837,3.1,5.11,12.11,-0.03,-0.033,stopped_out,True,1,1,252928.07,-8346.63,2014
AVANTIFEED,2014-04-09,2014-04-11,35.6332,37.7733,1.02,3.68,6.0,0.060059,0.057059,take_profit_gap,False,2,2,316160.09,18039.78,2014
RTNPOWER,2014-04-10,2014-04-16,8.9545,8.6858,1.12,3.11,6.55,-0.03,-0.033,stopped_out,True,6,3,279586.62,-9226.36,2014
KNRCON,2014-04-10,2014-04-11,10.1815,9.8761,2.41,3.29,1.86,-0.03,-0.033,stopped_out,True,1,1,223669.3,-7381.09,2014
CANFINHOME,2014-04-11,2014-04-15,38.8111,40.7517,1.11,2.67,2.51,0.05,0.047,take_profit,False,4,1,331990.72,15603.56,2014
AURIONPRO,2014-04-11,2014-04-16,74.9557,72.707,3.98,1.77,2.04,-0.03,-0.033,stopped_out,True,5,2,265592.58,-8764.56,2014
WELENT,2014-04-11,2014-04-15,11.278,10.9397,1.63,2.21,5.6,-0.03,-0.033,stopped_out,True,4,1,212474.06,-7011.64,2014
KSB,2014-04-15,2014-04-17,64.1078,62.1845,2.85,2.74,7.47,-0.03,-0.033,stopped_out,True,2,2,280590.59,-9259.49,2014
RAMCOCEM,2014-04-15,2014-04-23,212.1494,205.4456,1.89,2.25,1.83,-0.0316,-0.0346,stopped_out_gap,False,8,5,224472.47,-7766.75,2014
FORTIS,2014-04-16,2014-04-17,99.3242,104.2904,2.55,2.72,3.42,0.05,0.047,take_profit,False,1,1,319085.56,14997.02,2014
IMFA,2014-04-16,2014-04-17,107.5974,112.9773,1.78,2.48,3.38,0.05,0.047,take_profit,False,1,1,255268.45,11997.62,2014
GABRIEL,2014-04-16,2014-04-21,31.4521,33.0247,2.93,3.31,7.19,0.05,0.047,take_profit,False,5,2,204214.76,9598.09,2014
TATACONSUM,2014-04-17,2014-04-25,136.6828,132.5823,1.02,1.89,4.27,-0.03,-0.033,stopped_out,True,8,5,216260.96,-7136.61,2014
HERITGFOOD,2014-04-17,2014-04-21,65.5736,68.8522,6.57,2.07,7.73,0.05,0.047,take_profit,False,4,1,337907.76,15881.66,2014
BERGEPAINT,2014-04-17,2014-04-28,68.3001,66.2511,1.68,2.01,2.31,-0.03,-0.033,stopped_out,True,11,6,270326.2,-8920.76,2014
CANFINHOME,2014-04-21,2014-04-28,41.2379,40.0007,1.52,3.82,3.54,-0.03,-0.033,stopped_out,True,7,5,286529.22,-9455.46,2014
JBCHEPHARM,2014-04-21,2014-04-22,62.2245,65.3358,5.05,3.19,6.49,0.05,0.047,take_profit,False,1,1,229223.38,10773.5,2014
EICHERMOT,2014-04-22,2014-05-05,560.8742,588.9179,0.64,2.75,1.53,0.05,0.047,take_profit,False,13,8,231378.08,10874.77,2014
GRANULES,2014-04-23,2014-04-25,28.8805,30.3245,0.6,2.28,3.29,0.05,0.047,take_profit,False,2,2,228443.61,10736.85,2014
BAJAJELEC,2014-04-25,2014-04-30,263.2355,255.3384,6.43,4.66,8.0,-0.03,-0.033,stopped_out,True,5,3,272415.85,-8989.72,2014
GVT&D,2014-04-25,2014-04-29,262.7614,254.8785,2.24,2.81,2.37,-0.03,-0.033,stopped_out,True,4,2,217932.68,-7191.78,2014
SAMMAANCAP,2014-04-28,2014-04-29,178.8212,187.7623,6.1,2.69,10.53,0.05,0.047,take_profit,False,1,1,282041.98,13255.97,2014
GAEL,2014-04-28,2014-04-30,7.8044,7.5703,1.64,2.02,3.23,-0.03,-0.033,stopped_out,True,2,2,225633.59,-7445.91,2014
SOLARINDS,2014-04-29,2014-04-30,218.9573,212.3886,0.87,2.39,9.99,-0.03,-0.033,stopped_out,True,1,1,225371.71,-7437.27,2014
TVSMOTOR,2014-04-29,2014-04-30,85.7596,90.0476,6.23,6.37,4.47,0.05,0.047,take_profit,False,1,1,281714.64,13240.59,2014
FINCABLES,2014-04-30,2014-05-05,122.2642,118.5963,1.94,4.13,2.52,-0.03,-0.033,stopped_out,True,5,2,194149.41,-6406.93,2014
BALKRISIND,2014-04-30,2014-05-06,233.7839,245.4731,1.89,2.66,5.2,0.05,0.047,take_profit,False,6,3,242686.76,11406.28,2014
DEEPAKFERT,2014-04-30,2014-05-05,99.8587,104.8517,1.7,2.74,1.93,0.05,0.047,take_profit,False,5,2,379198.07,17822.31,2014
IOB,2014-04-30,2014-05-02,61.4934,59.6486,4.77,11.93,8.13,-0.03,-0.033,stopped_out,True,2,1,303358.45,-10010.83,2014
AARTIDRUGS,2014-05-02,2014-05-05,48.3683,50.7867,8.76,7.61,10.05,0.05,0.047,take_profit,False,3,1,213989.05,10057.49,2014
SOLARINDS,2014-05-05,2014-05-12,227.4634,220.6395,5.03,2.81,6.14,-0.03,-0.033,stopped_out,True,7,5,195278.69,-6444.2,2014
MARICO,2014-05-05,2014-05-08,96.2985,101.1135,1.48,2.91,3.85,0.05,0.047,take_profit,False,3,3,381403.69,17925.97,2014
AARTIIND,2014-05-05,2014-05-06,33.1582,34.8161,1.71,4.04,4.43,0.05,0.047,take_profit,False,1,1,305122.95,14340.78,2014
CHOLAHLDNG,2014-05-05,2014-05-06,132.967,128.978,2.69,7.85,9.88,-0.03,-0.033,stopped_out,True,1,1,244098.36,-8055.25,2014
SUDARSCHEM,2014-05-06,2014-05-07,53.6323,51.4816,2.25,2.45,9.37,-0.040101,-0.043101,stopped_out_gap,False,1,1,254514.34,-10969.82,2014
DEEPAKFERT,2014-05-06,2014-05-07,107.6301,104.4012,1.59,2.55,3.18,-0.03,-0.033,stopped_out,True,1,1,203611.47,-6719.18,2014
GPPL,2014-05-06,2014-05-07,57.6007,60.4807,5.62,2.33,4.42,0.05,0.047,take_profit,False,1,1,318142.93,14952.72,2014
IRB,2014-05-07,2014-05-09,10.6162,11.1471,5.08,2.47,6.44,0.05,0.047,take_profit,False,2,2,203261.23,9553.28,2014
KAJARIACER,2014-05-07,2014-05-08,220.1225,231.1286,1.89,7.24,3.32,0.05,0.047,take_profit,False,1,1,317595.67,14927.0,2014
TARIL,2014-05-07,2014-05-08,7.3931,7.1713,4.09,4.76,6.52,-0.03,-0.033,stopped_out,True,1,1,254076.54,-8384.53,2014
FINCABLES,2014-05-08,2014-05-09,124.9543,131.202,8.61,3.22,8.87,0.05,0.047,take_profit,False,1,1,358117.85,16831.54,2014
IIFL,2014-05-08,2014-05-09,38.2459,40.1582,3.34,1.52,5.59,0.05,0.047,take_profit,False,1,1,286494.28,13465.23,2014
BAJAJELEC,2014-05-08,2014-05-13,278.9098,270.5425,1.59,1.71,1.84,-0.03,-0.033,stopped_out,True,5,3,229195.43,-7563.45,2014
GSPL,2014-05-09,2014-05-12,64.5974,67.8273,0.68,2.47,3.9,0.05,0.047,take_profit,False,3,1,360901.02,16962.35,2014
MMTC,2014-05-09,2014-05-12,37.0365,38.8883,4.92,1.84,8.73,0.05,0.047,take_profit,False,3,1,288720.82,13569.88,2014
COALINDIA,2014-05-09,2014-05-12,123.9434,130.1406,3.73,1.81,5.16,0.05,0.047,take_profit,False,3,1,230976.66,10855.9,2014
HINDPETRO,2014-05-12,2014-05-16,32.5223,34.1485,2.31,1.83,3.71,0.05,0.047,take_profit,False,4,4,406945.55,19126.44,2014
JISLJALEQS,2014-05-12,2014-05-15,82.549,80.0725,0.78,1.65,2.98,-0.03,-0.033,stopped_out,True,3,3,325556.44,-10743.36,2014
HINDPETRO,2014-05-12,2014-05-16,32.5223,34.1485,3.28,1.83,3.71,0.05,0.047,take_profit,False,4,4,260445.15,12240.92,2014
COROMANDEL,2014-05-12,2014-05-14,201.5301,195.4842,0.73,3.66,6.05,-0.03,-0.033,stopped_out,True,2,2,208356.12,-6875.75,2014
GNFC,2014-05-13,2014-05-15,64.6263,67.8576,0.92,1.53,2.18,0.05,0.047,take_profit,False,2,2,211011.29,9917.53,2014
INDUSTOWER,2014-05-14,2014-05-15,158.8811,154.1146,1.65,2.42,7.09,-0.03,-0.033,stopped_out,True,1,1,209105.11,-6900.47,2014
TATAPOWER,2014-05-15,2014-05-16,73.7888,77.4783,3.2,3.38,2.34,0.05,0.047,take_profit,False,1,1,314873.39,14799.05,2014
SHAKTIPUMP,2014-05-15,2014-05-16,17.3321,16.8121,2.83,8.7,7.91,-0.03,-0.033,stopped_out,True,1,1,251898.71,-8312.66,2014
NTPC,2014-05-15,2014-05-16,71.4115,74.9821,3.33,3.05,2.33,0.05,0.047,take_profit,False,1,1,201518.97,9471.39,2014
SHRIRAMFIN,2014-05-16,2014-05-19,141.9708,149.0693,4.94,2.64,3.24,0.05,0.047,take_profit,False,3,1,457816.56,21517.38,2014
OIL,2014-05-16,2014-05-19,105.0737,110.3274,1.76,1.98,2.17,0.05,0.047,take_profit,False,3,1,366253.25,17213.9,2014
ACE,2014-05-16,2014-05-19,22.0507,23.1532,4.53,2.33,1.98,0.05,0.047,take_profit,False,3,1,293002.6,13771.12,2014
JPPOWER,2014-05-16,2014-05-19,18.3091,19.2246,3.56,3.85,4.87,0.05,0.047,take_profit,False,3,1,234402.08,11016.9,2014
BANKINDIA,2014-05-16,2014-05-19,239.8732,251.8668,0.89,2.33,1.58,0.05,0.047,take_profit,False,3,1,187521.66,8813.52,2014
HSCL,2014-05-19,2014-05-20,21.0264,22.0777,3.26,2.88,7.25,0.05,0.047,take_profit,False,1,1,193447.17,9092.02,2014
SAIL,2014-05-19,2014-05-20,70.1269,73.6332,0.52,1.75,7.81,0.05,0.047,take_profit,False,1,1,241808.96,11365.02,2014
SAIL,2014-05-19,2014-05-20,70.1269,73.6332,2.56,1.75,7.81,0.05,0.047,take_profit,False,1,1,302261.2,14206.28,2014
MOIL,2014-05-19,2014-05-21,103.6128,108.7934,7.12,5.26,10.26,0.05,0.047,take_profit,False,2,2,377826.5,17757.85,2014
HINDCOPPER,2014-05-19,2014-05-20,88.4475,92.8699,12.2,5.23,14.44,0.05,0.047,take_profit,False,1,1,472283.13,22197.31,2014
CHENNPETRO,2014-05-20,2014-05-21,77.6724,81.5561,6.99,2.79,6.49,0.05,0.047,take_profit,False,1,1,408089.95,19180.23,2014
JKLAKSHMI,2014-05-20,2014-05-21,159.4164,167.3872,7.28,4.34,2.04,0.05,0.047,take_profit,False,1,1,326471.96,15344.18,2014
SJVN,2014-05-20,2014-05-21,13.3315,13.998,1.96,2.95,3.46,0.05,0.047,take_profit,False,1,1,261177.57,12275.35,2014
CARBORUNIV,2014-05-20,2014-05-26,167.8837,162.8472,5.0,5.42,14.48,-0.03,-0.033,stopped_out,True,6,4,208942.05,-6895.09,2014
MRPL,2014-05-21,2014-05-23,63.8368,61.9217,5.4,4.76,2.88,-0.03,-0.033,stopped_out,True,2,2,454778.36,-15007.69,2014
KEI,2014-05-21,2014-05-22,26.6784,28.0124,14.08,3.66,18.12,0.05,0.047,take_profit,False,1,1,363822.69,17099.67,2014
NAVA,2014-05-21,2014-05-22,44.299,46.514,13.23,5.93,18.44,0.05,0.047,take_profit,False,1,1,291058.15,13679.73,2014
HEG,2014-05-21,2014-05-26,39.9431,38.7448,1.53,3.83,1.8,-0.03,-0.033,stopped_out,True,5,3,232846.52,-7683.94,2014
BAJAJELEC,2014-05-22,2014-05-23,316.8472,307.3417,1.24,1.91,9.94,-0.03,-0.033,stopped_out,True,1,1,258727.41,-8538.0,2014
SUZLON,2014-05-22,2014-05-23,20.1649,21.2919,13.67,2.93,14.03,0.055891,0.052891,take_profit_gap,False,1,1,323409.26,17105.44,2014
SBIN,2014-05-23,2014-05-26,244.1419,236.8176,3.3,3.18,9.27,-0.03,-0.033,stopped_out,True,3,1,413076.89,-13631.54,2014
AKZOINDIA,2014-05-23,2014-05-27,665.4627,698.7358,2.07,8.23,3.82,0.05,0.047,take_profit,False,4,2,330461.51,15531.69,2014
AKZOINDIA,2014-05-23,2014-05-27,665.4627,698.7358,4.42,8.23,3.82,0.05,0.047,take_profit,False,4,2,264369.21,12425.35,2014
GRASIM,2014-05-26,2014-05-29,440.7125,462.7481,0.68,2.25,1.72,0.05,0.047,take_profit,False,3,3,376826.35,17710.84,2014
VEDL,2014-05-26,2014-05-27,88.8448,86.1794,2.7,1.77,3.03,-0.03,-0.033,stopped_out,True,1,1,301461.08,-9948.22,2014
WABAG,2014-05-26,2014-05-27,507.5883,492.3606,1.9,1.81,7.04,-0.03,-0.033,stopped_out,True,1,1,241168.86,-7958.57,2014
BHARATFORG,2014-05-27,2014-06-02,229.1219,240.578,1.06,2.82,4.84,0.05,0.047,take_profit,False,6,4,422437.27,19854.55,2014
SONATSOFTW,2014-05-27,2014-05-28,12.8267,13.8957,16.7,7.31,10.58,0.083345,0.080345,take_profit_gap,False,1,1,337949.82,27152.58,2014
HFCL,2014-05-28,2014-05-29,14.9897,15.7392,8.85,2.49,8.16,0.05,0.047,take_profit,False,1,1,274704.27,12911.1,2014
FACT,2014-05-28,2014-05-29,33.5561,32.5494,3.27,2.74,11.79,-0.03,-0.033,stopped_out,True,1,1,219763.41,-7252.19,2014
SONATSOFTW,2014-05-28,2014-05-29,14.4391,14.0059,8.0,7.24,3.81,-0.03,-0.033,stopped_out,True,1,1,343380.33,-11331.55,2014
TECHNOE,2014-05-29,2014-06-02,113.9179,120.8256,2.9,5.68,2.84,0.060638,0.057638,take_profit_gap,False,4,2,215630.46,12428.51,2014
NETWORK18,2014-05-29,2014-05-30,45.3727,51.974,5.62,5.21,5.47,0.145491,0.142491,take_profit_gap,False,1,1,269538.07,38406.75,2014
NAUKRI,2014-05-29,2014-05-30,140.2305,136.0236,1.93,2.21,4.18,-0.03,-0.033,stopped_out,True,1,1,336922.59,-11118.45,2014
PERSISTENT,2014-05-29,2014-06-02,233.7132,226.7018,4.11,1.51,1.97,-0.03,-0.033,stopped_out,True,4,2,421153.24,-13898.06,2014
LUMAXTECH,2014-05-30,2014-06-03,22.1928,23.3025,0.79,2.14,5.67,0.05,0.047,take_profit,False,4,2,299254.16,14064.95,2014
DABUR,2014-05-30,2014-06-13,167.4393,167.8045,1.11,4.46,5.52,0.002181,-0.000819,time_exit,False,14,10,239403.33,-196.07,2014
MFSL,2014-06-02,2014-06-03,284.0295,298.231,9.26,3.39,10.08,0.05,0.047,take_profit,False,1,1,407043.86,19131.06,2014
GRAVITA,2014-06-02,2014-06-03,41.9236,44.0198,9.02,6.27,8.24,0.05,0.047,take_profit,False,1,1,325635.09,15304.85,2014
MINDACORP,2014-06-02,2014-06-03,22.0892,21.4265,1.46,1.57,4.95,-0.03,-0.033,stopped_out,True,1,1,260508.07,-8596.77,2014
TATASTEEL,2014-06-03,2014-06-05,36.9085,38.7539,3.85,1.64,5.89,0.05,0.047,take_profit,False,2,2,474875.51,22319.15,2014
TATAELXSI,2014-06-03,2014-06-05,235.4949,247.2696,2.59,2.5,5.05,0.05,0.047,take_profit,False,2,2,379900.41,17855.32,2014
GABRIEL,2014-06-03,2014-06-05,42.434,41.161,2.38,3.3,8.42,-0.03,-0.033,stopped_out,True,2,2,303920.32,-10029.37,2014
LUMAXTECH,2014-06-03,2014-06-04,24.5176,23.7821,1.39,2.35,7.67,-0.03,-0.033,stopped_out,True,1,1,243136.26,-8023.5,2014
SUBROS,2014-06-04,2014-06-05,36.45,38.2725,4.07,3.18,6.5,0.05,0.047,take_profit,False,1,1,241531.56,11351.98,2014
BATAINDIA,2014-06-05,2014-06-06,539.7801,566.7691,1.61,2.18,2.32,0.05,0.047,take_profit,False,1,1,246563.95,11588.51,2014
GESHIP,2014-06-05,2014-06-06,256.0459,248.3645,0.66,3.73,1.51,-0.03,-0.033,stopped_out,True,1,1,308204.94,-10170.76,2014
RELINFRA,2014-06-05,2014-06-13,716.0152,694.5347,2.85,2.05,6.14,-0.03,-0.033,stopped_out,True,8,6,481570.22,-15891.82,2014
TRENT,2014-06-05,2014-06-09,106.9899,112.3394,2.25,2.74,3.85,0.05,0.047,take_profit,False,4,2,385256.18,18107.04,2014
LUMAXTECH,2014-06-06,2014-06-09,27.8184,29.2093,8.76,5.04,3.33,0.05,0.047,take_profit,False,3,1,308488.49,14498.96,2014
ABB,2014-06-06,2014-06-16,878.3244,851.9747,3.61,2.16,5.44,-0.03,-0.033,stopped_out,True,10,6,246790.79,-8144.1,2014
CGCL,2014-06-09,2014-06-11,31.6666,33.25,8.32,6.22,6.71,0.05,0.047,take_profit,False,2,2,342702.77,16107.03,2014
IDEA,2014-06-09,2014-06-12,87.2671,84.6491,2.56,2.11,3.79,-0.03,-0.033,stopped_out,True,3,3,274162.22,-9047.35,2014
KPRMILL,2014-06-11,2014-06-12,19.2985,20.2634,4.37,3.55,5.69,0.05,0.047,take_profit,False,1,1,291091.73,13681.31,2014
EDELWEISS,2014-06-12,2014-06-13,25.1217,24.368,0.67,4.28,9.17,-0.03,-0.033,stopped_out,True,1,1,346850.97,-11446.08,2014
NATCOPHARM,2014-06-12,2014-06-13,156.3521,164.1697,4.99,2.4,4.16,0.05,0.047,take_profit,False,1,1,277480.77,13041.6,2014
ESCORTS,2014-06-13,2014-06-17,129.5828,136.0619,0.8,5.16,1.81,0.05,0.047,take_profit,False,4,2,249931.37,11746.77,2014
MAHLIFE,2014-06-13,2014-06-16,154.6663,162.3996,6.67,6.89,6.13,0.05,0.047,take_profit,False,3,1,312414.21,14683.47,2014
NATCOPHARM,2014-06-13,2014-06-17,163.0975,171.2524,3.15,2.64,3.14,0.05,0.047,take_profit,False,4,2,390517.76,18354.33,2014
AJANTPHARM,2014-06-13,2014-06-18,341.361,331.1201,2.74,4.24,4.67,-0.03,-0.033,stopped_out,True,5,3,488147.2,-16108.86,2014
WEBELSOLAR,2014-06-16,2014-06-18,2.056,2.2589,6.63,3.67,2.24,0.098657,0.095657,take_profit_gap,False,2,2,313093.97,29949.63,2014
ABFRL,2014-06-16,2014-06-17,123.275,129.4388,7.24,3.48,8.7,0.05,0.047,take_profit,False,1,1,250475.18,11772.33,2014
CEATLTD,2014-06-17,2014-06-18,450.7139,473.2496,9.59,4.84,11.28,0.05,0.047,take_profit,False,1,1,386939.69,18186.17,2014
RCF,2014-06-17,2014-06-18,49.9418,48.4435,2.06,2.54,7.69,-0.03,-0.033,stopped_out,True,1,1,309551.75,-10215.21,2014
NBCC,2014-06-17,2014-06-20,12.4314,12.0585,1.3,1.62,6.43,-0.03,-0.033,stopped_out,True,3,3,247641.4,-8172.17,2014
HIKAL,2014-06-18,2014-06-20,64.3705,62.4394,1.35,3.02,3.42,-0.03,-0.033,stopped_out,True,2,2,502021.99,-16566.73,2014
STLTECH,2014-06-18,2014-06-20,60.8657,63.909,6.85,1.86,1.98,0.05,0.047,take_profit,False,2,2,401617.59,18876.03,2014
JKCEMENT,2014-06-18,2014-06-19,375.4176,364.155,1.66,2.36,3.15,-0.03,-0.033,stopped_out,True,1,1,321294.07,-10602.7,2014
VIPIND,2014-06-18,2014-06-19,99.8112,104.8017,3.92,3.43,2.91,0.05,0.047,take_profit,False,1,1,257035.26,12080.66,2014
NATCOPHARM,2014-06-19,2014-06-20,188.8983,198.3432,5.62,2.68,6.94,0.05,0.047,take_profit,False,1,1,257271.73,12091.77,2014
AARTIDRUGS,2014-06-19,2014-06-23,63.1395,66.2964,1.44,2.93,5.66,0.05,0.047,take_profit,False,4,2,321589.66,15114.71,2014
FSL,2014-06-20,2014-07-01,31.4588,33.0318,2.27,2.16,7.01,0.05,0.047,take_profit,False,11,7,488773.71,22972.36,2014
PERSISTENT,2014-06-20,2014-06-25,240.0213,252.0224,2.58,1.89,3.55,0.05,0.047,take_profit,False,5,3,391018.97,18377.89,2014
CIEINDIA,2014-06-20,2014-06-23,115.9233,121.7195,4.55,2.01,5.68,0.05,0.047,take_profit,False,3,1,312815.17,14702.31,2014
GRANULES,2014-06-20,2014-06-23,41.9316,44.0282,1.94,2.11,2.98,0.05,0.047,take_profit,False,3,1,250252.14,11761.85,2014
AARTIDRUGS,2014-06-23,2014-06-26,65.243,63.2857,1.0,1.86,1.61,-0.03,-0.033,stopped_out,True,3,3,385448.88,-12719.81,2014
PRAJIND,2014-06-23,2014-07-07,58.551,59.1849,1.88,1.8,4.36,0.010827,0.007827,time_exit,False,14,10,308359.11,2413.53,2014
JKTYRE,2014-06-23,2014-06-24,52.9775,55.6264,4.01,2.96,4.09,0.05,0.047,take_profit,False,1,1,246687.28,11594.3,2014
IGL,2014-06-24,2014-06-30,29.0828,30.5369,1.32,1.55,1.81,0.05,0.047,take_profit,False,6,4,249006.15,11703.29,2014
ASHOKLEY,2014-06-25,2014-06-27,15.7935,15.3197,2.62,2.88,5.1,-0.03,-0.033,stopped_out,True,2,2,281084.29,-9275.78,2014
THANGAMAYL,2014-06-26,2014-07-02,87.6505,84.0603,4.21,4.51,4.84,-0.04096,-0.04396,stopped_out_gap,False,6,4,299413.24,-13162.21,2014
SRF,2014-06-27,2014-06-30,110.5773,107.26,5.94,7.95,11.05,-0.03,-0.033,stopped_out,True,3,1,293892.3,-9698.45,2014
JPPOWER,2014-06-30,2014-07-02,23.962,23.2431,5.22,1.51,8.13,-0.03,-0.033,stopped_out,True,2,2,275275.6,-9084.09,2014
UNOMINDA,2014-06-30,2014-07-01,10.9198,10.5922,13.03,13.64,16.29,-0.03,-0.033,stopped_out,True,1,1,344094.49,-11355.12,2014
HCC,2014-07-01,2014-07-02,43.5789,42.2716,11.55,1.91,2.32,-0.03,-0.033,stopped_out,True,1,1,389117.57,-12840.88,2014
IGL,2014-07-01,2014-07-03,31.6949,30.744,0.69,3.46,4.2,-0.03,-0.033,stopped_out,True,2,2,311294.05,-10272.7,2014
ADANIENT,2014-07-02,2014-07-08,69.7539,67.6612,5.13,2.94,6.62,-0.03,-0.033,stopped_out,True,6,4,434779.09,-14347.71,2014
ADANIENT,2014-07-02,2014-07-08,69.7539,67.6612,0.88,2.94,6.62,-0.03,-0.033,stopped_out,True,6,4,347823.27,-11478.17,2014
MCX,2014-07-02,2014-07-08,116.2105,122.021,3.19,2.24,6.96,0.05,0.047,take_profit,False,6,4,278258.62,13078.15,2014
BATAINDIA,2014-07-03,2014-07-08,613.564,595.157,1.17,2.05,4.11,-0.03,-0.033,stopped_out,True,5,3,282811.16,-9332.77,2014
MOTILALOFS,2014-07-07,2014-07-09,224.2853,217.5567,4.37,1.87,7.02,-0.03,-0.033,stopped_out,True,2,2,288403.46,-9517.31,2014
MCX,2014-07-08,2014-07-09,117.781,123.67,1.78,3.25,3.62,0.05,0.047,take_profit,False,1,1,495041.09,23266.93,2014
CHOLAFIN,2014-07-08,2014-07-09,82.6641,80.1841,1.19,2.02,2.07,-0.03,-0.033,stopped_out,True,1,1,396032.88,-13069.08,2014
SHAKTIPUMP,2014-07-09,2014-07-11,34.2585,36.5415,1.97,2.76,1.77,0.066643,0.063643,take_profit_gap,False,2,2,552857.89,35185.53,2014
GPPL,2014-07-10,2014-07-11,81.2696,85.3331,2.84,1.87,7.6,0.05,0.047,take_profit,False,1,1,283063.24,13303.97,2014
SHAKTIPUMP,2014-07-10,2014-07-15,35.935,33.4518,1.96,2.12,2.94,-0.069103,-0.072103,stopped_out_gap,False,5,3,442286.31,-31890.17,2014
RELAXO,2014-07-10,2014-07-11,95.1036,99.8588,1.16,2.49,6.67,0.05,0.047,take_profit,False,1,1,353829.05,16629.97,2014
DCBBANK,2014-07-15,2014-07-17,76.1251,79.9314,2.62,1.52,3.28,0.05,0.047,take_profit,False,2,2,559503.75,26296.68,2014
PGIL,2014-07-15,2014-07-21,92.8603,98.7874,1.17,1.55,2.0,0.063828,0.060828,take_profit_gap,False,6,4,447603.0,27226.8,2014
MPHASIS,2014-07-15,2014-07-17,317.4022,333.2724,3.91,3.59,6.41,0.05,0.047,take_profit,False,2,2,358082.4,16829.87,2014
ASHOKA,2014-07-15,2014-07-16,94.1886,98.898,3.01,1.99,2.88,0.05,0.047,take_profit,False,1,1,286465.92,13463.9,2014
THOMASCOOK,2014-07-15,2014-07-22,41.3253,43.4199,1.02,2.26,2.34,0.050687,0.047687,take_profit_gap,False,7,5,229172.74,10928.56,2014
ASAHIINDIA,2014-07-16,2014-07-18,88.1629,85.518,1.75,1.74,2.52,-0.03,-0.033,stopped_out,True,2,2,243324.15,-8029.7,2014
EMAMILTD,2014-07-17,2014-08-01,224.7729,225.3337,2.6,2.47,4.39,0.002495,-0.000505,time_exit,False,15,10,309441.49,-156.27,2014
MPHASIS,2014-07-17,2014-07-21,343.3104,333.0111,1.08,2.56,6.77,-0.03,-0.033,stopped_out,True,4,2,386801.86,-12764.46,2014
APLAPOLLO,2014-07-18,2014-07-22,31.4197,30.4771,6.25,2.84,2.56,-0.03,-0.033,stopped_out,True,4,2,294612.08,-9722.2,2014
JUBLFOOD,2014-07-21,2014-07-25,125.8819,121.588,1.1,1.51,3.14,-0.034111,-0.037111,stopped_out_gap,False,4,4,324370.49,-12037.71,2014
BATAINDIA,2014-07-21,2014-07-28,600.9812,582.9518,2.67,2.03,3.61,-0.03,-0.033,stopped_out,True,7,5,405463.11,-13380.28,2014
SHILPAMED,2014-07-22,2014-07-23,124.4777,120.7434,1.43,2.08,3.36,-0.03,-0.033,stopped_out,True,1,1,364494.62,-12028.32,2014
AVANTIFEED,2014-07-22,2014-07-23,43.0144,45.1652,1.79,3.09,1.77,0.05,0.047,take_profit,False,1,1,291595.7,13705.0,2014
GVT&D,2014-07-23,2014-07-24,344.9131,334.5657,1.88,4.83,2.16,-0.03,-0.033,stopped_out,True,1,1,364829.96,-12039.39,2014
AURIONPRO,2014-07-23,2014-07-25,94.2042,91.3781,1.94,3.47,5.49,-0.03,-0.033,stopped_out,True,2,2,291863.97,-9631.51,2014
GABRIEL,2014-07-24,2014-07-25,48.2764,46.8281,1.27,6.25,11.69,-0.03,-0.033,stopped_out,True,1,1,304049.29,-10033.63,2014
HINDUNILVR,2014-07-25,2014-07-30,549.8446,577.3368,1.45,2.11,3.24,0.05,0.047,take_profit,False,5,2,420955.61,19784.91,2014
GLENMARK,2014-07-25,2014-08-01,612.233,642.8446,3.32,3.81,4.31,0.05,0.047,take_profit,False,7,4,336764.49,15827.93,2014
GLENMARK,2014-07-25,2014-08-01,612.233,642.8446,2.51,3.81,4.31,0.05,0.047,take_profit,False,7,4,269411.59,12662.34,2014
JKLAKSHMI,2014-07-28,2014-07-30,230.0965,241.6014,1.06,4.52,6.47,0.05,0.047,take_profit,False,2,1,293945.84,13815.45,2014
ARVIND,2014-07-30,2014-07-31,76.3716,74.0805,2.97,3.67,14.54,-0.03,-0.033,stopped_out,True,1,1,307885.63,-10160.23,2014
DCMSHRIRAM,2014-07-30,2014-08-01,148.062,143.6202,6.98,7.41,6.13,-0.03,-0.033,stopped_out,True,2,2,384857.03,-12700.28,2014
GRANULES,2014-07-31,2014-08-04,58.863,61.8062,2.43,2.08,7.64,0.05,0.047,take_profit,False,4,2,305853.58,14375.12,2014
SUDARSCHEM,2014-08-01,2014-08-04,73.7936,80.302,3.45,1.66,4.67,0.088197,0.085197,take_profit_gap,False,3,1,507904.53,43271.94,2014
JKLAKSHMI,2014-08-01,2014-08-06,250.2107,262.7212,0.88,4.41,10.02,0.05,0.047,take_profit,False,5,3,406323.62,19097.21,2014
TVSMOTOR,2014-08-01,2014-08-04,142.4584,149.5814,6.11,2.04,3.78,0.05,0.047,take_profit,False,3,1,325058.9,15277.77,2014
THOMASCOOK,2014-08-01,2014-08-04,49.8076,48.3134,3.73,9.7,13.86,-0.03,-0.033,stopped_out,True,3,1,260047.12,-8581.55,2014
INFY,2014-08-04,2014-08-19,320.4524,327.7299,2.25,1.57,3.3,0.02271,0.01971,time_exit,False,15,10,500679.18,9868.39,2014
AURIONPRO,2014-08-04,2014-08-07,110.2991,115.814,2.37,4.69,7.01,0.05,0.047,take_profit,False,3,3,400543.34,18825.54,2014
HINDPETRO,2014-08-04,2014-08-06,36.5612,35.4643,0.69,1.72,4.44,-0.03,-0.033,stopped_out,True,2,2,320434.67,-10574.34,2014
GHCL,2014-08-04,2014-08-11,48.017,50.4179,2.49,2.87,5.76,0.05,0.047,take_profit,False,7,5,256347.74,12048.34,2014
ADANIENT,2014-08-06,2014-08-11,65.6676,68.951,1.19,1.79,2.9,0.05,0.047,take_profit,False,5,3,352134.42,16550.32,2014
KRBL,2014-08-06,2014-08-07,82.2243,79.7576,3.55,13.49,7.95,-0.03,-0.033,stopped_out,True,1,1,281707.54,-9296.35,2014
USHAMART,2014-08-07,2014-08-11,44.0027,42.6826,3.28,3.69,8.28,-0.03,-0.033,stopped_out,True,4,2,363722.04,-12002.83,2014
SUNDRMFAST,2014-08-07,2014-08-08,105.8049,102.6307,6.3,10.93,10.9,-0.03,-0.033,stopped_out,True,1,1,290977.64,-9602.26,2014
APOLLOHOSP,2014-08-08,2014-08-12,971.3176,1019.8835,2.23,2.65,2.54,0.05,0.047,take_profit,False,4,2,289057.18,13585.69,2014
PRSMJOHNSN,2014-08-11,2014-08-13,77.0741,80.9279,0.9,1.54,2.36,0.05,0.047,take_profit,False,2,2,274563.68,12904.49,2014
SARDAEN,2014-08-11,2014-08-12,25.5098,26.7853,3.27,4.82,6.62,0.05,0.047,take_profit,False,1,1,429005.75,20163.27,2014
JBCHEPHARM,2014-08-11,2014-08-13,86.494,83.8992,6.71,4.09,9.18,-0.03,-0.033,stopped_out,True,2,2,343204.6,-11325.75,2014
MARKSANS,2014-08-12,2014-08-14,35.4899,37.2644,3.82,3.01,7.79,0.05,0.047,take_profit,False,2,2,370013.33,17390.63,2014
COROMANDEL,2014-08-12,2014-08-27,220.4585,221.3577,4.38,1.55,5.31,0.004078,0.001078,time_exit,False,15,10,296010.66,319.1,2014
APOLLOHOSP,2014-08-13,2014-08-19,1089.4892,1143.9636,1.41,2.95,4.46,0.05,0.047,take_profit,False,6,3,360677.93,16951.86,2014
MARKSANS,2014-08-13,2014-08-14,36.3614,38.1795,1.2,2.61,1.76,0.05,0.047,take_profit,False,1,1,288542.35,13561.49,2014
DABUR,2014-08-14,2014-08-19,194.6594,204.3924,1.58,3.22,1.82,0.05,0.047,take_profit,False,5,2,368735.44,17330.57,2014
RAIN,2014-08-14,2014-08-20,37.6077,39.4881,1.35,2.88,3.49,0.05,0.047,take_profit,False,6,3,294988.35,13864.45,2014
ASHOKLEY,2014-08-19,2014-08-21,15.6691,15.199,4.23,2.52,6.48,-0.03,-0.033,stopped_out,True,2,2,490839.35,-16197.7,2014
MARKSANS,2014-08-19,2014-08-20,50.8866,53.431,6.76,4.18,14.24,0.05,0.047,take_profit,False,1,1,392671.48,18455.56,2014
NCC,2014-08-19,2014-08-20,41.4554,40.2117,4.82,4.73,12.37,-0.03,-0.033,stopped_out,True,1,1,314137.18,-10366.53,2014
POONAWALLA,2014-08-20,2014-08-21,115.5463,112.0799,3.18,8.8,11.5,-0.03,-0.033,stopped_out,True,1,1,364847.88,-12039.98,2014
FDC,2014-08-20,2014-08-21,143.2026,138.9065,5.58,9.57,11.94,-0.03,-0.033,stopped_out,True,1,1,291878.3,-9631.98,2014
ACE,2014-08-20,2014-08-21,29.4616,30.9562,0.53,3.76,7.11,0.050729,0.047729,take_profit_gap,False,1,1,456059.85,21767.28,2014
PNB,2014-08-21,2014-09-04,174.864,169.6181,3.31,1.52,4.06,-0.03,-0.033,stopped_out,True,14,9,551007.24,-18183.24,2014
POLYMED,2014-08-21,2014-08-25,113.2018,118.8619,2.28,1.85,2.0,0.05,0.047,take_profit,False,4,2,440805.79,20717.87,2014
KITEX,2014-08-21,2014-08-22,74.1105,71.8872,1.34,4.57,6.76,-0.03,-0.033,stopped_out,True,1,1,352644.63,-11637.27,2014
BAJAJ-AUTO,2014-08-21,2014-09-05,1707.6688,1759.8175,1.06,1.83,2.49,0.030538,0.027538,time_exit,False,15,10,282115.71,7768.9,2014
SAREGAMA,2014-08-22,2014-08-26,13.7243,15.1116,4.88,1.5,5.02,0.101079,0.098079,take_profit_gap,False,4,2,293894.04,28824.83,2014
PIDILITIND,2014-08-25,2014-08-26,185.4798,194.7538,1.35,1.9,1.82,0.05,0.047,take_profit,False,1,1,327419.96,15388.74,2014
GREAVESCOT,2014-08-26,2014-08-28,104.9157,101.7682,1.19,8.02,7.75,-0.03,-0.033,stopped_out,True,2,2,395041.49,-13036.37,2014
EIDPARRY,2014-08-26,2014-09-04,190.9229,200.469,1.94,5.99,6.72,0.05,0.047,take_profit,False,9,6,316033.19,14853.56,2014
GABRIEL,2014-08-27,2014-09-02,53.179,55.838,4.34,3.75,8.51,0.05,0.047,take_profit,False,6,3,312092.5,14668.35,2014
DCMSHRIRAM,2014-08-28,2014-09-04,175.2968,184.0616,1.16,1.87,3.51,0.05,0.047,take_profit,False,7,4,326075.03,15325.53,2014
APOLLOTYRE,2014-09-02,2014-09-04,158.7249,166.6612,5.92,1.58,2.63,0.05,0.047,take_profit,False,2,2,326212.19,15331.97,2014
TATACONSUM,2014-09-04,2014-09-12,142.8479,149.9903,2.0,3.0,5.32,0.05,0.047,take_profit,False,8,6,291994.03,13723.72,2014
CEATLTD,2014-09-04,2014-09-08,567.2969,595.6617,2.09,2.08,5.25,0.05,0.047,take_profit,False,4,2,364992.54,17154.65,2014
PHOENIXLTD,2014-09-04,2014-09-18,173.4879,182.1623,2.38,4.11,6.3,0.05,0.047,take_profit,False,14,10,570300.85,26804.14,2014
HSCL,2014-09-04,2014-09-05,29.4076,30.878,2.0,2.71,3.45,0.05,0.047,take_profit,False,1,1,456240.68,21443.31,2014
CIEINDIA,2014-09-05,2014-09-08,191.6088,185.8605,2.91,6.69,7.93,-0.03,-0.033,stopped_out,True,3,1,387108.95,-12774.6,2014
HFCL,2014-09-05,2014-09-08,17.2013,18.0614,11.71,6.83,12.9,0.05,0.047,take_profit,False,3,1,309687.16,14555.3,2014
DEEPAKFERT,2014-09-08,2014-09-16,135.8242,131.7494,4.59,2.72,3.71,-0.03,-0.033,stopped_out,True,8,6,463894.52,-15308.52,2014
NAVA,2014-09-08,2014-09-09,48.1318,46.6879,0.62,2.59,4.93,-0.03,-0.033,stopped_out,True,1,1,371115.62,-12246.82,2014
JWL,2014-09-08,2014-09-09,20.7599,22.3268,2.39,2.11,12.97,0.075479,0.072479,take_profit_gap,False,1,1,296892.5,21518.47,2014
REFEX,2014-09-09,2014-09-10,1.3604,1.3196,2.8,2.14,5.93,-0.03,-0.033,stopped_out,True,1,1,372969.95,-12308.01,2014
EPL,2014-09-09,2014-09-10,43.6875,45.8719,1.99,5.65,4.6,0.05,0.047,take_profit,False,1,1,298375.96,14023.67,2014
CENTURYPLY,2014-09-10,2014-09-12,100.191,105.2385,5.24,2.49,8.25,0.050378,0.047378,take_profit_gap,False,2,2,298650.47,14149.46,2014
NETWORK18,2014-09-10,2014-09-15,52.026,50.4652,0.58,2.71,2.67,-0.03,-0.033,stopped_out,True,5,3,373313.08,-12319.33,2014
DIVISLAB,2014-09-12,2014-09-16,804.4917,780.357,1.92,1.58,1.69,-0.03,-0.033,stopped_out,True,4,2,290099.13,-9573.27,2014
OLECTRA,2014-09-12,2014-09-16,12.7378,13.4237,3.92,2.23,2.41,0.053848,0.050848,take_profit_gap,False,4,2,362623.91,18438.7,2014
ZYDUSWELL,2014-09-15,2014-09-16,129.9442,126.0459,0.59,4.28,5.57,-0.03,-0.033,stopped_out,True,1,1,304278.05,-10041.18,2014
CASTROLIND,2014-09-16,2014-09-17,144.1133,139.7899,0.7,3.12,3.98,-0.03,-0.033,stopped_out,True,1,1,524304.71,-17302.06,2014
ABB,2014-09-17,2014-09-19,1064.1894,1032.2637,0.82,2.9,6.24,-0.03,-0.033,stopped_out,True,2,2,266672.28,-8800.19,2014
MANAPPURAM,2014-09-17,2014-09-18,22.0563,23.1591,4.22,1.56,8.62,0.05,0.047,take_profit,False,1,1,520844.3,24479.68,2014
NBCC,2014-09-17,2014-09-18,24.2413,25.4533,8.98,5.08,15.17,0.05,0.047,take_profit,False,1,1,416675.44,19583.75,2014
JKTYRE,2014-09-17,2014-09-18,71.1843,74.7435,1.54,2.51,7.07,0.05,0.047,take_profit,False,1,1,333340.35,15667.0,2014
JKLAKSHMI,2014-09-18,2014-09-23,319.3686,335.3371,4.67,2.6,7.09,0.05,0.047,take_profit,False,5,3,383281.23,18014.22,2014
ZEEL,2014-09-18,2014-09-25,281.0095,272.5792,3.39,3.45,6.33,-0.03,-0.033,stopped_out,True,7,5,306624.99,-10118.62,2014
CHENNPETRO,2014-09-18,2014-09-22,80.0003,77.6003,4.51,3.9,10.5,-0.03,-0.033,stopped_out,True,4,2,598876.93,-19762.94,2014
NBCC,2014-09-18,2014-09-19,27.5436,26.7173,5.8,6.16,11.83,-0.03,-0.033,stopped_out,True,1,1,479101.54,-15810.35,2014
GRASIM,2014-09-19,2014-09-25,533.7805,517.7671,1.01,1.55,1.55,-0.03,-0.033,stopped_out,True,6,4,311626.12,-10283.66,2014
ESCORTS,2014-09-19,2014-09-23,155.575,150.9078,1.74,1.93,5.46,-0.03,-0.033,stopped_out,True,4,2,389532.65,-12854.58,2014
ANANTRAJ,2014-09-22,2014-09-23,23.8964,23.1795,0.52,3.25,5.78,-0.03,-0.033,stopped_out,True,1,1,365123.69,-12049.08,2014
ICIL,2014-09-23,2014-09-25,32.9292,31.9413,1.55,5.64,3.41,-0.03,-0.033,stopped_out,True,2,2,518308.58,-17104.18,2014
SAMMAANCAP,2014-09-23,2014-09-24,266.8107,258.8064,0.53,2.16,4.12,-0.03,-0.033,stopped_out,True,1,1,414646.86,-13683.35,2014
AUROPHARMA,2014-09-25,2014-09-29,409.8179,430.3088,4.99,3.66,8.23,0.05,0.047,take_profit,False,4,2,631720.84,29690.88,2014
SUNPHARMA,2014-09-26,2014-09-30,739.0227,775.9738,2.26,3.28,4.97,0.05,0.047,take_profit,False,4,2,505376.67,23752.7,2014
ABFRL,2014-09-26,2014-09-30,132.0029,128.0428,5.19,3.21,10.62,-0.03,-0.033,stopped_out,True,4,2,404301.33,-13341.94,2014
TANLA,2014-09-26,2014-09-30,15.4277,16.7802,2.37,1.85,8.33,0.087669,0.084669,take_profit_gap,False,4,2,323441.07,27385.43,2014
STAR,2014-09-29,2014-09-30,520.9061,546.9514,7.15,4.29,7.64,0.05,0.047,take_profit,False,1,1,391035.2,18378.65,2014
AUROPHARMA,2014-09-29,2014-10-07,447.613,469.9937,6.2,1.79,7.48,0.05,0.047,take_profit,False,8,3,312828.16,14702.92,2014
COLPAL,2014-09-30,2014-10-16,701.2864,679.4579,3.27,2.13,3.97,-0.031126,-0.034126,stopped_out_gap,False,16,9,300200.11,-10244.63,2014
MARICO,2014-09-30,2014-10-09,131.625,127.6762,1.06,2.44,4.04,-0.03,-0.033,stopped_out,True,9,4,375250.14,-12383.25,2014
MARICO,2014-09-30,2014-10-09,131.625,127.6762,2.98,2.44,4.04,-0.03,-0.033,stopped_out,True,9,4,586328.35,-19348.84,2014
EICHERMOT,2014-09-30,2014-10-09,1106.8451,1073.6398,2.17,2.08,5.02,-0.03,-0.033,stopped_out,True,9,4,469062.68,-15479.07,2014
VSTIND,2014-10-07,2014-10-21,106.996,108.6313,0.65,1.85,1.82,0.015283,0.012283,time_exit,False,14,10,305666.31,3754.5,2014
FEDERALBNK,2014-10-09,2014-10-10,59.4669,57.6829,2.81,1.7,7.06,-0.03,-0.033,stopped_out,True,1,1,521219.05,-17200.23,2014
NETWORK18,2014-10-09,2014-10-10,49.3747,47.8934,2.43,1.55,6.36,-0.03,-0.033,stopped_out,True,1,1,416975.24,-13760.18,2014
JYOTHYLAB,2014-10-09,2014-10-10,107.8046,104.5705,2.05,2.06,7.48,-0.03,-0.033,stopped_out,True,1,1,333580.19,-11008.15,2014
INFY,2014-10-10,2014-10-21,359.5755,348.7882,4.51,3.87,6.25,-0.03,-0.033,stopped_out,True,11,7,512825.34,-16923.24,2014
BHEL,2014-10-10,2014-10-20,135.0417,141.7938,3.74,2.11,3.07,0.05,0.047,take_profit,False,10,6,410260.27,19282.23,2014
VIPIND,2014-10-10,2014-10-16,111.2375,107.9004,1.7,2.86,5.77,-0.03,-0.033,stopped_out,True,6,4,328208.22,-10830.87,2014
CEATLTD,2014-10-16,2014-10-17,735.5881,772.3675,4.69,3.23,4.49,0.05,0.047,take_profit,False,1,1,384033.14,18049.56,2014
EMAMILTD,2014-10-16,2014-10-17,294.4295,309.1509,3.79,2.38,3.22,0.05,0.047,take_profit,False,1,1,307226.51,14439.65,2014
EMAMILTD,2014-10-17,2014-10-21,310.3817,325.9008,2.52,3.73,5.38,0.05,0.047,take_profit,False,4,2,390530.98,18354.96,2014
INDUSINDBK,2014-10-17,2014-10-27,622.6097,653.7402,0.89,1.75,2.09,0.05,0.047,take_profit,False,10,4,312424.78,14683.96,2014
HINDZINC,2014-10-20,2014-10-29,62.6852,65.8195,0.55,1.94,1.86,0.05,0.047,take_profit,False,9,5,335848.33,15784.87,2014
PFC,2014-10-21,2014-11-10,57.8802,57.7803,1.78,2.67,5.22,-0.001725,-0.004725,time_exit,False,20,10,511520.43,-2416.93,2014
SOBHA,2014-10-21,2014-10-27,388.5968,376.9389,0.76,1.97,6.82,-0.03,-0.033,stopped_out,True,6,2,409216.34,-13504.14,2014
TVSMOTOR,2014-10-21,2014-10-28,243.8267,236.5119,2.51,3.13,5.04,-0.03,-0.033,stopped_out,True,7,3,327373.08,-10803.31,2014
BHEL,2014-10-27,2014-11-11,153.9634,149.3445,1.05,1.64,1.88,-0.03,-0.033,stopped_out,True,15,9,406462.65,-13413.27,2014
BAJFINANCE,2014-10-27,2014-10-29,27.4267,26.6039,2.48,1.73,4.02,-0.03,-0.033,stopped_out,True,2,2,325170.12,-10730.61,2014
ACE,2014-10-28,2014-10-30,30.8918,32.4364,0.62,2.35,4.18,0.05,0.047,take_profit,False,2,2,323450.05,15202.15,2014
GRAVITA,2014-10-29,2014-10-30,85.0932,82.5404,1.94,5.69,5.22,-0.03,-0.033,stopped_out,True,1,1,391974.58,-12935.16,2014
SJVN,2014-10-29,2014-10-30,12.6964,13.3312,1.08,6.38,1.75,0.05,0.047,take_profit,False,1,1,313579.66,14738.24,2014
SRF,2014-10-30,2014-10-31,169.3601,164.2793,3.95,9.69,9.34,-0.03,-0.033,stopped_out,True,1,1,460065.64,-15182.17,2014
PETRONET,2014-10-30,2014-11-07,67.4388,70.8108,0.68,3.04,2.25,0.05,0.047,take_profit,False,8,4,368052.51,17298.47,2014
TITAN,2014-10-30,2014-10-31,400.7435,388.7212,1.23,3.21,1.73,-0.03,-0.033,stopped_out,True,1,1,294442.01,-9716.59,2014
NCC,2014-10-31,2014-11-03,52.6411,51.0619,3.1,4.57,15.83,-0.03,-0.033,stopped_out,True,3,1,305180.31,-10070.95,2014
SAMMAANCAP,2014-10-31,2014-11-03,267.3021,280.6672,4.3,4.88,3.33,0.05,0.047,take_profit,False,3,1,381475.39,17929.34,2014
DCAL,2014-11-03,2014-11-07,81.1521,78.7175,1.69,2.11,5.11,-0.03,-0.033,stopped_out,True,4,2,383047.06,-12640.55,2014
MAHABANK,2014-11-03,2014-11-18,37.9852,39.8844,2.01,7.5,1.7,0.05,0.047,take_profit,False,15,9,306437.65,14402.57,2014
JKIL,2014-11-07,2014-11-11,154.1309,161.8374,1.47,7.12,3.03,0.05,0.047,take_profit,False,4,2,396301.62,18626.18,2014
BPCL,2014-11-07,2014-11-13,65.472,63.5078,2.04,1.52,2.52,-0.03,-0.033,stopped_out,True,6,4,317041.29,-10462.36,2014
SCI,2014-11-10,2014-11-13,59.0423,57.271,1.33,2.84,4.67,-0.03,-0.033,stopped_out,True,3,3,355453.74,-11729.97,2014
MARICO,2014-11-11,2014-11-20,142.0488,137.7873,2.27,1.51,4.87,-0.03,-0.033,stopped_out,True,9,7,445958.42,-14716.63,2014
GPPL,2014-11-11,2014-11-17,115.6825,112.212,0.64,2.14,2.5,-0.03,-0.033,stopped_out,True,6,4,356766.74,-11773.3,2014
ELGIEQUIP,2014-11-13,2014-11-17,62.0085,65.1089,0.61,2.15,6.3,0.05,0.047,take_profit,False,4,2,415473.93,19527.27,2014
GRANULES,2014-11-13,2014-11-14,76.1436,73.8593,1.17,3.53,7.85,-0.03,-0.033,stopped_out,True,1,1,332379.14,-10968.51,2014
BATAINDIA,2014-11-14,2014-11-25,599.9764,581.9771,0.89,2.14,1.62,-0.03,-0.033,stopped_out,True,11,7,330185.44,-10896.12,2014
RECLTD,2014-11-17,2014-11-20,54.2151,52.5886,6.63,2.69,9.48,-0.03,-0.033,stopped_out,True,3,3,336117.83,-11091.89,2014
SUDARSCHEM,2014-11-17,2014-11-18,96.6344,101.4662,16.77,8.93,11.11,0.05,0.047,take_profit,False,1,1,420147.28,19746.92,2014
FINCABLES,2014-11-18,2014-11-21,245.574,238.2068,5.52,1.66,5.96,-0.03,-0.033,stopped_out,True,3,3,421041.14,-13894.36,2014
PGEL,2014-11-18,2014-11-19,9.8874,10.3817,1.87,9.75,6.12,0.05,0.047,take_profit,False,1,1,336832.92,15831.15,2014
MINDACORP,2014-11-19,2014-11-20,68.8524,66.7868,6.48,6.52,3.22,-0.03,-0.033,stopped_out,True,1,1,339999.15,-11219.97,2014
JINDALSAW,2014-11-20,2014-11-25,44.5369,43.2008,1.12,2.32,8.98,-0.03,-0.033,stopped_out,True,5,3,489008.7,-16137.29,2014
HIKAL,2014-11-20,2014-11-25,93.6097,90.8014,5.46,10.15,7.33,-0.03,-0.033,stopped_out,True,5,3,391206.96,-12909.83,2014
KOTAKBANK,2014-11-20,2014-11-21,114.8993,120.6443,8.15,3.32,5.63,0.05,0.047,take_profit,False,1,1,312965.57,14709.38,2014
SOUTHBANK,2014-11-21,2014-11-25,22.1577,21.493,2.33,3.58,2.2,-0.03,-0.033,stopped_out,True,4,2,397336.8,-13112.11,2014
YESBANK,2014-11-21,2014-11-25,133.8444,129.829,1.49,2.23,1.59,-0.03,-0.033,stopped_out,True,4,2,317869.44,-10489.69,2014
HINDUNILVR,2014-11-25,2014-12-01,639.544,671.5212,0.78,1.56,2.08,0.05,0.047,take_profit,False,6,4,256699.6,12064.88,2014
DABUR,2014-11-25,2014-12-09,218.2162,214.7223,0.91,1.9,1.76,-0.016011,-0.019011,time_exit,False,14,10,401093.13,-7625.18,2014
ZEEL,2014-11-25,2014-11-26,361.1539,350.3193,0.88,10.67,1.52,-0.03,-0.033,stopped_out,True,1,1,320874.5,-10588.86,2014
DABUR,2014-11-25,2014-12-09,218.2162,214.7223,0.66,1.9,1.76,-0.016011,-0.019011,time_exit,False,14,10,626708.01,-11914.35,2014
JKLAKSHMI,2014-11-25,2014-11-27,371.2078,360.0716,0.67,2.05,2.74,-0.03,-0.033,stopped_out,True,2,2,501366.41,-16545.09,2014
VGUARD,2014-11-26,2014-12-02,75.6108,73.3425,1.9,1.75,3.35,-0.03,-0.033,stopped_out,True,6,4,267416.81,-8824.75,2014
CENTURYPLY,2014-11-27,2014-11-28,158.445,166.3672,5.03,3.25,7.82,0.05,0.047,take_profit,False,1,1,310897.71,14612.19,2014
PERSISTENT,2014-11-28,2014-12-01,333.2744,349.9381,3.43,1.55,5.69,0.05,0.047,take_profit,False,3,1,313820.15,14749.55,2014
OFSS,2014-12-01,2014-12-08,2137.929,2073.7912,0.87,2.15,3.36,-0.03,-0.033,stopped_out,True,7,5,370522.96,-12227.26,2014
SUDARSCHEM,2014-12-01,2014-12-03,102.1251,107.2313,1.68,4.17,5.68,0.05,0.047,take_profit,False,2,2,296418.36,13931.66,2014
SPARC,2014-12-02,2014-12-05,198.3999,192.4479,4.66,10.15,5.08,-0.03,-0.033,stopped_out,True,3,3,288853.1,-9532.15,2014
APLLTD,2014-12-03,2014-12-05,404.9863,392.8367,1.76,1.81,4.8,-0.03,-0.033,stopped_out,True,2,2,293152.49,-9674.03,2014
RKFORGE,2014-12-05,2014-12-08,64.6261,62.6873,0.82,5.42,2.19,-0.03,-0.033,stopped_out,True,3,1,277665.5,-9162.96,2014
RADICO,2014-12-05,2014-12-08,94.6648,91.8249,2.88,7.11,5.38,-0.03,-0.033,stopped_out,True,3,1,347081.87,-11453.7,2014
TANLA,2014-12-08,2014-12-09,16.0667,15.5847,5.59,3.12,4.76,-0.03,-0.033,stopped_out,True,1,1,265355.31,-8756.73,2014
THANGAMAYL,2014-12-08,2014-12-09,101.3512,98.3106,4.5,3.33,8.94,-0.03,-0.033,stopped_out,True,1,1,331694.14,-10945.91,2014
BAJAJFINSV,2014-12-08,2014-12-09,135.2184,131.1618,2.72,1.7,7.05,-0.03,-0.033,stopped_out,True,1,1,414617.68,-13682.38,2014
CHOLAHLDNG,2014-12-09,2014-12-12,214.2818,207.8534,1.2,2.15,2.36,-0.03,-0.033,stopped_out,True,3,3,609593.0,-20116.57,2014
SPARC,2014-12-09,2014-12-12,196.3131,190.4237,0.51,3.86,2.52,-0.03,-0.033,stopped_out,True,3,3,487674.4,-16093.26,2014
CCL,2014-12-09,2014-12-17,138.5375,134.3814,2.02,1.67,4.2,-0.03,-0.033,stopped_out,True,8,6,390139.52,-12874.6,2014
JMFINANCIL,2014-12-09,2014-12-11,39.448,41.4204,0.82,2.53,4.36,0.05,0.047,take_profit,False,2,2,312111.61,14669.25,2014
SCHNEIDER,2014-12-10,2014-12-11,165.8329,160.8579,1.78,10.17,13.53,-0.03,-0.033,stopped_out,True,1,1,249689.29,-8239.75,2014
INDUSTOWER,2014-12-11,2014-12-12,241.0765,233.8442,2.42,3.18,4.74,-0.03,-0.033,stopped_out,True,1,1,313397.51,-10342.12,2014
NETWORK18,2014-12-11,2014-12-12,69.3347,67.2546,2.38,6.07,13.61,-0.03,-0.033,stopped_out,True,1,1,250718.01,-8273.69,2014
HIKAL,2014-12-12,2014-12-16,93.915,91.0975,4.91,4.28,5.27,-0.03,-0.033,stopped_out,True,4,2,521885.87,-17222.23,2014
BSOFT,2014-12-12,2014-12-16,98.0771,95.1347,3.36,3.29,4.89,-0.03,-0.033,stopped_out,True,4,2,417508.69,-13777.79,2014
TORNTPHARM,2014-12-15,2014-12-16,473.6015,459.3935,1.63,2.29,4.2,-0.03,-0.033,stopped_out,True,1,1,267205.56,-8817.78,2014
MARKSANS,2014-12-15,2014-12-16,57.3689,55.6478,1.01,2.51,13.31,-0.03,-0.033,stopped_out,True,1,1,334006.95,-11022.23,2014
RECLTD,2014-12-17,2014-12-18,50.3599,52.8779,1.51,1.61,6.08,0.05,0.047,take_profit,False,1,1,587170.84,27597.03,2014
RELAXO,2014-12-18,2014-12-19,131.0459,137.5982,2.42,4.48,3.92,0.05,0.047,take_profit,False,1,1,592690.25,27856.44,2014
SHILPAMED,2014-12-18,2014-12-19,150.0277,157.5291,9.84,3.98,12.86,0.05,0.047,take_profit,False,1,1,474152.2,22285.15,2014
TORNTPOWER,2014-12-18,2014-12-19,140.6208,136.4022,1.18,5.52,10.0,-0.03,-0.033,stopped_out,True,1,1,379321.76,-12517.62,2014
AARTIDRUGS,2014-12-18,2014-12-19,96.9446,94.0363,1.56,1.77,8.55,-0.03,-0.033,stopped_out,True,1,1,303457.41,-10014.09,2014
DCBBANK,2014-12-18,2014-12-19,107.7135,104.4821,4.49,3.18,8.45,-0.03,-0.033,stopped_out,True,1,1,242765.93,-8011.28,2014
CASTROLIND,2014-12-19,2015-01-05,166.6269,164.8199,0.73,1.61,2.74,-0.010845,-0.013845,time_exit,False,17,10,305464.3,-4229.15,2015
CASTROLIND,2014-12-19,2015-01-05,166.6269,164.8199,1.19,1.61,2.74,-0.010845,-0.013845,time_exit,False,17,10,596609.97,-8260.07,2015
JKTYRE,2014-12-19,2014-12-22,131.5437,127.5974,13.51,1.57,5.34,-0.03,-0.033,stopped_out,True,3,1,477287.98,-15750.5,2014
MARKSANS,2014-12-19,2014-12-23,60.3755,63.3943,7.31,4.06,10.08,0.05,0.047,take_profit,False,4,2,381830.38,17946.03,2014
NCC,2014-12-19,2014-12-22,73.8211,77.5121,4.05,2.59,9.13,0.05,0.047,take_profit,False,3,1,244371.44,11485.46,2014
PETRONET,2014-12-22,2015-01-06,71.3417,69.9594,1.31,1.62,4.13,-0.019376,-0.022376,time_exit,False,15,10,271180.82,-6067.94,2015
SURYAROSNI,2014-12-22,2014-12-24,23.484,22.7795,2.44,1.58,4.4,-0.03,-0.033,stopped_out,True,2,2,338976.03,-11186.21,2014
GRANULES,2014-12-23,2015-01-02,75.8103,79.6008,1.05,4.88,5.42,0.05,0.047,take_profit,False,10,7,296899.94,13954.3,2015
ACE,2014-12-24,2015-01-01,36.1358,37.9426,0.53,1.53,4.26,0.05,0.047,take_profit,False,8,5,303077.92,14244.66,2015
EXIDEIND,2015-01-01,2015-01-06,167.8703,162.8342,1.83,2.35,5.81,-0.03,-0.033,stopped_out,True,5,3,305926.85,-10095.59,2015
AARTIDRUGS,2015-01-02,2015-01-06,113.5973,110.1893,5.42,5.96,9.65,-0.03,-0.033,stopped_out,True,4,2,306912.33,-10128.11,2015
GSPL,2015-01-05,2015-01-06,109.2957,114.7605,3.79,4.95,8.92,0.05,0.047,take_profit,False,1,1,423446.87,19902.0,2015
WABAG,2015-01-05,2015-01-06,775.1976,751.9417,2.08,4.28,3.07,-0.03,-0.033,stopped_out,True,1,1,338757.5,-11179.0,2015
TI,2015-01-06,2015-01-07,30.1246,31.6308,1.32,4.61,4.84,0.05,0.047,take_profit,False,1,1,596737.15,28046.65,2015
CASTROLIND,2015-01-06,2015-01-15,169.0737,164.0015,1.91,2.83,2.96,-0.03,-0.033,stopped_out,True,9,7,477389.72,-15753.86,2015
TI,2015-01-06,2015-01-07,30.1246,31.6308,2.06,4.61,4.84,0.05,0.047,take_profit,False,1,1,381911.77,17949.85,2015
JUBLPHARMA,2015-01-07,2015-01-08,108.4332,105.1803,0.5,8.67,6.63,-0.03,-0.033,stopped_out,True,1,1,261354.75,-8624.71,2015
TVSMOTOR,2015-01-07,2015-01-08,260.4874,273.5118,2.3,1.74,3.11,0.05,0.047,take_profit,False,1,1,326693.44,15354.59,2015
ASHOKLEY,2015-01-07,2015-01-09,24.7265,23.9847,5.11,2.03,5.02,-0.03,-0.033,stopped_out,True,2,2,408366.8,-13476.1,2015
KOTAKBANK,2015-01-07,2015-01-08,126.3029,132.618,1.9,1.96,1.92,0.05,0.047,take_profit,False,1,1,510458.5,23991.55,2015
SPARC,2015-01-08,2015-01-12,198.9465,208.8938,3.07,2.91,4.82,0.05,0.047,take_profit,False,4,2,434929.43,20441.68,2015
KOTAKBANK,2015-01-08,2015-01-13,133.1718,139.8304,2.73,3.28,3.13,0.05,0.047,take_profit,False,5,3,347943.54,16353.35,2015
BERGEPAINT,2015-01-08,2015-01-09,134.4707,141.1942,8.96,2.59,7.1,0.05,0.047,take_profit,False,1,1,278354.83,13082.68,2015
GODREJCP,2015-01-09,2015-01-13,312.4334,328.0551,1.79,2.7,2.56,0.05,0.047,take_profit,False,4,2,359949.51,16917.63,2015
RKFORGE,2015-01-09,2015-01-12,72.5894,76.2189,0.57,2.95,8.1,0.05,0.047,take_profit,False,3,1,287959.61,13534.1,2015
BLUEDART,2015-01-12,2015-01-14,6770.2086,7108.719,2.71,2.22,3.42,0.05,0.047,take_profit,False,2,2,381740.65,17941.81,2015
HINDUNILVR,2015-01-12,2015-01-16,748.8771,786.321,0.89,2.57,3.35,0.05,0.047,take_profit,False,4,4,305392.52,14353.45,2015
APOLLOHOSP,2015-01-13,2015-01-19,1106.5672,1161.8955,1.93,2.17,2.78,0.05,0.047,take_profit,False,6,4,392546.82,18449.7,2015
APLAPOLLO,2015-01-13,2015-01-14,33.2953,32.2964,2.07,5.64,6.04,-0.03,-0.033,stopped_out,True,1,1,314037.46,-10363.24,2015
ULTRACEMCO,2015-01-14,2015-01-15,2785.179,2924.438,1.62,2.33,2.82,0.05,0.047,take_profit,False,1,1,313521.04,14735.49,2015
JAMNAAUTO,2015-01-14,2015-01-15,12.8937,12.5069,1.65,4.45,7.29,-0.03,-0.033,stopped_out,True,1,1,391901.3,-12932.74,2015
POWERGRID,2015-01-15,2015-01-22,49.8081,52.2986,2.73,1.53,4.73,0.05,0.047,take_profit,False,7,5,484589.02,22775.68,2015
INDIACEM,2015-01-15,2015-01-16,92.7169,97.3527,3.14,2.0,6.59,0.05,0.047,take_profit,False,1,1,387671.22,18220.55,2015
AURIONPRO,2015-01-15,2015-01-16,110.2359,106.9288,1.39,2.02,2.1,-0.03,-0.033,stopped_out,True,1,1,310136.97,-10234.52,2015
NATCOPHARM,2015-01-16,2015-01-21,280.103,266.2909,0.53,2.76,2.98,-0.049311,-0.052311,stopped_out_gap,False,5,3,453217.62,-23708.27,2015
BLUESTARCO,2015-01-16,2015-01-21,157.192,152.4763,2.64,1.66,2.74,-0.03,-0.033,stopped_out,True,5,3,362574.09,-11964.95,2015
APLAPOLLO,2015-01-16,2015-01-20,36.4022,35.3102,2.33,8.65,5.53,-0.03,-0.033,stopped_out,True,4,2,290059.28,-9571.96,2015
VIPIND,2015-01-19,2015-01-28,107.8792,113.2732,0.68,1.56,2.31,0.05,0.047,take_profit,False,9,6,314246.72,14769.6,2015
TTML,2015-01-20,2015-01-21,9.5254,10.0017,6.03,2.77,9.94,0.05,0.047,take_profit,False,1,1,307494.84,14452.26,2015
DBREALTY,2015-01-21,2015-01-22,72.1861,75.7954,7.07,1.92,7.69,0.05,0.047,take_profit,False,1,1,373127.2,17536.98,2015
POLYMED,2015-01-21,2015-01-27,226.9321,238.2787,1.2,1.86,3.88,0.05,0.047,take_profit,False,6,3,298501.76,14029.58,2015
SBIN,2015-01-21,2015-01-30,290.9003,282.1733,0.61,1.84,1.97,-0.03,-0.033,stopped_out,True,9,6,466409.0,-15391.5,2015
STLTECH,2015-01-22,2015-01-27,61.6279,59.7791,3.4,8.84,7.3,-0.03,-0.033,stopped_out,True,5,2,418407.18,-13807.44,2015
EXIDEIND,2015-01-22,2015-01-23,171.1226,179.6787,2.99,2.35,3.25,0.05,0.047,take_profit,False,1,1,334725.75,15732.11,2015
RPOWER,2015-01-23,2015-01-28,63.5133,61.6079,1.77,2.41,3.68,-0.03,-0.033,stopped_out,True,5,2,337872.17,-11149.78,2015
DCBBANK,2015-01-27,2015-01-28,117.1995,113.6835,1.3,2.26,4.7,-0.03,-0.033,stopped_out,True,1,1,413723.95,-13652.89,2015
ASAHIINDIA,2015-01-27,2015-01-29,134.2217,130.195,0.5,2.04,3.77,-0.03,-0.033,stopped_out,True,2,2,330979.16,-10922.31,2015
BAJAJFINSV,2015-01-28,2015-01-30,144.2595,139.9317,1.93,3.4,5.05,-0.03,-0.033,stopped_out,True,2,2,475945.28,-15706.19,2015
ASIANPAINT,2015-01-28,2015-01-29,832.6379,807.6588,1.25,1.68,1.93,-0.03,-0.033,stopped_out,True,1,1,380756.23,-12564.96,2015
DCAL,2015-01-28,2015-01-29,78.6774,76.317,8.07,6.21,16.13,-0.03,-0.033,stopped_out,True,1,1,304604.98,-10051.96,2015
MRPL,2015-01-29,2015-02-03,48.7388,47.2766,5.15,4.83,8.32,-0.03,-0.033,stopped_out,True,5,3,352195.37,-11622.45,2015
AUROPHARMA,2015-01-29,2015-02-05,577.1089,550.3141,2.87,1.95,3.17,-0.046429,-0.049429,stopped_out_gap,False,7,5,440244.21,-21760.83,2015
BPCL,2015-01-29,2015-02-05,63.29,66.4545,2.92,2.25,3.18,0.05,0.047,take_profit,False,7,5,281756.3,13242.55,2015
HCC,2015-01-30,2015-02-02,31.2368,30.2997,10.49,7.98,9.09,-0.03,-0.033,stopped_out,True,3,1,407656.35,-13452.66,2015
GMRAIRPORT,2015-01-30,2015-02-02,17.0677,17.9211,0.87,3.0,10.29,0.05,0.047,take_profit,False,3,1,326125.08,15327.88,2015
AURIONPRO,2015-02-02,2015-02-04,113.1843,109.7888,2.13,2.01,6.13,-0.03,-0.033,stopped_out,True,2,2,408031.4,-13465.04,2015
UPL,2015-02-02,2015-02-03,235.8885,247.6829,3.94,2.21,6.46,0.05,0.047,take_profit,False,1,1,326425.12,15341.98,2015
SUBROS,2015-02-03,2015-02-06,70.3836,68.2721,6.17,3.34,6.81,-0.03,-0.033,stopped_out,True,3,3,318086.48,-10496.85,2015
UPL,2015-02-03,2015-02-11,249.3661,261.8344,4.67,3.28,4.85,0.05,0.047,take_profit,False,8,6,397608.1,18687.58,2015
ICIL,2015-02-04,2015-02-06,85.5174,82.9518,1.6,1.95,6.19,-0.03,-0.033,stopped_out,True,2,2,333382.46,-11001.62,2015
JUBLFOOD,2015-02-05,2015-02-06,139.7555,146.7433,1.28,7.28,6.31,0.05,0.047,take_profit,False,1,1,409402.41,19241.91,2015
JKIL,2015-02-05,2015-02-06,242.1895,234.9238,0.86,2.93,4.96,-0.03,-0.033,stopped_out,True,1,1,327521.93,-10808.22,2015
SONATSOFTW,2015-02-06,2015-02-10,36.303,35.2139,9.55,11.39,12.26,-0.03,-0.033,stopped_out,True,4,2,537083.24,-17723.75,2015
ZYDUSWELL,2015-02-09,2015-02-11,160.8775,156.0511,1.86,5.39,5.46,-0.03,-0.033,stopped_out,True,2,2,429666.59,-14179.0,2015
WOCKPHARMA,2015-02-09,2015-02-11,1196.6348,1256.4665,3.1,1.92,6.94,0.05,0.047,take_profit,False,2,2,343733.27,16155.46,2015
MOTHERSON,2015-02-10,2015-02-20,32.5988,34.2849,1.52,3.02,6.09,0.051722,0.048722,take_profit_gap,False,10,7,378858.52,18458.74,2015
FORTIS,2015-02-10,2015-02-11,115.4805,121.2546,0.65,1.55,2.29,0.05,0.047,take_profit,False,1,1,303086.81,14245.08,2015
TECHNOE,2015-02-11,2015-02-12,181.0126,190.0633,0.78,5.27,3.25,0.05,0.047,take_profit,False,1,1,348332.95,16371.65,2015
FORTIS,2015-02-11,2015-02-18,138.5468,145.4742,13.06,15.58,17.59,0.05,0.047,take_profit,False,7,4,278666.36,13097.32,2015
BHARATFORG,2015-02-11,2015-02-13,526.5529,552.8805,0.66,1.58,3.35,0.05,0.047,take_profit,False,2,2,544270.23,25580.7,2015
BHARATFORG,2015-02-11,2015-02-13,526.5529,552.8805,3.42,1.58,3.35,0.05,0.047,take_profit,False,2,2,435416.18,20464.56,2015
ARVIND,2015-02-12,2015-02-23,98.8245,95.8598,3.56,2.33,3.83,-0.03,-0.033,stopped_out,True,11,6,295874.01,-9763.84,2015
PATANJALI,2015-02-13,2015-02-16,1303.5345,1368.7112,6.48,5.68,9.71,0.05,0.047,take_profit,False,3,1,441845.54,20766.74,2015
SUNTECK,2015-02-13,2015-02-16,128.6906,135.1252,4.12,3.07,9.39,0.05,0.047,take_profit,False,3,1,353476.43,16613.39,2015
MINDACORP,2015-02-16,2015-02-19,95.1525,92.298,2.9,3.17,2.04,-0.03,-0.033,stopped_out,True,3,2,449321.57,-14827.61,2015
JKTYRE,2015-02-16,2015-02-19,111.2201,107.8835,2.45,2.9,2.74,-0.03,-0.033,stopped_out,True,3,2,359457.25,-11862.09,2015
PATANJALI,2015-02-18,2015-02-19,1490.4504,1445.7369,4.25,6.99,10.75,-0.03,-0.033,stopped_out,True,1,1,345918.54,-11415.31,2015
INTELLECT,2015-02-19,2015-02-20,105.2957,102.1368,1.05,1.79,8.14,-0.03,-0.033,stopped_out,True,1,1,500053.3,-16501.76,2015
NBCC,2015-02-19,2015-02-24,32.5022,34.1273,3.1,3.43,7.06,0.05,0.047,take_profit,False,5,3,400042.64,18802.0,2015
MMTC,2015-02-19,2015-02-24,38.5213,37.3656,2.83,7.91,5.53,-0.03,-0.033,stopped_out,True,5,3,320034.11,-10561.13,2015
OLECTRA,2015-02-20,2015-02-23,19.9309,19.3329,0.78,3.42,2.57,-0.03,-0.033,stopped_out,True,3,1,345760.84,-11410.11,2015
OBEROIRLTY,2015-02-20,2015-02-23,270.4691,283.9925,2.47,1.81,3.1,0.05,0.047,take_profit,False,3,1,432201.05,20313.45,2015
PGEL,2015-02-23,2015-02-24,10.7421,10.4199,6.19,3.6,19.39,-0.03,-0.033,stopped_out,True,1,1,314370.4,-10374.22,2015
WEBELSOLAR,2015-02-23,2015-02-24,3.982,3.8625,2.14,4.23,16.72,-0.03,-0.033,stopped_out,True,1,1,392963.0,-12967.78,2015
PGIL,2015-02-23,2015-02-24,109.3727,114.8413,4.14,3.46,3.35,0.05,0.047,take_profit,False,1,1,491203.75,23086.58,2015
CENTURYPLY,2015-02-24,2015-02-25,204.4065,214.6268,1.92,1.52,4.12,0.05,0.047,take_profit,False,1,1,636816.19,29930.36,2015
KAJARIACER,2015-02-24,2015-02-26,359.7374,348.9453,1.88,1.7,3.85,-0.03,-0.033,stopped_out,True,2,2,509452.95,-16811.95,2015
AARTIIND,2015-02-25,2015-02-26,69.1406,67.0664,5.0,7.68,9.22,-0.03,-0.033,stopped_out,True,1,1,540911.67,-17850.09,2015
COFORGE,2015-02-25,2015-03-02,69.8895,67.7928,0.6,4.84,3.82,-0.03,-0.033,stopped_out,True,5,3,432729.34,-14280.07,2015
NTPC,2015-02-26,2015-03-11,86.2191,83.6326,2.22,3.34,4.25,-0.03,-0.033,stopped_out,True,13,8,549323.99,-18127.69,2015
LUPIN,2015-02-26,2015-03-02,1598.3282,1678.2446,1.77,4.48,1.95,0.05,0.047,take_profit,False,4,2,439459.19,20654.58,2015
KNRCON,2015-02-27,2015-03-02,37.7251,39.6113,4.17,3.15,6.48,0.05,0.047,take_profit,False,3,1,351567.35,16523.67,2015
NTPC,2015-02-27,2015-03-09,89.0866,86.414,0.54,1.64,3.56,-0.03,-0.033,stopped_out,True,10,5,281253.88,-9281.38,2015
PIDILITIND,2015-03-02,2015-03-04,275.3017,289.9241,3.79,1.71,3.27,0.053114,0.050114,take_profit_gap,False,2,2,474333.92,23770.77,2015
PIDILITIND,2015-03-02,2015-03-04,275.3017,289.9241,1.45,1.71,3.27,0.053114,0.050114,take_profit_gap,False,2,2,379467.13,19016.62,2015
INDIACEM,2015-03-02,2015-03-04,102.9444,99.8561,4.18,1.67,6.69,-0.03,-0.033,stopped_out,True,2,2,303573.71,-10017.93,2015
PRSMJOHNSN,2015-03-04,2015-03-05,128.9348,125.0668,1.03,2.33,7.1,-0.03,-0.033,stopped_out,True,1,1,307768.2,-10156.35,2015
BEML,2015-03-04,2015-03-09,403.9355,391.8174,3.79,2.45,5.44,-0.03,-0.033,stopped_out,True,5,2,480887.81,-15869.3,2015
ZYDUSWELL,2015-03-04,2015-03-05,173.0053,181.6556,6.27,3.52,6.94,0.05,0.047,take_profit,False,1,1,384710.25,18081.38,2015
MRPL,2015-03-05,2015-03-13,58.0527,56.3112,1.0,1.62,5.32,-0.03,-0.033,stopped_out,True,8,5,386295.25,-12747.74,2015
NAUKRI,2015-03-05,2015-03-10,177.6005,172.2724,4.76,3.44,9.53,-0.03,-0.033,stopped_out,True,5,2,309036.2,-10198.19,2015
AARTIIND,2015-03-09,2015-03-10,73.5305,77.207,8.45,3.16,7.52,0.05,0.047,take_profit,False,1,1,394627.17,18547.48,2015
PCJEWELLER,2015-03-09,2015-03-12,14.4998,15.2248,5.53,1.54,7.46,0.05,0.047,take_profit,False,3,3,315701.73,14837.98,2015
BHARTIARTL,2015-03-10,2015-03-11,312.5168,328.1426,4.21,2.99,7.57,0.05,0.047,take_profit,False,1,1,394963.92,18563.3,2015
SHILPAMED,2015-03-10,2015-03-11,227.3329,220.5129,1.78,8.53,15.21,-0.03,-0.033,stopped_out,True,1,1,315971.13,-10427.05,2015
ABREL,2015-03-11,2015-03-13,539.8624,566.8556,2.65,2.46,3.42,0.05,0.047,take_profit,False,2,2,321811.47,15125.14,2015
JSL,2015-03-11,2015-03-12,39.4012,42.9491,13.36,2.52,9.43,0.090046,0.087046,take_profit_gap,False,1,1,502830.43,43769.38,2015
SHILPAMED,2015-03-11,2015-03-12,241.7816,234.5281,1.19,7.69,5.81,-0.03,-0.033,stopped_out,True,1,1,402264.34,-13274.72,2015
AARTIDRUGS,2015-03-12,2015-03-13,172.1316,180.7382,7.23,5.26,9.68,0.05,0.047,take_profit,False,1,1,326832.0,15361.1,2015
NATCOPHARM,2015-03-12,2015-03-13,377.6798,396.5638,13.14,7.8,13.52,0.05,0.047,take_profit,False,1,1,510675.01,24001.73,2015
JSL,2015-03-12,2015-03-13,44.271,42.9429,0.89,9.82,2.97,-0.03,-0.033,stopped_out,True,1,1,408540.0,-13481.82,2015
EPL,2015-03-13,2015-03-16,51.1721,53.7307,1.27,4.81,3.6,0.05,0.047,take_profit,False,3,1,657948.03,30923.56,2015
FINCABLES,2015-03-13,2015-03-17,263.0537,255.1621,4.72,8.48,7.67,-0.03,-0.033,stopped_out,True,4,2,526358.43,-17369.83,2015
GRANULES,2015-03-13,2015-03-17,82.476,89.5684,4.52,7.96,3.35,0.085993,0.082993,take_profit_gap,False,4,2,421086.74,34947.25,2015
EPL,2015-03-13,2015-03-16,51.1721,53.7307,5.37,4.81,3.6,0.05,0.047,take_profit,False,3,1,336869.39,15832.86,2015
PRAJIND,2015-03-13,2015-03-16,56.8148,55.1103,0.69,3.08,3.03,-0.03,-0.033,stopped_out,True,3,1,269495.51,-8893.35,2015
WABAG,2015-03-16,2015-03-17,861.837,904.9288,0.56,2.72,5.84,0.05,0.047,take_profit,False,1,1,476031.61,22373.49,2015
JBCHEPHARM,2015-03-16,2015-03-17,87.9683,92.3667,7.1,6.03,8.8,0.05,0.047,take_profit,False,1,1,380825.29,17898.79,2015
WABAG,2015-03-16,2015-03-17,861.837,904.9288,5.37,2.72,5.84,0.05,0.047,take_profit,False,1,1,304660.23,14319.03,2015
ZYDUSWELL,2015-03-17,2015-03-19,191.3826,200.9518,5.33,3.86,7.48,0.05,0.047,take_profit,False,2,2,278509.32,13089.94,2015
FACT,2015-03-17,2015-03-18,33.606,32.5978,7.12,9.06,19.29,-0.03,-0.033,stopped_out,True,1,1,348136.65,-11488.51,2015
DABUR,2015-03-17,2015-03-19,254.5107,246.8754,2.17,1.65,4.15,-0.03,-0.033,stopped_out,True,2,2,435170.81,-14360.64,2015
ZYDUSLIFE,2015-03-17,2015-03-18,305.6157,296.4472,0.91,5.71,5.71,-0.03,-0.033,stopped_out,True,1,1,543963.51,-17950.8,2015
WABAG,2015-03-17,2015-03-19,921.0909,893.4582,3.26,4.17,5.78,-0.03,-0.033,stopped_out,True,2,2,679954.39,-22438.49,2015
SPARC,2015-03-18,2015-03-20,539.0038,522.8337,2.35,1.85,5.73,-0.03,-0.033,stopped_out,True,2,2,395339.63,-13046.21,2015
SUZLON,2015-03-18,2015-03-19,27.1009,26.2878,3.22,2.16,10.69,-0.03,-0.033,stopped_out,True,1,1,316271.7,-10436.97,2015
PCJEWELLER,2015-03-19,2015-03-20,16.5751,16.0778,2.72,1.74,4.32,-0.03,-0.033,stopped_out,True,1,1,588169.37,-19409.59,2015
GSPL,2015-03-19,2015-03-20,107.5594,104.3327,2.92,1.74,4.77,-0.03,-0.033,stopped_out,True,1,1,470535.5,-15527.67,2015
TRITURBINE,2015-03-20,2015-03-23,133.7168,129.7053,0.65,2.14,3.25,-0.03,-0.033,stopped_out,True,3,1,657640.6,-21702.14,2015
ECLERX,2015-03-20,2015-03-23,770.5299,747.414,2.16,2.85,9.63,-0.03,-0.033,stopped_out,True,3,1,526112.48,-17361.71,2015
JSWENERGY,2015-03-24,2015-03-27,107.9028,104.6657,1.73,2.39,2.62,-0.03,-0.033,stopped_out,True,3,3,649827.83,-21444.32,2015
KRBL,2015-03-25,2015-03-30,142.1211,137.7368,0.95,1.62,3.49,-0.030849,-0.033849,stopped_out_gap,False,5,3,519862.27,-17596.82,2015
APOLLOHOSP,2015-03-25,2015-03-26,1371.7836,1330.6301,0.56,1.65,5.61,-0.03,-0.033,stopped_out,True,1,1,415889.81,-13724.36,2015
REFEX,2015-03-27,2015-03-30,2.0549,2.1577,6.48,3.2,8.0,0.05,0.047,take_profit,False,3,1,431057.32,20259.69,2015
ABREL,2015-03-27,2015-03-30,572.9653,601.6136,5.29,1.82,4.0,0.05,0.047,take_profit,False,3,1,538821.64,25324.62,2015
SCHNEIDER,2015-03-30,2015-04-01,210.3051,220.8204,6.21,1.65,7.79,0.05,0.047,take_profit,False,2,2,648391.6,30474.41,2015
EIHOTEL,2015-03-30,2015-04-15,102.4979,99.423,2.2,1.67,2.86,-0.03,-0.033,stopped_out,True,16,9,518713.28,-17117.54,2015
SCHNEIDER,2015-03-30,2015-04-01,210.3051,220.8204,1.65,1.65,7.79,0.05,0.047,take_profit,False,2,2,414970.62,19503.62,2015
MARKSANS,2015-03-30,2015-04-01,59.2116,62.1722,9.01,2.56,9.9,0.05,0.047,take_profit,False,2,2,331976.5,15602.9,2015
SHARDACROP,2015-03-30,2015-03-31,283.4035,274.9014,3.79,4.07,10.82,-0.03,-0.033,stopped_out,True,1,1,265581.2,-8764.18,2015
HINDPETRO,2015-03-31,2015-04-09,58.3483,61.2657,0.91,1.64,2.85,0.05,0.047,take_profit,False,9,5,263828.36,12399.93,2015
ABREL,2015-04-01,2015-04-07,636.016,667.8168,2.34,2.19,6.59,0.05,0.047,take_profit,False,6,2,322077.83,15137.66,2015
BEL,2015-04-01,2015-04-08,29.2588,30.7218,3.78,2.37,4.15,0.05,0.047,take_profit,False,7,3,503246.62,23652.59,2015
JKTYRE,2015-04-01,2015-04-06,101.3597,106.4277,9.18,4.39,13.06,0.05,0.047,take_profit,False,5,1,402597.29,18922.07,2015
KEC,2015-04-06,2015-04-07,79.0495,76.678,1.73,2.34,1.78,-0.03,-0.033,stopped_out,True,1,1,341966.14,-11284.88,2015
JUBLPHARMA,2015-04-07,2015-04-09,118.6698,115.1097,2.11,5.42,5.9,-0.03,-0.033,stopped_out,True,2,2,407152.26,-13436.02,2015
SARDAEN,2015-04-07,2015-04-08,13.7789,13.3656,7.06,2.66,12.28,-0.03,-0.033,stopped_out,True,1,1,325721.81,-10748.82,2015
RTNINDIA,2015-04-08,2015-04-09,2.7014,2.8364,4.35,2.44,12.5,0.05,0.047,take_profit,False,1,1,428951.89,20160.74,2015
ICIL,2015-04-08,2015-04-09,86.6856,84.085,8.95,8.22,16.97,-0.03,-0.033,stopped_out,True,1,1,343161.51,-11324.33,2015
CGCL,2015-04-09,2015-04-13,36.4482,35.3547,0.82,4.36,8.05,-0.03,-0.033,stopped_out,True,4,2,564708.08,-18635.37,2015
ASHOKLEY,2015-04-09,2015-04-17,31.2138,30.2774,0.6,1.53,2.59,-0.03,-0.033,stopped_out,True,8,5,451766.46,-14908.29,2015
NETWORK18,2015-04-09,2015-04-10,54.4772,57.2011,1.29,1.65,4.11,0.05,0.047,take_profit,False,1,1,361413.17,16986.42,2015
RKFORGE,2015-04-09,2015-04-13,98.6179,103.5488,1.41,3.0,1.72,0.05,0.047,take_profit,False,4,2,289130.54,13589.14,2015
NLCINDIA,2015-04-10,2015-04-16,46.4712,45.0771,0.58,5.72,1.9,-0.03,-0.033,stopped_out,True,6,3,306984.35,-10130.48,2015
KTKBANK,2015-04-13,2015-04-16,73.7436,71.5313,1.47,2.45,5.08,-0.03,-0.033,stopped_out,True,3,2,415345.95,-13706.42,2015
JKPAPER,2015-04-13,2015-04-15,29.4033,30.8735,5.21,2.41,4.26,0.05,0.047,take_profit,False,2,1,332276.76,15617.01,2015
CHOLAHLDNG,2015-04-15,2015-04-20,244.4144,237.082,1.04,2.92,2.87,-0.03,-0.033,stopped_out,True,5,3,348575.45,-11502.99,2015
CHOLAFIN,2015-04-15,2015-04-22,117.8655,114.3296,2.44,2.52,3.29,-0.03,-0.033,stopped_out,True,7,5,435719.31,-14378.74,2015
ONGC,2015-04-16,2015-04-20,125.3757,121.6144,1.58,1.68,2.84,-0.03,-0.033,stopped_out,True,4,2,334847.23,-11049.96,2015
MARICO,2015-04-16,2015-04-20,179.2236,173.8468,1.89,1.51,3.21,-0.03,-0.033,stopped_out,True,4,2,418559.04,-13812.45,2015
CHENNPETRO,2015-04-17,2015-04-20,59.9808,62.9799,2.46,1.55,5.03,0.05,0.047,take_profit,False,3,1,355249.42,16696.72,2015
IGL,2015-04-21,2015-04-23,36.9728,38.8214,1.04,2.25,3.23,0.05,0.047,take_profit,False,2,2,571712.03,26870.47,2015
CHENNPETRO,2015-04-22,2015-04-23,64.9081,68.1535,1.43,1.97,2.07,0.05,0.047,take_profit,False,1,1,541637.74,25456.97,2015
M&MFIN,2015-04-22,2015-04-24,146.6246,153.9558,0.87,2.12,2.59,0.05,0.047,take_profit,False,2,2,433310.19,20365.58,2015
WELENT,2015-04-22,2015-04-23,30.7583,32.2962,3.33,6.7,3.15,0.05,0.047,take_profit,False,1,1,346648.15,16292.46,2015
RAIN,2015-04-22,2015-04-23,35.8187,37.6096,3.35,3.37,6.23,0.05,0.047,take_profit,False,1,1,277318.52,13033.97,2015
KNRCON,2015-04-23,2015-04-27,47.2768,45.8585,0.55,2.29,4.5,-0.03,-0.033,stopped_out,True,4,2,585648.88,-19326.41,2015
CHENNPETRO,2015-04-23,2015-04-24,70.8829,68.7564,1.64,4.5,8.75,-0.03,-0.033,stopped_out,True,1,1,468519.1,-15461.13,2015
YESBANK,2015-04-23,2015-04-24,162.0792,157.2168,2.22,3.12,5.75,-0.03,-0.033,stopped_out,True,1,1,374815.28,-12368.9,2015
MANINFRA,2015-04-23,2015-04-24,27.4534,26.6297,2.63,6.38,8.21,-0.03,-0.033,stopped_out,True,1,1,299852.23,-9895.12,2015
MARUTI,2015-04-27,2015-04-28,3312.911,3478.5565,2.6,4.94,2.39,0.05,0.047,take_profit,False,1,1,531978.97,25003.01,2015
UPL,2015-04-27,2015-04-28,267.0668,280.4201,1.21,2.29,3.3,0.05,0.047,take_profit,False,1,1,664973.72,31253.76,2015
MARUTI,2015-04-28,2015-05-06,3471.0926,3366.9598,1.64,2.84,4.33,-0.03,-0.033,stopped_out,True,8,5,676225.07,-22315.43,2015
WELCORP,2015-04-28,2015-04-29,54.9407,59.6566,19.85,6.77,20.04,0.085837,0.082837,take_profit_gap,False,1,1,540980.06,44813.17,2015
NATCOPHARM,2015-04-28,2015-04-30,379.315,398.2807,3.59,1.92,10.71,0.05,0.047,take_profit,False,2,2,432784.05,20340.85,2015
ICICIBANK,2015-04-28,2015-05-06,272.9201,264.7325,3.87,2.79,6.95,-0.03,-0.033,stopped_out,True,8,5,346227.24,-11425.5,2015
WELSPUNLIV,2015-04-29,2015-04-30,40.5348,42.5615,4.01,6.53,7.31,0.05,0.047,take_profit,False,1,1,394140.44,18524.6,2015
CANFINHOME,2015-04-29,2015-05-04,131.2908,137.8554,3.05,1.65,4.71,0.05,0.047,take_profit,False,5,2,315312.35,14819.68,2015
VGUARD,2015-04-30,2015-05-05,67.9953,65.9554,4.6,1.52,4.74,-0.03,-0.033,stopped_out,True,5,2,425407.86,-14038.46,2015
BAJAJFINSV,2015-04-30,2015-05-07,142.7178,138.4363,3.04,2.97,3.45,-0.03,-0.033,stopped_out,True,7,4,340326.29,-11230.77,2015
FORTIS,2015-05-04,2015-05-06,172.1023,166.9392,3.0,2.47,9.01,-0.03,-0.033,stopped_out,True,2,2,338287.44,-11163.49,2015
SAREGAMA,2015-05-05,2015-05-06,14.3496,13.9191,3.3,1.54,6.39,-0.03,-0.033,stopped_out,True,1,1,352903.83,-11645.83,2015
ABFRL,2015-05-07,2015-05-08,168.7388,177.1758,3.36,1.98,7.81,0.05,0.047,take_profit,False,1,1,679560.84,31939.36,2015
EICHERMOT,2015-05-08,2015-05-11,1463.6007,1536.7807,5.22,1.99,5.7,0.05,0.047,take_profit,False,3,1,548758.97,25791.67,2015
SWANCORP,2015-05-08,2015-05-22,63.5173,63.4538,6.56,1.89,7.2,-0.001,-0.004,time_exit,False,14,10,685948.71,-2743.79,2015
ASHOKLEY,2015-05-11,2015-05-12,30.7993,29.8753,2.98,1.91,6.75,-0.03,-0.033,stopped_out,True,1,1,553917.3,-18279.27,2015
ASHOKLEY,2015-05-11,2015-05-12,30.7993,29.8753,0.61,1.91,6.75,-0.03,-0.033,stopped_out,True,1,1,443133.84,-14623.42,2015
EICHERMOT,2015-05-11,2015-05-13,1564.7328,1642.9694,4.21,3.13,5.65,0.05,0.047,take_profit,False,2,2,354507.07,16661.83,2015
RELAXO,2015-05-11,2015-05-12,205.0529,198.9013,7.98,8.8,6.62,-0.03,-0.033,stopped_out,True,1,1,283605.66,-9358.99,2015
CASTROLIND,2015-05-12,2015-05-15,158.6585,153.8988,1.36,1.64,3.75,-0.03,-0.033,stopped_out,True,3,3,474563.55,-15660.6,2015
GSPL,2015-05-12,2015-05-13,106.8026,103.5985,3.2,2.37,1.74,-0.03,-0.033,stopped_out,True,1,1,379650.84,-12528.48,2015
TRIVENI,2015-05-12,2015-05-13,18.2407,17.6935,0.75,3.78,11.73,-0.03,-0.033,stopped_out,True,1,1,303720.67,-10022.78,2015
CUB,2015-05-13,2015-05-27,77.0331,77.6112,1.65,2.19,4.45,0.007505,0.004505,time_exit,False,14,10,449374.37,2024.43,2015
TATAINVEST,2015-05-13,2015-05-27,46.445,46.2333,0.69,2.18,3.28,-0.004558,-0.007558,time_exit,False,14,10,359499.5,-2717.1,2015
CIEINDIA,2015-05-13,2015-05-18,203.8239,214.0151,0.82,2.13,3.91,0.05,0.047,take_profit,False,5,3,287599.6,13517.18,2015
JBCHEPHARM,2015-05-15,2015-05-18,97.9903,102.8898,4.4,2.0,5.73,0.05,0.047,take_profit,False,3,1,321860.27,15127.43,2015
STLTECH,2015-05-18,2015-05-19,60.1693,63.1777,3.03,10.98,3.45,0.05,0.047,take_profit,False,1,1,308087.29,14480.1,2015
APOLLOTYRE,2015-05-18,2015-05-28,159.1524,154.3779,3.17,2.5,7.41,-0.03,-0.033,stopped_out,True,10,8,385109.11,-12708.6,2015
FINPIPE,2015-05-19,2015-05-21,48.1266,46.6828,2.25,4.22,4.1,-0.03,-0.033,stopped_out,True,2,2,310983.31,-10262.45,2015
NAUKRI,2015-05-21,2015-05-22,157.1945,165.0543,3.3,3.25,6.38,0.05,0.047,take_profit,False,1,1,308930.82,14519.75,2015
TATAELXSI,2015-05-22,2015-06-02,545.8012,529.4272,2.31,2.06,5.1,-0.03,-0.033,stopped_out,True,11,7,448475.75,-14799.7,2015
VOLTAS,2015-05-22,2015-05-26,298.5395,313.4665,0.75,6.34,6.28,0.05,0.047,take_profit,False,4,2,358780.6,16862.69,2015
STAR,2015-05-26,2015-06-03,1057.4932,1025.7684,0.6,1.5,3.27,-0.03,-0.033,stopped_out,True,8,6,362153.14,-11951.05,2015
BBTC,2015-05-27,2015-05-28,486.4629,510.786,1.81,1.58,2.99,0.05,0.047,take_profit,False,1,1,451358.75,21213.86,2015
SURYAROSNI,2015-05-27,2015-06-02,27.1506,26.3361,1.62,2.22,4.14,-0.03,-0.033,stopped_out,True,6,4,361087.0,-11915.87,2015
BPCL,2015-05-28,2015-06-01,70.5216,74.0477,2.97,2.62,2.26,0.05,0.047,take_profit,False,4,2,457864.23,21519.62,2015
UCOBANK,2015-05-28,2015-06-02,60.9635,59.1346,2.68,2.62,4.22,-0.03,-0.033,stopped_out,True,5,3,366291.38,-12087.62,2015
MARUTI,2015-06-01,2015-06-03,3525.8018,3420.0278,0.67,1.86,2.56,-0.03,-0.033,stopped_out,True,2,2,388909.87,-12834.03,2015
PRAJIND,2015-06-02,2015-06-03,63.2899,61.3913,1.5,4.34,3.27,-0.03,-0.033,stopped_out,True,1,1,538538.09,-17771.76,2015
COFORGE,2015-06-03,2015-06-08,67.9804,65.9409,3.01,2.31,3.85,-0.03,-0.033,stopped_out,True,5,3,680239.33,-22447.9,2015
BEML,2015-06-04,2015-06-05,442.4789,464.6028,5.59,2.8,6.36,0.05,0.047,take_profit,False,1,1,544191.46,25577.0,2015
TIMETECHNO,2015-06-04,2015-06-09,23.6487,22.9393,2.97,2.21,5.25,-0.03,-0.033,stopped_out,True,5,3,435353.17,-14366.65,2015
PRAJIND,2015-06-04,2015-06-05,70.8095,74.35,7.73,5.66,14.99,0.05,0.047,take_profit,False,1,1,348282.53,16369.28,2015
GABRIEL,2015-06-05,2015-06-08,73.8058,71.5916,0.54,4.05,7.95,-0.03,-0.033,stopped_out,True,3,1,465510.08,-15361.83,2015
BRITANNIA,2015-06-05,2015-06-08,1177.6018,1142.2738,2.05,2.04,4.6,-0.03,-0.033,stopped_out,True,3,1,372408.07,-12289.47,2015
COALINDIA,2015-06-05,2015-06-15,171.7829,166.6294,2.1,2.81,3.39,-0.03,-0.033,stopped_out,True,10,6,297926.45,-9831.57,2015
BIOCON,2015-06-09,2015-06-23,73.8926,75.7731,0.66,1.88,4.86,0.025449,0.022449,time_exit,False,14,10,616150.12,13831.95,2015
KEC,2015-06-09,2015-06-10,116.2926,112.8039,6.42,3.75,16.54,-0.03,-0.033,stopped_out,True,1,1,492920.1,-16266.36,2015
CHENNPETRO,2015-06-10,2015-06-11,97.0711,101.9247,17.75,1.52,20.0,0.05,0.047,take_profit,False,1,1,489666.82,23014.34,2015
JKPAPER,2015-06-10,2015-06-12,27.9953,27.1554,5.18,2.76,7.99,-0.03,-0.033,stopped_out,True,2,2,391733.46,-12927.2,2015
JYOTHYLAB,2015-06-10,2015-06-12,120.1107,126.1162,1.44,1.66,4.11,0.05,0.047,take_profit,False,2,2,313386.77,14729.18,2015
GESHIP,2015-06-11,2015-06-15,246.5234,239.1277,1.58,5.55,1.79,-0.03,-0.033,stopped_out,True,4,2,353245.65,-11657.11,2015
KITEX,2015-06-15,2015-06-18,202.2525,212.3652,1.07,1.63,4.06,0.05,0.047,take_profit,False,3,3,549917.64,25846.13,2015
ELECON,2015-06-15,2015-06-16,32.8768,31.8905,0.68,2.62,6.94,-0.03,-0.033,stopped_out,True,1,1,439934.11,-14517.83,2015
IMAGICAA,2015-06-15,2015-06-16,161.6808,156.8304,7.24,4.35,17.96,-0.03,-0.033,stopped_out,True,1,1,351947.29,-11614.26,2015
ACE,2015-06-16,2015-06-18,41.4751,43.5489,5.75,4.11,11.68,0.05,0.047,take_profit,False,2,2,434707.7,20431.26,2015
GLENMARK,2015-06-16,2015-06-17,887.8005,932.1905,1.07,1.75,3.33,0.05,0.047,take_profit,False,1,1,347766.16,16345.01,2015
MRPL,2015-06-16,2015-06-17,61.37,64.4386,0.69,1.84,3.07,0.05,0.047,take_profit,False,1,1,278212.93,13076.01,2015
RELIANCE,2015-06-17,2015-06-18,201.877,211.9708,2.95,1.71,2.89,0.05,0.047,take_profit,False,1,1,353650.36,16621.57,2015
NAVINFLUOR,2015-06-17,2015-06-24,168.0819,176.486,1.43,2.57,4.84,0.05,0.047,take_profit,False,7,5,282920.29,13297.25,2015
CHENNPETRO,2015-06-18,2015-06-22,117.6726,123.5562,1.29,2.18,5.31,0.05,0.047,take_profit,False,4,2,506571.16,23808.84,2015
STLTECH,2015-06-18,2015-06-24,62.4028,65.523,1.24,1.53,5.15,0.05,0.047,take_profit,False,6,4,405256.93,19047.08,2015
ENGINERSIN,2015-06-18,2015-06-29,80.846,78.4206,1.64,3.29,5.19,-0.03,-0.033,stopped_out,True,11,7,324205.54,-10698.78,2015
KPRMILL,2015-06-22,2015-06-26,58.4349,56.6818,3.89,3.54,8.3,-0.03,-0.033,stopped_out,True,4,4,365440.44,-12059.53,2015
JSL,2015-06-23,2015-06-24,40.6309,39.412,1.21,3.21,5.63,-0.03,-0.033,stopped_out,True,1,1,418348.76,-13805.51,2015
SUBROS,2015-06-24,2015-06-25,58.4461,56.6927,0.71,6.67,6.62,-0.03,-0.033,stopped_out,True,1,1,559691.97,-18469.84,2015
RKFORGE,2015-06-24,2015-06-25,123.224,129.3852,7.06,11.72,7.04,0.05,0.047,take_profit,False,1,1,447753.58,21044.42,2015
FORTIS,2015-06-24,2015-06-30,173.9416,182.6387,0.86,1.9,3.03,0.05,0.047,take_profit,False,6,4,358202.86,16835.53,2015
KARURVYSYA,2015-06-25,2015-06-29,59.623,57.8343,2.97,3.37,6.65,-0.03,-0.033,stopped_out,True,4,2,488566.32,-16122.69,2015
NBCC,2015-06-25,2015-06-26,35.2531,37.0158,7.95,7.96,8.62,0.05,0.047,take_profit,False,1,1,390853.05,18370.09,2015
INDIACEM,2015-06-26,2015-06-29,90.1839,87.4783,4.33,6.78,4.25,-0.03,-0.033,stopped_out,True,3,1,465203.25,-15351.71,2015
PCJEWELLER,2015-06-26,2015-06-29,19.1147,18.5413,1.32,2.15,2.41,-0.03,-0.033,stopped_out,True,3,1,372162.6,-12281.37,2015
STLTECH,2015-06-29,2015-06-30,73.5706,77.2491,8.67,6.14,15.29,0.05,0.047,take_profit,False,1,1,616866.71,28992.74,2015
PRAJIND,2015-06-29,2015-07-01,80.6268,78.208,2.18,2.96,10.29,-0.03,-0.033,stopped_out,True,2,2,493493.37,-16285.28,2015
TANLA,2015-06-29,2015-06-30,17.3447,18.212,5.0,4.18,14.11,0.05,0.047,take_profit,False,1,1,394794.7,18555.35,2015
CIEINDIA,2015-06-29,2015-06-30,205.5004,215.7755,3.05,2.56,6.24,0.05,0.047,take_profit,False,1,1,315835.76,14844.28,2015
WELENT,2015-06-30,2015-07-01,36.6963,38.5311,9.31,2.64,7.78,0.05,0.047,take_profit,False,1,1,310094.95,14574.46,2015
KSB,2015-06-30,2015-07-06,114.0121,110.5917,2.35,7.53,6.84,-0.03,-0.033,stopped_out,True,6,4,387618.68,-12791.42,2015
LTF,2015-06-30,2015-07-07,55.071,58.3502,1.24,2.43,2.33,0.059546,0.056546,take_profit_gap,False,7,5,484523.35,27397.86,2015
KEI,2015-06-30,2015-07-01,67.8053,75.479,7.36,1.95,5.11,0.113172,0.110172,take_profit_gap,False,1,1,605654.19,66726.13,2015
RTNINDIA,2015-07-01,2015-07-02,2.2511,2.3637,2.22,2.94,7.14,0.05,0.047,take_profit,False,1,1,542927.52,25517.59,2015
JISLJALEQS,2015-07-01,2015-07-08,64.2054,67.4157,2.8,4.33,1.83,0.05,0.047,take_profit,False,7,5,434342.02,20414.07,2015
ESCORTS,2015-07-01,2015-07-02,117.913,123.8086,2.89,2.58,3.36,0.05,0.047,take_profit,False,1,1,347473.61,16331.26,2015
CEATLTD,2015-07-02,2015-07-06,649.3174,627.1222,4.28,2.55,1.58,-0.034182,-0.037182,stopped_out_gap,False,4,2,464428.89,-17268.39,2015
TVSMOTOR,2015-07-02,2015-07-07,242.5659,254.6942,1.38,2.68,2.51,0.05,0.047,take_profit,False,5,3,371543.11,17462.53,2015
VIPIND,2015-07-06,2015-07-20,90.1833,89.6927,1.85,3.92,4.0,-0.00544,-0.00844,time_exit,False,14,10,461632.04,-3896.17,2015
PCBL,2015-07-06,2015-07-08,9.2953,9.0165,4.2,5.11,10.6,-0.03,-0.033,stopped_out,True,2,2,369305.63,-12187.09,2015
BERGEPAINT,2015-07-07,2015-07-09,121.2672,117.6292,1.34,2.52,3.73,-0.03,-0.033,stopped_out,True,2,2,475629.88,-15695.79,2015
BERGEPAINT,2015-07-07,2015-07-09,121.2672,117.6292,0.99,2.52,3.73,-0.03,-0.033,stopped_out,True,2,2,380503.9,-12556.63,2015
TI,2015-07-08,2015-07-09,30.224,29.3173,9.87,13.99,2.7,-0.03,-0.033,stopped_out,True,1,1,373422.44,-12322.94,2015
OLECTRA,2015-07-08,2015-07-09,16.9837,17.8329,0.59,3.13,3.34,0.05,0.047,take_profit,False,1,1,466778.05,21938.57,2015
AVANTIFEED,2015-07-09,2015-07-10,118.6056,124.5359,3.46,5.64,3.2,0.05,0.047,take_profit,False,1,1,634277.45,29811.04,2015
HSCL,2015-07-09,2015-07-10,16.863,17.7061,1.17,3.27,3.94,0.05,0.047,take_profit,False,1,1,507421.96,23848.83,2015
OLECTRA,2015-07-09,2015-07-13,17.5831,19.2123,1.7,1.73,3.53,0.092657,0.089657,take_profit_gap,False,4,2,405937.57,36395.14,2015
DCBBANK,2015-07-09,2015-07-13,128.2981,134.713,2.81,2.94,2.54,0.05,0.047,take_profit,False,4,2,324750.05,15263.25,2015
PATELENG,2015-07-10,2015-07-14,56.7637,59.6019,0.92,1.89,2.31,0.05,0.047,take_profit,False,4,2,498871.9,23446.98,2015
CGPOWER,2015-07-10,2015-07-17,63.8768,67.0706,1.39,2.4,2.5,0.05,0.047,take_profit,False,7,5,399097.52,18757.58,2015
INTELLECT,2015-07-13,2015-07-14,101.6092,106.6896,1.45,2.21,3.86,0.05,0.047,take_profit,False,1,1,475747.22,22360.12,2015
EPL,2015-07-13,2015-07-14,59.1355,62.0923,5.49,6.65,5.33,0.05,0.047,take_profit,False,1,1,380597.77,17888.1,2015
RTNINDIA,2015-07-14,2015-07-15,2.5513,2.4747,1.96,4.25,13.33,-0.03,-0.033,stopped_out,True,1,1,588260.64,-19412.6,2015
BANCOINDIA,2015-07-14,2015-07-15,28.0535,29.4561,4.37,4.27,1.97,0.05,0.047,take_profit,False,1,1,470608.51,22118.6,2015
INTELLECT,2015-07-14,2015-07-15,105.8487,111.1411,2.39,2.97,3.94,0.05,0.047,take_profit,False,1,1,376486.81,17694.88,2015
FDC,2015-07-15,2015-07-20,153.6327,161.3143,0.64,4.48,2.22,0.05,0.047,take_profit,False,5,3,379098.12,17817.61,2015
TITAGARH,2015-07-15,2015-07-17,106.0317,111.3333,0.73,1.55,2.66,0.05,0.047,take_profit,False,2,2,473872.65,22272.01,2015
BSOFT,2015-07-15,2015-07-17,54.8393,57.5813,5.69,2.03,6.24,0.05,0.047,take_profit,False,2,2,592340.81,27840.02,2015
MAHABANK,2015-07-17,2015-07-21,34.0115,36.3178,1.53,2.04,4.39,0.067809,0.064809,take_profit_gap,False,4,2,610114.61,39540.92,2015
ABFRL,2015-07-17,2015-07-20,192.309,201.9245,5.1,2.55,3.94,0.05,0.047,take_profit,False,3,1,488091.69,22940.31,2015
JBCHEPHARM,2015-07-17,2015-07-30,114.4671,120.1904,0.57,2.69,1.72,0.05,0.047,take_profit,False,13,9,390473.35,18352.25,2015
ELGIEQUIP,2015-07-20,2015-07-23,67.4129,65.3905,1.96,12.83,6.28,-0.03,-0.033,stopped_out,True,3,3,585515.4,-19322.01,2015
ABFRL,2015-07-20,2015-07-21,222.0923,215.4295,9.26,5.44,12.66,-0.03,-0.033,stopped_out,True,1,1,468412.32,-15457.61,2015
EIHOTEL,2015-07-20,2015-07-22,107.1654,112.5236,2.92,2.82,3.33,0.05,0.047,take_profit,False,2,2,374729.86,17612.3,2015
AURIONPRO,2015-07-21,2015-07-22,78.812,76.4476,1.97,4.24,8.06,-0.03,-0.033,stopped_out,True,1,1,520305.94,-17170.1,2015
CCL,2015-07-21,2015-07-23,184.5776,193.8064,2.93,7.5,1.85,0.05,0.047,take_profit,False,2,2,416244.75,19563.5,2015
MPHASIS,2015-07-22,2015-07-24,317.9935,308.4537,0.77,2.94,1.94,-0.03,-0.033,stopped_out,True,2,2,512091.4,-16899.02,2015
ZENSARTECH,2015-07-22,2015-07-23,150.0294,145.5285,1.18,5.46,11.04,-0.03,-0.033,stopped_out,True,1,1,409673.12,-13519.21,2015
REDINGTON,2015-07-23,2015-07-27,38.6506,37.4911,1.13,2.51,5.07,-0.03,-0.033,stopped_out,True,4,2,388716.55,-12827.65,2015
LICHSGFIN,2015-07-23,2015-07-27,417.5843,405.0567,0.59,1.57,1.84,-0.03,-0.033,stopped_out,True,4,2,607369.61,-20043.2,2015
SUBROS,2015-07-23,2015-07-27,77.998,75.6581,1.73,5.01,5.69,-0.03,-0.033,stopped_out,True,4,2,485895.68,-16034.56,2015
GOKEX,2015-07-24,2015-07-27,82.9329,80.445,7.83,3.78,4.47,-0.03,-0.033,stopped_out,True,3,1,410011.71,-13530.39,2015
TRIVENI,2015-07-27,2015-07-28,21.7976,21.1437,11.72,11.39,10.14,-0.03,-0.033,stopped_out,True,1,1,693920.93,-22899.39,2015
JINDALSAW,2015-07-27,2015-07-29,32.7563,31.7736,13.05,9.29,20.85,-0.03,-0.033,stopped_out,True,2,2,555136.74,-18319.51,2015
JINDWORLD,2015-07-27,2015-07-28,2.04,1.9423,3.29,3.38,8.68,-0.047926,-0.050926,stopped_out_gap,False,1,1,444109.39,-22616.71,2015
KPRMILL,2015-07-28,2015-07-29,64.9381,68.1851,4.31,4.26,4.41,0.05,0.047,take_profit,False,1,1,573790.36,26968.15,2015
INTELLECT,2015-07-28,2015-07-29,110.5029,116.028,3.54,4.12,6.39,0.05,0.047,take_profit,False,1,1,459032.28,21574.52,2015
TRIVENI,2015-07-28,2015-07-29,22.9833,24.1324,8.33,6.15,2.86,0.05,0.047,take_profit,False,1,1,367225.83,17259.61,2015
BEL,2015-07-29,2015-08-03,32.9055,34.5508,3.59,2.16,4.13,0.05,0.047,take_profit,False,5,3,355488.9,16707.98,2015
JWL,2015-07-29,2015-08-04,21.5545,22.6322,4.15,2.92,6.37,0.05,0.047,take_profit,False,6,4,444361.12,20884.97,2015
DCAL,2015-07-29,2015-07-30,100.3375,97.3274,3.64,6.08,7.68,-0.03,-0.033,stopped_out,True,1,1,555451.41,-18329.9,2015
CUMMINSIND,2015-07-29,2015-08-06,828.7679,870.2063,1.44,1.54,5.29,0.05,0.047,take_profit,False,8,6,694314.26,32632.77,2015
RELINFRA,2015-07-30,2015-08-04,381.4701,400.5436,3.88,1.59,4.84,0.05,0.047,take_profit,False,5,3,473580.54,22258.29,2015
BANKBARODA,2015-07-30,2015-07-31,148.4667,155.8901,6.67,6.81,9.41,0.05,0.047,take_profit,False,1,1,378864.43,17806.63,2015
INDIACEM,2015-07-31,2015-08-04,88.5111,85.8558,2.78,1.97,6.01,-0.03,-0.033,stopped_out,True,4,2,382425.76,-12620.05,2015
SURYAROSNI,2015-08-03,2015-08-05,33.7639,32.751,4.73,3.75,8.41,-0.03,-0.033,stopped_out,True,2,2,380379.98,-12552.54,2015
SHILPAMED,2015-08-04,2015-08-05,265.1992,281.5654,21.68,9.23,21.26,0.061713,0.058713,take_profit_gap,False,1,1,570482.11,33494.72,2015
TORNTPOWER,2015-08-04,2015-08-05,128.9293,135.3757,2.13,5.97,7.91,0.05,0.047,take_profit,False,1,1,456385.69,21450.13,2015
POONAWALLA,2015-08-04,2015-08-05,99.8872,96.8906,1.83,8.14,9.32,-0.03,-0.033,stopped_out,True,1,1,365108.55,-12048.58,2015
TATAINVEST,2015-08-05,2015-08-12,48.0117,46.5713,0.66,3.66,1.65,-0.03,-0.033,stopped_out,True,7,5,417681.19,-13783.48,2015
SUNFLAG,2015-08-05,2015-08-06,18.0126,18.9132,1.89,1.83,3.06,0.05,0.047,take_profit,False,1,1,334144.95,15704.81,2015
BHARATFORG,2015-08-05,2015-08-10,576.1926,558.9068,1.72,2.15,4.86,-0.03,-0.033,stopped_out,True,5,3,652626.85,-21536.69,2015
PURVA,2015-08-05,2015-08-10,60.9531,59.1245,0.55,3.76,3.5,-0.03,-0.033,stopped_out,True,5,3,522101.48,-17229.35,2015
GHCL,2015-08-06,2015-08-07,77.2413,81.1033,4.1,4.11,4.94,0.05,0.047,take_profit,False,1,1,386140.25,18148.59,2015
ALOKINDS,2015-08-06,2015-08-07,8.2541,8.0065,6.06,4.56,12.24,-0.03,-0.033,stopped_out,True,1,1,482675.32,-15928.29,2015
GHCL,2015-08-07,2015-08-10,92.6658,97.2991,16.09,6.49,19.54,0.05,0.047,take_profit,False,3,1,483119.38,22706.61,2015
VTL,2015-08-07,2015-08-10,167.1033,162.0902,0.96,4.51,9.67,-0.03,-0.033,stopped_out,True,3,1,386495.5,-12754.35,2015
GNFC,2015-08-10,2015-08-12,53.4948,51.89,1.66,3.04,3.06,-0.03,-0.033,stopped_out,True,2,2,712302.29,-23505.98,2015
INDIAGLYCO,2015-08-10,2015-08-11,44.6176,48.7376,8.59,2.42,4.49,0.092341,0.089341,take_profit_gap,False,1,1,569841.83,50910.24,2015
TIPSMUSIC,2015-08-10,2015-08-11,5.4792,5.3148,5.48,11.88,18.26,-0.03,-0.033,stopped_out,True,1,1,455873.47,-15043.82,2015
TIPSMUSIC,2015-08-10,2015-08-11,5.4792,5.3148,1.08,11.88,18.26,-0.03,-0.033,stopped_out,True,1,1,364698.77,-12035.06,2015
COFORGE,2015-08-11,2015-08-13,90.082,87.3795,2.78,1.61,7.53,-0.03,-0.033,stopped_out,True,2,2,574608.1,-18962.07,2015
CHENNPETRO,2015-08-11,2015-08-12,187.3139,181.6945,6.71,6.25,15.5,-0.03,-0.033,stopped_out,True,1,1,459686.48,-15169.65,2015
ECLERX,2015-08-11,2015-08-14,838.0673,812.9252,1.78,8.35,2.85,-0.03,-0.033,stopped_out,True,3,3,367749.19,-12135.72,2015
HCLTECH,2015-08-12,2015-08-21,363.3578,352.4571,1.04,1.52,3.08,-0.03,-0.033,stopped_out,True,9,7,481313.22,-15883.34,2015
PGIL,2015-08-12,2015-08-13,102.3072,99.238,1.45,8.97,6.3,-0.03,-0.033,stopped_out,True,1,1,601641.52,-19854.17,2015
ADANIPORTS,2015-08-13,2015-08-14,317.2397,333.1017,2.45,1.79,2.04,0.05,0.047,take_profit,False,1,1,612537.25,28789.25,2015
CIPLA,2015-08-13,2015-08-17,679.8146,659.4202,0.82,1.57,1.92,-0.03,-0.033,stopped_out,True,4,2,490029.8,-16170.98,2015
SUNDRMFAST,2015-08-14,2015-08-20,159.8212,155.0266,0.74,2.14,2.81,-0.03,-0.033,stopped_out,True,6,4,591411.83,-19516.59,2015
ADANIPORTS,2015-08-14,2015-08-24,344.7743,330.037,5.11,4.35,6.99,-0.042745,-0.045745,stopped_out_gap,False,10,6,473129.47,-21643.31,2015
GLENMARK,2015-08-14,2015-08-19,1091.4452,1146.0175,2.37,3.56,4.07,0.05,0.047,take_profit,False,5,3,378503.57,17789.67,2015
BANKINDIA,2015-08-17,2015-08-18,163.3598,158.459,3.42,2.35,7.74,-0.03,-0.033,stopped_out,True,1,1,397574.62,-13119.96,2015
TATAELXSI,2015-08-18,2015-08-19,961.1532,1009.2108,0.74,2.99,19.07,0.05,0.047,take_profit,False,1,1,394950.63,18562.68,2015
DIVISLAB,2015-08-19,2015-08-24,1118.0269,1084.4861,3.12,2.18,5.05,-0.03,-0.033,stopped_out,True,5,3,477921.81,-15771.42,2015
DIVISLAB,2015-08-19,2015-08-24,1118.0269,1084.4861,2.95,2.18,5.05,-0.03,-0.033,stopped_out,True,5,3,382337.45,-12617.14,2015
LUPIN,2015-08-20,2015-08-24,1787.1418,1709.2874,2.41,2.18,4.28,-0.043564,-0.046564,stopped_out_gap,False,4,2,420249.01,-19568.47,2015
ESCORTS,2015-08-27,2015-08-28,162.4442,157.5709,7.52,1.84,16.0,-0.03,-0.033,stopped_out,True,1,1,612874.13,-20224.85,2015
TITAN,2015-08-27,2015-08-31,333.8014,323.7874,1.53,3.03,8.45,-0.03,-0.033,stopped_out,True,4,2,490299.3,-16179.88,2015
ZENSARTECH,2015-08-27,2015-09-01,144.2796,139.9512,1.94,1.87,5.8,-0.03,-0.033,stopped_out,True,5,3,766092.66,-25281.06,2015
JKLAKSHMI,2015-08-28,2015-09-01,335.4713,325.4071,3.05,1.94,2.02,-0.03,-0.033,stopped_out,True,4,2,510769.3,-16855.39,2015
PGEL,2015-08-28,2015-08-31,14.7511,15.4886,6.51,2.64,4.02,0.05,0.047,take_profit,False,3,1,408615.44,19204.93,2015
PGEL,2015-08-28,2015-08-31,14.7511,15.4886,12.51,2.64,4.02,0.05,0.047,take_profit,False,3,1,326892.35,15363.94,2015
DCAL,2015-08-31,2015-09-01,108.7908,114.2304,2.69,2.22,6.22,0.05,0.047,take_profit,False,1,1,510353.1,23986.6,2015
DCAL,2015-08-31,2015-09-01,108.7908,114.2304,1.17,2.22,6.22,0.05,0.047,take_profit,False,1,1,408282.48,19189.28,2015
APLAPOLLO,2015-09-02,2015-09-03,43.9653,42.6464,1.62,2.54,7.8,-0.03,-0.033,stopped_out,True,1,1,765933.38,-25275.8,2015
DCAL,2015-09-02,2015-09-03,127.6087,123.7805,1.33,5.91,12.97,-0.03,-0.033,stopped_out,True,1,1,612746.7,-20220.64,2015
DCAL,2015-09-02,2015-09-03,127.6087,123.7805,4.42,5.91,12.97,-0.03,-0.033,stopped_out,True,1,1,490197.36,-16176.51,2015
SUBROS,2015-09-03,2015-09-04,82.0981,79.6352,0.87,2.07,5.58,-0.03,-0.033,stopped_out,True,1,1,753598.79,-24868.76,2015
HFCL,2015-09-09,2015-09-10,13.7119,13.3005,1.43,2.28,5.28,-0.03,-0.033,stopped_out,True,1,1,479120.02,-15810.96,2015
HFCL,2015-09-09,2015-09-10,13.7119,13.3005,3.09,2.28,5.28,-0.03,-0.033,stopped_out,True,1,1,598900.03,-19763.7,2015
CHENNPETRO,2015-09-09,2015-09-10,174.8212,168.6389,3.73,1.84,10.12,-0.035364,-0.038364,stopped_out_gap,False,1,1,748625.03,-28720.25,2015
CANFINHOME,2015-09-10,2015-09-24,149.3437,156.8109,3.91,1.84,6.07,0.05,0.047,take_profit,False,14,9,735766.05,34581.0,2015
JKTYRE,2015-09-10,2015-09-14,91.6285,96.2099,2.58,1.61,7.86,0.05,0.047,take_profit,False,4,2,588612.84,27664.8,2015
SHRIRAMFIN,2015-09-10,2015-09-21,147.5296,154.9061,2.82,1.71,4.44,0.05,0.047,take_profit,False,11,6,470890.27,22131.84,2015
CEATLTD,2015-09-10,2015-09-16,1106.3906,1073.1988,3.93,2.77,8.95,-0.03,-0.033,stopped_out,True,6,4,376712.22,-12431.5,2015
ALLCARGO,2015-09-10,2015-09-16,31.8676,30.9116,1.73,1.81,2.48,-0.03,-0.033,stopped_out,True,6,4,301369.77,-9945.2,2015
HFCL,2015-09-14,2015-09-15,14.9406,14.4924,2.63,2.0,7.42,-0.03,-0.033,stopped_out,True,1,1,364351.35,-12023.59,2015
ABFRL,2015-09-15,2015-09-16,231.6584,224.7087,5.39,8.57,18.61,-0.03,-0.033,stopped_out,True,1,1,361946.63,-11944.24,2015
ZYDUSLIFE,2015-09-16,2015-09-22,350.9994,368.5494,3.07,2.9,6.65,0.05,0.047,take_profit,False,6,3,490698.84,23062.85,2015
KEC,2015-09-16,2015-09-21,134.1431,140.8503,2.94,2.65,2.08,0.05,0.047,take_profit,False,5,2,392559.07,18450.28,2015
SHRIRAMFIN,2015-09-18,2015-09-23,153.8813,149.2649,1.25,1.86,2.31,-0.03,-0.033,stopped_out,True,5,3,314047.26,-10363.56,2015
GRANULES,2015-09-21,2015-09-22,123.9588,120.2401,0.95,2.53,8.33,-0.03,-0.033,stopped_out,True,1,1,432044.1,-14257.46,2015
JAMNAAUTO,2015-09-21,2015-09-22,18.2558,17.7081,1.41,7.48,5.63,-0.03,-0.033,stopped_out,True,1,1,345635.28,-11405.96,2015
TRIDENT,2015-09-22,2015-09-23,3.0033,3.1535,6.41,2.87,6.84,0.05,0.047,take_profit,False,1,1,529663.75,24894.2,2015
GRANULES,2015-09-23,2015-09-24,129.8594,136.3524,1.96,2.2,10.57,0.05,0.047,take_profit,False,1,1,595379.33,27982.83,2015
MARKSANS,2015-09-23,2015-09-24,98.2813,103.1954,2.4,2.36,11.82,0.05,0.047,take_profit,False,1,1,476303.46,22386.26,2015
DCAL,2015-09-23,2015-09-30,151.6476,159.23,7.77,3.18,17.69,0.05,0.047,take_profit,False,7,4,381042.77,17909.01,2015
SWANCORP,2015-09-23,2015-09-28,68.2529,71.6655,0.53,1.85,3.08,0.05,0.047,take_profit,False,5,2,304834.22,14327.21,2015
LUPIN,2015-09-24,2015-10-01,1881.4828,1975.5569,2.19,2.39,2.33,0.05,0.047,take_profit,False,7,4,622347.16,29250.32,2015
FDC,2015-09-24,2015-09-28,225.7603,218.9875,2.73,6.83,8.37,-0.03,-0.033,stopped_out,True,4,1,497877.73,-16429.97,2015
V2RETAIL,2015-09-24,2015-09-28,70.9855,68.8559,8.17,3.68,15.37,-0.03,-0.033,stopped_out,True,4,1,398302.18,-13143.97,2015
IDBI,2015-09-28,2015-10-12,74.8963,71.7946,2.4,3.81,5.75,-0.041414,-0.044414,stopped_out_gap,False,14,9,555795.23,-24685.09,2015
PGEL,2015-09-28,2015-09-29,18.4201,17.8675,4.45,2.94,9.38,-0.03,-0.033,stopped_out,True,1,1,444636.18,-14672.99,2015
KITEX,2015-09-28,2015-10-08,186.5977,180.9998,0.67,2.3,3.93,-0.03,-0.033,stopped_out,True,10,7,355708.95,-11738.4,2015
GAEL,2015-09-29,2015-09-30,11.4296,12.0185,2.78,1.69,6.59,0.051525,0.048525,take_profit_gap,False,1,1,370559.79,17981.41,2015
WOCKPHARMA,2015-09-30,2015-10-06,1388.2036,1457.6138,5.09,1.9,6.34,0.05,0.047,take_profit,False,6,3,363157.15,17068.39,2015
JISLJALEQS,2015-09-30,2015-10-12,59.7454,62.7326,2.03,1.55,4.48,0.05,0.047,take_profit,False,12,7,453946.43,21335.48,2015
IMFA,2015-10-01,2015-10-05,59.9019,58.1048,7.78,7.06,19.65,-0.03,-0.033,stopped_out,True,4,1,420845.21,-13887.89,2015
DCAL,2015-10-05,2015-10-08,183.5279,178.0221,0.57,1.61,4.1,-0.03,-0.033,stopped_out,True,3,3,418067.63,-13796.23,2015
ITI,2015-10-06,2015-10-07,27.2136,28.5743,9.01,8.98,12.16,0.05,0.047,take_profit,False,1,1,410499.21,19293.46,2015
TVSMOTOR,2015-10-07,2015-10-21,227.5764,238.9552,1.72,4.46,4.62,0.05,0.047,take_profit,False,14,10,414357.91,19474.82,2015
ELGIEQUIP,2015-10-08,2015-10-09,65.3905,68.66,10.11,18.62,12.72,0.05,0.047,take_profit,False,1,1,481134.72,22613.33,2015
THANGAMAYL,2015-10-08,2015-10-09,82.2227,79.756,2.65,6.28,8.38,-0.03,-0.033,stopped_out,True,1,1,384907.77,-12701.96,2015
NATIONALUM,2015-10-09,2015-10-13,21.1582,22.2161,1.37,3.11,2.52,0.05,0.047,take_profit,False,4,2,483116.99,22706.5,2015
JINDALSAW,2015-10-09,2015-10-23,30.1721,29.2669,1.97,3.99,5.64,-0.03,-0.033,stopped_out,True,14,9,386493.59,-12754.29,2015
DATAMATICS,2015-10-12,2015-10-13,53.4908,56.1654,0.87,3.38,3.22,0.05,0.047,take_profit,False,1,1,510473.29,23992.24,2015
VAIBHAVGBL,2015-10-12,2015-10-13,70.3843,73.9035,10.76,7.49,14.51,0.05,0.047,take_profit,False,1,1,408378.63,19193.8,2015
COROMANDEL,2015-10-13,2015-10-14,169.0443,163.973,9.61,1.91,2.58,-0.03,-0.033,stopped_out,True,1,1,396976.12,-13100.21,2015
BERGEPAINT,2015-10-13,2015-10-21,128.8497,124.9842,0.78,1.91,1.6,-0.03,-0.033,stopped_out,True,8,6,496220.15,-16375.27,2015
FINPIPE,2015-10-13,2015-10-14,46.1935,48.5032,4.73,2.35,5.23,0.05,0.047,take_profit,False,1,1,620275.19,29152.93,2015
FINPIPE,2015-10-14,2015-10-16,48.9832,47.5137,0.89,5.41,4.04,-0.03,-0.033,stopped_out,True,2,2,524241.7,-17299.98,2015
FACT,2015-10-14,2015-10-16,21.5896,20.9419,1.39,3.88,5.35,-0.03,-0.033,stopped_out,True,2,2,419393.36,-13839.98,2015
ACE,2015-10-16,2015-10-20,44.8539,43.5083,2.78,5.34,7.34,-0.03,-0.033,stopped_out,True,4,2,518013.71,-17094.45,2015
PCBL,2015-10-16,2015-10-21,10.3399,10.0297,0.79,2.51,2.73,-0.03,-0.033,stopped_out,True,5,3,414410.97,-13675.56,2015
ICIL,2015-10-20,2015-10-26,170.2225,178.705,0.8,1.98,1.92,0.049832,0.046832,take_profit_gap,False,6,3,431712.63,20217.97,2015
RENUKA,2015-10-21,2015-10-26,12.1561,11.7914,2.06,2.46,3.85,-0.03,-0.033,stopped_out,True,5,2,608252.71,-20072.34,2015
KPRMILL,2015-10-21,2015-10-23,78.3024,82.2175,6.69,1.99,6.02,0.05,0.047,take_profit,False,2,1,486602.17,22870.3,2015
JUBLPHARMA,2015-10-21,2015-10-28,285.5882,277.0206,2.65,2.31,6.6,-0.03,-0.033,stopped_out,True,7,4,389281.73,-12846.3,2015
WEBELSOLAR,2015-10-23,2015-10-26,2.4062,2.334,1.25,2.02,11.86,-0.03,-0.033,stopped_out,True,3,1,488067.74,-16106.24,2015
VIPIND,2015-10-23,2015-10-26,95.6216,92.753,10.06,14.14,17.64,-0.03,-0.033,stopped_out,True,3,1,390454.19,-12884.99,2015
V2RETAIL,2015-10-26,2015-10-27,78.7894,76.4257,2.1,5.55,11.07,-0.03,-0.033,stopped_out,True,1,1,353429.34,-11663.17,2015
GSFC,2015-10-26,2015-10-27,59.1338,57.3598,2.65,9.38,3.28,-0.03,-0.033,stopped_out,True,1,1,441786.68,-14578.96,2015
SPARC,2015-10-26,2015-10-28,396.6508,384.7512,1.8,3.04,3.62,-0.03,-0.033,stopped_out,True,2,2,552233.35,-18223.7,2015
GODREJIND,2015-10-26,2015-11-03,378.1953,397.105,1.96,2.08,3.82,0.05,0.047,take_profit,False,8,6,690291.69,32443.71,2015
FINPIPE,2015-10-27,2015-10-28,53.7165,52.105,1.76,7.75,8.38,-0.03,-0.033,stopped_out,True,1,1,436538.26,-14405.76,2015
BAJAJFINSV,2015-10-27,2015-11-05,197.6135,191.6851,1.63,2.7,3.92,-0.03,-0.033,stopped_out,True,9,7,349230.6,-11524.61,2015
RADICO,2015-10-28,2015-11-03,97.4537,102.3264,3.17,2.52,5.49,0.05,0.047,take_profit,False,6,4,545900.0,25657.3,2015
PCJEWELLER,2015-10-28,2015-10-29,20.2077,21.2181,0.98,2.36,7.5,0.05,0.047,take_profit,False,1,1,436720.0,20525.84,2015
SRF,2015-10-28,2015-10-30,258.4823,250.7278,2.95,2.13,4.04,-0.03,-0.033,stopped_out,True,2,2,349376.0,-11529.41,2015
DRREDDY,2015-10-29,2015-11-06,789.8207,766.1261,0.71,2.37,2.59,-0.03,-0.033,stopped_out,True,8,6,370949.97,-12241.35,2015
KTKBANK,2015-10-30,2015-11-05,72.3249,70.1552,0.97,3.66,3.29,-0.03,-0.033,stopped_out,True,6,4,364329.29,-12022.87,2015
ITI,2015-11-03,2015-11-04,28.1141,27.2706,0.53,1.69,4.46,-0.03,-0.033,stopped_out,True,1,1,550321.97,-18160.63,2015
GNFC,2015-11-03,2015-11-04,48.8886,53.364,7.36,2.63,2.02,0.091545,0.088545,take_profit_gap,False,1,1,440257.58,38982.61,2015
RECLTD,2015-11-04,2015-11-06,44.4824,43.1479,0.94,1.56,1.94,-0.03,-0.033,stopped_out,True,2,2,443589.1,-14638.44,2015
JISLJALEQS,2015-11-04,2015-11-06,63.0982,61.2052,2.66,3.34,5.04,-0.03,-0.033,stopped_out,True,2,2,554486.37,-18298.05,2015
MOTHERSON,2015-11-06,2015-11-09,28.5357,27.6797,4.02,2.92,8.65,-0.03,-0.033,stopped_out,True,3,1,757643.28,-25002.23,2015
ALLCARGO,2015-11-09,2015-11-13,36.0295,37.831,1.07,1.78,6.74,0.05,0.047,take_profit,False,4,2,752642.83,35374.21,2015
BSOFT,2015-11-09,2015-11-13,78.9466,75.5805,2.95,1.86,9.6,-0.042638,-0.045638,stopped_out_gap,False,4,2,602114.27,-27479.29,2015
GESHIP,2015-11-09,2015-11-16,286.7996,278.0476,4.27,6.06,5.33,-0.030516,-0.033516,stopped_out_gap,False,7,3,481691.41,-16144.37,2015
SONATSOFTW,2015-11-09,2015-11-10,41.0437,43.0959,1.19,1.55,3.89,0.05,0.047,take_profit,False,1,1,385353.13,18111.6,2015
HAVELLS,2015-11-09,2015-11-19,238.5353,250.4621,4.14,3.96,8.03,0.05,0.047,take_profit,False,10,6,308282.5,14489.28,2015
SHILPAMED,2015-11-10,2015-11-16,248.698,261.133,1.98,3.74,3.15,0.05,0.047,take_profit,False,6,2,327318.95,15383.99,2015
FINCABLES,2015-11-13,2015-11-20,230.7374,242.2743,2.78,1.87,1.58,0.05,0.047,take_profit,False,7,5,534385.56,25116.12,2015
GOKEX,2015-11-13,2015-11-17,66.4463,64.4529,6.24,8.96,3.26,-0.03,-0.033,stopped_out,True,4,2,427508.45,-14107.78,2015
BALRAMCHIN,2015-11-16,2015-11-18,62.4872,65.6116,2.24,3.2,3.48,0.05,0.047,take_profit,False,2,2,402925.41,18937.49,2015
GMRAIRPORT,2015-11-16,2015-11-18,12.0785,12.6824,1.26,2.24,8.94,0.05,0.047,take_profit,False,2,2,503656.76,23671.87,2015
GABRIEL,2015-11-17,2015-11-18,82.2648,79.7969,0.66,2.15,4.53,-0.03,-0.033,stopped_out,True,1,1,405020.46,-13365.68,2015
TEXRAIL,2015-11-18,2015-11-19,116.5192,122.3452,3.81,2.37,2.87,0.05,0.047,take_profit,False,1,1,592185.63,27832.72,2015
ASTRAMICRO,2015-11-18,2015-11-20,136.7623,132.6594,5.77,4.53,5.62,-0.03,-0.033,stopped_out,True,2,2,473748.5,-15633.7,2015
HAVELLS,2015-11-18,2015-11-20,243.2931,255.4577,1.61,2.46,2.67,0.05,0.047,take_profit,False,2,2,378998.8,17812.94,2015
TEXRAIL,2015-11-19,2015-11-24,122.89,119.2033,1.5,4.45,3.63,-0.03,-0.033,stopped_out,True,5,3,491757.07,-16227.98,2015
PCBL,2015-11-19,2015-11-26,9.7206,10.2066,2.86,2.59,1.59,0.05,0.047,take_profit,False,7,4,393405.66,18490.07,2015
GREAVESCOT,2015-11-20,2015-11-24,128.9281,125.0603,1.83,2.49,3.98,-0.03,-0.033,stopped_out,True,4,2,597610.17,-19721.14,2015
AURIONPRO,2015-11-20,2015-11-24,83.7196,87.9055,2.9,2.14,7.82,0.05,0.047,take_profit,False,4,2,478088.14,22470.14,2015
PETRONET,2015-11-20,2015-11-23,75.946,79.7433,3.41,4.78,4.58,0.05,0.047,take_profit,False,3,1,382470.51,17976.11,2015
GMDCLTD,2015-11-23,2015-11-24,65.0524,68.305,1.81,1.84,3.19,0.05,0.047,take_profit,False,1,1,386065.73,18145.09,2015
DEEPAKNTR,2015-11-24,2015-11-26,64.312,67.5276,0.81,3.22,5.73,0.05,0.047,take_profit,False,2,1,448313.62,21070.74,2015
GMRAIRPORT,2015-11-24,2015-11-26,13.3855,14.0548,3.37,2.32,4.21,0.05,0.047,take_profit,False,2,1,358650.9,16856.59,2015
SUNDRMFAST,2015-11-24,2015-12-03,146.1012,141.7181,2.38,2.04,5.13,-0.03,-0.033,stopped_out,True,9,6,700490.03,-23116.17,2015
SUNDRMFAST,2015-11-24,2015-12-03,146.1012,141.7181,0.85,2.04,5.13,-0.03,-0.033,stopped_out,True,9,6,560392.02,-18492.94,2015
PTC,2015-11-26,2015-12-01,37.2044,36.0883,0.52,4.85,2.13,-0.03,-0.033,stopped_out,True,5,3,538278.23,-17763.18,2015
JINDALSTEL,2015-11-26,2015-12-01,89.1848,93.644,1.55,1.61,4.27,0.05,0.047,take_profit,False,5,3,430622.58,20239.26,2015
MRPL,2015-11-26,2015-11-27,54.5653,52.9284,3.04,3.55,7.45,-0.03,-0.033,stopped_out,True,1,1,344498.07,-11368.44,2015
PNB,2015-11-27,2015-12-02,133.9561,129.9374,2.43,1.67,2.49,-0.03,-0.033,stopped_out,True,5,3,342224.38,-11293.4,2015
MUTHOOTFIN,2015-12-01,2015-12-03,156.0066,163.807,1.72,2.89,2.76,0.05,0.047,take_profit,False,2,2,468054.88,21998.58,2015
JKTYRE,2015-12-01,2015-12-02,92.346,97.7496,3.08,2.91,4.75,0.058515,0.055515,take_profit_gap,False,1,1,374443.91,20787.25,2015
EIHOTEL,2015-12-02,2015-12-03,118.3438,125.1911,8.76,8.41,8.51,0.057859,0.054859,take_profit_gap,False,1,1,444787.55,24400.6,2015
MOIL,2015-12-02,2015-12-07,76.0396,73.7585,2.37,5.78,4.21,-0.03,-0.033,stopped_out,True,5,3,355830.04,-11742.39,2015
TTML,2015-12-03,2015-12-04,7.9458,8.3431,4.22,8.71,10.67,0.05,0.047,take_profit,False,1,1,368827.88,17334.91,2015
MANINFRA,2015-12-03,2015-12-04,25.7141,26.9998,2.3,4.54,6.64,0.05,0.047,take_profit,False,1,1,461034.85,21668.64,2015
THANGAMAYL,2015-12-03,2015-12-07,101.5064,97.8652,2.69,1.83,8.73,-0.035872,-0.038872,stopped_out_gap,False,4,2,720366.95,-28002.1,2015
ZENTEC,2015-12-03,2015-12-04,103.6163,100.5079,3.83,11.34,17.26,-0.03,-0.033,stopped_out,True,1,1,576293.56,-19017.69,2015
CHOLAHLDNG,2015-12-04,2015-12-09,265.8988,257.9218,1.26,1.61,3.15,-0.03,-0.033,stopped_out,True,5,3,580290.73,-19149.59,2015
TANLA,2015-12-04,2015-12-07,43.8639,46.0571,5.2,2.27,2.67,0.05,0.047,take_profit,False,3,1,464232.58,21818.93,2015
TARIL,2015-12-04,2015-12-09,12.1035,11.4945,3.14,14.03,10.8,-0.05032,-0.05332,stopped_out_gap,False,5,3,371386.07,-19802.31,2015
ASIANPAINT,2015-12-07,2015-12-09,803.8412,779.726,1.8,1.74,3.5,-0.03,-0.033,stopped_out,True,2,2,601609.65,-19853.12,2015
KANSAINER,2015-12-07,2015-12-09,152.9466,148.3582,0.56,1.53,3.31,-0.03,-0.033,stopped_out,True,2,2,481287.72,-15882.49,2015
SOBHA,2015-12-07,2015-12-09,293.4465,284.6431,4.78,2.41,5.04,-0.03,-0.033,stopped_out,True,2,2,385030.18,-12706.0,2015
FACT,2015-12-10,2015-12-11,24.2322,25.4438,11.52,3.4,10.96,0.05,0.047,take_profit,False,1,1,774466.31,36399.92,2015
OLECTRA,2015-12-10,2015-12-15,16.3843,15.8927,1.52,3.4,6.84,-0.03,-0.033,stopped_out,True,5,3,619573.05,-20445.91,2015
NATCOPHARM,2015-12-10,2015-12-16,484.7762,470.2329,0.65,2.01,2.48,-0.03,-0.033,stopped_out,True,6,4,495658.44,-16356.73,2015
JBMA,2015-12-10,2015-12-14,39.408,38.2257,1.09,2.68,1.77,-0.03,-0.033,stopped_out,True,4,2,396526.75,-13085.38,2015
TATASTEEL,2015-12-11,2015-12-17,17.7267,18.613,1.54,2.14,2.47,0.05,0.047,take_profit,False,6,4,479394.65,22531.55,2015
TITAGARH,2015-12-11,2015-12-15,150.0677,145.5657,3.05,3.29,4.86,-0.03,-0.033,stopped_out,True,4,2,383515.72,-12656.02,2015
LUMAXTECH,2015-12-14,2015-12-15,58.3998,61.3198,1.65,1.94,7.97,0.05,0.047,take_profit,False,1,1,383500.85,18024.54,2015
ASAHIINDIA,2015-12-15,2015-12-21,154.1886,161.898,0.67,1.64,2.8,0.05,0.047,take_profit,False,6,4,464882.5,21849.48,2015
NFL,2015-12-15,2015-12-17,22.7866,22.103,0.53,1.53,2.72,-0.03,-0.033,stopped_out,True,2,2,371906.0,-12272.9,2015
ABB,2015-12-15,2015-12-18,1037.7469,1006.6145,4.29,2.67,7.16,-0.03,-0.033,stopped_out,True,3,3,581103.12,-19176.4,2015
NAVINFLUOR,2015-12-16,2015-12-23,353.5661,371.2444,4.02,1.83,4.63,0.05,0.047,take_profit,False,7,5,393385.14,18489.1,2015
TRIDENT,2015-12-17,2015-12-22,4.7238,4.5821,2.59,2.51,8.34,-0.03,-0.033,stopped_out,True,5,3,487019.97,-16071.66,2015
MARICO,2015-12-17,2015-12-22,193.687,187.8764,1.55,8.38,2.24,-0.03,-0.033,stopped_out,True,5,3,389615.98,-12857.33,2015
BEL,2015-12-18,2015-12-24,31.1712,32.7297,0.53,4.23,2.37,0.05,0.047,take_profit,False,6,4,424078.13,19931.67,2015
INDIAGLYCO,2015-12-21,2015-12-22,48.2005,46.7545,1.25,3.04,1.52,-0.03,-0.033,stopped_out,True,1,1,436608.9,-14408.09,2015
ALLCARGO,2015-12-22,2015-12-24,38.7285,40.6649,2.48,1.6,3.58,0.05,0.047,take_profit,False,2,2,603268.67,28353.63,2015
CANFINHOME,2015-12-22,2016-01-06,199.8605,198.5444,0.56,2.86,3.34,-0.006585,-0.009585,time_exit,False,15,10,482614.94,-4625.86,2016
GSPL,2015-12-22,2016-01-01,122.8757,129.0195,1.79,2.91,6.51,0.05,0.047,take_profit,False,10,7,386091.95,18146.32,2016
HSCL,2015-12-23,2015-12-24,15.7322,16.5188,6.56,5.82,7.02,0.05,0.047,take_profit,False,1,1,391248.41,18388.68,2015
VMART,2015-12-24,2015-12-28,145.8408,141.4656,12.51,17.67,11.68,-0.03,-0.033,stopped_out,True,4,1,390433.64,-12884.31,2015
ALLCARGO,2015-12-24,2015-12-28,41.6011,43.6812,4.65,2.21,3.16,0.05,0.047,take_profit,False,4,1,488042.05,22937.98,2015
PGIL,2015-12-24,2015-12-28,110.5408,107.2246,4.7,18.82,10.6,-0.03,-0.033,stopped_out,True,4,1,610052.56,-20131.73,2015
IGL,2015-12-28,2016-01-05,45.6632,47.9464,1.85,1.61,2.02,0.05,0.047,take_profit,False,8,6,608036.95,28577.74,2016
PCBL,2015-12-28,2015-12-29,9.6761,9.3858,0.94,2.0,1.91,-0.03,-0.033,stopped_out,True,1,1,486429.56,-16052.18,2015
VSTIND,2015-12-28,2015-12-29,114.7287,111.2868,0.98,3.87,4.51,-0.03,-0.033,stopped_out,True,1,1,389143.65,-12841.74,2015
BEL,2015-12-29,2016-01-04,33.9507,35.6482,1.45,2.24,2.51,0.05,0.047,take_profit,False,6,4,480650.78,22590.59,2016
MMTC,2015-12-29,2015-12-30,32.0505,31.089,0.6,9.52,3.11,-0.03,-0.033,stopped_out,True,1,1,384520.62,-12689.18,2015
MINDACORP,2015-12-30,2015-12-31,88.6977,93.1326,3.83,2.66,1.59,0.05,0.047,take_profit,False,1,1,381982.78,17953.19,2015
NFL,2015-12-31,2016-01-01,23.3894,24.5589,1.72,1.76,3.19,0.05,0.047,take_profit,False,1,1,385573.42,18121.95,2016
WEBELSOLAR,2016-01-01,2016-01-05,4.4822,4.9325,9.6,1.7,1.82,0.100461,0.097461,take_profit_gap,False,4,2,470045.47,45811.1,2016
BALRAMCHIN,2016-01-01,2016-01-06,62.8808,66.0248,1.53,2.35,1.7,0.05,0.047,take_profit,False,5,3,376036.37,17673.71,2016
TRIVENI,2016-01-04,2016-01-05,44.8721,43.5259,0.91,2.64,5.81,-0.03,-0.033,stopped_out,True,1,1,401477.37,-13248.75,2016
CGCL,2016-01-05,2016-01-06,38.1175,36.974,7.12,4.4,14.07,-0.03,-0.033,stopped_out,True,1,1,402766.0,-13291.28,2016
SARDAEN,2016-01-05,2016-01-06,10.2972,9.9883,3.39,2.97,13.66,-0.03,-0.033,stopped_out,True,1,1,503457.5,-16614.1,2016
TATASTEEL,2016-01-05,2016-01-06,20.1845,19.5789,1.02,2.22,6.5,-0.03,-0.033,stopped_out,True,1,1,629321.87,-20767.62,2016
PETRONET,2016-01-06,2016-01-07,92.48,89.7056,0.96,3.05,2.31,-0.03,-0.033,stopped_out,True,1,1,793527.1,-26186.39,2016
JAIBALAJI,2016-01-06,2016-01-07,2.1111,2.0477,5.21,3.68,12.23,-0.03,-0.033,stopped_out,True,1,1,634821.68,-20949.12,2016
TORNTPOWER,2016-01-06,2016-01-07,176.8544,171.5488,4.81,7.83,11.47,-0.03,-0.033,stopped_out,True,1,1,507857.35,-16759.29,2016
BALRAMCHIN,2016-01-08,2016-01-12,71.9324,69.7745,4.86,4.13,8.22,-0.03,-0.033,stopped_out,True,4,2,780748.14,-25764.69,2016
TRIVENI,2016-01-08,2016-01-11,48.1098,46.6665,4.08,2.84,16.83,-0.03,-0.033,stopped_out,True,3,1,624598.51,-20611.75,2016
REFEX,2016-01-08,2016-01-11,2.3594,2.4773,12.1,6.58,22.77,0.05,0.047,take_profit,False,3,1,499678.81,23484.9,2016
EIDPARRY,2016-01-08,2016-01-11,185.2051,179.6489,1.53,3.12,8.37,-0.03,-0.033,stopped_out,True,3,1,399743.05,-13191.52,2016
SUBROS,2016-01-11,2016-01-13,102.5021,99.427,2.92,4.58,5.72,-0.03,-0.033,stopped_out,True,2,2,622534.84,-20543.65,2016
CGCL,2016-01-11,2016-01-13,39.3002,38.1212,4.44,3.13,7.36,-0.03,-0.033,stopped_out,True,2,2,498027.87,-16434.92,2016
RADICO,2016-01-11,2016-01-12,117.1472,113.6328,0.77,4.36,5.52,-0.03,-0.033,stopped_out,True,1,1,398422.3,-13147.94,2016
TIMETECHNO,2016-01-11,2016-01-13,26.9978,26.1879,1.1,5.25,3.24,-0.03,-0.033,stopped_out,True,2,2,318737.84,-10518.35,2016
INFY,2016-01-14,2016-01-29,432.6439,444.3805,4.11,4.94,6.29,0.027127,0.024127,time_exit,False,15,10,609122.05,14696.29,2016
PGIL,2016-01-14,2016-01-15,107.246,104.0286,3.38,4.01,13.26,-0.03,-0.033,stopped_out,True,1,1,761402.56,-25126.28,2016
BPCL,2016-01-15,2016-01-18,82.5365,80.0604,0.79,2.91,2.39,-0.03,-0.033,stopped_out,True,3,1,634552.89,-20940.25,2016
CANFINHOME,2016-01-22,2016-01-25,190.3717,184.6606,7.31,9.85,12.08,-0.03,-0.033,stopped_out,True,3,1,630364.84,-20802.04,2016
SYNGENE,2016-01-22,2016-01-27,194.6204,188.7818,1.27,2.9,2.57,-0.03,-0.033,stopped_out,True,5,2,504291.88,-16641.63,2016
HINDZINC,2016-01-22,2016-01-25,57.5466,60.4239,0.69,1.92,1.65,0.05,0.047,take_profit,False,3,1,403433.5,18961.37,2016
GAIL,2016-01-22,2016-01-25,46.6153,45.2169,1.08,1.56,5.69,-0.03,-0.033,stopped_out,True,3,1,322746.8,-10650.64,2016
JSWSTEEL,2016-01-25,2016-01-29,99.4811,96.4966,1.47,1.83,3.48,-0.03,-0.033,stopped_out,True,4,3,527008.21,-17391.27,2016
FINPIPE,2016-01-25,2016-02-01,51.1949,53.7546,1.45,1.65,7.57,0.05,0.047,take_profit,False,7,4,421606.57,19815.51,2016
ASHOKA,2016-01-25,2016-02-03,126.0983,122.3153,2.41,3.11,4.24,-0.03,-0.033,stopped_out,True,9,6,337285.25,-11130.41,2016
PRICOLLTD,2016-01-27,2016-01-28,38.1325,40.0391,2.35,2.0,4.21,0.05,0.047,take_profit,False,1,1,367358.25,17265.84,2016
BRIGADE,2016-01-28,2016-01-29,97.5865,94.6589,7.36,14.47,14.45,-0.03,-0.033,stopped_out,True,1,1,370811.42,-12236.78,2016
MANAPPURAM,2016-01-29,2016-02-03,23.0819,22.3894,2.62,2.26,5.54,-0.03,-0.033,stopped_out,True,5,3,380832.72,-12567.48,2016
TITAN,2016-01-29,2016-02-02,349.8158,339.3214,2.35,1.5,4.81,-0.03,-0.033,stopped_out,True,4,2,595051.12,-19636.69,2016
TATAELXSI,2016-01-29,2016-02-01,937.6292,984.5106,0.67,1.58,4.44,0.05,0.047,take_profit,False,3,1,476040.89,22373.92,2016
YESBANK,2016-02-01,2016-02-09,148.5861,144.1285,1.41,2.56,2.39,-0.03,-0.033,stopped_out,True,8,6,492633.55,-16256.91,2016
TATAELXSI,2016-02-01,2016-02-02,1013.1537,1063.8114,6.49,2.53,7.41,0.05,0.047,take_profit,False,1,1,394106.84,18523.02,2016
UNOMINDA,2016-02-03,2016-02-04,28.9063,28.0391,0.77,10.31,3.75,-0.03,-0.033,stopped_out,True,1,1,651778.35,-21508.69,2016
UNOMINDA,2016-02-03,2016-02-04,28.9063,28.0391,1.62,10.31,3.75,-0.03,-0.033,stopped_out,True,1,1,521422.68,-17206.95,2016
BAJFINANCE,2016-02-03,2016-02-05,61.7827,64.8718,2.66,5.91,10.76,0.05,0.047,take_profit,False,2,2,417138.14,19605.49,2016
ABB,2016-02-04,2016-02-05,1004.4274,974.2946,6.29,13.42,13.9,-0.03,-0.033,stopped_out,True,1,1,560607.59,-18500.05,2016
JINDWORLD,2016-02-04,2016-02-05,3.0085,3.3263,22.13,12.86,8.9,0.105613,0.102613,take_profit_gap,False,1,1,448486.07,46020.5,2016
JINDWORLD,2016-02-04,2016-02-05,3.0085,3.3263,2.37,12.86,8.9,0.105613,0.102613,take_profit_gap,False,1,1,358788.86,36816.4,2016
KOTAKBANK,2016-02-05,2016-02-08,137.5735,133.4463,0.51,1.91,2.22,-0.03,-0.033,stopped_out,True,3,1,338341.73,-11165.28,2016
JINDWORLD,2016-02-05,2016-02-08,3.5466,3.4402,5.2,14.94,6.52,-0.03,-0.033,stopped_out,True,3,1,422927.16,-13956.6,2016
LUPIN,2016-02-05,2016-02-09,1704.2385,1789.4505,3.39,4.04,9.13,0.05,0.047,take_profit,False,4,2,528658.95,24846.97,2016
PRICOLLTD,2016-02-05,2016-02-08,44.5022,46.7273,3.36,1.75,7.21,0.05,0.047,take_profit,False,3,1,660823.69,31058.71,2016
APOLLOTYRE,2016-02-10,2016-02-12,129.1058,125.2327,6.02,3.63,10.37,-0.03,-0.033,stopped_out,True,2,2,762255.78,-25154.44,2016
NMDC,2016-02-15,2016-02-23,10.6817,11.2158,9.3,5.18,4.6,0.05,0.047,take_profit,False,8,6,757224.89,35589.57,2016
TATASTEEL,2016-02-15,2016-02-17,18.1535,17.6089,5.59,1.6,11.13,-0.03,-0.033,stopped_out,True,2,2,605779.91,-19990.74,2016
PIDILITIND,2016-02-17,2016-02-19,285.2828,299.5469,2.15,1.68,2.3,0.05,0.047,take_profit,False,2,2,601781.77,28283.74,2016
DRREDDY,2016-02-18,2016-02-24,580.688,563.2673,1.83,2.03,1.76,-0.03,-0.033,stopped_out,True,6,4,481425.41,-15887.04,2016
HEROMOTOCO,2016-02-18,2016-02-26,1873.9629,1817.744,2.2,1.5,3.22,-0.03,-0.033,stopped_out,True,8,6,385140.33,-12709.63,2016
PIDILITIND,2016-02-18,2016-02-25,295.0456,286.1942,2.45,2.13,1.98,-0.03,-0.033,stopped_out,True,7,5,308112.26,-10167.7,2016
HEROMOTOCO,2016-02-19,2016-02-24,1937.2809,1879.1625,1.72,2.38,3.41,-0.03,-0.033,stopped_out,True,5,3,372502.91,-12292.6,2016
JSWSTEEL,2016-02-23,2016-02-26,100.986,97.9564,0.68,1.6,2.65,-0.03,-0.033,stopped_out,True,3,3,456565.22,-15066.65,2016
SYNGENE,2016-02-26,2016-02-29,198.6863,192.7257,1.1,2.8,3.64,-0.03,-0.033,stopped_out,True,3,1,752776.68,-24841.63,2016
ASHOKLEY,2016-03-01,2016-03-09,38.006,39.9063,0.68,1.59,3.23,0.05,0.047,take_profit,False,8,5,306302.3,14396.21,2016
HEROMOTOCO,2016-03-01,2016-03-02,1909.3977,2004.8676,5.26,2.47,6.14,0.05,0.047,take_profit,False,1,1,382877.88,17995.26,2016
DEEPAKFERT,2016-03-01,2016-03-09,119.1104,125.066,1.56,5.02,3.36,0.05,0.047,take_profit,False,8,5,747808.36,35146.99,2016
SUPREMEIND,2016-03-01,2016-03-03,641.7023,673.7875,4.29,1.93,4.48,0.05,0.047,take_profit,False,2,2,598246.68,28117.59,2016
SUPREMEIND,2016-03-01,2016-03-03,641.7023,673.7875,0.85,1.93,4.48,0.05,0.047,take_profit,False,2,2,478597.35,22494.08,2016
FINPIPE,2016-03-02,2016-03-03,56.0873,54.4047,1.19,4.06,3.0,-0.03,-0.033,stopped_out,True,1,1,325216.47,-10732.14,2016
EDELWEISS,2016-03-03,2016-03-04,24.1152,25.3209,2.22,4.12,2.37,0.05,0.047,take_profit,False,1,1,548561.18,25782.38,2016
DRREDDY,2016-03-03,2016-03-16,596.5075,578.6122,3.92,1.66,4.12,-0.03,-0.033,stopped_out,True,13,8,438848.94,-14482.02,2016
FACT,2016-03-03,2016-03-04,24.1823,23.4569,8.45,9.48,11.24,-0.03,-0.033,stopped_out,True,1,1,351079.16,-11585.61,2016
EDELWEISS,2016-03-04,2016-03-08,26.4374,25.6442,3.12,4.01,7.73,-0.03,-0.033,stopped_out,True,4,1,463630.74,-15299.81,2016
UPL,2016-03-04,2016-03-08,268.886,260.8194,1.01,2.67,4.88,-0.03,-0.033,stopped_out,True,4,1,370904.6,-12239.85,2016
SAIL,2016-03-08,2016-03-09,36.1567,35.072,1.25,2.47,6.0,-0.03,-0.033,stopped_out,True,1,1,366498.25,-12094.44,2016
FINPIPE,2016-03-08,2016-03-14,60.1588,63.2204,3.09,3.18,5.6,0.050891,0.047891,take_profit_gap,False,6,4,458122.81,21939.96,2016
GABRIEL,2016-03-09,2016-03-11,80.5952,78.1773,1.79,1.83,5.06,-0.03,-0.033,stopped_out,True,2,2,584810.13,-19298.73,2016
BAJAJELEC,2016-03-09,2016-03-15,162.1325,170.2391,3.7,1.6,5.85,0.05,0.047,take_profit,False,6,4,467848.11,21988.86,2016
KSB,2016-03-09,2016-03-15,108.115,113.5208,2.41,2.11,7.03,0.05,0.047,take_profit,False,6,4,374278.48,17591.09,2016
FINPIPE,2016-03-11,2016-03-16,62.7726,60.8894,0.88,2.64,3.35,-0.03,-0.033,stopped_out,True,5,3,412525.07,-13613.33,2016
ASTRAL,2016-03-14,2016-03-15,184.9683,179.4192,3.62,2.25,3.36,-0.03,-0.033,stopped_out,True,1,1,426032.61,-14059.08,2016
USHAMART,2016-03-15,2016-03-16,11.3974,12.491,14.35,1.7,5.8,0.09595,0.09295,take_profit_gap,False,1,1,383719.74,35666.75,2016
RENUKA,2016-03-15,2016-03-17,15.0075,14.5573,5.33,3.52,7.91,-0.03,-0.033,stopped_out,True,2,2,599562.1,-19785.55,2016
RENUKA,2016-03-15,2016-03-17,15.0075,14.5573,1.08,3.52,7.91,-0.03,-0.033,stopped_out,True,2,2,479649.68,-15828.44,2016
INDIAGLYCO,2016-03-16,2016-03-17,40.967,39.738,2.09,15.23,13.34,-0.03,-0.033,stopped_out,True,1,1,444407.06,-14665.43,2016
INDIAGLYCO,2016-03-16,2016-03-17,40.967,39.738,9.08,15.23,13.34,-0.03,-0.033,stopped_out,True,1,1,355525.65,-11732.35,2016
NBCC,2016-03-16,2016-04-01,38.5006,38.0566,0.93,2.87,3.86,-0.011531,-0.014531,time_exit,False,16,10,555508.83,-8072.1,2016
GAIL,2016-03-17,2016-04-04,45.2196,44.5223,2.15,1.79,2.1,-0.015421,-0.018421,time_exit,False,18,10,331697.7,-6110.2,2016
GPPL,2016-03-17,2016-03-21,105.2913,110.5558,0.88,1.65,2.98,0.05,0.047,take_profit,False,4,2,414622.12,19487.24,2016
KTKBANK,2016-03-17,2016-03-28,56.5618,59.3899,1.79,1.8,2.7,0.05,0.047,take_profit,False,11,5,518277.65,24359.05,2016
ALOKINDS,2016-03-17,2016-03-18,5.2526,5.5153,8.57,7.66,1.94,0.05,0.047,take_profit,False,1,1,647847.07,30448.81,2016
JKLAKSHMI,2016-03-18,2016-03-21,311.7738,327.3625,3.48,2.51,4.87,0.05,0.047,take_profit,False,3,1,401017.33,18847.81,2016
BLUEDART,2016-03-21,2016-04-06,5835.2907,5939.7679,4.54,2.73,10.26,0.017904,0.014904,time_exit,False,16,10,491608.77,7326.94,2016
TTML,2016-03-21,2016-03-22,6.4141,6.7348,7.46,3.15,10.74,0.05,0.047,take_profit,False,1,1,393287.02,18484.49,2016
TATAPOWER,2016-03-22,2016-03-31,53.6055,56.2858,4.85,2.66,4.22,0.05,0.047,take_profit,False,9,5,396983.91,18658.24,2016
SUNDRMFAST,2016-03-28,2016-03-29,151.4037,146.8616,1.8,2.26,9.25,-0.03,-0.033,stopped_out,True,1,1,426114.47,-14061.78,2016
PGEL,2016-03-29,2016-03-30,12.2967,12.9116,5.0,5.91,14.95,0.05,0.047,take_profit,False,1,1,423302.12,19895.2,2016
UPL,2016-03-30,2016-04-05,285.3892,276.8275,0.79,1.94,3.99,-0.03,-0.033,stopped_out,True,6,4,427281.16,-14100.28,2016
WHIRLPOOL,2016-03-31,2016-04-11,685.2539,719.5166,0.89,3.05,2.13,0.05,0.047,take_profit,False,11,7,424953.36,19972.81,2016
RHIM,2016-04-01,2016-04-07,73.6636,71.4537,1.55,2.3,5.92,-0.03,-0.033,stopped_out,True,6,4,449450.03,-14831.85,2016
MAHSEAMLES,2016-04-04,2016-04-05,77.1443,81.0015,13.2,4.62,16.13,0.05,0.047,take_profit,False,1,1,424677.52,19959.84,2016
TI,2016-04-05,2016-04-06,18.9397,18.3715,3.15,4.81,10.43,-0.03,-0.033,stopped_out,True,1,1,511305.67,-16873.09,2016
BIOCON,2016-04-05,2016-04-12,86.5107,90.8362,0.97,7.09,5.13,0.05,0.047,take_profit,False,7,5,409044.53,19225.09,2016
PCBL,2016-04-06,2016-04-12,7.7698,8.1583,4.58,4.11,8.05,0.05,0.047,take_profit,False,6,4,525909.28,24717.74,2016
BAJAJELEC,2016-04-06,2016-04-25,189.9189,195.473,1.82,1.85,3.17,0.029245,0.026245,time_exit,False,19,10,420727.43,11041.99,2016
PRAJIND,2016-04-07,2016-04-20,78.3931,82.3128,0.66,1.7,2.31,0.05,0.047,take_profit,False,13,6,423505.58,19904.76,2016
CHOLAFIN,2016-04-11,2016-04-12,147.6487,155.0311,2.22,1.79,1.97,0.05,0.047,take_profit,False,1,1,427789.7,20106.12,2016
ESCORTS,2016-04-12,2016-04-29,161.4954,161.334,7.77,6.12,8.7,-0.001,-0.004,time_exit,False,17,10,627590.25,-2510.36,2016
JISLJALEQS,2016-04-12,2016-04-20,58.7675,61.7058,5.94,2.27,5.43,0.05,0.047,take_profit,False,8,3,502072.2,23597.39,2016
GREAVESCOT,2016-04-12,2016-04-13,112.5489,118.1763,2.71,2.3,2.54,0.05,0.047,take_profit,False,1,1,401657.76,18877.91,2016
THOMASCOOK,2016-04-13,2016-04-21,68.2967,66.2478,2.32,2.4,4.79,-0.03,-0.033,stopped_out,True,8,3,405433.34,-13379.3,2016
JINDALSTEL,2016-04-20,2016-04-25,73.5478,71.3414,3.62,2.09,6.12,-0.03,-0.033,stopped_out,True,5,3,518162.66,-17099.37,2016
CGPOWER,2016-04-20,2016-04-29,57.966,56.227,4.77,2.03,5.39,-0.03,-0.033,stopped_out,True,9,7,414530.13,-13679.49,2016
INDIANB,2016-04-21,2016-04-29,83.6867,81.1761,0.55,1.51,1.98,-0.03,-0.033,stopped_out,True,8,6,410034.91,-13531.15,2016
GRANULES,2016-04-25,2016-04-29,124.1122,130.5587,1.6,2.01,2.7,0.05194,0.04894,take_profit_gap,False,4,4,514594.47,25184.25,2016
OBEROIRLTY,2016-04-25,2016-04-28,270.503,284.0282,1.18,1.61,3.17,0.05,0.047,take_profit,False,3,3,411675.58,19348.75,2016
DBREALTY,2016-04-28,2016-04-29,50.125,48.6213,1.5,7.72,4.37,-0.03,-0.033,stopped_out,True,1,1,415545.33,-13713.0,2016
SUNTV,2016-04-29,2016-05-04,290.2051,281.4989,2.07,3.04,4.75,-0.03,-0.033,stopped_out,True,5,3,805245.33,-26573.1,2016
UPL,2016-04-29,2016-05-02,325.1659,341.4242,3.03,2.59,3.84,0.05,0.047,take_profit,False,3,1,644196.26,30277.22,2016
MARICO,2016-04-29,2016-05-04,225.0263,218.2755,2.06,1.87,2.37,-0.03,-0.033,stopped_out,True,5,3,515357.01,-17006.78,2016
DABUR,2016-05-02,2016-05-03,268.0212,259.9806,2.63,2.81,7.5,-0.03,-0.033,stopped_out,True,1,1,547180.31,-18056.95,2016
BIOCON,2016-05-02,2016-05-16,99.6862,102.7829,2.44,1.55,3.77,0.031064,0.028064,time_exit,False,14,10,437744.24,12284.85,2016
CHOLAFIN,2016-05-02,2016-05-06,164.2911,172.5057,3.37,5.36,3.77,0.05,0.047,take_profit,False,4,4,350195.4,16459.18,2016
PETRONET,2016-05-03,2016-05-17,93.8937,96.1423,0.6,1.85,2.02,0.023948,0.020948,time_exit,False,14,10,385980.99,8085.53,2016
PETRONET,2016-05-04,2016-05-18,96.4799,94.6611,0.75,2.99,2.51,-0.018852,-0.021852,time_exit,False,14,10,564189.28,-12328.66,2016
KRBL,2016-05-04,2016-05-05,224.4837,235.7079,2.53,2.19,3.03,0.05,0.047,take_profit,False,1,1,451351.43,21213.52,2016
SIEMENS,2016-05-05,2016-05-16,623.8139,605.0995,0.64,1.86,2.26,-0.03,-0.033,stopped_out,True,11,7,455594.13,-15034.61,2016
ASIANPAINT,2016-05-06,2016-05-13,820.0757,861.0795,2.05,1.89,2.91,0.05,0.047,take_profit,False,7,5,437806.22,20576.89,2016
HAVELLS,2016-05-13,2016-05-26,335.8271,352.6185,3.34,4.3,3.99,0.05,0.047,take_profit,False,13,9,441921.6,20770.32,2016
MUTHOOTFIN,2016-05-16,2016-05-20,187.0802,181.4678,1.34,3.29,3.25,-0.03,-0.033,stopped_out,True,4,4,531655.0,-17544.62,2016
AKZOINDIA,2016-05-16,2016-05-20,1090.4142,1057.7018,3.07,5.43,3.09,-0.03,-0.033,stopped_out,True,4,4,425324.0,-14035.69,2016
TATAINVEST,2016-05-17,2016-05-19,45.4204,44.0578,8.01,12.06,10.6,-0.03,-0.033,stopped_out,True,2,2,419072.5,-13829.39,2016
AARTIDRUGS,2016-05-18,2016-05-19,120.0849,116.4823,1.22,3.44,4.94,-0.03,-0.033,stopped_out,True,1,1,445630.13,-14705.79,2016
SUNFLAG,2016-05-19,2016-05-27,24.7613,26.0946,1.59,1.85,1.59,0.053848,0.050848,take_profit_gap,False,8,6,523737.59,26631.01,2016
EDELWEISS,2016-05-19,2016-05-20,28.9292,30.3757,1.56,4.47,6.55,0.05,0.047,take_profit,False,1,1,418990.07,19692.53,2016
PIDILITIND,2016-05-20,2016-05-26,312.4714,328.0949,2.94,6.93,3.65,0.05,0.047,take_profit,False,6,4,608008.32,28576.39,2016
KTKBANK,2016-05-20,2016-05-26,67.4078,70.7782,2.75,5.5,7.0,0.05,0.047,take_profit,False,6,4,486406.66,22861.11,2016
HSCL,2016-05-20,2016-05-24,20.0094,19.4091,1.47,2.6,3.3,-0.03,-0.033,stopped_out,True,4,2,389125.32,-12841.14,2016
REDINGTON,2016-05-24,2016-05-25,42.8329,41.5479,2.4,6.84,12.84,-0.03,-0.033,stopped_out,True,1,1,386557.1,-12756.38,2016
GODREJCP,2016-05-25,2016-05-30,448.1862,470.5955,1.41,2.17,3.86,0.05,0.047,take_profit,False,5,3,384005.82,18048.27,2016
M&M,2016-05-26,2016-06-09,611.5874,626.6258,0.71,1.83,1.6,0.024589,0.021589,time_exit,False,14,10,628913.53,13577.61,2016
DCMSHRIRAM,2016-05-26,2016-05-27,165.5955,160.6276,4.25,2.41,8.18,-0.03,-0.033,stopped_out,True,1,1,503130.83,-16603.32,2016
TARIL,2016-05-26,2016-05-27,17.174,16.6587,4.67,12.26,12.61,-0.03,-0.033,stopped_out,True,1,1,402504.66,-13282.65,2016
JBCHEPHARM,2016-05-27,2016-06-06,115.954,112.4754,0.74,3.31,2.94,-0.03,-0.033,stopped_out,True,10,6,607227.35,-20038.5,2016
SBIN,2016-05-27,2016-06-01,176.9061,185.7958,3.1,3.8,6.47,0.050251,0.047251,take_profit_gap,False,5,3,485781.88,22953.68,2016
BEL,2016-05-27,2016-06-02,29.9554,29.0568,0.67,3.48,4.33,-0.03,-0.033,stopped_out,True,6,4,388625.51,-12824.64,2016
MPHASIS,2016-05-30,2016-05-31,389.3638,408.832,0.79,1.68,2.33,0.05,0.047,take_profit,False,1,1,391311.22,18391.63,2016
IOC,2016-05-31,2016-06-14,36.8215,36.6035,1.06,2.82,3.95,-0.005921,-0.008921,time_exit,False,14,10,394989.55,-3523.7,2016
NBCC,2016-06-01,2016-06-06,38.9908,37.8211,1.88,2.42,1.92,-0.03,-0.033,stopped_out,True,5,3,417738.75,-13785.38,2016
UPL,2016-06-02,2016-06-09,365.6983,354.7274,0.78,1.72,2.19,-0.03,-0.033,stopped_out,True,7,5,409351.17,-13508.59,2016
PTC,2016-06-06,2016-06-13,40.3902,39.1785,3.84,4.03,6.81,-0.03,-0.033,stopped_out,True,7,5,420567.51,-13878.73,2016
BEL,2016-06-06,2016-06-08,30.039,31.5409,1.15,1.57,3.43,0.05,0.047,take_profit,False,2,2,525709.38,24708.34,2016
BEL,2016-06-08,2016-06-09,32.6432,31.6639,2.09,3.77,4.81,-0.03,-0.033,stopped_out,True,1,1,446537.55,-14735.74,2016
IMFA,2016-06-09,2016-06-10,51.9881,54.5875,1.93,1.79,7.06,0.05,0.047,take_profit,False,1,1,651257.15,30609.09,2016
HINDCOPPER,2016-06-09,2016-06-10,50.9194,49.3918,1.69,10.55,11.33,-0.03,-0.033,stopped_out,True,1,1,521005.72,-17193.19,2016
SAIL,2016-06-09,2016-06-13,37.7033,36.5722,4.77,4.54,5.87,-0.03,-0.033,stopped_out,True,4,2,416804.58,-13754.55,2016
ELECTCAST,2016-06-10,2016-06-23,16.6129,16.1145,2.11,3.01,5.56,-0.03,-0.033,stopped_out,True,13,9,570579.41,-18829.12,2016
TRITURBINE,2016-06-10,2016-06-14,108.1607,104.9159,0.52,1.58,2.82,-0.03,-0.033,stopped_out,True,4,2,456463.53,-15063.3,2016
COROMANDEL,2016-06-13,2016-06-15,226.1237,219.3399,1.01,4.04,4.76,-0.03,-0.033,stopped_out,True,2,2,527118.59,-17394.91,2016
THANGAMAYL,2016-06-13,2016-06-16,105.1633,110.4214,1.34,1.76,3.07,0.05,0.047,take_profit,False,3,3,421694.87,19819.66,2016
SUDARSCHEM,2016-06-14,2016-06-15,161.4256,169.4969,9.33,3.94,11.27,0.05,0.047,take_profit,False,1,1,503929.11,23684.67,2016
SUZLON,2016-06-14,2016-06-16,16.4442,15.9509,4.19,1.68,2.29,-0.03,-0.033,stopped_out,True,2,2,403143.29,-13303.73,2016
INDIANB,2016-06-15,2016-06-16,99.4223,96.4396,6.09,5.07,11.05,-0.03,-0.033,stopped_out,True,1,1,423985.7,-13991.53,2016
BAJAJFINSV,2016-06-15,2016-06-16,194.0395,203.7415,0.57,2.86,3.12,0.05,0.047,take_profit,False,1,1,529982.12,24909.16,2016
PNB,2016-06-16,2016-06-21,85.9621,90.2602,1.62,2.02,3.46,0.05,0.047,take_profit,False,5,3,698436.47,32826.51,2016
ZYDUSWELL,2016-06-16,2016-06-24,154.4225,149.7898,5.63,11.75,5.43,-0.03,-0.033,stopped_out,True,8,6,558749.17,-18438.72,2016
EPL,2016-06-16,2016-06-20,83.2414,79.1782,1.17,2.12,5.53,-0.048813,-0.051813,stopped_out_gap,False,4,2,446999.34,-23160.38,2016
TITAGARH,2016-06-16,2016-06-20,92.2848,89.4003,0.8,2.89,3.52,-0.031256,-0.034256,stopped_out_gap,False,4,2,357599.47,-12249.93,2016
RCF,2016-06-20,2016-06-24,36.3146,34.874,0.86,1.57,2.42,-0.03967,-0.04267,stopped_out_gap,False,4,4,439917.28,-18771.27,2016
USHAMART,2016-06-20,2016-06-23,13.0325,12.6415,4.06,4.61,8.4,-0.03,-0.033,stopped_out,True,3,3,351933.82,-11613.82,2016
ARVIND,2016-06-21,2016-06-24,106.4205,99.1767,2.4,2.86,4.16,-0.068068,-0.071068,stopped_out_gap,False,3,3,427799.65,-30402.87,2016
KARURVYSYA,2016-06-23,2016-06-24,63.0683,61.1762,0.58,2.18,1.97,-0.03,-0.033,stopped_out,True,1,1,520653.78,-17181.57,2016
APLAPOLLO,2016-06-24,2016-07-05,87.8356,92.2274,0.58,1.6,4.38,0.05,0.047,take_profit,False,11,7,403961.92,18986.21,2016
GODREJIND,2016-06-24,2016-06-29,375.35,394.1175,0.99,1.79,3.6,0.05,0.047,take_profit,False,5,3,323169.53,15188.97,2016
MFSL,2016-06-24,2016-06-27,533.8739,560.5676,2.67,2.21,11.51,0.05,0.047,take_profit,False,3,1,631190.49,29665.95,2016
TECHNOE,2016-06-24,2016-07-05,260.0255,291.6519,0.59,4.0,4.53,0.121628,0.118628,take_profit_gap,False,11,7,788988.12,93596.08,2016
MANINFRA,2016-06-24,2016-06-27,25.0667,26.32,3.12,7.53,8.12,0.05,0.047,take_profit,False,3,1,504952.39,23732.76,2016
TRIVENI,2016-06-27,2016-06-28,58.4614,61.3845,7.41,1.83,9.57,0.05,0.047,take_profit,False,1,1,496443.95,23332.87,2016
PGEL,2016-06-27,2016-06-28,15.4509,14.9873,8.06,4.49,19.99,-0.03,-0.033,stopped_out,True,1,1,397155.16,-13106.12,2016
ACE,2016-06-28,2016-06-29,44.4749,46.6987,1.96,8.0,12.97,0.05,0.047,take_profit,False,1,1,498489.3,23429.0,2016
ACE,2016-06-28,2016-06-29,44.4749,46.6987,12.13,8.0,12.97,0.05,0.047,take_profit,False,1,1,398791.44,18743.2,2016
TTML,2016-06-29,2016-07-01,6.7492,6.5467,1.42,2.5,4.44,-0.03,-0.033,stopped_out,True,2,2,367741.08,-12135.46,2016
CANFINHOME,2016-06-29,2016-07-14,227.3957,238.7655,2.13,2.4,4.26,0.05,0.047,take_profit,False,15,10,574595.43,27005.99,2016
CHOLAHLDNG,2016-06-29,2016-07-07,304.1989,319.4089,2.19,1.98,2.2,0.05,0.047,take_profit,False,8,5,459676.35,21604.79,2016
JINDALSTEL,2016-07-01,2016-07-05,69.7003,73.1853,1.92,2.07,2.47,0.05,0.047,take_profit,False,4,2,365313.99,17169.76,2016
SOUTHBANK,2016-07-05,2016-07-08,17.9369,18.8315,5.32,3.51,5.88,0.049875,0.046875,take_profit_gap,False,3,2,503883.52,23619.54,2016
AJANTPHARM,2016-07-05,2016-07-20,965.5317,992.2654,1.54,1.84,1.68,0.027688,0.024688,time_exit,False,15,10,629854.4,15549.85,2016
JPPOWER,2016-07-05,2016-07-07,5.6528,5.9355,10.62,4.51,6.6,0.05,0.047,take_profit,False,2,1,403106.82,18946.02,2016
ZYDUSLIFE,2016-07-07,2016-07-08,316.8667,332.71,2.8,1.88,2.43,0.05,0.047,take_profit,False,1,1,402521.8,18918.52,2016
NBCC,2016-07-07,2016-07-11,43.3109,45.4764,0.77,8.51,8.64,0.05,0.047,take_profit,False,4,2,503152.25,23648.16,2016
GRAVITA,2016-07-08,2016-07-11,27.0592,26.2474,5.29,4.51,14.9,-0.03,-0.033,stopped_out,True,3,1,409444.89,-13511.68,2016
CHOLAHLDNG,2016-07-08,2016-07-21,328.7264,345.1627,2.52,2.13,2.92,0.05,0.047,take_profit,False,13,9,511806.12,24054.89,2016
AARTIDRUGS,2016-07-11,2016-07-15,121.1444,117.51,2.22,6.95,3.65,-0.03,-0.033,stopped_out,True,4,4,512102.64,-16899.39,2016
GODFRYPHLP,2016-07-11,2016-07-12,279.6014,293.5814,3.0,3.97,6.0,0.05,0.047,take_profit,False,1,1,409682.11,19255.06,2016
SUNFLAG,2016-07-12,2016-07-13,26.6062,25.808,2.37,2.36,9.6,-0.03,-0.033,stopped_out,True,1,1,413533.12,-13646.59,2016
MRPL,2016-07-13,2016-07-18,60.9873,64.0366,2.37,5.13,4.52,0.05,0.047,take_profit,False,5,3,410803.8,19307.78,2016
SUNTV,2016-07-14,2016-07-18,304.1913,295.0656,2.65,1.65,4.39,-0.03,-0.033,stopped_out,True,4,2,448963.33,-14815.79,2016
REFEX,2016-07-15,2016-07-18,3.9196,4.1156,8.74,3.74,7.57,0.05,0.047,take_profit,False,3,1,458211.31,21535.93,2016
BAJAJ-AUTO,2016-07-18,2016-07-26,2167.2554,2102.2378,1.19,1.51,1.51,-0.03,-0.033,stopped_out,True,8,6,635370.32,-20967.22,2016
JPPOWER,2016-07-18,2016-07-19,6.103,6.5467,4.1,2.41,2.52,0.072697,0.069697,take_profit_gap,False,1,1,508296.26,35426.72,2016
REFEX,2016-07-18,2016-07-19,4.186,4.3953,6.36,4.28,5.26,0.05,0.047,take_profit,False,1,1,406637.01,19111.94,2016
GOKEX,2016-07-19,2016-07-20,113.4083,110.0061,4.54,4.25,11.33,-0.03,-0.033,stopped_out,True,1,1,519203.99,-17133.73,2016
ALKEM,2016-07-19,2016-07-20,1348.7685,1416.207,3.0,3.62,4.61,0.05,0.047,take_profit,False,1,1,415363.19,19522.07,2016
GESHIP,2016-07-20,2016-08-01,245.6528,259.3374,1.22,1.58,2.22,0.055707,0.052707,take_profit_gap,False,12,8,415208.01,21884.37,2016
MARKSANS,2016-07-20,2016-07-21,49.2378,47.7606,3.65,3.38,11.43,-0.03,-0.033,stopped_out,True,1,1,519010.01,-17127.33,2016
WELENT,2016-07-20,2016-07-21,54.5105,57.236,11.91,6.83,16.32,0.05,0.047,take_profit,False,1,1,648762.51,30491.84,2016
BANCOINDIA,2016-07-21,2016-07-22,43.8591,46.052,5.63,3.43,7.98,0.05,0.047,take_profit,False,1,1,675566.01,31751.6,2016
CUMMINSIND,2016-07-21,2016-08-01,739.37,717.1889,2.45,1.88,3.45,-0.03,-0.033,stopped_out,True,11,7,540452.81,-17834.94,2016
CHENNPETRO,2016-07-21,2016-07-22,203.0269,196.9361,4.82,4.74,10.4,-0.03,-0.033,stopped_out,True,1,1,432362.25,-14267.95,2016
MOTILALOFS,2016-07-22,2016-07-25,464.9679,451.0189,0.76,11.62,11.47,-0.03,-0.033,stopped_out,True,3,1,570972.18,-18842.08,2016
TEXRAIL,2016-07-22,2016-07-26,89.8498,95.5977,3.18,2.94,5.41,0.063972,0.060972,take_profit_gap,False,4,2,456777.74,27850.65,2016
SUNDRMFAST,2016-07-25,2016-08-02,180.8356,175.4105,3.21,2.8,4.93,-0.03,-0.033,stopped_out,True,8,6,475848.21,-15702.99,2016
SOBHA,2016-07-26,2016-08-01,311.2556,301.9179,1.02,3.18,3.71,-0.03,-0.033,stopped_out,True,6,4,600484.87,-19816.0,2016
CHOLAFIN,2016-07-26,2016-07-27,201.2127,211.2733,2.21,3.38,2.29,0.05,0.047,take_profit,False,1,1,480387.9,22578.23,2016
MUTHOOTFIN,2016-07-27,2016-07-29,261.9378,278.8781,2.46,2.07,7.46,0.064673,0.061673,take_profit_gap,False,2,2,484903.54,29905.46,2016
BATAINDIA,2016-07-29,2016-08-02,559.5321,542.7461,1.87,2.66,3.5,-0.03,-0.033,stopped_out,True,4,2,490884.63,-16199.19,2016
MUTHOOTFIN,2016-08-01,2016-08-02,301.5083,316.5838,2.74,5.51,7.03,0.05,0.047,take_profit,False,1,1,448501.46,21079.57,2016
SRF,2016-08-01,2016-08-04,289.3315,280.6516,2.61,1.99,2.9,-0.03,-0.033,stopped_out,True,3,3,560626.82,-18500.69,2016
MANAPPURAM,2016-08-01,2016-08-03,71.3543,69.2137,4.01,3.0,4.81,-0.03,-0.033,stopped_out,True,2,2,700783.53,-23125.86,2016
HCLTECH,2016-08-02,2016-08-03,306.1207,327.2973,3.17,2.45,1.9,0.069177,0.066177,take_profit_gap,False,1,1,639683.5,42332.34,2016
BANCOINDIA,2016-08-02,2016-08-03,54.1421,52.5179,7.05,7.51,7.28,-0.03,-0.033,stopped_out,True,1,1,511746.8,-16887.64,2016
INDIANB,2016-08-02,2016-08-03,157.3026,152.5835,9.5,8.99,21.56,-0.03,-0.033,stopped_out,True,1,1,409397.44,-13510.12,2016
FORTIS,2016-08-03,2016-08-18,188.7558,192.4904,1.19,5.05,8.45,0.019785,0.016785,time_exit,False,15,10,777601.95,13052.05,2016
ASAHIINDIA,2016-08-04,2016-08-11,176.2439,185.0561,0.86,1.58,1.73,0.05,0.047,take_profit,False,7,5,730506.79,34333.82,2016
RAIN,2016-08-04,2016-08-08,34.8121,36.5527,5.92,12.67,8.57,0.05,0.047,take_profit,False,4,2,584405.43,27467.06,2016
SPARC,2016-08-04,2016-08-05,389.1445,408.6017,6.07,3.92,6.42,0.05,0.047,take_profit,False,1,1,467524.35,21973.64,2016
HSCL,2016-08-04,2016-08-05,35.2008,36.9609,5.31,1.54,5.29,0.05,0.047,take_profit,False,1,1,374019.48,17578.92,2016
PRESTIGE,2016-08-05,2016-08-16,192.3593,186.5885,3.89,2.92,4.79,-0.03,-0.033,stopped_out,True,11,6,475434.86,-15689.35,2016
HSCL,2016-08-05,2016-08-09,37.659,39.542,3.0,2.41,6.24,0.05,0.047,take_profit,False,4,2,380347.89,17876.35,2016
MPHASIS,2016-08-08,2016-08-10,429.9346,417.0365,0.72,2.55,4.85,-0.03,-0.033,stopped_out,True,2,2,426652.81,-14079.54,2016
MGL,2016-08-09,2016-08-18,418.4038,439.324,1.05,2.12,1.9,0.05,0.047,take_profit,False,9,6,420967.09,19785.45,2016
TATACOMM,2016-08-10,2016-08-11,267.0179,280.3688,1.31,4.57,5.65,0.05,0.047,take_profit,False,1,1,419288.33,19706.55,2016
IPCALAB,2016-08-11,2016-08-22,254.9185,247.2709,1.91,3.63,3.83,-0.03,-0.033,stopped_out,True,11,6,576197.76,-19014.53,2016
ESCORTS,2016-08-11,2016-08-12,291.0257,282.2949,8.95,6.17,16.88,-0.03,-0.033,stopped_out,True,1,1,460958.21,-15211.62,2016
GPPL,2016-08-12,2016-08-18,116.0281,112.5473,2.32,3.22,5.08,-0.03,-0.033,stopped_out,True,6,3,457915.88,-15111.22,2016
THYROCARE,2016-08-16,2016-08-25,155.559,150.8922,0.71,2.6,2.51,-0.03,-0.033,stopped_out,True,9,7,458281.81,-15123.3,2016
ABFRL,2016-08-18,2016-08-19,161.1944,156.3586,3.12,2.17,9.08,-0.03,-0.033,stopped_out,True,1,1,701467.69,-23148.43,2016
GAEL,2016-08-18,2016-08-23,18.8226,19.7637,6.96,2.12,8.59,0.05,0.047,take_profit,False,5,3,561174.15,26375.19,2016
TORNTPHARM,2016-08-18,2016-08-22,697.916,676.9786,1.86,1.59,4.14,-0.03,-0.033,stopped_out,True,4,2,448939.32,-14815.0,2016
GANECOS,2016-08-19,2016-08-25,200.7411,194.7189,2.51,3.34,6.45,-0.03,-0.033,stopped_out,True,6,4,494815.31,-16328.91,2016
ICIL,2016-08-22,2016-08-23,171.1306,165.9966,0.59,3.66,2.25,-0.03,-0.033,stopped_out,True,1,1,594113.76,-19605.75,2016
JBMA,2016-08-22,2016-08-23,32.821,34.462,15.87,6.56,19.07,0.05,0.047,take_profit,False,1,1,475291.01,22338.68,2016
V2RETAIL,2016-08-23,2016-08-24,67.934,71.3306,5.01,4.71,9.34,0.05,0.047,take_profit,False,1,1,455788.93,21422.08,2016
GSFC,2016-08-23,2016-09-01,60.387,58.5754,3.7,6.47,3.77,-0.03,-0.033,stopped_out,True,9,7,712170.21,-23501.62,2016
PRSMJOHNSN,2016-08-23,2016-09-07,113.8562,110.4405,1.74,6.01,7.62,-0.03,-0.033,stopped_out,True,15,10,569736.17,-18801.29,2016
RALLIS,2016-08-24,2016-09-07,205.7968,199.6229,2.51,2.93,5.69,-0.03,-0.033,stopped_out,True,14,9,460073.35,-15182.42,2016
GAEL,2016-08-25,2016-08-29,21.5133,20.8679,0.75,1.93,3.23,-0.03,-0.033,stopped_out,True,4,2,552387.66,-18228.79,2016
ENGINERSIN,2016-08-25,2016-09-01,96.413,101.2336,2.59,5.41,2.95,0.05,0.047,take_profit,False,7,5,441910.13,20769.78,2016
M&MFIN,2016-08-29,2016-09-08,188.8324,198.274,3.21,2.31,4.74,0.05,0.047,take_profit,False,10,7,460359.88,21636.91,2016
BANCOINDIA,2016-09-01,2016-09-02,62.7511,65.8887,5.71,2.1,6.07,0.05,0.047,take_profit,False,1,1,598557.6,28132.21,2016
IDFCFIRSTB,2016-09-01,2016-09-08,57.0381,59.89,4.65,2.79,4.79,0.05,0.047,take_profit,False,7,4,478846.08,22505.77,2016
RELINFRA,2016-09-02,2016-09-12,583.4294,565.9266,2.34,1.84,4.92,-0.03,-0.033,stopped_out,True,10,5,508414.83,-16777.69,2016
CGCL,2016-09-07,2016-09-08,39.0255,40.9768,0.96,1.73,4.01,0.05,0.047,take_profit,False,1,1,605897.02,28477.16,2016
BANKBARODA,2016-09-07,2016-09-12,153.9264,147.7465,2.12,1.51,2.07,-0.040148,-0.043148,stopped_out_gap,False,5,3,484717.62,-20914.6,2016
GLENMARK,2016-09-08,2016-09-12,871.4177,845.2752,0.9,1.91,2.41,-0.03,-0.033,stopped_out,True,4,2,569054.93,-18778.81,2016
NBCC,2016-09-08,2016-09-12,51.8096,49.9773,1.83,1.65,1.51,-0.035367,-0.038367,stopped_out_gap,False,4,2,455243.94,-17466.34,2016
PATELENG,2016-09-08,2016-09-09,65.0562,68.3091,6.24,10.8,5.34,0.05,0.047,take_profit,False,1,1,711318.66,33431.98,2016
JINDALSAW,2016-09-09,2016-09-12,22.5443,21.868,0.56,3.07,2.6,-0.03,-0.033,stopped_out,True,3,1,513145.28,-16933.79,2016
PATELENG,2016-09-12,2016-09-15,75.1183,79.9305,5.91,3.3,7.71,0.064062,0.061062,take_profit_gap,False,3,2,898457.29,54861.6,2016
JAIBALAJI,2016-09-12,2016-09-15,2.2911,2.5187,6.11,2.49,4.57,0.099337,0.096337,take_profit_gap,False,3,2,718765.84,69243.74,2016
WELENT,2016-09-14,2016-09-15,55.7921,54.1183,0.77,6.77,9.75,-0.03,-0.033,stopped_out,True,1,1,575012.67,-18975.42,2016
VSTIND,2016-09-14,2016-09-19,159.4353,154.6522,4.28,3.1,7.88,-0.03,-0.033,stopped_out,True,5,3,460010.13,-15180.33,2016
TANLA,2016-09-14,2016-09-16,34.5601,33.5233,2.39,1.95,5.31,-0.03,-0.033,stopped_out,True,2,2,368008.11,-12144.27,2016
JKPAPER,2016-09-15,2016-09-16,52.3688,50.7977,4.33,4.19,2.79,-0.03,-0.033,stopped_out,True,1,1,753879.63,-24878.03,2016
NETWORK18,2016-09-15,2016-09-23,43.4717,45.6453,0.92,5.43,2.72,0.05,0.047,take_profit,False,8,6,603103.7,28345.87,2016
QUESS,2016-09-15,2016-09-29,494.607,479.7688,1.67,1.67,4.54,-0.03,-0.033,stopped_out,True,14,10,482482.96,-15921.94,2016
DCMSHRIRAM,2016-09-16,2016-09-20,199.6552,193.6655,0.58,2.91,5.74,-0.03,-0.033,stopped_out,True,4,2,602959.46,-19897.66,2016
APLLTD,2016-09-16,2016-09-26,590.4587,619.9816,1.68,4.22,4.22,0.05,0.047,take_profit,False,10,6,482367.57,22671.28,2016
TRIVENI,2016-09-19,2016-09-20,57.367,55.6459,7.0,4.76,9.58,-0.03,-0.033,stopped_out,True,1,1,474860.01,-15670.38,2016
DCAL,2016-09-20,2016-09-22,205.3351,215.6018,2.78,3.13,3.84,0.05,0.047,take_profit,False,2,2,588338.3,27651.9,2016
GRAPHITE,2016-09-20,2016-09-21,60.1087,63.1141,3.25,4.84,2.53,0.05,0.047,take_profit,False,1,1,470670.64,22121.52,2016
KIRLOSENG,2016-09-21,2016-09-22,276.8635,290.7067,4.6,3.71,5.3,0.05,0.047,take_profit,False,1,1,475094.94,22329.46,2016
GRAVITA,2016-09-22,2016-09-23,30.8573,32.4002,3.92,3.35,5.57,0.05,0.047,take_profit,False,1,1,602758.87,28329.67,2016
CGCL,2016-09-22,2016-09-23,48.4289,50.8504,10.69,4.8,14.33,0.05,0.047,take_profit,False,1,1,482207.1,22663.73,2016
HSCL,2016-09-23,2016-09-27,38.8931,37.7263,2.41,2.96,3.13,-0.03,-0.033,stopped_out,True,4,2,739247.47,-24395.17,2016
KEI,2016-09-23,2016-09-26,118.1468,114.6024,0.66,4.23,3.78,-0.03,-0.033,stopped_out,True,3,1,591397.98,-19516.13,2016
CENTURYPLY,2016-09-23,2016-09-29,245.0393,237.6881,2.38,2.33,2.89,-0.03,-0.033,stopped_out,True,6,4,473118.38,-15612.91,2016
ALKEM,2016-09-26,2016-09-29,1681.3068,1630.8676,1.01,2.58,3.59,-0.03,-0.033,stopped_out,True,3,3,593878.84,-19598.0,2016
RADICO,2016-09-26,2016-09-28,115.4885,121.263,0.51,2.6,5.89,0.05,0.047,take_profit,False,2,2,475103.07,22329.84,2016
MCX,2016-09-27,2016-09-28,203.8243,214.0156,6.63,7.31,5.53,0.05,0.047,take_profit,False,1,1,523052.92,24583.49,2016
MCX,2016-09-28,2016-09-29,221.5887,232.6681,6.71,4.91,7.8,0.05,0.047,take_profit,False,1,1,627456.2,29490.44,2016
KAJARIACER,2016-09-28,2016-10-14,644.7805,671.1063,0.84,2.95,2.59,0.040829,0.037829,time_exit,False,16,10,501964.96,18988.83,2016
MCX,2016-09-29,2016-09-30,231.9637,243.5619,1.18,6.61,1.63,0.05,0.047,take_profit,False,1,1,832630.76,39133.65,2016
BALKRISIND,2016-09-29,2016-09-30,419.9928,440.9925,0.57,2.05,1.69,0.05,0.047,take_profit,False,1,1,666104.61,31306.92,2016
TVSMOTOR,2016-09-30,2016-10-04,347.9414,365.3385,2.57,1.81,6.03,0.05,0.047,take_profit,False,4,2,846718.88,39795.79,2016
REFEX,2016-09-30,2016-10-04,2.7018,2.8369,1.06,2.27,2.9,0.05,0.047,take_profit,False,4,2,677375.1,31836.63,2016
BALKRISIND,2016-09-30,2016-10-03,466.0254,452.0447,2.83,1.58,11.43,-0.03,-0.033,stopped_out,True,3,1,541900.08,-17882.7,2016
TATACOMM,2016-09-30,2016-10-05,312.9687,328.6172,0.8,2.91,9.2,0.05,0.047,take_profit,False,5,3,433520.07,20375.44,2016
ZEEL,2016-10-03,2016-10-04,536.7849,520.6813,0.91,1.92,4.79,-0.03,-0.033,stopped_out,True,1,1,451619.53,-14903.44,2016
UNIONBANK,2016-10-04,2016-10-06,131.5135,127.5681,4.34,2.48,5.69,-0.03,-0.033,stopped_out,True,2,2,614227.29,-20269.5,2016
IGL,2016-10-04,2016-10-10,73.1181,76.774,1.26,3.97,5.22,0.05,0.047,take_profit,False,6,4,491381.84,23094.95,2016
NBCC,2016-10-04,2016-10-05,56.2959,59.1107,6.91,4.22,6.54,0.05,0.047,take_profit,False,1,1,767784.12,36085.85,2016
GMDCLTD,2016-10-05,2016-10-06,72.6139,76.2446,0.57,1.8,5.3,0.05,0.047,take_profit,False,1,1,515726.85,24239.16,2016
DATAMATICS,2016-10-05,2016-10-06,86.7047,84.1036,1.08,6.16,7.63,-0.03,-0.033,stopped_out,True,1,1,644658.56,-21273.73,2016
RBLBANK,2016-10-06,2016-10-14,293.3503,308.0179,1.68,1.91,1.77,0.05,0.047,take_profit,False,8,4,764043.21,35910.03,2016
GAIL,2016-10-06,2016-10-17,53.4513,56.1239,1.11,1.72,3.08,0.05,0.047,take_profit,False,11,5,611234.57,28728.02,2016
VEDL,2016-10-06,2016-10-17,66.7071,64.7059,1.12,2.08,2.86,-0.03,-0.033,stopped_out,True,11,5,488987.65,-16136.59,2016
AARTIIND,2016-10-10,2016-10-14,163.6267,171.808,0.95,2.07,2.52,0.05,0.047,take_profit,False,4,2,494085.48,23222.02,2016
OLECTRA,2016-10-14,2016-10-17,22.9779,22.2563,1.52,3.51,5.99,-0.031404,-0.034404,stopped_out_gap,False,3,1,762911.29,-26247.2,2016
GPIL,2016-10-14,2016-10-17,17.5356,18.4123,3.63,3.19,9.13,0.05,0.047,take_profit,False,3,1,610329.03,28685.46,2016
GODFRYPHLP,2016-10-14,2016-10-17,406.7736,427.1123,3.27,1.55,4.12,0.05,0.047,take_profit,False,3,1,488263.23,22948.37,2016
THYROCARE,2016-10-17,2016-10-24,175.5682,184.3466,3.1,5.61,3.39,0.05,0.047,take_profit,False,7,5,990551.35,46555.91,2016
PRICOLLTD,2016-10-17,2016-10-18,105.9711,111.2697,3.34,3.3,3.11,0.05,0.047,take_profit,False,1,1,792441.08,37244.73,2016
ICICIBANK,2016-10-17,2016-10-20,224.295,235.5098,6.38,3.45,5.18,0.05,0.047,take_profit,False,3,3,633952.86,29795.78,2016
MGL,2016-10-17,2016-10-21,604.4002,634.6202,1.53,1.62,3.97,0.05,0.047,take_profit,False,4,4,507162.29,23836.63,2016
MGL,2016-10-17,2016-10-21,604.4002,634.6202,2.25,1.62,3.97,0.05,0.047,take_profit,False,4,4,405729.83,19069.3,2016
STLTECH,2016-10-18,2016-10-21,95.9713,100.7699,0.68,2.59,3.55,0.05,0.047,take_profit,False,3,3,490521.03,23054.49,2016
NAVINFLUOR,2016-10-20,2016-10-24,513.3002,538.9652,2.55,13.06,13.47,0.05,0.047,take_profit,False,4,2,525166.55,24682.83,2016
SUNDRMFAST,2016-10-21,2016-10-26,301.3312,292.2913,3.41,4.2,6.44,-0.03,-0.033,stopped_out,True,5,3,714007.95,-23562.26,2016
KARURVYSYA,2016-10-21,2016-10-27,62.7462,60.8638,1.83,2.47,2.14,-0.03,-0.033,stopped_out,True,6,4,571206.36,-18849.81,2016
JBMA,2016-10-21,2016-10-24,53.8197,56.5107,9.68,5.5,16.87,0.05,0.047,take_profit,False,3,1,456965.09,21477.36,2016
ABFRL,2016-10-24,2016-10-25,154.0938,161.7985,1.75,1.93,2.8,0.05,0.047,take_profit,False,1,1,778651.89,36596.64,2016
ABFRL,2016-10-24,2016-10-25,154.0938,161.7985,1.47,1.93,2.8,0.05,0.047,take_profit,False,1,1,622921.51,29277.31,2016
GREAVESCOT,2016-10-24,2016-10-25,116.4904,122.3149,4.26,3.39,5.61,0.05,0.047,take_profit,False,1,1,498337.21,23421.85,2016
GRAVITA,2016-10-25,2016-10-26,34.1618,33.1369,4.46,2.05,7.94,-0.03,-0.033,stopped_out,True,1,1,796511.05,-26284.86,2016
MANAPPURAM,2016-10-25,2016-10-27,87.1931,84.5773,1.34,2.3,5.61,-0.03,-0.033,stopped_out,True,2,2,637208.84,-21027.89,2016
DRREDDY,2016-10-25,2016-10-28,602.1936,632.3033,0.65,3.91,2.95,0.05,0.047,take_profit,False,3,3,509767.07,23959.05,2016
DABUR,2016-10-26,2016-10-28,269.3796,261.2983,1.04,4.33,3.92,-0.03,-0.033,stopped_out,True,2,2,699948.03,-23098.29,2016
JAIBALAJI,2016-10-26,2016-10-27,2.6213,2.8786,17.56,2.23,4.38,0.098138,0.095138,take_profit_gap,False,1,1,559958.43,53273.32,2016
SJVN,2016-10-27,2016-11-01,20.1366,19.5325,1.03,2.66,4.29,-0.03,-0.033,stopped_out,True,5,2,514765.18,-16987.25,2016
RHIM,2016-10-27,2016-11-01,111.7116,122.2969,0.83,1.9,3.43,0.094755,0.091755,take_profit_gap,False,5,2,804320.59,73800.44,2016
IIFL,2016-10-27,2016-10-28,146.2056,153.5159,4.84,8.2,4.68,0.05,0.047,take_profit,False,1,1,643456.47,30242.45,2016
SYNGENE,2016-10-28,2016-11-01,289.5114,280.8261,2.64,2.75,7.57,-0.03,-0.033,stopped_out,True,4,1,788667.1,-26026.01,2016
INTELLECT,2016-10-28,2016-11-02,173.6342,168.4252,1.46,2.78,4.35,-0.03,-0.033,stopped_out,True,5,2,630933.68,-20820.81,2016
ZYDUSLIFE,2016-10-28,2016-11-02,390.5545,378.8379,4.27,3.12,7.08,-0.03,-0.033,stopped_out,True,5,2,504746.95,-16656.65,2016
HINDZINC,2016-11-01,2016-11-03,124.1615,120.2829,3.78,2.17,6.69,-0.031239,-0.034239,stopped_out_gap,False,2,2,831505.57,-28469.92,2016
GRAPHITE,2016-11-01,2016-11-02,65.033,63.0821,1.56,5.03,4.0,-0.03,-0.033,stopped_out,True,1,1,665204.45,-21951.75,2016
USHAMART,2016-11-01,2016-11-02,17.8896,17.2952,1.08,3.93,9.41,-0.033225,-0.036225,stopped_out_gap,False,1,1,532163.56,-19277.63,2016
ZENSARTECH,2016-11-02,2016-11-03,183.0577,177.566,5.26,9.79,12.97,-0.03,-0.033,stopped_out,True,1,1,876599.21,-28927.77,2016
WELENT,2016-11-03,2016-11-04,59.9786,58.1793,1.35,7.87,7.92,-0.03,-0.033,stopped_out,True,1,1,1031420.79,-34036.89,2016
SWANCORP,2016-11-04,2016-11-07,112.8166,118.4574,4.81,2.58,4.91,0.05,0.047,take_profit,False,3,1,819690.73,38525.46,2016
HCLTECH,2016-11-04,2016-11-09,308.4151,296.5734,3.23,1.62,4.16,-0.038396,-0.041396,stopped_out_gap,False,5,3,1024613.41,-42414.9,2016
KEI,2016-11-07,2016-11-08,121.1261,127.1824,2.94,3.77,5.04,0.05,0.047,take_profit,False,1,1,423626.66,19910.45,2016
HERITGFOOD,2016-11-07,2016-11-09,208.7966,189.7767,2.33,4.75,8.55,-0.091093,-0.094093,stopped_out_gap,False,2,2,529533.33,-49825.38,2016
CGPOWER,2016-11-07,2016-11-08,84.8982,82.3512,4.54,4.64,11.2,-0.03,-0.033,stopped_out,True,1,1,827395.82,-27304.06,2016
TECHM,2016-11-07,2016-11-09,329.0485,310.283,2.35,1.69,2.26,-0.05703,-0.06003,stopped_out_gap,False,2,2,661916.66,-39734.86,2016
KEC,2016-11-08,2016-11-09,122.1176,110.7351,1.63,7.89,2.8,-0.093209,-0.096209,stopped_out_gap,False,1,1,587627.1,-56535.02,2016
BHEL,2016-11-08,2016-11-09,87.9439,80.371,1.19,3.51,1.56,-0.08611,-0.08911,stopped_out_gap,False,1,1,470101.68,-41890.76,2016
POWERGRID,2016-11-09,2016-11-10,64.622,67.8531,1.97,2.15,6.0,0.05,0.047,take_profit,False,1,1,504196.91,23697.25,2016
INDIANB,2016-11-09,2016-11-10,191.5318,201.1084,6.83,3.08,13.45,0.05,0.047,take_profit,False,1,1,984759.6,46283.7,2016
PNB,2016-11-09,2016-11-10,132.0067,138.607,3.31,1.78,10.23,0.05,0.047,take_profit,False,1,1,787807.68,37026.96,2016
ENGINERSIN,2016-11-09,2016-11-15,99.3552,96.3746,1.03,2.35,9.55,-0.03,-0.033,stopped_out,True,6,3,630246.14,-20798.12,2016
RECLTD,2016-11-09,2016-11-10,47.4419,49.814,2.41,1.96,10.56,0.05,0.047,take_profit,False,1,1,403357.53,18957.8,2016
INDIANB,2016-11-10,2016-11-11,226.5208,219.7252,5.4,6.45,14.19,-0.03,-0.033,stopped_out,True,1,1,452558.6,-14934.43,2016
MAHABANK,2016-11-10,2016-11-16,26.8535,26.0479,4.68,4.53,6.72,-0.03,-0.033,stopped_out,True,6,3,565698.25,-18668.04,2016
PNB,2016-11-10,2016-11-11,147.8809,143.4445,6.18,3.21,8.37,-0.03,-0.033,stopped_out,True,1,1,883903.51,-29168.82,2016
CANBK,2016-11-10,2016-11-11,54.4596,52.8258,1.01,2.13,3.53,-0.03,-0.033,stopped_out,True,1,1,707122.81,-23335.05,2016
HSCL,2016-11-11,2016-11-15,43.964,42.645,0.57,1.97,5.93,-0.03,-0.033,stopped_out,True,4,1,757276.2,-24990.11,2016
KNRCON,2016-11-16,2016-11-17,73.293,71.0942,0.59,3.8,5.88,-0.03,-0.033,stopped_out,True,1,1,983573.83,-32457.94,2016
OLECTRA,2016-11-16,2016-11-17,26.7243,28.3444,7.85,2.74,17.58,0.060621,0.057621,take_profit_gap,False,1,1,786859.06,45339.61,2016
TECHM,2016-11-16,2016-11-25,328.124,344.5302,0.52,1.87,2.21,0.05,0.047,take_profit,False,9,7,629487.25,29585.9,2016
NTPC,2016-11-18,2016-11-22,92.9652,90.1762,1.1,2.86,4.16,-0.03,-0.033,stopped_out,True,4,2,860252.71,-28388.34,2016
SUBROS,2016-11-23,2016-11-24,160.1789,155.3736,9.72,1.57,16.86,-0.03,-0.033,stopped_out,True,1,1,854575.04,-28200.98,2016
THYROCARE,2016-11-23,2016-11-29,177.1626,186.0208,0.57,2.69,1.56,0.05,0.047,take_profit,False,6,4,683660.03,32132.02,2016
HINDZINC,2016-11-24,2016-11-29,125.4178,131.9845,1.34,2.27,5.62,0.052359,0.049359,take_profit_gap,False,5,3,712202.84,35153.62,2016
SARDAEN,2016-11-24,2016-11-25,19.9758,20.9746,4.5,1.58,4.79,0.05,0.047,take_profit,False,1,1,569762.27,26778.83,2016
TANLA,2016-11-24,2016-11-28,37.9106,39.8061,3.27,1.89,7.27,0.05,0.047,take_profit,False,4,2,455809.82,21423.06,2016
SHILPAMED,2016-11-25,2016-11-28,306.6699,322.0034,7.87,9.48,9.15,0.05,0.047,take_profit,False,3,1,492616.56,23152.98,2016
PIIND,2016-11-25,2016-11-28,871.0758,844.9435,5.15,4.16,8.76,-0.03,-0.033,stopped_out,True,3,1,615770.7,-20320.43,2016
MRPL,2016-11-28,2016-11-29,85.9521,83.3735,8.21,7.89,15.82,-0.03,-0.033,stopped_out,True,1,1,711783.79,-23488.87,2016
PHOENIXLTD,2016-11-28,2016-11-29,195.2391,205.0011,6.27,2.67,11.78,0.05,0.047,take_profit,False,1,1,569427.03,26763.07,2016
ADVENZYMES,2016-11-28,2016-12-07,393.5606,381.7538,6.67,1.71,6.6,-0.03,-0.033,stopped_out,True,9,7,455541.62,-15032.87,2016
GRAPHITE,2016-11-29,2016-12-01,59.9914,58.1917,0.65,2.72,2.81,-0.03,-0.033,stopped_out,True,2,2,913960.01,-30160.68,2016
QUESS,2016-11-29,2016-11-30,610.9481,592.6196,4.59,7.82,9.22,-0.03,-0.033,stopped_out,True,1,1,731168.01,-24128.54,2016
HIKAL,2016-11-29,2016-12-02,143.8913,139.5746,1.84,1.61,6.5,-0.03,-0.033,stopped_out,True,3,3,584934.41,-19302.84,2016
GRAVITA,2016-11-29,2016-11-30,40.3984,39.1864,0.81,5.6,1.52,-0.03,-0.033,stopped_out,True,1,1,467947.52,-15442.27,2016
TARIL,2016-11-30,2016-12-02,18.0565,17.5148,2.91,2.64,5.85,-0.03,-0.033,stopped_out,True,2,2,606266.96,-20006.81,2016
DBL,2016-11-30,2016-12-01,239.6597,251.6427,4.17,2.58,5.26,0.05,0.047,take_profit,False,1,1,485013.57,22795.64,2016
ITI,2016-12-01,2016-12-05,36.6183,38.4492,2.87,3.59,7.33,0.05,0.047,take_profit,False,4,2,533066.05,25054.1,2016
MMTC,2016-12-01,2016-12-02,33.9516,32.933,4.68,6.47,13.94,-0.03,-0.033,stopped_out,True,1,1,666332.56,-21988.97,2016
AURIONPRO,2016-12-02,2016-12-05,46.459,48.782,12.2,15.21,16.4,0.05,0.047,take_profit,False,3,1,785699.9,36927.9,2016
DATAMATICS,2016-12-02,2016-12-05,82.6698,86.8033,3.69,7.82,11.52,0.05,0.047,take_profit,False,3,1,628559.92,29542.32,2016
AURIONPRO,2016-12-05,2016-12-08,49.0733,51.527,0.94,4.71,2.54,0.05,0.047,take_profit,False,3,3,910617.98,42799.04,2016
JBMA,2016-12-05,2016-12-07,47.181,45.7656,5.04,3.16,11.27,-0.03,-0.033,stopped_out,True,2,2,728494.38,-24040.31,2016
SWANCORP,2016-12-05,2016-12-06,165.9389,174.2358,2.89,5.69,5.78,0.05,0.047,take_profit,False,1,1,582795.51,27391.39,2016
ADANIPOWER,2016-12-05,2016-12-07,6.2231,6.5343,6.59,2.2,7.24,0.05,0.047,take_profit,False,2,2,466236.4,21913.11,2016
RAIN,2016-12-06,2016-12-12,52.537,50.9609,1.97,5.12,4.47,-0.03,-0.033,stopped_out,True,6,4,495026.5,-16335.87,2016
CHAMBLFERT,2016-12-07,2016-12-08,57.3954,60.2651,2.5,1.95,3.86,0.05,0.047,take_profit,False,1,1,722643.67,33964.25,2016
NFL,2016-12-07,2016-12-08,28.6052,31.2388,8.3,3.0,4.57,0.092066,0.089066,take_profit_gap,False,1,1,578114.93,51490.38,2016
MMTC,2016-12-07,2016-12-09,35.7368,34.0474,5.81,8.02,10.1,-0.047275,-0.050275,stopped_out_gap,False,2,2,462491.95,-23251.78,2016
BEML,2016-12-08,2016-12-15,358.5151,347.7596,2.18,3.35,5.22,-0.03,-0.033,stopped_out,True,7,5,536268.55,-17696.86,2016
BLS,2016-12-08,2016-12-13,43.1719,46.7808,2.53,4.48,3.36,0.083594,0.080594,take_profit_gap,False,5,3,837919.61,67531.29,2016
BHARATFORG,2016-12-08,2016-12-21,450.6383,437.1191,2.02,2.1,3.6,-0.03,-0.033,stopped_out,True,13,9,670335.69,-22121.08,2016
ITI,2016-12-09,2016-12-12,49.0245,51.4757,11.73,7.79,17.37,0.05,0.047,take_profit,False,3,1,516862.87,24292.56,2016
MAHSEAMLES,2016-12-12,2016-12-15,108.9269,105.6591,6.27,13.28,5.74,-0.03,-0.033,stopped_out,True,3,3,617459.51,-20376.16,2016
SHARDACROP,2016-12-12,2016-12-13,414.0401,401.6189,1.73,5.34,3.6,-0.03,-0.033,stopped_out,True,1,1,493967.61,-16300.93,2016
POLYMED,2016-12-13,2016-12-15,191.877,186.1206,1.54,5.09,7.82,-0.03,-0.033,stopped_out,True,2,2,671797.6,-22169.32,2016
TVSMOTOR,2016-12-13,2016-12-20,364.6282,353.6893,2.51,2.43,3.82,-0.03,-0.033,stopped_out,True,7,5,537438.08,-17735.46,2016
RBLBANK,2016-12-15,2016-12-19,342.9008,332.6138,1.41,1.66,5.55,-0.03,-0.033,stopped_out,True,4,2,626405.7,-20671.39,2016
SHILPAMED,2016-12-15,2016-12-21,355.5478,373.3252,3.16,2.52,6.27,0.05,0.047,take_profit,False,6,4,783007.13,36801.34,2016
IGL,2016-12-15,2016-12-22,79.4182,77.0357,2.54,3.22,4.41,-0.03,-0.033,stopped_out,True,7,5,501124.56,-16537.11,2016
GSFC,2016-12-19,2016-12-20,77.1119,74.7985,3.87,6.65,8.02,-0.03,-0.033,stopped_out,True,1,1,522046.51,-17227.53,2016
JKIL,2016-12-20,2016-12-21,201.342,195.3017,1.17,1.84,3.27,-0.03,-0.033,stopped_out,True,1,1,498033.22,-16435.1,2016
DATAMATICS,2016-12-20,2016-12-21,105.9881,111.5535,3.72,2.61,2.12,0.05251,0.04951,take_profit_gap,False,1,1,622541.53,30822.03,2016
WELCORP,2016-12-21,2016-12-26,68.256,66.2083,3.32,2.89,3.57,-0.03,-0.033,stopped_out,True,5,3,919023.53,-30327.78,2016
OLECTRA,2016-12-21,2016-12-23,27.5236,26.6979,3.99,7.11,6.17,-0.03,-0.033,stopped_out,True,2,2,735218.83,-24262.22,2016
DATAMATICS,2016-12-21,2016-12-22,121.7995,118.1455,4.01,6.43,9.08,-0.03,-0.033,stopped_out,True,1,1,588175.06,-19409.78,2016
MOTILALOFS,2016-12-21,2016-12-22,535.1589,519.1042,0.67,4.92,7.64,-0.03,-0.033,stopped_out,True,1,1,470540.05,-15527.82,2016
BEML,2016-12-22,2016-12-26,377.4318,366.1088,3.3,4.51,3.63,-0.03,-0.033,stopped_out,True,4,2,678105.03,-22377.47,2016
MMTC,2016-12-23,2016-12-26,33.3673,35.0357,2.04,2.02,5.87,0.05,0.047,take_profit,False,3,1,684675.35,32179.74,2016
VSTIND,2016-12-27,2016-12-28,162.4376,157.5645,2.14,7.82,8.2,-0.03,-0.033,stopped_out,True,1,1,999995.96,-32999.87,2016
TRIVENI,2016-12-27,2017-01-02,54.6309,57.3624,2.67,2.81,6.02,0.05,0.047,take_profit,False,6,4,799996.77,37599.85,2017
NAUKRI,2016-12-27,2016-12-30,176.3099,171.0206,1.68,3.78,2.07,-0.03,-0.033,stopped_out,True,3,3,639997.41,-21119.91,2016
BEML,2016-12-27,2017-01-09,382.1315,401.2381,0.52,2.06,1.56,0.05,0.047,take_profit,False,13,9,511997.93,24063.9,2017
IOC,2016-12-27,2017-01-03,56.9987,59.8486,0.65,1.6,3.02,0.05,0.047,take_profit,False,7,5,409598.34,19251.12,2017
ZYDUSWELL,2016-12-28,2017-01-11,168.2194,168.6786,1.18,7.66,4.89,0.00273,-0.00027,time_exit,False,14,10,521077.89,-140.69,2017
WEBELSOLAR,2016-12-30,2017-01-03,4.2421,4.4542,1.18,2.63,2.17,0.05,0.047,take_profit,False,4,2,540637.82,25409.98,2017
RENUKA,2017-01-02,2017-01-10,14.7073,15.4423,3.97,2.76,4.26,0.04997,0.04697,take_profit_gap,False,8,6,600029.58,28183.39,2017
CHENNPETRO,2017-01-03,2017-01-04,239.1485,251.1059,0.72,5.15,7.86,0.05,0.047,take_profit,False,1,1,679003.11,31913.15,2017
SUNTECK,2017-01-03,2017-01-04,113.8687,119.5622,3.22,1.58,4.05,0.05,0.047,take_profit,False,1,1,543202.49,25530.52,2017
SUZLON,2017-01-04,2017-01-17,13.7342,14.4209,1.05,2.43,4.55,0.05,0.047,take_profit,False,13,9,690491.84,32453.12,2017
ICICIPRULI,2017-01-04,2017-01-06,306.6408,321.9728,2.05,1.62,1.6,0.05,0.047,take_profit,False,2,2,552393.48,25962.49,2017
RCF,2017-01-06,2017-01-09,43.6167,45.7976,1.37,4.88,3.31,0.05,0.047,take_profit,False,3,1,557585.97,26206.54,2017
RCF,2017-01-09,2017-01-12,45.8155,44.4411,2.18,5.26,4.37,-0.03,-0.033,stopped_out,True,3,3,670039.65,-22111.31,2017
BEL,2017-01-09,2017-01-10,37.2566,39.1194,1.06,2.62,2.68,0.05,0.047,take_profit,False,1,1,536031.72,25193.49,2017
DCMSHRIRAM,2017-01-10,2017-01-11,230.3155,243.2319,7.81,4.34,9.34,0.056081,0.053081,take_profit_gap,False,1,1,666713.01,35389.79,2017
JWL,2017-01-10,2017-01-12,15.1477,14.6933,3.93,5.5,5.9,-0.03,-0.033,stopped_out,True,2,2,533370.41,-17601.22,2017
INDUSINDBK,2017-01-11,2017-01-25,1172.1477,1200.967,3.02,4.02,4.12,0.024587,0.021587,time_exit,False,14,10,537043.46,11593.16,2017
FEDERALBNK,2017-01-11,2017-01-18,67.1553,70.5131,2.48,2.76,2.91,0.05,0.047,take_profit,False,7,5,671304.33,31551.3,2017
LT,2017-01-12,2017-01-23,837.0379,811.9268,0.99,1.75,2.43,-0.03,-0.033,stopped_out,True,11,7,662374.28,-21858.35,2017
TATACOMM,2017-01-12,2017-01-24,371.7281,390.3145,4.03,4.26,5.64,0.05,0.047,take_profit,False,12,8,529899.42,24905.27,2017
UPL,2017-01-17,2017-02-01,447.7141,451.3767,2.59,3.58,4.01,0.008181,0.005181,time_exit,False,15,10,568508.53,2945.44,2017
RKFORGE,2017-01-18,2017-01-19,72.0517,75.6543,4.27,1.79,5.13,0.05,0.047,take_profit,False,1,1,595377.95,27982.76,2017
EXIDEIND,2017-01-19,2017-01-27,177.9979,186.8978,1.52,2.86,2.18,0.05,0.047,take_profit,False,8,5,600974.5,28245.8,2017
VTL,2017-01-23,2017-01-27,215.8419,226.634,2.69,2.93,4.31,0.05,0.047,take_profit,False,4,3,608882.79,28617.49,2017
EIDPARRY,2017-01-24,2017-01-31,267.964,259.9251,1.7,2.42,3.54,-0.03,-0.033,stopped_out,True,7,4,598067.17,-19736.22,2017
AMBUJACEM,2017-01-25,2017-02-06,199.4732,209.4469,0.94,1.76,1.64,0.05,0.047,take_profit,False,12,7,588181.06,27644.51,2017
ASHOKA,2017-01-27,2017-01-30,121.6164,127.6973,5.15,2.43,3.62,0.05,0.047,take_profit,False,3,1,723888.96,34022.78,2017
JKLAKSHMI,2017-01-27,2017-02-02,348.6537,366.0864,1.34,5.28,2.04,0.05,0.047,take_profit,False,6,4,579111.17,27218.22,2017
FINPIPE,2017-01-30,2017-02-06,83.1086,87.264,3.17,4.75,4.86,0.05,0.047,take_profit,False,7,5,614871.28,28898.95,2017
PRESTIGE,2017-01-31,2017-02-01,159.9451,167.9424,1.18,1.9,3.28,0.05,0.047,take_profit,False,1,1,607563.22,28555.47,2017
ALKEM,2017-02-01,2017-02-02,1563.4894,1641.6638,0.67,2.67,1.66,0.05,0.047,take_profit,False,1,1,727565.11,34195.56,2017
SOBHA,2017-02-01,2017-02-09,247.832,260.2236,2.38,2.86,2.09,0.05,0.047,take_profit,False,8,6,582052.09,27356.45,2017
BERGEPAINT,2017-02-02,2017-02-07,176.6142,171.3158,2.88,3.11,4.32,-0.03,-0.033,stopped_out,True,5,3,739259.68,-24395.57,2017
POLYMED,2017-02-02,2017-02-06,248.1487,240.7042,8.33,10.27,12.16,-0.03,-0.033,stopped_out,True,4,2,591407.74,-19516.46,2017
IGL,2017-02-06,2017-02-09,87.6992,92.0841,1.9,2.53,3.18,0.05,0.047,take_profit,False,3,3,839423.61,39452.91,2017
BANCOINDIA,2017-02-06,2017-02-07,62.0649,57.4227,0.51,1.67,1.88,-0.074797,-0.077797,stopped_out_gap,False,1,1,671538.89,-52243.71,2017
OLECTRA,2017-02-06,2017-02-07,40.0615,42.7162,17.46,7.43,21.52,0.066265,0.063265,take_profit_gap,False,1,1,537231.11,33987.93,2017
OLECTRA,2017-02-07,2017-02-08,46.9549,45.5462,6.38,6.96,9.81,-0.03,-0.033,stopped_out,True,1,1,810860.56,-26758.4,2017
SAMMAANCAP,2017-02-07,2017-02-17,586.9347,616.2814,2.44,2.04,3.12,0.05,0.047,take_profit,False,10,8,648688.45,30488.36,2017
ABFRL,2017-02-07,2017-02-20,149.1628,156.6209,2.18,2.05,2.2,0.05,0.047,take_profit,False,13,9,518950.76,24390.69,2017
JAMNAAUTO,2017-02-08,2017-02-14,35.5563,34.4896,1.5,2.85,5.1,-0.03,-0.033,stopped_out,True,6,4,571981.04,-18875.37,2017
KARURVYSYA,2017-02-09,2017-02-21,58.1532,61.0609,1.33,2.53,2.27,0.05,0.047,take_profit,False,12,8,604193.47,28397.09,2017
JINDALSAW,2017-02-09,2017-02-10,29.7802,31.2692,8.83,10.96,9.94,0.05,0.047,take_profit,False,1,1,755241.84,35496.37,2017
RHIM,2017-02-10,2017-02-15,125.0613,121.3095,4.34,4.7,4.57,-0.03,-0.033,stopped_out,True,5,3,641502.42,-21169.58,2017
MPHASIS,2017-02-14,2017-03-01,462.6546,472.2416,0.58,1.63,2.4,0.020722,0.017722,time_exit,False,15,10,623823.07,11055.39,2017
ALKEM,2017-02-15,2017-02-20,1823.8788,1915.0727,2.37,7.41,6.23,0.05,0.047,take_profit,False,5,3,623125.02,29286.88,2017
GNFC,2017-02-17,2017-02-23,215.1306,208.6767,2.48,1.87,4.43,-0.03,-0.033,stopped_out,True,6,4,634335.38,-20933.07,2017
PIDILITIND,2017-02-20,2017-03-02,333.8126,323.7982,1.54,1.83,1.66,-0.03,-0.033,stopped_out,True,10,7,746618.97,-24638.43,2017
TTML,2017-02-20,2017-02-21,6.1748,6.4835,4.65,1.73,3.2,0.05,0.047,take_profit,False,1,1,597295.18,28072.87,2017
MAHABANK,2017-02-21,2017-02-22,32.1895,31.2238,3.1,7.4,13.11,-0.03,-0.033,stopped_out,True,1,1,729427.86,-24071.12,2017
JUSTDIAL,2017-02-21,2017-02-22,507.0534,532.4061,3.88,2.26,4.49,0.05,0.047,take_profit,False,1,1,583542.29,27426.49,2017
AXISBANK,2017-02-22,2017-02-27,517.6423,502.113,1.71,2.23,3.3,-0.03,-0.033,stopped_out,True,5,2,730098.94,-24093.26,2017
AVANTIFEED,2017-02-22,2017-02-23,194.1555,203.8632,5.65,7.33,8.63,0.05,0.047,take_profit,False,1,1,584079.15,27451.72,2017
RBLBANK,2017-02-23,2017-02-27,440.4593,462.4823,5.11,3.61,6.65,0.05,0.047,take_profit,False,4,1,569799.97,26780.6,2017
KARURVYSYA,2017-02-23,2017-03-10,62.28,62.0604,1.52,3.64,2.44,-0.003526,-0.006526,time_exit,False,15,10,712249.96,-4648.14,2017
JSWENERGY,2017-02-27,2017-03-02,60.4449,58.6316,2.07,2.51,4.07,-0.03,-0.033,stopped_out,True,3,3,716357.22,-23639.79,2017
JSL,2017-02-27,2017-02-28,53.8138,56.5045,5.3,2.57,5.8,0.05,0.047,take_profit,False,1,1,573085.78,26935.03,2017
THANGAMAYL,2017-02-28,2017-03-03,94.1143,98.82,0.73,1.51,3.74,0.05,0.047,take_profit,False,3,3,578472.78,27188.22,2017
HINDALCO,2017-03-01,2017-03-03,178.8109,187.7515,1.43,1.59,2.21,0.05,0.047,take_profit,False,2,2,589753.92,27718.43,2017
DEEPAKNTR,2017-03-02,2017-03-06,116.3389,112.8487,4.1,9.67,5.22,-0.03,-0.033,stopped_out,True,4,2,754742.73,-24906.51,2017
HAVELLS,2017-03-02,2017-03-17,396.1798,415.9888,0.74,3.69,2.43,0.05,0.047,take_profit,False,15,10,603794.18,28378.33,2017
BBTC,2017-03-03,2017-03-06,705.6518,740.9344,2.13,2.63,5.01,0.05,0.047,take_profit,False,3,1,727662.02,34200.11,2017
RAIN,2017-03-03,2017-03-06,92.7592,97.3971,0.96,2.46,5.6,0.05,0.047,take_profit,False,3,1,582129.61,27360.09,2017
RAIN,2017-03-06,2017-03-08,96.5051,101.3304,3.11,3.0,3.26,0.05,0.047,take_profit,False,2,2,567002.43,26649.11,2017
JSWENERGY,2017-03-06,2017-03-08,59.0996,57.3266,0.94,1.78,2.25,-0.03,-0.033,stopped_out,True,2,2,885941.3,-29236.06,2017
BSE,2017-03-06,2017-03-09,85.1075,82.5542,2.03,2.16,6.43,-0.03,-0.033,stopped_out,True,3,3,708753.04,-23388.85,2017
HEG,2017-03-08,2017-03-16,37.2603,39.1233,0.56,4.13,8.65,0.05,0.047,take_profit,False,8,5,594938.64,27962.12,2017
JUBLPHARMA,2017-03-08,2017-03-14,509.2038,534.664,1.72,1.96,3.8,0.05,0.047,take_profit,False,6,3,743673.3,34952.65,2017
OFSS,2017-03-09,2017-03-22,2629.1841,2550.3085,0.82,4.13,2.52,-0.03,-0.033,stopped_out,True,13,8,613023.75,-20229.78,2017
TDPOWERSYS,2017-03-10,2017-03-15,32.0095,33.61,7.16,6.23,4.94,0.05,0.047,take_profit,False,5,2,631939.37,29701.15,2017
RCF,2017-03-14,2017-03-15,48.4941,50.9188,0.55,6.35,9.77,0.05,0.047,take_profit,False,1,1,661276.68,31080.0,2017
CUB,2017-03-15,2017-03-21,117.0402,113.529,0.61,1.65,4.78,-0.03,-0.033,stopped_out,True,6,4,799820.79,-26394.09,2017
ICIL,2017-03-15,2017-03-17,173.4711,168.2669,4.12,5.26,6.92,-0.03,-0.033,stopped_out,True,2,2,639856.63,-21115.27,2017
TATACONSUM,2017-03-16,2017-03-23,131.6145,138.1952,0.67,2.44,2.19,0.05,0.047,take_profit,False,7,5,636465.46,29913.88,2017
PFC,2017-03-17,2017-03-30,66.0543,69.357,0.91,1.88,2.46,0.05,0.047,take_profit,False,13,9,759355.14,35689.69,2017
M&MFIN,2017-03-17,2017-03-28,169.2296,177.6911,4.28,3.77,5.64,0.05,0.047,take_profit,False,11,7,607484.11,28551.75,2017
NLCINDIA,2017-03-21,2017-03-22,69.7654,67.6724,8.0,12.36,4.29,-0.03,-0.033,stopped_out,True,1,1,640672.63,-21142.2,2017
REFEX,2017-03-22,2017-03-23,4.4999,4.7249,19.66,10.58,18.84,0.05,0.047,take_profit,False,1,1,755002.98,35485.14,2017
GMDCLTD,2017-03-22,2017-03-23,92.0641,96.6673,2.05,3.94,1.69,0.05,0.047,take_profit,False,1,1,604002.39,28388.11,2017
GMDCLTD,2017-03-23,2017-04-05,95.8362,100.6281,2.13,4.7,3.0,0.05,0.047,take_profit,False,13,8,576674.24,27103.69,2017
BBTC,2017-03-23,2017-03-24,812.9086,853.5541,7.02,3.37,8.69,0.05,0.047,take_profit,False,1,1,901053.5,42349.51,2017
JAIBALAJI,2017-03-23,2017-03-24,3.3317,3.6282,4.2,3.11,7.42,0.089001,0.086001,take_profit_gap,False,1,1,720842.8,61993.2,2017
INDIGO,2017-03-24,2017-03-31,983.6953,1032.88,2.46,2.55,4.69,0.05,0.047,take_profit,False,7,5,806587.19,37909.6,2017
SKIPPER,2017-03-24,2017-03-31,164.9752,173.2239,2.88,6.21,5.59,0.05,0.047,take_profit,False,7,5,645269.76,30327.68,2017
FINCABLES,2017-03-28,2017-04-03,468.356,491.7738,0.87,3.33,3.18,0.05,0.047,take_profit,False,6,4,643422.98,30240.88,2017
HIKAL,2017-03-30,2017-04-05,136.2687,132.1806,1.44,2.39,2.94,-0.03,-0.033,stopped_out,True,6,3,673747.35,-22233.66,2017
BLUESTARCO,2017-03-31,2017-04-07,317.28,307.7616,2.01,2.29,2.73,-0.03,-0.033,stopped_out,True,7,4,843016.72,-27819.55,2017
GVT&D,2017-03-31,2017-04-07,321.1933,337.253,1.72,4.94,4.82,0.05,0.047,take_profit,False,7,4,674413.38,31697.43,2017
STLTECH,2017-04-03,2017-04-12,123.3527,129.5203,2.42,2.67,4.3,0.05,0.047,take_profit,False,9,6,674263.47,31690.38,2017
RBLBANK,2017-04-05,2017-04-07,514.6886,540.423,3.6,2.49,4.69,0.05,0.047,take_profit,False,2,2,790469.1,37152.05,2017
PATELENG,2017-04-05,2017-04-07,59.8864,62.8808,2.52,2.85,5.24,0.05,0.047,take_profit,False,2,2,632375.28,29721.64,2017
UCOBANK,2017-04-07,2017-04-24,36.5417,38.3688,0.94,2.86,1.78,0.05,0.047,take_profit,False,17,10,567349.98,26665.45,2017
IOC,2017-04-07,2017-04-13,74.7927,78.5323,3.88,1.6,2.95,0.05,0.047,take_profit,False,6,4,709187.48,33331.81,2017
JKTYRE,2017-04-07,2017-04-11,122.4309,128.5525,3.02,2.13,3.82,0.05,0.047,take_profit,False,4,2,886484.35,41664.76,2017
TVSMOTOR,2017-04-07,2017-04-20,448.1822,470.5913,3.05,2.97,5.02,0.05,0.047,take_profit,False,13,8,1108105.44,52080.96,2017
CEATLTD,2017-04-11,2017-04-12,1339.6759,1299.4856,1.51,1.55,4.76,-0.03,-0.033,stopped_out,True,1,1,639509.81,-21103.82,2017
SHILPAMED,2017-04-12,2017-04-18,354.2012,343.5751,2.67,4.38,5.08,-0.03,-0.033,stopped_out,True,6,3,776479.82,-25623.83,2017
AVANTIFEED,2017-04-12,2017-04-21,258.4935,272.7583,1.91,1.75,1.86,0.055184,0.052184,take_profit_gap,False,9,6,621183.85,32415.86,2017
GSPL,2017-04-13,2017-04-19,156.4128,164.2335,3.14,2.91,4.3,0.05,0.047,take_profit,False,6,3,645450.94,30336.19,2017
ADANIENT,2017-04-18,2017-04-19,77.3817,75.0603,9.56,9.98,16.85,-0.03,-0.033,stopped_out,True,1,1,666531.95,-21995.55,2017
REDINGTON,2017-04-19,2017-04-21,45.275,47.5388,2.99,4.21,4.24,0.05,0.047,take_profit,False,2,2,797290.26,37472.64,2017
RBLBANK,2017-04-19,2017-04-26,557.3947,540.6729,1.09,1.75,4.41,-0.03,-0.033,stopped_out,True,7,5,637832.21,-21048.46,2017
GRANULES,2017-04-20,2017-04-21,137.8938,144.7885,1.52,1.57,1.79,0.05,0.047,take_profit,False,1,1,742303.05,34888.24,2017
SCI,2017-04-21,2017-04-24,77.675,75.3448,1.37,3.83,8.46,-0.03,-0.033,stopped_out,True,3,1,837562.58,-27639.57,2017
NTPC,2017-04-21,2017-05-02,99.245,96.2677,0.51,1.58,1.92,-0.03,-0.033,stopped_out,True,11,6,670050.06,-22111.65,2017
NETWORK18,2017-04-21,2017-04-25,45.5227,47.7989,3.74,3.51,9.38,0.05,0.047,take_profit,False,4,2,1046953.22,49206.8,2017
RPOWER,2017-04-24,2017-04-26,49.7249,48.2331,1.61,2.38,4.96,-0.03,-0.033,stopped_out,True,2,2,816827.74,-26955.32,2017
PRSMJOHNSN,2017-04-24,2017-04-27,110.6427,116.1748,4.42,3.25,6.02,0.05,0.047,take_profit,False,3,3,653462.19,30712.72,2017
IIFL,2017-04-25,2017-04-26,238.1169,250.0227,4.53,1.91,6.35,0.05,0.047,take_profit,False,1,1,742001.76,34874.08,2017
ALLCARGO,2017-04-26,2017-05-02,40.169,38.9639,1.86,10.47,4.97,-0.03,-0.033,stopped_out,True,6,3,1030307.81,-34000.16,2017
CUB,2017-04-26,2017-05-05,126.6816,133.0157,1.27,2.67,4.06,0.05,0.047,take_profit,False,9,6,824246.25,38739.57,2017
UPL,2017-04-26,2017-04-27,506.6535,491.4539,0.84,1.59,2.64,-0.03,-0.033,stopped_out,True,1,1,659397.0,-21760.1,2017
NESTLEIND,2017-04-27,2017-05-12,298.3592,303.3643,3.38,2.23,3.93,0.016775,0.013775,time_exit,False,15,10,791879.96,10908.15,2017
ICIL,2017-04-27,2017-05-12,186.353,180.7624,3.76,4.28,3.7,-0.03,-0.033,stopped_out,True,15,10,633503.97,-20905.63,2017
DCBBANK,2017-05-02,2017-05-05,186.9215,181.3139,4.26,3.5,7.27,-0.03,-0.033,stopped_out,True,3,3,668521.91,-22061.22,2017
TATACONSUM,2017-05-02,2017-05-05,143.4389,139.1357,0.54,3.62,2.2,-0.03,-0.033,stopped_out,True,3,3,835652.39,-27576.53,2017
DBL,2017-05-05,2017-05-08,453.1013,475.7563,0.96,3.28,6.47,0.05,0.047,take_profit,False,3,1,638926.08,30029.53,2017
FEDERALBNK,2017-05-05,2017-05-18,107.7447,104.5124,3.14,3.63,2.56,-0.03,-0.033,stopped_out,True,13,9,798657.6,-26355.7,2017
GAEL,2017-05-05,2017-05-10,33.8615,32.8456,4.08,2.27,3.56,-0.03,-0.033,stopped_out,True,5,3,998322.0,-32944.63,2017
ANANTRAJ,2017-05-08,2017-05-09,26.7426,28.0797,5.91,1.82,9.33,0.05,0.047,take_profit,False,1,1,644931.98,30311.8,2017
JKIL,2017-05-09,2017-05-16,275.8242,289.6154,0.51,3.12,2.17,0.05,0.047,take_profit,False,7,5,650994.34,30596.73,2017
GANECOS,2017-05-10,2017-05-11,319.3611,309.7803,2.37,1.66,1.64,-0.03,-0.033,stopped_out,True,1,1,713870.95,-23557.74,2017
SARDAEN,2017-05-11,2017-05-22,24.1454,23.421,2.17,4.52,4.39,-0.03,-0.033,stopped_out,True,11,7,709159.4,-23402.26,2017
LTIM,2017-05-12,2017-05-25,666.4294,699.7509,0.52,1.65,2.77,0.05,0.047,take_profit,False,13,9,850404.81,39969.03,2017
SCI,2017-05-12,2017-05-17,76.7503,74.4478,1.33,2.46,5.06,-0.03,-0.033,stopped_out,True,5,3,680323.85,-22450.69,2017
UNOMINDA,2017-05-16,2017-05-19,88.4673,92.8907,3.51,8.66,4.18,0.05,0.047,take_profit,False,3,3,680577.29,31987.13,2017
TATASTEEL,2017-05-17,2017-05-23,37.1627,36.0478,3.97,6.14,5.09,-0.03,-0.033,stopped_out,True,6,4,676036.47,-22309.2,2017
SUZLON,2017-05-18,2017-05-19,18.3735,19.2921,1.75,1.86,1.52,0.05,0.047,take_profit,False,1,1,695289.55,32678.61,2017
GMDCLTD,2017-05-19,2017-05-23,106.917,103.7094,2.46,4.29,1.91,-0.03,-0.033,stopped_out,True,4,2,675470.53,-22290.53,2017
SHILPAMED,2017-05-19,2017-05-25,348.2583,337.8106,1.11,2.48,1.67,-0.03,-0.033,stopped_out,True,6,4,844338.16,-27863.16,2017
SHAKTIPUMP,2017-05-22,2017-05-23,60.5204,58.7048,5.86,9.13,14.13,-0.03,-0.033,stopped_out,True,1,1,677527.85,-22358.42,2017
BHARATFORG,2017-05-24,2017-05-26,508.4074,533.8278,1.42,2.89,3.29,0.05,0.047,take_profit,False,2,2,934437.62,43918.57,2017
VOLTAS,2017-05-24,2017-05-25,424.1255,445.3317,0.76,8.59,4.32,0.05,0.047,take_profit,False,1,1,747550.1,35134.85,2017
VOLTAS,2017-05-24,2017-05-25,424.1255,445.3317,5.2,8.59,4.32,0.05,0.047,take_profit,False,1,1,598040.08,28107.88,2017
GAIL,2017-05-25,2017-06-08,70.1859,68.0803,1.4,2.57,2.15,-0.03,-0.033,stopped_out,True,14,10,1101568.41,-36351.76,2017
UPL,2017-05-25,2017-05-29,493.9147,518.6105,1.3,2.52,2.45,0.05,0.047,take_profit,False,4,2,881254.73,41418.97,2017
VOLTAS,2017-05-25,2017-05-26,450.9599,473.5079,4.07,2.73,5.27,0.05,0.047,take_profit,False,1,1,705003.78,33135.18,2017
ICICIBANK,2017-05-25,2017-06-08,275.3953,277.2849,1.86,1.56,3.7,0.006862,0.003862,time_exit,False,14,10,564003.03,2178.18,2017
NBCC,2017-05-26,2017-06-06,59.3317,62.8647,1.85,1.53,3.02,0.059546,0.056546,take_profit_gap,False,11,7,794501.45,44925.88,2017
JINDALSTEL,2017-05-26,2017-05-29,123.3197,119.6201,4.3,1.51,5.04,-0.03,-0.033,stopped_out,True,3,1,635601.16,-20974.84,2017
DCAL,2017-05-29,2017-06-12,301.0155,300.7146,1.94,1.89,4.51,-0.001,-0.004,time_exit,False,14,10,815940.93,-3263.76,2017
ZYDUSLIFE,2017-05-29,2017-06-02,423.9534,445.1511,0.59,2.0,1.75,0.05,0.047,take_profit,False,4,4,652752.75,30679.38,2017
SUNDRMFAST,2017-06-02,2017-06-09,381.9586,370.4999,3.56,2.87,4.29,-0.03,-0.033,stopped_out,True,7,5,658888.62,-21743.32,2017
TATAELXSI,2017-06-06,2017-06-07,699.6937,678.7029,7.45,6.02,2.4,-0.03,-0.033,stopped_out,True,1,1,694996.36,-22934.88,2017
ICICIPRULI,2017-06-07,2017-06-14,403.8028,423.993,2.17,3.83,4.08,0.05,0.047,take_profit,False,7,5,690409.39,32449.24,2017
DRREDDY,2017-06-08,2017-06-22,496.011,495.3931,1.42,1.73,3.57,-0.001246,-0.004246,time_exit,False,14,10,878607.08,-3730.57,2017
APLAPOLLO,2017-06-08,2017-06-12,161.7444,156.892,1.71,4.74,9.89,-0.03,-0.033,stopped_out,True,4,2,702885.67,-23195.23,2017
RADICO,2017-06-09,2017-06-14,124.3011,120.5721,0.98,2.62,2.7,-0.03,-0.033,stopped_out,True,5,3,689737.59,-22761.34,2017
WELENT,2017-06-12,2017-06-13,92.6166,89.8381,5.21,11.19,13.63,-0.03,-0.033,stopped_out,True,1,1,850263.6,-28058.7,2017
GMDCLTD,2017-06-12,2017-06-16,115.2864,121.0507,0.99,1.53,1.87,0.05,0.047,take_profit,False,4,4,680210.88,31969.91,2017
GOKEX,2017-06-13,2017-06-14,86.9797,91.3287,8.27,3.2,9.36,0.05,0.047,take_profit,False,1,1,708609.68,33304.66,2017
PGEL,2017-06-14,2017-06-15,25.9731,25.1939,5.33,5.72,6.34,-0.03,-0.033,stopped_out,True,1,1,794590.07,-26221.47,2017
MOTILALOFS,2017-06-14,2017-06-15,1180.2144,1239.2252,0.83,2.33,2.54,0.05,0.047,take_profit,False,1,1,635672.06,29876.59,2017
GODREJPROP,2017-06-14,2017-06-23,551.7758,535.2225,1.21,2.98,2.57,-0.03,-0.033,stopped_out,True,9,7,993237.59,-32776.84,2017
INDIGO,2017-06-15,2017-06-21,1142.9792,1200.1281,2.63,2.87,2.25,0.05,0.047,take_profit,False,6,4,795321.09,37380.09,2017
LTF,2017-06-15,2017-06-19,120.374,126.3927,2.55,2.68,2.28,0.05,0.047,take_profit,False,4,2,636256.87,29904.07,2017
GMDCLTD,2017-06-16,2017-06-20,122.6735,118.9933,2.69,2.65,6.88,-0.03,-0.033,stopped_out,True,4,2,651441.66,-21497.57,2017
BALKRISIND,2017-06-19,2017-06-22,742.329,779.4454,2.99,1.5,4.18,0.05,0.047,take_profit,False,3,3,654385.52,30756.12,2017
BEML,2017-06-20,2017-06-28,588.0406,570.3994,0.75,3.68,3.62,-0.03,-0.033,stopped_out,True,8,5,649497.23,-21433.41,2017
GMRAIRPORT,2017-06-21,2017-06-22,19.2444,18.6671,0.75,1.9,6.22,-0.03,-0.033,stopped_out,True,1,1,686138.02,-22642.55,2017
SHRIPISTON,2017-06-22,2017-06-27,886.105,946.8034,1.1,2.38,4.49,0.0685,0.0655,take_profit_gap,False,5,2,993613.14,65081.66,2017
SHRIPISTON,2017-06-22,2017-06-27,886.105,946.8034,5.14,2.38,4.49,0.0685,0.0655,take_profit_gap,False,5,2,794890.51,52065.33,2017
JPPOWER,2017-06-23,2017-06-27,4.6023,4.8324,5.43,3.15,6.98,0.05,0.047,take_profit,False,4,1,662403.65,31132.97,2017
AVANTIFEED,2017-06-23,2017-06-27,422.973,410.2838,2.13,2.43,3.26,-0.03,-0.033,stopped_out,True,4,1,828004.56,-27324.15,2017
GRASIM,2017-06-27,2017-07-03,892.4721,937.0957,1.32,1.61,2.85,0.05,0.047,take_profit,False,6,4,774333.73,36393.69,2017
JPPOWER,2017-06-27,2017-06-28,5.4027,5.2406,8.33,9.03,13.68,-0.03,-0.033,stopped_out,True,1,1,619466.98,-20442.41,2017
WELENT,2017-06-27,2017-06-28,91.2496,95.812,1.08,1.83,5.43,0.05,0.047,take_profit,False,1,1,1209896.45,56865.13,2017
HSCL,2017-06-27,2017-06-30,72.7153,76.3511,0.95,1.53,2.29,0.05,0.047,take_profit,False,3,3,967917.16,45492.11,2017
WELCORP,2017-06-28,2017-06-30,92.0,89.24,2.29,2.45,5.89,-0.03,-0.033,stopped_out,True,2,2,994343.58,-32813.34,2017
SHAKTIPUMP,2017-06-28,2017-06-29,74.8963,72.6494,1.41,3.63,12.72,-0.03,-0.033,stopped_out,True,1,1,795474.87,-26250.67,2017
SAREGAMA,2017-06-28,2017-07-04,25.5261,24.7603,0.94,5.34,6.03,-0.03,-0.033,stopped_out,True,6,4,636379.89,-21000.54,2017
ICICIPRULI,2017-06-29,2017-07-04,454.3021,477.0172,2.38,3.54,3.42,0.05,0.047,take_profit,False,5,3,662948.75,31158.59,2017
STAR,2017-06-30,2017-07-04,872.9113,846.7239,2.49,1.92,3.36,-0.03,-0.033,stopped_out,True,4,2,925346.9,-30536.45,2017
STAR,2017-06-30,2017-07-04,872.9113,846.7239,0.86,1.92,3.36,-0.03,-0.033,stopped_out,True,4,2,740277.52,-24429.16,2017
RHIM,2017-07-03,2017-07-06,134.4248,141.146,3.86,2.69,5.19,0.05,0.047,take_profit,False,3,3,754367.5,35455.27,2017
JBMA,2017-07-04,2017-07-05,55.9975,54.3175,4.0,2.72,5.27,-0.03,-0.033,stopped_out,True,1,1,760014.79,-25080.49,2017
BLS,2017-07-04,2017-07-06,50.4038,48.8917,7.16,7.35,9.2,-0.03,-0.033,stopped_out,True,2,2,608011.83,-20064.39,2017
CHAMBLFERT,2017-07-04,2017-07-05,105.2249,110.4861,3.51,2.34,5.69,0.05,0.047,take_profit,False,1,1,1187523.11,55813.59,2017
TATAELXSI,2017-07-04,2017-07-11,758.3968,796.3166,1.54,1.59,2.68,0.05,0.047,take_profit,False,7,5,950018.48,44650.87,2017
MAHSEAMLES,2017-07-05,2017-07-06,181.6867,190.7711,3.19,2.77,2.96,0.05,0.047,take_profit,False,1,1,882063.66,41456.99,2017
TTML,2017-07-05,2017-07-07,7.0364,7.3882,4.08,3.13,6.52,0.05,0.047,take_profit,False,2,2,705650.93,33165.59,2017
GHCL,2017-07-06,2017-07-10,200.1786,194.1733,1.13,2.56,2.37,-0.03,-0.033,stopped_out,True,4,2,1024778.92,-33817.7,2017
MAHSEAMLES,2017-07-06,2017-07-18,189.1441,183.4698,1.37,1.97,2.99,-0.03,-0.033,stopped_out,True,12,8,819823.13,-27054.16,2017
PURVA,2017-07-06,2017-07-11,61.4883,64.5627,1.14,4.95,4.93,0.05,0.047,take_profit,False,5,3,655858.51,30825.35,2017
LUMAXTECH,2017-07-07,2017-07-11,96.4578,93.5641,7.89,10.0,11.16,-0.03,-0.033,stopped_out,True,4,2,672450.11,-22190.85,2017
JSL,2017-07-10,2017-07-13,76.3429,80.16,1.68,2.59,4.51,0.05,0.047,take_profit,False,3,3,736152.33,34599.16,2017
HINDALCO,2017-07-11,2017-07-19,189.5821,199.0612,0.92,1.7,2.63,0.05,0.047,take_profit,False,8,6,1055244.36,49596.48,2017
IGL,2017-07-11,2017-07-25,97.9474,98.4316,3.07,3.51,3.69,0.004944,0.001944,time_exit,False,14,10,844195.49,1641.12,2017
INFY,2017-07-11,2017-07-25,386.6589,393.599,1.17,1.77,1.95,0.017949,0.014949,time_exit,False,14,10,675356.39,10095.9,2017
FINPIPE,2017-07-13,2017-07-17,113.025,109.6342,2.26,2.71,6.34,-0.03,-0.033,stopped_out,True,4,2,694435.41,-22916.37,2017
BHARATFORG,2017-07-17,2017-07-31,536.3749,540.4126,0.93,1.59,2.42,0.007528,0.004528,time_exit,False,14,10,689852.14,3123.65,2017
GPIL,2017-07-18,2017-07-19,26.0221,27.3232,4.56,3.33,6.56,0.05,0.047,take_profit,False,1,1,710435.5,33390.47,2017
KPRMILL,2017-07-19,2017-07-25,159.2271,154.4503,1.18,6.57,3.63,-0.03,-0.033,stopped_out,True,6,4,750465.41,-24765.36,2017
HERITGFOOD,2017-07-19,2017-07-21,288.247,302.6593,7.11,6.35,8.31,0.05,0.047,take_profit,False,2,2,938081.77,44089.84,2017
ADANIPOWER,2017-07-21,2017-07-24,6.4132,6.7339,3.9,3.45,7.19,0.05,0.047,take_profit,False,3,1,796806.65,37449.91,2017
M&MFIN,2017-07-24,2017-07-25,198.5618,208.4899,1.27,2.37,1.52,0.05,0.047,take_profit,False,1,1,804296.63,37801.94,2017
SUDARSCHEM,2017-07-25,2017-07-27,413.7412,401.329,1.35,7.01,6.32,-0.03,-0.033,stopped_out,True,2,2,1263254.81,-41687.41,2017
JPPOWER,2017-07-25,2017-07-26,7.8039,7.5698,12.82,4.98,15.56,-0.03,-0.033,stopped_out,True,1,1,1010603.85,-33349.93,2017
AURIONPRO,2017-07-25,2017-07-27,51.7076,50.1564,5.63,13.58,9.79,-0.03,-0.033,stopped_out,True,2,2,808483.08,-26679.94,2017
IDEA,2017-07-25,2017-07-26,58.9395,57.1713,0.67,3.47,3.39,-0.03,-0.033,stopped_out,True,1,1,646786.46,-21343.95,2017
JINDALSTEL,2017-07-26,2017-08-02,149.6607,157.1438,5.34,2.88,7.86,0.05,0.047,take_profit,False,7,5,837968.46,39384.52,2017
HINDCOPPER,2017-07-26,2017-07-27,66.704,70.0392,0.76,7.27,4.7,0.05,0.047,take_profit,False,1,1,670374.77,31507.61,2017
TATAELXSI,2017-07-27,2017-08-03,795.8678,771.9917,2.13,4.45,3.06,-0.03,-0.033,stopped_out,True,7,5,1077350.4,-35552.56,2017
GODREJCP,2017-07-27,2017-07-31,666.1413,646.1571,1.06,2.9,3.78,-0.03,-0.033,stopped_out,True,4,2,861880.32,-28442.05,2017
YESBANK,2017-07-27,2017-08-10,349.7357,339.2437,2.3,4.38,2.21,-0.03,-0.033,stopped_out,True,14,10,689504.25,-22753.64,2017
SBIN,2017-07-31,2017-08-03,288.4931,279.8383,2.3,3.42,4.38,-0.03,-0.033,stopped_out,True,3,3,685508.97,-22621.8,2017
LTF,2017-07-31,2017-08-03,149.1888,144.7131,0.54,2.17,3.92,-0.03,-0.033,stopped_out,True,3,3,856886.21,-28277.25,2017
RCF,2017-08-02,2017-08-04,77.4387,81.3106,7.33,7.8,5.27,0.05,0.047,take_profit,False,2,2,723877.77,34022.26,2017
BATAINDIA,2017-08-03,2017-08-14,577.9122,606.8078,4.87,8.03,3.58,0.05,0.047,take_profit,False,11,7,1085761.01,51030.77,2017
AVANTIFEED,2017-08-03,2017-08-09,538.1623,522.0174,0.88,2.91,3.32,-0.03,-0.033,stopped_out,True,6,4,868608.81,-28664.09,2017
EMAMILTD,2017-08-03,2017-08-10,489.5452,474.8589,0.54,4.02,4.19,-0.03,-0.033,stopped_out,True,7,5,694887.05,-22931.27,2017
IOC,2017-08-04,2017-08-09,78.8584,76.147,5.1,2.84,6.06,-0.034383,-0.037383,stopped_out_gap,False,5,3,707489.64,-26448.09,2017
OLECTRA,2017-08-10,2017-08-14,102.2018,112.5292,12.22,2.34,10.0,0.101049,0.098049,take_profit_gap,False,4,2,1137930.25,111572.92,2017
AVANTIFEED,2017-08-11,2017-08-14,497.2345,596.0819,7.99,2.71,6.59,0.198794,0.195794,take_profit_gap,False,3,1,910344.2,178239.93,2017
TATACONSUM,2017-08-11,2017-08-14,153.7884,161.4779,0.97,2.05,5.87,0.05,0.047,take_profit,False,3,1,728275.36,34228.94,2017
BAJFINANCE,2017-08-11,2017-08-23,165.2032,173.4633,0.89,2.57,6.63,0.05,0.047,take_profit,False,12,7,582620.29,27383.15,2017
ASHOKA,2017-08-14,2017-08-23,124.674,120.9338,4.7,2.76,4.96,-0.03,-0.033,stopped_out,True,9,6,672549.33,-22194.13,2017
MOIL,2017-08-14,2017-08-30,134.2298,136.6821,1.54,1.73,2.94,0.018269,0.015269,time_exit,False,16,10,840686.66,12836.44,2017
MOIL,2017-08-14,2017-08-30,134.2298,136.6821,2.25,1.73,2.94,0.018269,0.015269,time_exit,False,16,10,1050858.33,16045.56,2017
KNRCON,2017-08-14,2017-08-22,108.6435,105.3842,0.93,5.68,4.29,-0.03,-0.033,stopped_out,True,8,5,1313572.91,-43347.91,2017
TRENT,2017-08-22,2017-08-23,276.5533,290.381,3.39,4.28,4.91,0.05,0.047,take_profit,False,1,1,792084.46,37227.97,2017
TRIDENT,2017-08-23,2017-08-28,7.1177,7.4735,3.82,4.37,4.28,0.05,0.047,take_profit,False,5,2,1051601.79,49425.28,2017
IMFA,2017-08-23,2017-08-24,222.5836,215.9061,9.53,6.86,18.37,-0.03,-0.033,stopped_out,True,1,1,841281.43,-27762.29,2017
GUJGASLTD,2017-08-23,2017-08-30,149.1861,144.7106,0.88,1.82,2.72,-0.03,-0.033,stopped_out,True,7,4,673025.14,-22209.83,2017
KANSAINER,2017-08-24,2017-08-31,291.5069,306.0822,1.3,1.97,1.78,0.05,0.047,take_profit,False,7,4,701123.94,32952.83,2017
ASAHIINDIA,2017-08-28,2017-08-29,365.3223,354.3626,5.08,10.32,11.92,-0.03,-0.033,stopped_out,True,1,1,781104.57,-25776.45,2017
RBLBANK,2017-08-29,2017-09-12,514.175,521.7302,1.77,7.48,5.05,0.014694,0.011694,time_exit,False,14,10,775949.28,9073.95,2017
GODREJPROP,2017-08-30,2017-09-01,568.8843,597.3285,4.34,2.73,4.33,0.05,0.047,take_profit,False,2,2,1135007.88,53345.37,2017
ADANIPOWER,2017-08-30,2017-09-04,6.4332,6.2402,5.13,2.54,6.63,-0.03,-0.033,stopped_out,True,5,3,908006.31,-29964.21,2017
HERITGFOOD,2017-08-30,2017-09-01,362.5495,351.673,1.49,3.04,2.9,-0.03,-0.033,stopped_out,True,2,2,726405.04,-23971.37,2017
SARDAEN,2017-08-31,2017-09-01,40.9961,43.0459,12.26,3.02,11.98,0.05,0.047,take_profit,False,1,1,727939.39,34213.15,2017
CENTRALBK,2017-09-01,2017-09-05,93.4529,98.1255,4.3,5.65,7.98,0.05,0.047,take_profit,False,4,2,1112939.41,52308.15,2017
HFCL,2017-09-01,2017-09-04,20.0027,21.0028,9.83,5.33,11.81,0.05,0.047,take_profit,False,3,1,890351.52,41846.52,2017
MOIL,2017-09-01,2017-09-08,141.2975,148.3624,0.83,2.06,3.0,0.05,0.047,take_profit,False,7,5,712281.22,33477.22,2017
SAREGAMA,2017-09-04,2017-09-05,42.5994,44.7294,3.05,2.63,4.74,0.05,0.047,take_profit,False,1,1,931873.0,43798.03,2017
SURYAROSNI,2017-09-04,2017-09-06,71.6305,69.4816,4.69,5.69,8.06,-0.03,-0.033,stopped_out,True,2,2,745498.4,-24601.45,2017
COALINDIA,2017-09-05,2017-09-19,125.1072,127.2961,1.7,1.83,2.98,0.017497,0.014497,time_exit,False,14,10,1024582.44,14853.37,2017
RAMCOCEM,2017-09-05,2017-09-13,708.6893,744.1237,2.1,3.47,4.27,0.05,0.047,take_profit,False,8,6,819665.95,38524.3,2017
RHIM,2017-09-06,2017-09-11,151.0656,146.5336,3.62,2.15,2.23,-0.03,-0.033,stopped_out,True,5,3,799912.15,-26397.1,2017
LT,2017-09-08,2017-09-12,1040.633,1092.6646,0.7,3.07,3.07,0.05,0.047,take_profit,False,4,2,789081.41,37086.83,2017
MINDACORP,2017-09-11,2017-09-12,130.8976,126.9707,10.44,14.97,18.38,-0.03,-0.033,stopped_out,True,1,1,785968.14,-25936.95,2017
BEL,2017-09-12,2017-09-14,51.3139,49.7745,0.73,1.63,2.2,-0.03,-0.033,stopped_out,True,2,2,882415.23,-29119.7,2017
JPPOWER,2017-09-12,2017-09-15,7.8039,7.3463,3.85,2.23,3.31,-0.058634,-0.061634,stopped_out_gap,False,3,3,705932.19,-43509.42,2017
GODREJPROP,2017-09-12,2017-09-13,653.6266,634.0178,2.91,3.31,7.98,-0.03,-0.033,stopped_out,True,1,1,1103019.04,-36399.63,2017
IOB,2017-09-13,2017-09-14,24.4122,23.6798,4.03,4.71,2.52,-0.03,-0.033,stopped_out,True,1,1,949707.68,-31340.35,2017
MARKSANS,2017-09-13,2017-09-14,40.4949,42.5197,2.88,3.56,4.79,0.05,0.047,take_profit,False,1,1,759766.15,35709.01,2017
RPOWER,2017-09-14,2017-09-20,42.5212,45.7271,0.94,2.82,5.2,0.075395,0.072395,take_profit_gap,False,6,4,1121240.52,81172.21,2017
EIDPARRY,2017-09-14,2017-09-19,326.7985,343.1384,0.93,4.83,5.68,0.05,0.047,take_profit,False,5,3,896992.42,42158.64,2017
BAJAJELEC,2017-09-14,2017-09-15,359.4924,348.7076,1.65,4.42,7.14,-0.03,-0.033,stopped_out,True,1,1,717593.93,-23680.6,2017
HFCL,2017-09-15,2017-09-18,32.1419,33.749,0.67,2.79,8.64,0.05,0.047,take_profit,False,3,1,845342.37,39731.09,2017
EDELWEISS,2017-09-15,2017-09-18,129.5537,136.0314,6.37,3.36,8.64,0.05,0.047,take_profit,False,3,1,676273.89,31784.87,2017
TRIDENT,2017-09-18,2017-09-21,8.5897,8.332,1.1,1.9,3.36,-0.03,-0.033,stopped_out,True,3,3,859645.56,-28368.3,2017
VIPIND,2017-09-18,2017-09-19,251.0782,243.5459,5.47,2.9,14.74,-0.03,-0.033,stopped_out,True,1,1,687716.45,-22694.64,2017
GANECOS,2017-09-19,2017-09-22,375.4477,364.1843,1.6,2.41,4.93,-0.03,-0.033,stopped_out,True,3,3,863115.91,-28482.83,2017
SFL,2017-09-19,2017-09-20,768.7342,745.6721,0.57,3.55,9.84,-0.03,-0.033,stopped_out,True,1,1,690492.73,-22786.26,2017
SCHNEIDER,2017-09-19,2017-09-20,143.4717,139.1675,2.06,8.76,7.82,-0.03,-0.033,stopped_out,True,1,1,1078894.89,-35603.53,2017
NBCC,2017-09-20,2017-09-25,67.4432,65.4199,1.43,3.15,2.37,-0.03,-0.033,stopped_out,True,5,3,1135076.3,-37457.52,2017
DIVISLAB,2017-09-20,2017-09-21,891.7905,936.38,8.31,4.12,7.87,0.05,0.047,take_profit,False,1,1,908061.04,42678.87,2017
SOUTHBANK,2017-09-20,2017-09-22,29.2384,28.3612,3.97,5.51,7.16,-0.03,-0.033,stopped_out,True,2,2,726448.83,-23972.81,2017
CIPLA,2017-09-21,2017-09-25,558.5242,541.7685,1.46,2.77,3.83,-0.03,-0.033,stopped_out,True,4,2,937562.5,-30939.56,2017
IPCALAB,2017-09-21,2017-09-22,279.2329,270.8559,1.15,5.28,16.23,-0.03,-0.033,stopped_out,True,1,1,750050.0,-24751.65,2017
ITI,2017-09-22,2017-09-25,139.5197,135.3341,5.45,7.03,9.8,-0.03,-0.033,stopped_out,True,3,1,1052521.49,-34733.21,2017
DCAL,2017-09-25,2017-09-26,329.6979,319.4843,5.03,10.06,2.45,-0.030979,-0.033979,stopped_out_gap,False,1,1,1446423.19,-49148.01,2017
CHOLAHLDNG,2017-09-25,2017-09-26,584.3816,566.8501,6.15,20.0,2.53,-0.03,-0.033,stopped_out,True,1,1,1157138.55,-38185.57,2017
CHOLAHLDNG,2017-09-25,2017-09-26,584.3816,566.8501,8.46,20.0,2.53,-0.03,-0.033,stopped_out,True,1,1,925710.84,-30548.46,2017
SCI,2017-09-25,2017-09-26,90.5746,87.8574,4.39,3.52,12.2,-0.03,-0.033,stopped_out,True,1,1,740568.67,-24438.77,2017
UBL,2017-09-25,2017-09-27,834.8635,809.8176,1.71,3.49,5.93,-0.03,-0.033,stopped_out,True,2,2,592454.94,-19551.01,2017
ONGC,2017-09-26,2017-10-11,105.5247,104.0354,2.54,1.95,3.19,-0.014113,-0.017113,time_exit,False,15,10,831659.55,-14232.19,2017
OIL,2017-09-26,2017-09-28,98.3535,95.4028,3.25,1.77,4.6,-0.03,-0.033,stopped_out,True,2,2,665327.64,-21955.81,2017
DEEPAKNTR,2017-09-26,2017-09-27,181.6976,190.7825,2.96,2.97,7.85,0.05,0.047,take_profit,False,1,1,1039574.43,48860.0,2017
JWL,2017-09-26,2017-09-27,11.7705,11.4174,6.19,1.88,2.6,-0.03,-0.033,stopped_out,True,1,1,1299468.04,-42882.45,2017
SUBROS,2017-09-28,2017-10-10,233.519,245.195,3.61,2.85,4.24,0.05,0.047,take_profit,False,12,7,1244521.26,58492.5,2017
AKZOINDIA,2017-09-28,2017-09-29,1495.8176,1570.6085,1.07,2.66,4.52,0.05,0.047,take_profit,False,1,1,995617.01,46794.0,2017
PATANJALI,2017-09-28,2017-09-29,814.8091,790.3648,3.01,2.77,11.88,-0.03,-0.033,stopped_out,True,1,1,796493.61,-26284.29,2017
ASHOKLEY,2017-09-28,2017-09-29,49.9747,52.4735,3.04,1.79,2.68,0.05,0.047,take_profit,False,1,1,637194.89,29948.16,2017
RADICO,2017-09-29,2017-10-04,163.1017,171.2568,2.82,4.69,5.11,0.05,0.047,take_profit,False,5,2,1005708.59,47268.3,2017
NAVINFLUOR,2017-09-29,2017-10-05,662.5422,695.6693,2.15,2.87,4.04,0.05,0.047,take_profit,False,6,3,804566.87,37814.64,2017
RKFORGE,2017-09-29,2017-10-03,117.085,122.9392,2.04,1.68,4.15,0.05,0.047,take_profit,False,4,1,643653.49,30251.71,2017
GODREJCP,2017-10-03,2017-10-17,592.2354,601.1644,0.78,2.09,3.22,0.015077,0.012077,time_exit,False,14,10,649703.84,7846.47,2017
PCJEWELLER,2017-10-04,2017-10-09,36.6464,39.2371,4.49,2.91,3.82,0.070697,0.067697,take_profit_gap,False,5,3,730358.45,49443.08,2017
SUNFLAG,2017-10-05,2017-10-11,78.4592,76.1054,2.72,2.16,8.6,-0.03,-0.033,stopped_out,True,6,4,752763.06,-24841.18,2017
SOBHA,2017-10-09,2017-10-10,427.2206,414.404,8.21,11.42,11.92,-0.03,-0.033,stopped_out,True,1,1,758170.75,-25019.63,2017
DMART,2017-10-10,2017-10-12,1185.2423,1244.5045,5.33,2.57,5.36,0.05,0.047,take_profit,False,2,2,1013769.58,47647.17,2017
GNFC,2017-10-10,2017-10-11,332.1938,322.228,0.6,3.43,5.29,-0.03,-0.033,stopped_out,True,1,1,811015.66,-26763.52,2017
HIKAL,2017-10-11,2017-10-12,147.686,155.0703,1.5,4.49,2.85,0.05,0.047,take_profit,False,1,1,1114732.81,52392.44,2017
PETRONET,2017-10-11,2017-10-13,181.1544,175.7198,1.49,2.29,3.57,-0.03,-0.033,stopped_out,True,2,2,891786.25,-29428.95,2017
FINCABLES,2017-10-11,2017-10-18,533.4601,560.1331,1.63,9.31,2.06,0.05,0.047,take_profit,False,7,5,713429.0,33531.16,2017
FACT,2017-10-12,2017-10-16,42.182,44.2911,3.97,2.46,1.93,0.05,0.047,take_profit,False,4,2,1016451.6,47773.23,2017
SHILPAMED,2017-10-12,2017-10-16,342.4388,332.1656,1.83,2.96,5.52,-0.03,-0.033,stopped_out,True,4,2,813161.28,-26834.32,2017
ELECTCAST,2017-10-13,2017-10-16,26.385,27.7042,11.55,6.57,12.62,0.05,0.047,take_profit,False,3,1,823000.48,38681.02,2017
FEDERALBNK,2017-10-16,2017-10-25,116.4488,112.9553,5.37,5.07,5.99,-0.03,-0.033,stopped_out,True,9,6,960677.63,-31702.36,2017
V2RETAIL,2017-10-16,2017-10-17,476.7883,500.6277,1.89,2.36,5.55,0.05,0.047,take_profit,False,1,1,768542.11,36121.48,2017
BHARTIARTL,2017-10-16,2017-10-19,389.6713,409.1549,6.36,2.85,4.88,0.05,0.047,take_profit,False,3,3,1200847.04,56439.81,2017
IDEA,2017-10-17,2017-10-18,54.2943,52.6655,3.61,3.65,7.27,-0.03,-0.033,stopped_out,True,1,1,725821.17,-23952.1,2017
NAVA,2017-10-17,2017-10-24,56.9877,59.837,0.68,2.22,3.94,0.05,0.047,take_profit,False,7,4,907276.46,42641.99,2017
POWERGRID,2017-10-18,2017-11-02,78.1931,78.7184,1.24,1.65,3.56,0.006719,0.003719,time_exit,False,15,10,870422.78,3237.1,2017
AURIONPRO,2017-10-18,2017-10-23,58.1116,61.0275,3.32,2.25,9.43,0.050178,0.047178,take_profit_gap,False,5,2,696338.23,32851.84,2017
MOIL,2017-10-19,2017-10-23,189.631,199.1126,6.07,3.06,5.76,0.05,0.047,take_profit,False,4,1,808527.95,38000.81,2017
TORNTPOWER,2017-10-23,2017-11-01,215.5176,226.2935,0.75,3.24,6.18,0.05,0.047,take_profit,False,9,7,961966.13,45212.41,2017
CROMPTON,2017-10-23,2017-10-25,208.1939,201.9481,0.62,2.15,2.85,-0.03,-0.033,stopped_out,True,2,2,769572.9,-25395.91,2017
BANKBARODA,2017-10-24,2017-10-25,126.9682,139.5121,12.96,1.57,3.28,0.098796,0.095796,take_profit_gap,False,1,1,805642.01,77177.28,2017
CASTROLIND,2017-10-25,2017-10-26,135.4833,142.2575,2.01,2.59,2.58,0.05,0.047,take_profit,False,1,1,1155707.92,54318.27,2017
SAIL,2017-10-25,2017-10-26,56.0115,58.8121,1.3,4.04,7.98,0.05,0.047,take_profit,False,1,1,924566.34,43454.62,2017
INDIANB,2017-10-25,2017-10-26,281.408,272.9658,8.42,9.1,13.61,-0.03,-0.033,stopped_out,True,1,1,739653.07,-24408.55,2017
ZENTEC,2017-10-26,2017-10-30,69.8222,73.3133,1.9,1.54,5.11,0.05,0.047,take_profit,False,4,2,936304.63,44006.32,2017
RTNINDIA,2017-10-26,2017-10-27,8.6043,9.3953,13.95,4.17,19.44,0.091931,0.088931,take_profit_gap,False,1,1,749043.71,66613.21,2017
MMTC,2017-10-26,2017-10-27,40.356,42.3738,0.65,1.67,1.73,0.05,0.047,take_profit,False,1,1,1170380.79,55007.9,2017
UBL,2017-10-27,2017-10-30,960.1635,1008.1717,3.56,4.82,4.85,0.05,0.047,take_profit,False,3,1,1007444.09,47349.87,2017
TEXRAIL,2017-10-27,2017-10-30,98.6292,103.5607,5.01,2.59,4.98,0.05,0.047,take_profit,False,3,1,805955.27,37879.9,2017
MAHSEAMLES,2017-10-30,2017-11-07,225.0929,218.3401,2.14,2.19,4.86,-0.03,-0.033,stopped_out,True,8,6,1220552.23,-40278.22,2017
VOLTAS,2017-10-30,2017-11-02,535.228,519.1712,1.45,1.74,2.9,-0.03,-0.033,stopped_out,True,3,3,976441.78,-32222.58,2017
AURIONPRO,2017-10-30,2017-11-01,69.4564,66.011,1.51,3.69,4.38,-0.049604,-0.052604,stopped_out_gap,False,2,2,781153.43,-41091.79,2017
GODREJCP,2017-11-01,2017-11-13,600.7725,582.7494,0.75,4.77,2.6,-0.03,-0.033,stopped_out,True,12,8,974370.78,-32154.24,2017
GODREJCP,2017-11-01,2017-11-13,600.7725,582.7494,1.52,4.77,2.6,-0.03,-0.033,stopped_out,True,12,8,779496.62,-25723.39,2017
JBMA,2017-11-02,2017-11-07,107.3387,104.1185,1.8,2.18,4.33,-0.03,-0.033,stopped_out,True,5,3,987173.11,-32576.71,2017
ASHOKA,2017-11-02,2017-11-06,155.2345,150.5775,3.96,2.55,8.1,-0.03,-0.033,stopped_out,True,4,2,789738.49,-26061.37,2017
PCBL,2017-11-06,2017-11-07,77.1831,81.0422,9.97,4.42,9.84,0.05,0.047,take_profit,False,1,1,784526.22,36872.73,2017
TECHM,2017-11-07,2017-11-09,356.2564,374.0693,1.62,2.08,1.84,0.05,0.047,take_profit,False,2,2,975099.88,45829.69,2017
NBCC,2017-11-07,2017-11-08,87.4939,84.869,2.47,4.44,6.17,-0.03,-0.033,stopped_out,True,1,1,780079.9,-25742.64,2017
NBCC,2017-11-07,2017-11-08,87.4939,84.869,1.38,4.44,6.17,-0.03,-0.033,stopped_out,True,1,1,1218874.85,-40222.87,2017
LTIM,2017-11-08,2017-11-09,783.2843,822.4485,4.45,9.09,5.76,0.05,0.047,take_profit,False,1,1,1010661.77,47501.1,2017
LTTS,2017-11-08,2017-11-10,795.3902,835.1597,1.64,5.45,4.99,0.05,0.047,take_profit,False,2,2,808529.42,38000.88,2017
PIDILITIND,2017-11-09,2017-11-21,391.0411,410.5932,4.31,3.65,3.01,0.05,0.047,take_profit,False,12,8,1062642.02,49944.17,2017
PIDILITIND,2017-11-09,2017-11-21,391.0411,410.5932,1.3,3.65,3.01,0.05,0.047,take_profit,False,12,8,850113.62,39955.34,2017
TIPSMUSIC,2017-11-10,2017-11-13,10.9521,11.4997,6.25,5.94,2.54,0.05,0.047,take_profit,False,3,1,849396.95,39921.66,2017
JINDALSTEL,2017-11-13,2017-11-15,169.3919,164.3101,1.02,2.62,4.06,-0.03,-0.033,stopped_out,True,2,2,1196579.24,-39487.11,2017
MINDACORP,2017-11-13,2017-11-14,149.9215,157.4176,6.57,3.93,3.53,0.05,0.047,take_profit,False,1,1,957263.39,44991.38,2017
BALKRISIND,2017-11-13,2017-11-15,947.7725,995.1611,2.96,3.07,5.37,0.05,0.047,take_profit,False,2,2,765810.71,35993.1,2017
UNOMINDA,2017-11-14,2017-11-20,168.1755,176.5843,1.93,2.35,3.79,0.05,0.047,take_profit,False,6,4,813099.52,38215.68,2017
ZENTEC,2017-11-15,2017-11-16,94.7376,99.4745,8.58,4.86,12.51,0.05,0.047,take_profit,False,1,1,833807.05,39188.93,2017
RELIGARE,2017-11-15,2017-11-16,46.2231,50.7746,10.61,2.07,3.59,0.098468,0.095468,take_profit_gap,False,1,1,1042258.81,99502.36,2017
TITAGARH,2017-11-16,2017-11-17,149.2976,156.7625,0.73,1.72,6.52,0.05,0.047,take_profit,False,1,1,855997.65,40231.89,2017
INFY,2017-11-16,2017-11-20,397.303,385.384,1.18,1.68,3.85,-0.03,-0.033,stopped_out,True,4,2,1069997.07,-35309.9,2017
RENUKA,2017-11-17,2017-11-21,17.5588,17.032,6.27,5.04,11.78,-0.03,-0.033,stopped_out,True,4,2,864044.03,-28513.45,2017
PRICOLLTD,2017-11-20,2017-11-21,94.0461,91.2247,1.67,2.2,8.79,-0.03,-0.033,stopped_out,True,1,1,1068435.7,-35258.38,2017
QUESS,2017-11-20,2017-11-21,779.6921,826.4471,6.6,3.36,5.77,0.059966,0.056966,take_profit_gap,False,1,1,854748.56,48691.61,2017
DATAMATICS,2017-11-21,2017-11-22,123.5427,119.8364,3.1,4.8,8.51,-0.03,-0.033,stopped_out,True,1,1,1638759.49,-54079.06,2017
TITAN,2017-11-21,2017-12-05,793.1935,769.3977,2.05,1.53,3.35,-0.03,-0.033,stopped_out,True,14,10,1311007.59,-43263.25,2017
WHIRLPOOL,2017-11-21,2017-11-24,1415.9763,1486.7751,2.87,6.26,2.79,0.05,0.047,take_profit,False,3,3,1048806.07,49293.89,2017
APOLLOHOSP,2017-11-21,2017-11-28,1081.0246,1135.0758,4.22,3.47,3.67,0.05,0.047,take_profit,False,7,5,839044.86,39435.11,2017
JISLJALEQS,2017-11-21,2017-11-30,107.9256,113.3218,1.53,2.01,4.09,0.05,0.047,take_profit,False,9,7,671235.89,31548.09,2017
VIPIND,2017-11-22,2017-11-23,333.5658,350.2441,7.43,3.22,10.9,0.05,0.047,take_profit,False,1,1,853924.8,40134.47,2017
INDIAGLYCO,2017-11-23,2017-11-24,197.5907,207.4702,4.73,1.94,8.11,0.05,0.047,take_profit,False,1,1,861951.69,40511.73,2017
GMRAIRPORT,2017-11-24,2017-11-27,16.8107,17.6513,5.63,1.85,10.03,0.05,0.047,take_profit,False,3,1,871739.22,40971.74,2017
ANANTRAJ,2017-11-24,2017-11-29,24.6518,25.8844,1.64,1.67,4.54,0.05,0.047,take_profit,False,5,3,1089674.03,51214.68,2017
AURIONPRO,2017-11-27,2017-11-29,75.9735,73.6943,2.97,5.95,7.33,-0.03,-0.033,stopped_out,True,2,2,879933.57,-29037.81,2017
BIOCON,2017-11-28,2017-12-04,213.207,242.4955,2.11,1.84,3.37,0.137372,0.134372,take_profit_gap,False,6,4,879642.85,118199.37,2017
DIXON,2017-11-29,2017-12-01,686.3939,720.7136,1.04,1.51,2.58,0.05,0.047,take_profit,False,2,2,1102071.17,51797.35,2017
SOUTHBANK,2017-11-29,2017-12-01,30.5399,29.6237,2.74,2.43,3.3,-0.03,-0.033,stopped_out,True,2,2,881656.94,-29094.68,2017
APLAPOLLO,2017-11-30,2017-12-04,191.5092,185.7639,2.11,3.81,2.05,-0.03,-0.033,stopped_out,True,4,2,845882.35,-27914.12,2017
ADVENZYMES,2017-12-01,2017-12-04,271.8551,263.6994,0.66,6.97,3.89,-0.03,-0.033,stopped_out,True,3,1,1077992.03,-35573.74,2017
CUB,2017-12-01,2017-12-06,149.4618,157.0565,1.52,2.75,2.14,0.050814,0.047814,take_profit_gap,False,5,3,862393.63,41234.49,2017
BIOCON,2017-12-04,2017-12-18,253.0013,254.3258,10.73,7.13,4.23,0.005235,0.002235,time_exit,False,14,10,1261560.65,2819.59,2017
BIOCON,2017-12-04,2017-12-18,253.0013,254.3258,10.25,7.13,4.23,0.005235,0.002235,time_exit,False,14,10,1009248.52,2255.67,2017
PHOENIXLTD,2017-12-05,2017-12-15,271.0252,284.5765,0.54,5.09,3.99,0.05,0.047,take_profit,False,10,8,1060947.68,49864.54,2017
ALKEM,2017-12-05,2017-12-08,1952.3216,2049.9377,0.74,3.68,4.23,0.05,0.047,take_profit,False,3,3,848758.15,39891.63,2017
BSOFT,2017-12-06,2017-12-11,88.6978,93.1327,2.41,2.06,3.82,0.05,0.047,take_profit,False,5,3,859732.14,40407.41,2017
SUNTV,2017-12-08,2017-12-18,716.741,752.5781,3.66,1.76,4.91,0.05,0.047,take_profit,False,10,6,865515.67,40679.24,2017
AUBANK,2017-12-11,2017-12-14,354.1527,343.5281,2.95,2.13,2.58,-0.03,-0.033,stopped_out,True,3,3,872440.44,-28790.53,2017
WELENT,2017-12-14,2017-12-15,131.6494,138.2319,0.98,2.67,3.86,0.05,0.047,take_profit,False,1,1,866682.34,40734.07,2017
SUNDRMFAST,2017-12-15,2017-12-18,504.04,488.9188,1.03,5.7,5.57,-0.03,-0.033,stopped_out,True,3,1,1096991.6,-36200.72,2017
GHCL,2017-12-15,2017-12-18,254.3842,246.7527,1.26,1.65,1.93,-0.03,-0.033,stopped_out,True,3,1,877593.28,-28960.58,2017
DCBBANK,2017-12-18,2018-01-02,185.5601,184.0919,1.44,2.51,3.69,-0.007912,-0.010912,time_exit,False,15,10,1720375.2,-18772.73,2018
OPTIEMUS,2017-12-18,2017-12-20,110.8279,120.0511,5.16,2.89,4.21,0.083221,0.080221,take_profit_gap,False,2,2,1376300.16,110408.18,2017
INDIANB,2017-12-18,2017-12-28,335.0321,324.9811,1.1,1.52,2.42,-0.03,-0.033,stopped_out,True,10,7,1101040.13,-36334.32,2017
JINDALSTEL,2017-12-18,2017-12-20,173.5847,182.264,4.77,2.17,8.14,0.05,0.047,take_profit,False,2,2,880832.1,41399.11,2017
DIXON,2017-12-18,2017-12-20,697.0854,731.9396,6.03,1.64,9.93,0.05,0.047,take_profit,False,2,2,704665.68,33119.29,2017
UNOMINDA,2017-12-20,2018-01-02,210.956,204.6273,3.74,1.56,4.03,-0.03,-0.033,stopped_out,True,13,8,763569.57,-25197.8,2018
NIACL,2017-12-20,2017-12-28,289.3775,280.6962,0.83,1.93,2.52,-0.03,-0.033,stopped_out,True,8,5,954461.96,-31497.24,2017
UNOMINDA,2017-12-20,2018-01-02,210.956,204.6273,3.16,1.56,4.03,-0.03,-0.033,stopped_out,True,13,8,1193077.45,-39371.56,2018
OIL,2017-12-28,2018-01-11,105.8422,107.7614,1.98,4.09,4.0,0.018133,0.015133,time_exit,False,14,10,1008389.76,15259.96,2018
IFCI,2017-12-28,2017-12-29,28.8144,30.2551,0.52,1.77,3.04,0.05,0.047,take_profit,False,1,1,806711.81,37915.45,2017
WHIRLPOOL,2017-12-29,2018-01-04,1557.1536,1510.4389,4.02,1.8,3.54,-0.03,-0.033,stopped_out,True,6,4,814294.9,-26871.73,2018
NMDC,2018-01-02,2018-01-05,21.8442,22.9364,2.76,4.89,5.02,0.05,0.047,take_profit,False,3,3,1370171.94,64398.08,2018
REDINGTON,2018-01-02,2018-01-16,70.8402,74.3822,0.67,2.73,3.11,0.05,0.047,take_profit,False,14,10,1096137.56,51518.47,2018
ADVENZYMES,2018-01-02,2018-01-03,290.057,281.3553,5.53,11.84,11.03,-0.03,-0.033,stopped_out,True,1,1,876910.04,-28938.03,2018
BSOFT,2018-01-03,2018-01-11,108.9386,114.3856,1.89,2.05,3.87,0.05,0.047,take_profit,False,8,6,871122.44,40942.75,2018
ACE,2018-01-04,2018-01-05,150.0185,157.5194,6.58,3.08,8.85,0.05,0.047,take_profit,False,1,1,854382.58,40155.98,2018
FEDERALBNK,2018-01-05,2018-01-16,104.5986,101.4607,3.35,1.76,2.51,-0.03,-0.033,stopped_out,True,11,7,1149327.79,-37927.82,2018
SUBROS,2018-01-05,2018-01-08,368.7758,357.7125,3.7,5.1,18.33,-0.03,-0.033,stopped_out,True,3,1,919462.23,-30342.25,2018
INDIAGLYCO,2018-01-08,2018-01-09,250.1969,242.691,2.62,3.1,7.82,-0.03,-0.033,stopped_out,True,1,1,913393.78,-30141.99,2018
GODREJPROP,2018-01-09,2018-01-10,791.9458,831.5431,1.48,4.8,7.11,0.05,0.047,take_profit,False,1,1,907365.38,42646.17,2018
CONCOR,2018-01-10,2018-01-11,533.2128,517.2164,2.17,6.04,7.36,-0.03,-0.033,stopped_out,True,1,1,915894.61,-30224.52,2018
IDFCFIRSTB,2018-01-11,2018-01-12,66.9692,64.9601,2.33,4.66,8.64,-0.03,-0.033,stopped_out,True,1,1,1296992.69,-42800.76,2018
COCHINSHIP,2018-01-11,2018-01-17,216.4037,209.9116,1.85,5.32,3.31,-0.03,-0.033,stopped_out,True,6,4,1037594.15,-34240.61,2018
OPTIEMUS,2018-01-11,2018-01-15,252.3198,276.0481,8.49,2.8,2.71,0.09404,0.09104,take_profit_gap,False,4,2,830075.32,75570.06,2018
USHAMART,2018-01-12,2018-01-15,29.3351,28.4551,8.85,7.68,19.14,-0.03,-0.033,stopped_out,True,3,1,914898.64,-30191.66,2018
PCJEWELLER,2018-01-15,2018-01-17,58.0992,56.3563,3.41,2.4,4.9,-0.03,-0.033,stopped_out,True,2,2,1089989.39,-35969.65,2018
GHCL,2018-01-15,2018-01-17,274.6856,266.4451,1.3,2.98,4.49,-0.03,-0.033,stopped_out,True,2,2,871991.51,-28775.72,2018
HCLTECH,2018-01-16,2018-01-23,375.4355,394.2073,1.29,3.33,3.85,0.05,0.047,take_profit,False,7,5,1149404.41,54022.01,2018
TCS,2018-01-16,2018-01-22,1168.436,1226.8578,1.9,2.06,3.44,0.05,0.047,take_profit,False,6,4,919523.53,43217.61,2018
ICICIGI,2018-01-17,2018-01-19,808.7912,784.5274,1.87,4.42,4.27,-0.03,-0.033,stopped_out,True,2,2,1052589.31,-34735.45,2018
RADICO,2018-01-17,2018-01-18,334.471,351.1946,0.8,3.09,8.9,0.05,0.047,take_profit,False,1,1,842071.45,39577.36,2018
AXISBANK,2018-01-17,2018-01-22,582.3349,611.4517,2.0,1.73,3.75,0.05,0.047,take_profit,False,5,3,1315736.64,61839.62,2018
SAMMAANCAP,2018-01-18,2018-01-19,911.8642,957.4574,2.44,3.55,1.78,0.05,0.047,take_profit,False,1,1,849986.92,39949.39,2018
SUNTECK,2018-01-19,2018-01-24,407.4131,395.1907,0.9,17.06,2.76,-0.03,-0.033,stopped_out,True,5,3,849238.05,-28024.86,2018
JUBLFOOD,2018-01-19,2018-01-22,205.403,215.6732,1.1,5.79,7.35,0.05,0.047,take_profit,False,3,1,1061547.57,49892.74,2018
TATAELXSI,2018-01-22,2018-01-31,988.7907,959.1269,1.77,1.54,3.74,-0.03,-0.033,stopped_out,True,9,6,876634.87,-28928.95,2018
TCS,2018-01-22,2018-02-06,1280.3018,1235.3536,3.69,1.91,5.25,-0.035107,-0.038107,stopped_out_gap,False,15,10,1369741.98,-52196.76,2018
DCAL,2018-01-22,2018-01-24,384.5143,372.9789,3.9,3.82,2.89,-0.03,-0.033,stopped_out,True,2,2,1095793.59,-36161.19,2018
GHCL,2018-01-23,2018-01-29,285.7405,277.1683,3.02,2.63,6.09,-0.03,-0.033,stopped_out,True,6,3,941993.18,-31085.77,2018
STLTECH,2018-01-24,2018-01-25,384.2013,372.6752,2.3,1.58,4.77,-0.03,-0.033,stopped_out,True,1,1,1129763.66,-37282.2,2018
PURVA,2018-01-24,2018-01-25,147.0935,142.6807,2.03,3.46,9.04,-0.03,-0.033,stopped_out,True,1,1,903810.93,-29825.76,2018
LT,2018-01-25,2018-02-05,1257.2983,1219.5793,0.58,2.19,1.76,-0.03,-0.033,stopped_out,True,11,6,1116342.07,-36839.29,2018
LTTS,2018-01-25,2018-01-30,1221.2028,1184.5667,6.82,6.2,7.64,-0.03,-0.033,stopped_out,True,5,2,893073.66,-29471.43,2018
MPHASIS,2018-01-29,2018-02-02,722.7354,701.0533,2.38,4.13,5.92,-0.03,-0.033,stopped_out,True,4,4,896640.4,-29589.13,2018
IOC,2018-01-30,2018-02-05,78.5344,76.1784,1.1,5.34,2.82,-0.03,-0.033,stopped_out,True,6,4,890032.77,-29371.08,2018
IIFL,2018-01-31,2018-02-01,365.3189,383.5849,3.43,1.8,3.32,0.05,0.047,take_profit,False,1,1,881567.4,41433.67,2018
NH,2018-02-01,2018-02-06,288.1264,279.0447,1.06,9.02,2.79,-0.03152,-0.03452,stopped_out_gap,False,5,3,889854.13,-30717.76,2018
JAMNAAUTO,2018-02-06,2018-02-09,70.8722,66.5224,1.99,2.23,12.24,-0.061375,-0.064375,stopped_out_gap,False,3,3,1366930.22,-87996.13,2018
FDC,2018-02-06,2018-02-07,234.6412,246.3732,4.4,1.62,10.5,0.05,0.047,take_profit,False,1,1,1708662.77,80307.15,2018
CENTURYPLY,2018-02-07,2018-02-09,326.8075,314.0829,7.24,5.42,9.19,-0.038936,-0.041936,stopped_out_gap,False,2,2,1451338.16,-60863.32,2018
CHAMBLFERT,2018-02-07,2018-02-08,131.4268,127.484,0.78,2.21,8.93,-0.03,-0.033,stopped_out,True,1,1,1161070.53,-38315.33,2018
ASHOKLEY,2018-02-07,2018-02-22,56.8877,56.5957,3.31,1.78,2.27,-0.005134,-0.008134,time_exit,False,15,10,928856.42,-7555.32,2018
IIFL,2018-02-07,2018-02-09,380.4816,360.7214,3.22,2.08,5.67,-0.051935,-0.054935,stopped_out_gap,False,2,2,743085.14,-40821.38,2018
BSOFT,2018-02-08,2018-02-09,121.308,117.6688,1.25,1.66,3.78,-0.03,-0.033,stopped_out,True,1,1,819019.15,-27027.63,2018
WHIRLPOOL,2018-02-09,2018-02-14,1509.1982,1463.9222,2.66,1.92,7.95,-0.03,-0.033,stopped_out,True,5,2,1487948.16,-49102.29,2018
HFCL,2018-02-09,2018-02-14,30.176,29.2707,5.21,2.11,13.49,-0.03,-0.033,stopped_out,True,5,2,1190358.53,-39281.83,2018
FORTIS,2018-02-09,2018-02-12,147.7435,143.3112,6.39,5.72,18.88,-0.03,-0.033,stopped_out,True,3,1,952286.82,-31425.47,2018
HFCL,2018-02-09,2018-02-14,30.176,29.2707,1.23,2.11,13.49,-0.03,-0.033,stopped_out,True,5,2,761829.46,-25140.37,2018
FSL,2018-02-12,2018-02-14,37.6793,39.5633,5.33,3.06,6.38,0.05,0.047,take_profit,False,2,1,793635.84,37300.88,2018
NCC,2018-02-14,2018-02-15,113.2527,109.8551,1.51,4.18,5.34,-0.03,-0.033,stopped_out,True,1,1,750806.19,-24776.6,2018
KRBL,2018-02-14,2018-02-16,591.1902,573.4545,2.66,3.16,1.99,-0.03,-0.033,stopped_out,True,2,2,938507.74,-30970.76,2018
CANFINHOME,2018-02-14,2018-02-16,489.7056,475.0144,2.7,2.36,4.6,-0.03,-0.033,stopped_out,True,2,2,1173134.68,-38713.44,2018
KEC,2018-02-14,2018-02-16,366.1998,384.5098,4.29,2.93,5.96,0.05,0.047,take_profit,False,2,2,1466418.35,68921.66,2018
EPL,2018-02-16,2018-02-20,123.3914,119.6897,0.73,1.51,1.85,-0.03,-0.033,stopped_out,True,4,2,1461310.52,-48223.25,2018
RELIGARE,2018-02-16,2018-02-20,59.98,64.3678,1.58,3.18,1.61,0.073155,0.070155,take_profit_gap,False,4,2,1169048.41,82014.59,2018
ENDURANCE,2018-02-16,2018-02-19,1241.7078,1204.4566,2.51,2.03,2.69,-0.03,-0.033,stopped_out,True,3,1,935238.73,-30862.88,2018
BBTC,2018-02-19,2018-02-22,1540.3709,1494.1597,3.98,1.81,1.76,-0.03,-0.033,stopped_out,True,3,3,929066.16,-30659.18,2018
ZYDUSWELL,2018-02-20,2018-03-07,245.2788,243.1662,3.18,4.4,6.03,-0.008613,-0.011613,time_exit,False,15,10,1276082.98,-14819.15,2018
IDBI,2018-02-21,2018-02-22,66.564,69.8922,3.27,1.6,4.54,0.05,0.047,take_profit,False,1,1,1020866.38,47980.72,2018
IDBI,2018-02-21,2018-02-22,66.564,69.8922,1.28,1.6,4.54,0.05,0.047,take_profit,False,1,1,816693.11,38384.58,2018
COFORGE,2018-02-22,2018-03-01,149.8101,157.3006,1.59,1.81,2.56,0.05,0.047,take_profit,False,7,5,897331.88,42174.6,2018
PERSISTENT,2018-02-22,2018-02-23,359.9688,377.9672,0.55,1.54,1.91,0.05,0.047,take_profit,False,1,1,717865.5,33739.68,2018
COFORGE,2018-02-22,2018-03-01,149.8101,157.3006,3.21,1.81,2.56,0.05,0.047,take_profit,False,7,5,1402081.06,65897.81,2018
KOTAKBANK,2018-02-22,2018-03-09,213.4903,215.2556,1.09,2.16,1.9,0.008269,0.005269,time_exit,False,15,10,1121664.85,5910.05,2018
SUNPHARMA,2018-02-23,2018-02-27,527.8619,512.026,1.11,3.48,3.57,-0.03,-0.033,stopped_out,True,4,2,724613.44,-23912.24,2018
GAEL,2018-02-27,2018-02-28,64.9045,68.1497,0.99,1.67,5.22,0.05,0.047,take_profit,False,1,1,719830.99,33832.06,2018
VGUARD,2018-02-28,2018-03-05,234.5522,227.5156,0.89,1.67,5.07,-0.03,-0.033,stopped_out,True,5,2,726597.4,-23977.71,2018
FSL,2018-03-01,2018-03-06,42.196,40.9302,1.13,1.89,3.5,-0.03,-0.033,stopped_out,True,5,2,1062774.99,-35071.57,2018
GODREJAGRO,2018-03-01,2018-03-06,590.2905,619.8051,5.48,6.74,8.04,0.05,0.047,take_profit,False,5,2,850219.99,39960.34,2018
BLUESTARCO,2018-03-05,2018-03-19,364.4358,363.4469,2.47,3.33,2.86,-0.002713,-0.005713,time_exit,False,14,10,820699.93,-4688.66,2018
TRENT,2018-03-08,2018-03-12,328.8328,318.9678,4.52,5.07,6.41,-0.03,-0.033,stopped_out,True,4,2,1292389.46,-42648.85,2018
SUNDRMFAST,2018-03-08,2018-03-13,532.8838,559.528,1.06,2.14,2.36,0.05,0.047,take_profit,False,5,3,1033911.57,48593.84,2018
JUBLFOOD,2018-03-09,2018-03-16,202.1649,212.2732,1.96,1.74,2.0,0.05,0.047,take_profit,False,7,5,842115.39,39579.42,2018
OBEROIRLTY,2018-03-09,2018-03-13,510.0893,535.5937,2.6,1.87,4.54,0.05,0.047,take_profit,False,4,2,1052644.23,49474.28,2018
IOC,2018-03-12,2018-03-15,79.3144,75.5468,0.71,2.87,2.86,-0.047502,-0.050502,stopped_out_gap,False,3,3,923640.43,-46645.69,2018
AMBER,2018-03-13,2018-03-19,1178.6468,1143.2874,1.02,2.07,3.83,-0.03,-0.033,stopped_out,True,6,4,940669.7,-31042.1,2018
GPIL,2018-03-13,2018-03-15,118.1266,114.5828,3.76,1.76,5.0,-0.03,-0.033,stopped_out,True,2,2,1175837.13,-38802.63,2018
DIVISLAB,2018-03-15,2018-03-23,1025.8713,995.0952,0.57,2.01,2.51,-0.03,-0.033,stopped_out,True,8,6,1155341.61,-38126.27,2018
SHRIRAMFIN,2018-03-15,2018-03-19,253.0894,245.4967,3.71,2.06,6.61,-0.03,-0.033,stopped_out,True,4,2,924273.29,-30501.02,2018
HEG,2018-03-16,2018-03-19,534.8736,565.9994,4.05,3.45,3.98,0.058193,0.055193,take_profit_gap,False,3,1,915757.59,50543.41,2018
SRF,2018-03-20,2018-03-28,371.6489,390.5836,1.69,1.62,3.09,0.050948,0.047948,take_profit_gap,False,8,6,1449748.5,69512.54,2018
MARICO,2018-03-20,2018-04-05,284.6874,288.683,3.53,2.83,5.47,0.014035,0.011035,time_exit,False,16,10,1159798.8,12798.38,2018
NESTLEIND,2018-03-20,2018-03-28,353.3805,371.0495,0.89,1.8,1.84,0.05,0.047,take_profit,False,8,6,927839.04,43608.43,2018
ASHOKA,2018-03-21,2018-03-23,163.9768,159.0575,3.71,5.33,2.77,-0.03,-0.033,stopped_out,True,2,2,742271.23,-24494.95,2018
BALKRISIND,2018-03-26,2018-03-28,1033.8979,1002.881,0.99,1.77,5.15,-0.03,-0.033,stopped_out,True,2,2,960815.31,-31706.91,2018
MMTC,2018-03-26,2018-03-27,38.5617,37.4048,1.78,1.85,6.49,-0.03,-0.033,stopped_out,True,1,1,768652.25,-25365.52,2018
AUBANK,2018-03-27,2018-04-05,309.3651,324.8333,1.85,3.08,5.54,0.05,0.047,take_profit,False,9,5,763579.14,35888.22,2018
IEX,2018-03-28,2018-04-04,47.9599,46.5211,0.94,2.25,4.66,-0.03,-0.033,stopped_out,True,7,3,828689.09,-27346.74,2018
TECHM,2018-03-28,2018-04-03,483.6153,469.1069,0.7,1.91,2.82,-0.03,-0.033,stopped_out,True,6,2,1035861.36,-34183.42,2018
JYOTHYLAB,2018-03-28,2018-04-02,174.9806,169.7312,1.18,1.93,4.71,-0.03,-0.033,stopped_out,True,5,1,1294826.7,-42729.28,2018
JAMNAAUTO,2018-04-02,2018-04-04,74.4048,78.1251,3.68,2.68,6.65,0.05,0.047,take_profit,False,2,2,913370.75,42928.43,2018
TATACHEM,2018-04-03,2018-04-17,252.6864,260.2168,1.71,3.91,2.55,0.029801,0.026801,time_exit,False,14,10,931032.19,24952.59,2018
NATIONALUM,2018-04-04,2018-04-11,44.6063,47.0409,3.28,1.69,1.59,0.05458,0.05158,take_profit_gap,False,7,5,1096354.06,56549.94,2018
EICHERMOT,2018-04-04,2018-04-11,2707.3774,2842.7463,2.99,2.21,1.53,0.05,0.047,take_profit,False,7,5,877083.25,41222.91,2018
PRAJIND,2018-04-05,2018-04-06,81.0943,78.6615,1.05,2.3,4.85,-0.03,-0.033,stopped_out,True,1,1,1096079.51,-36170.62,2018
DCAL,2018-04-05,2018-04-09,339.5918,329.4041,4.13,2.22,7.77,-0.03,-0.033,stopped_out,True,4,2,876863.61,-28936.5,2018
JUBLFOOD,2018-04-06,2018-04-20,238.4757,239.7568,3.81,1.58,4.08,0.005372,0.002372,time_exit,False,14,10,913472.66,2166.76,2018
BPCL,2018-04-09,2018-04-11,133.921,129.9034,0.89,1.67,2.84,-0.03,-0.033,stopped_out,True,2,2,900363.55,-29712.0,2018
TATAINVEST,2018-04-11,2018-04-23,69.6413,73.1234,0.69,2.15,3.08,0.05,0.047,take_profit,False,12,8,1308663.18,61507.17,2018
IRB,2018-04-11,2018-04-12,25.9416,25.1634,1.33,6.12,9.18,-0.03,-0.033,stopped_out,True,1,1,837544.44,-27638.97,2018
SPARC,2018-04-11,2018-04-12,428.8143,415.9499,1.78,5.51,7.36,-0.03,-0.033,stopped_out,True,1,1,1046930.55,-34548.71,2018
TATAELXSI,2018-04-12,2018-04-20,980.6789,1029.7129,2.21,2.63,2.63,0.05,0.047,take_profit,False,8,6,827594.41,38896.94,2018
ZENSARTECH,2018-04-12,2018-04-23,179.54,188.517,2.98,4.55,5.12,0.05,0.047,take_profit,False,11,7,1034493.01,48621.17,2018
NAVA,2018-04-17,2018-04-19,63.1829,61.2874,1.79,1.78,1.77,-0.03,-0.033,stopped_out,True,2,2,853272.48,-28157.99,2018
NATIONALUM,2018-04-19,2018-04-20,55.5192,53.8537,1.38,4.95,3.99,-0.03,-0.033,stopped_out,True,1,1,847640.89,-27972.15,2018
MFSL,2018-04-20,2018-04-23,478.8893,502.8338,1.98,5.04,6.6,0.05,0.047,take_profit,False,3,1,1198472.61,56328.21,2018
HCLTECH,2018-04-20,2018-05-02,421.0016,408.3715,3.15,2.58,4.15,-0.03,-0.033,stopped_out,True,12,7,958778.09,-31639.68,2018
SONATSOFTW,2018-04-20,2018-04-24,103.3815,108.5506,1.73,1.81,3.87,0.05,0.047,take_profit,False,4,2,767022.47,36050.06,2018
SPARC,2018-04-23,2018-05-02,423.5116,410.8063,0.51,1.79,2.92,-0.03,-0.033,stopped_out,True,9,6,1355235.05,-44722.76,2018
MINDACORP,2018-04-23,2018-04-24,194.5465,188.7101,7.5,14.17,13.74,-0.03,-0.033,stopped_out,True,1,1,1084188.04,-35778.21,2018
SURYAROSNI,2018-04-23,2018-04-25,99.3499,96.3694,1.04,3.77,4.39,-0.03,-0.033,stopped_out,True,2,2,867350.43,-28622.56,2018
ZYDUSWELL,2018-04-24,2018-04-26,253.4765,245.8722,2.88,4.4,6.79,-0.03,-0.033,stopped_out,True,2,2,1064176.82,-35117.83,2018
ZENSARTECH,2018-04-24,2018-04-25,204.7047,198.5635,0.75,5.44,6.71,-0.03,-0.033,stopped_out,True,1,1,851341.45,-28094.27,2018
SYNGENE,2018-04-25,2018-04-26,336.2671,326.1791,0.8,4.67,3.22,-0.03,-0.033,stopped_out,True,1,1,810774.54,-26755.56,2018
GRAVITA,2018-04-25,2018-04-27,173.9816,182.6807,2.72,3.87,6.54,0.05,0.047,take_profit,False,2,2,1013468.17,47633.0,2018
NESTLEIND,2018-04-26,2018-05-11,407.527,427.9033,1.08,1.93,2.76,0.05,0.047,take_profit,False,15,10,1011235.22,47528.06,2018
KARURVYSYA,2018-04-26,2018-05-10,72.4356,70.2625,1.85,2.92,2.29,-0.03,-0.033,stopped_out,True,14,9,808988.18,-26696.61,2018
JMFINANCIL,2018-04-27,2018-04-30,123.4507,129.6233,1.49,1.68,4.74,0.05,0.047,take_profit,False,3,1,859410.78,40392.31,2018
AMBER,2018-04-30,2018-05-08,1135.8539,1192.6466,2.34,2.59,6.37,0.05,0.047,take_profit,False,8,5,867489.24,40771.99,2018
SCHNEIDER,2018-05-02,2018-05-03,126.113,122.3296,5.24,14.13,1.57,-0.03,-0.033,stopped_out,True,1,1,1141521.53,-37670.21,2018
SCHNEIDER,2018-05-02,2018-05-03,126.113,122.3296,5.81,14.13,1.57,-0.03,-0.033,stopped_out,True,1,1,913217.22,-30136.17,2018
GREAVESCOT,2018-05-03,2018-05-07,119.6209,125.6019,2.49,3.99,2.96,0.05,0.047,take_profit,False,4,2,1127960.26,53014.13,2018
CONCOR,2018-05-03,2018-05-17,493.7274,505.0462,0.99,3.74,2.45,0.022925,0.019925,time_exit,False,14,10,902368.2,17979.69,2018
ASTERDM,2018-05-07,2018-05-08,135.6597,142.4426,1.12,2.76,2.73,0.05,0.047,take_profit,False,1,1,958089.44,45030.2,2018
INDIANB,2018-05-08,2018-05-10,293.1907,284.395,1.03,3.69,5.22,-0.03,-0.033,stopped_out,True,2,2,918998.18,-30326.94,2018
POWERGRID,2018-05-08,2018-05-10,78.8887,76.5221,0.5,2.29,1.55,-0.03,-0.033,stopped_out,True,2,2,1148747.73,-37908.68,2018
SAREGAMA,2018-05-10,2018-05-14,70.9508,75.1057,0.77,4.68,2.93,0.05856,0.05556,take_profit_gap,False,4,2,826597.71,45925.77,2018
PNCINFRA,2018-05-10,2018-05-18,170.2171,165.1106,2.03,2.16,1.91,-0.03,-0.033,stopped_out,True,8,6,1291558.92,-42621.44,2018
PNCINFRA,2018-05-10,2018-05-18,170.2171,165.1106,0.69,2.16,1.91,-0.03,-0.033,stopped_out,True,8,6,1033247.13,-34097.16,2018
BERGEPAINT,2018-05-11,2018-05-18,221.8107,215.1564,0.69,5.3,1.89,-0.03,-0.033,stopped_out,True,7,5,873030.82,-28810.02,2018
SUNTV,2018-05-14,2018-05-21,769.7872,746.6936,6.78,6.45,6.44,-0.03,-0.033,stopped_out,True,7,5,872929.35,-28806.67,2018
GRAPHITE,2018-05-17,2018-05-18,654.6312,634.9922,1.31,3.09,5.29,-0.03,-0.033,stopped_out,True,1,1,882413.06,-29119.63,2018
RHIM,2018-05-18,2018-05-28,169.758,178.2459,3.83,11.35,7.29,0.05,0.047,take_profit,False,10,6,1495050.79,70267.39,2018
INTELLECT,2018-05-18,2018-05-21,214.0353,207.6142,0.54,2.33,1.68,-0.03,-0.033,stopped_out,True,3,1,1196040.63,-39469.34,2018
RHIM,2018-05-18,2018-05-28,169.758,178.2459,7.21,11.35,7.29,0.05,0.047,take_profit,False,10,6,956832.5,44971.13,2018
SBIN,2018-05-22,2018-05-23,234.3949,246.1146,3.37,3.67,4.21,0.05,0.047,take_profit,False,1,1,1165604.8,54783.43,2018
UNOMINDA,2018-05-22,2018-05-23,182.7287,191.8651,1.07,2.18,3.05,0.05,0.047,take_profit,False,1,1,932483.84,43826.74,2018
HAVELLS,2018-05-22,2018-05-24,520.6117,504.9933,2.0,1.62,5.09,-0.03,-0.033,stopped_out,True,2,2,745987.07,-24617.57,2018
KEI,2018-05-23,2018-06-04,472.1813,458.0158,1.66,3.63,4.87,-0.03,-0.033,stopped_out,True,12,8,1036129.42,-34192.27,2018
UNOMINDA,2018-05-23,2018-05-24,208.6204,219.0514,8.93,11.29,9.71,0.05,0.047,take_profit,False,1,1,828903.53,38958.47,2018
VBL,2018-05-24,2018-05-29,42.3187,44.4346,1.73,1.83,2.05,0.05,0.047,take_profit,False,5,3,784775.3,36884.44,2018
BSOFT,2018-05-24,2018-06-01,148.5701,155.9987,2.51,3.55,2.98,0.05,0.047,take_profit,False,8,6,980969.13,46105.55,2018
LUPIN,2018-05-28,2018-06-04,747.8825,725.446,2.76,1.63,4.68,-0.03,-0.033,stopped_out,True,7,5,1141244.6,-37661.07,2018
M&MFIN,2018-05-28,2018-05-29,273.5109,265.3056,1.73,1.87,4.9,-0.03,-0.033,stopped_out,True,1,1,912995.68,-30128.86,2018
ADVENZYMES,2018-05-29,2018-05-30,224.7086,217.9673,1.51,4.72,5.04,-0.03,-0.033,stopped_out,True,1,1,1071301.86,-35352.96,2018
HINDCOPPER,2018-05-29,2018-05-31,71.5069,68.6238,2.74,3.17,3.38,-0.04032,-0.04332,stopped_out_gap,False,2,2,857041.49,-37127.04,2018
NAVA,2018-05-30,2018-05-31,66.1618,70.4302,4.08,13.72,16.23,0.064514,0.061514,take_profit_gap,False,1,1,892822.97,54921.11,2018
ADANIPORTS,2018-05-31,2018-06-04,374.6076,363.3694,0.85,3.72,4.43,-0.03,-0.033,stopped_out,True,4,2,1067790.08,-35237.07,2018
TORNTPHARM,2018-05-31,2018-06-01,638.768,670.7064,2.73,3.87,5.34,0.05,0.047,take_profit,False,1,1,854232.06,40148.91,2018
TIPSMUSIC,2018-06-01,2018-06-04,11.6627,11.3129,6.13,5.25,6.28,-0.03,-0.033,stopped_out,True,3,1,1067676.78,-35233.33,2018
FSL,2018-06-01,2018-06-05,59.5499,57.7634,2.33,1.52,3.37,-0.03,-0.033,stopped_out,True,4,2,854141.42,-28186.67,2018
HFCL,2018-06-06,2018-06-07,27.0306,28.3822,7.09,2.95,8.48,0.05,0.047,take_profit,False,1,1,861495.05,40490.27,2018
BANDHANBNK,2018-06-06,2018-06-11,479.3716,503.3402,3.47,4.16,5.24,0.05,0.047,take_profit,False,5,3,1076868.81,50612.83,2018
NLCINDIA,2018-06-06,2018-06-13,60.6963,63.7311,2.61,3.56,5.77,0.05,0.047,take_profit,False,7,5,1346086.01,63266.04,2018
RADICO,2018-06-06,2018-06-08,404.1341,392.0101,3.84,1.74,10.01,-0.03,-0.033,stopped_out,True,2,2,1682607.52,-55526.05,2018
MFSL,2018-06-07,2018-06-15,483.7418,469.2295,0.61,2.88,3.33,-0.03,-0.033,stopped_out,True,8,6,869593.1,-28696.57,2018
USHAMART,2018-06-07,2018-06-08,23.2277,24.5016,14.49,2.73,9.52,0.054845,0.051845,take_profit_gap,False,1,1,695674.48,36067.24,2018
SPARC,2018-06-08,2018-06-13,415.7578,436.5457,7.64,7.88,11.27,0.05,0.047,take_profit,False,5,3,1028304.22,48330.3,2018
TATAELXSI,2018-06-08,2018-06-13,1129.6276,1186.109,1.0,1.64,1.65,0.05,0.047,take_profit,False,5,3,822643.38,38664.24,2018
APLLTD,2018-06-11,2018-06-13,470.9464,456.818,14.01,9.9,18.44,-0.03,-0.033,stopped_out,True,2,2,883611.03,-29159.16,2018
CIPLA,2018-06-13,2018-06-15,549.2767,576.7405,1.8,1.63,2.13,0.05,0.047,take_profit,False,2,2,1547238.04,72720.19,2018
ZYDUSLIFE,2018-06-13,2018-06-21,366.2451,384.5574,2.21,1.97,2.62,0.05,0.047,take_profit,False,8,6,1237790.43,58176.15,2018
BANDHANBNK,2018-06-13,2018-06-27,518.0539,506.088,2.33,1.84,2.81,-0.023098,-0.026098,time_exit,False,14,10,990232.34,-25843.08,2018
HUDCO,2018-06-13,2018-06-15,43.1339,41.8399,5.01,5.2,2.45,-0.03,-0.033,stopped_out,True,2,2,792185.88,-26142.13,2018
HIKAL,2018-06-15,2018-06-19,155.2727,150.6145,0.82,2.09,1.92,-0.03,-0.033,stopped_out,True,4,2,818642.18,-27015.19,2018
CIPLA,2018-06-15,2018-06-27,577.1134,559.8,1.21,2.29,3.66,-0.03,-0.033,stopped_out,True,12,8,1023302.72,-33768.99,2018
TORNTPHARM,2018-06-15,2018-06-27,670.695,650.5742,1.58,3.33,2.25,-0.03,-0.033,stopped_out,True,12,8,1279128.4,-42211.24,2018
CIEINDIA,2018-06-19,2018-06-22,259.9173,252.1198,1.84,5.59,3.83,-0.03,-0.033,stopped_out,True,3,3,813239.14,-26836.89,2018
ZENTEC,2018-06-21,2018-06-22,107.6385,104.4093,11.42,9.55,5.1,-0.03,-0.033,stopped_out,True,1,1,909784.63,-30022.89,2018
BAJAJFINSV,2018-06-22,2018-06-27,615.846,597.3707,1.81,1.57,2.95,-0.03,-0.033,stopped_out,True,5,3,1061060.5,-35015.0,2018
LALPATHLAB,2018-06-22,2018-06-29,440.3106,462.3262,0.67,2.07,3.2,0.05,0.047,take_profit,False,7,5,848848.4,39895.87,2018
GANECOS,2018-06-29,2018-07-02,359.3488,348.5683,0.81,4.29,8.99,-0.03,-0.033,stopped_out,True,3,1,1700204.7,-56106.76,2018
CIEINDIA,2018-06-29,2018-07-04,246.5526,239.156,1.01,14.16,3.98,-0.03,-0.033,stopped_out,True,5,3,1360163.76,-44885.4,2018
GAIL,2018-06-29,2018-07-10,81.2644,85.3276,1.84,1.9,6.11,0.05,0.047,take_profit,False,11,7,1088131.01,51142.16,2018
PETRONET,2018-06-29,2018-07-13,153.9707,149.3516,1.67,1.67,5.64,-0.03,-0.033,stopped_out,True,14,10,870504.81,-28726.66,2018
ASIANPAINT,2018-07-02,2018-07-09,1218.5775,1279.5064,1.31,1.91,2.1,0.05,0.047,take_profit,False,7,5,820178.75,38548.4,2018
GRAPHITE,2018-07-02,2018-07-04,701.3422,742.659,3.11,1.66,2.46,0.058911,0.055911,take_profit_gap,False,2,2,1025223.44,57321.27,2018
IPCALAB,2018-07-04,2018-07-06,349.577,339.0897,1.48,2.07,6.94,-0.03,-0.033,stopped_out,True,2,2,908566.09,-29982.68,2018
MARUTI,2018-07-04,2018-07-18,8566.4666,8693.407,2.5,1.8,2.29,0.014818,0.011818,time_exit,False,14,10,1135707.61,13421.79,2018
VMART,2018-07-06,2018-07-09,702.6856,737.8199,5.97,1.93,8.09,0.05,0.047,take_profit,False,3,1,902569.55,42420.77,2018
YESBANK,2018-07-09,2018-07-12,358.5631,376.4912,0.63,1.92,2.02,0.05,0.047,take_profit,False,3,3,1082799.14,50891.56,2018
TIMETECHNO,2018-07-09,2018-07-11,64.6637,62.7238,5.07,6.84,13.27,-0.03,-0.033,stopped_out,True,2,2,866239.31,-28585.9,2018
GAIL,2018-07-10,2018-07-16,86.9248,84.3171,2.02,1.59,4.58,-0.03,-0.033,stopped_out,True,6,4,920846.08,-30387.92,2018
LTIM,2018-07-11,2018-07-18,1613.7873,1694.4767,3.9,5.55,4.12,0.05,0.047,take_profit,False,7,5,904207.55,42497.75,2018
BALRAMCHIN,2018-07-12,2018-07-13,63.3459,61.4455,1.3,2.09,7.79,-0.03,-0.033,stopped_out,True,1,1,950104.18,-31353.44,2018
SONATSOFTW,2018-07-13,2018-07-16,101.4104,98.3681,8.39,8.27,7.37,-0.03,-0.033,stopped_out,True,3,1,1112189.12,-36702.24,2018
FORTIS,2018-07-13,2018-07-17,146.9481,142.5397,0.56,4.81,1.93,-0.03,-0.033,stopped_out,True,4,2,889751.3,-29361.79,2018
ADANIENT,2018-07-16,2018-07-17,84.4445,88.6667,1.5,1.92,1.98,0.05,0.047,take_profit,False,1,1,1104990.04,51934.53,2018
NH,2018-07-16,2018-07-18,248.1457,240.7014,0.57,4.67,3.4,-0.03,-0.033,stopped_out,True,2,2,883992.04,-29171.74,2018
FEDERALBNK,2018-07-17,2018-07-18,82.3912,79.9195,6.29,7.5,18.92,-0.03,-0.033,stopped_out,True,1,1,888525.16,-29321.33,2018
LICHSGFIN,2018-07-17,2018-07-31,448.5926,457.2186,2.33,1.94,5.8,0.019229,0.016229,time_exit,False,14,10,1110656.44,18024.84,2018
BANDHANBNK,2018-07-18,2018-07-19,581.7447,610.8319,3.99,6.21,6.47,0.05,0.047,take_profit,False,1,1,1472791.89,69221.22,2018
SAMMAANCAP,2018-07-18,2018-07-24,895.3608,940.1289,2.21,2.33,4.05,0.05,0.047,take_profit,False,6,4,1178233.51,55376.98,2018
EMAMILTD,2018-07-18,2018-07-31,478.5829,502.512,2.36,4.85,3.65,0.05,0.047,take_profit,False,13,9,942586.81,44301.58,2018
SAMMAANCAP,2018-07-18,2018-07-24,895.3608,940.1289,0.75,2.33,4.05,0.05,0.047,take_profit,False,6,4,754069.45,35441.26,2018
ADANIPOWER,2018-07-19,2018-07-20,4.4622,4.6853,2.47,1.52,6.44,0.05,0.047,take_profit,False,1,1,911658.18,42847.93,2018
BAJFINANCE,2018-07-20,2018-08-03,265.6296,261.4588,6.61,4.42,7.95,-0.015702,-0.018702,time_exit,False,14,10,920227.77,-17210.1,2018
AMBUJACEM,2018-07-24,2018-07-26,188.813,198.2537,3.56,3.6,5.01,0.05,0.047,take_profit,False,2,2,1140806.45,53617.9,2018
WHIRLPOOL,2018-07-24,2018-08-06,1650.7176,1738.5337,2.3,4.39,6.39,0.053199,0.050199,take_profit_gap,False,13,9,912645.16,45813.87,2018
LTTS,2018-07-26,2018-07-31,1386.6846,1345.084,3.22,3.15,6.42,-0.03,-0.033,stopped_out,True,5,3,969001.0,-31977.03,2018
SUNDRMFAST,2018-07-31,2018-08-08,618.5177,599.9622,3.69,5.71,5.04,-0.03,-0.033,stopped_out,True,8,6,886860.5,-29266.4,2018
NH,2018-07-31,2018-08-03,255.5223,246.6695,1.12,3.01,1.88,-0.034646,-0.037646,stopped_out_gap,False,3,3,1108575.62,-41733.44,2018
NESTLEIND,2018-07-31,2018-08-03,476.7029,462.4018,2.38,1.81,3.44,-0.03,-0.033,stopped_out,True,3,3,1385719.53,-45728.74,2018
CUMMINSIND,2018-08-03,2018-08-07,615.5028,597.0378,2.74,3.66,6.22,-0.03,-0.033,stopped_out,True,4,2,1371458.53,-45258.13,2018
ALLCARGO,2018-08-03,2018-08-07,27.3094,26.4901,0.75,4.15,2.47,-0.03,-0.033,stopped_out,True,4,2,1097166.82,-36206.51,2018
SARDAEN,2018-08-03,2018-08-08,37.1496,39.007,1.77,2.55,4.52,0.05,0.047,take_profit,False,5,3,877733.46,41253.47,2018
CROMPTON,2018-08-06,2018-08-07,243.6203,236.3117,1.99,1.57,1.98,-0.03,-0.033,stopped_out,True,1,1,893878.57,-29497.99,2018
KANSAINER,2018-08-07,2018-08-09,306.9156,322.2614,0.74,2.66,2.15,0.05,0.047,take_profit,False,2,2,1365411.12,64174.32,2018
BLS,2018-08-07,2018-08-09,43.1868,45.3462,0.66,2.25,2.14,0.05,0.047,take_profit,False,2,2,1092328.89,51339.46,2018
GMMPFAUDLR,2018-08-07,2018-08-09,321.8358,337.9276,0.87,2.61,1.56,0.05,0.047,take_profit,False,2,2,873863.12,41071.57,2018
MAHSEAMLES,2018-08-08,2018-08-10,218.0736,228.9772,1.25,3.14,2.28,0.05,0.047,take_profit,False,2,2,1054406.7,49557.11,2018
ASTRAL,2018-08-08,2018-08-14,483.7144,507.9001,0.93,2.54,2.57,0.05,0.047,take_profit,False,6,4,843525.36,39645.69,2018
GRAPHITE,2018-08-09,2018-08-13,881.8603,855.4045,1.78,1.53,1.73,-0.03,-0.033,stopped_out,True,4,2,878373.11,-28986.31,2018
MAHABANK,2018-08-09,2018-08-13,11.5396,11.1934,0.75,1.65,3.1,-0.03,-0.033,stopped_out,True,4,2,1372457.98,-45291.11,2018
AXISBANK,2018-08-09,2018-08-13,618.0094,599.4691,1.99,1.96,4.38,-0.03,-0.033,stopped_out,True,4,2,1097966.39,-36232.89,2018
EICHERMOT,2018-08-10,2018-08-20,2724.2919,2642.5631,1.48,2.58,4.72,-0.03,-0.033,stopped_out,True,10,5,923491.25,-30475.21,2018
TECHM,2018-08-13,2018-08-20,511.0377,536.5896,1.62,1.65,1.69,0.05,0.047,take_profit,False,7,4,1386450.43,65163.17,2018
GALLANTT,2018-08-13,2018-08-17,52.0498,54.6522,2.17,9.86,5.8,0.05,0.047,take_profit,False,4,3,1109160.34,52130.54,2018
APOLLOHOSP,2018-08-13,2018-08-14,1042.7725,1094.9111,5.37,6.83,12.72,0.05,0.047,take_profit,False,1,1,887328.28,41704.43,2018
BALKRISIND,2018-08-14,2018-08-16,1239.5068,1301.4821,5.75,4.48,7.29,0.05,0.047,take_profit,False,2,1,1072303.37,50398.26,2018
DLF,2018-08-14,2018-08-20,190.9562,200.504,0.52,1.74,4.4,0.05,0.047,take_profit,False,6,3,857842.7,40318.61,2018
SUNPHARMA,2018-08-16,2018-08-31,574.2403,602.9523,1.45,4.39,1.59,0.05,0.047,take_profit,False,15,10,910814.48,42808.28,2018
AUROPHARMA,2018-08-17,2018-08-24,628.1852,659.5944,1.07,2.96,2.17,0.05,0.047,take_profit,False,7,4,960909.76,45162.76,2018
JINDALSAW,2018-08-20,2018-08-23,37.1785,36.0631,2.63,1.92,6.41,-0.03,-0.033,stopped_out,True,3,2,1133828.8,-37416.35,2018
GMRAIRPORT,2018-08-20,2018-08-23,18.0726,17.5305,0.75,1.83,4.43,-0.03,-0.033,stopped_out,True,3,2,907063.04,-29933.08,2018
TANLA,2018-08-20,2018-08-23,38.9857,42.92,9.13,4.03,2.8,0.100915,0.097915,take_profit_gap,False,3,2,1417286.0,138773.56,2018
JBCHEPHARM,2018-08-23,2018-08-27,148.0867,155.491,3.44,7.91,6.68,0.05,0.047,take_profit,False,4,2,1145256.66,53827.06,2018
NAUKRI,2018-08-23,2018-08-27,313.8585,304.4427,1.81,1.59,4.94,-0.03,-0.033,stopped_out,True,4,2,916205.33,-30234.78,2018
MARICO,2018-08-23,2018-08-28,340.8751,330.6489,3.19,1.83,4.9,-0.03,-0.033,stopped_out,True,5,3,1431570.83,-47241.84,2018
TATACHEM,2018-08-24,2018-08-31,276.8512,290.6937,1.69,2.51,2.75,0.05,0.047,take_profit,False,7,5,934178.77,43906.4,2018
RBLBANK,2018-08-27,2018-09-04,618.2628,599.7149,2.1,3.76,3.06,-0.03,-0.033,stopped_out,True,8,6,1164353.87,-38423.68,2018
TATACHEM,2018-08-27,2018-09-10,284.0963,283.0734,1.05,2.05,1.91,-0.0036,-0.0066,time_exit,False,14,10,931483.09,-6147.79,2018
JKIL,2018-08-28,2018-08-29,227.0688,238.4223,5.95,2.9,5.52,0.05,0.047,take_profit,False,1,1,1022052.27,48036.46,2018
CUB,2018-08-29,2018-09-04,192.7923,187.0086,1.17,2.74,4.09,-0.03,-0.033,stopped_out,True,6,4,1031659.56,-34044.77,2018
HCLTECH,2018-08-31,2018-09-17,416.4549,428.7411,1.12,1.73,2.49,0.029502,0.026502,time_exit,False,17,10,1211669.24,32111.66,2018
NAUKRI,2018-08-31,2018-09-12,319.9827,310.3832,3.54,1.55,4.07,-0.03,-0.033,stopped_out,True,12,8,969335.39,-31988.07,2018
NAVINFLUOR,2018-09-04,2018-09-11,687.0888,666.4761,0.71,5.19,2.77,-0.03,-0.033,stopped_out,True,7,5,1200177.31,-39605.85,2018
LTIM,2018-09-04,2018-09-07,1685.4624,1769.7355,0.7,8.44,4.91,0.05,0.047,take_profit,False,3,3,960141.85,45126.67,2018
ZYDUSLIFE,2018-09-07,2018-09-11,399.8498,387.8543,0.52,1.5,2.16,-0.03,-0.033,stopped_out,True,4,2,969167.18,-31982.52,2018
KRBL,2018-09-10,2018-09-14,349.9353,367.4321,0.59,2.28,3.7,0.05,0.047,take_profit,False,4,3,960400.81,45138.84,2018
RTNPOWER,2018-09-11,2018-09-12,4.6023,4.9975,7.61,3.08,17.95,0.08587,0.08287,take_profit_gap,False,1,1,950297.5,78751.15,2018
PRAJIND,2018-09-11,2018-09-14,86.7389,91.0758,2.29,3.43,3.38,0.05,0.047,take_profit,False,3,2,1187871.87,55829.98,2018
DABUR,2018-09-12,2018-09-21,423.9468,411.2284,0.51,1.64,1.85,-0.03,-0.033,stopped_out,True,9,5,1153517.19,-38066.07,2018
TIPSMUSIC,2018-09-12,2018-09-21,7.1837,7.5826,3.48,3.64,7.54,0.055528,0.052528,take_profit_gap,False,9,5,922813.75,48473.56,2018
USHAMART,2018-09-14,2018-09-18,32.0282,31.0674,4.65,2.26,10.63,-0.03,-0.033,stopped_out,True,4,2,1188099.3,-39207.28,2018
JINDALSTEL,2018-09-14,2018-09-21,230.3118,223.4024,1.5,1.85,2.35,-0.03,-0.033,stopped_out,True,7,4,950479.44,-31365.82,2018
JWL,2018-09-17,2018-09-18,14.6511,15.7776,16.27,6.8,15.69,0.076889,0.073889,take_profit_gap,False,1,1,1009139.73,74564.33,2018
GALLANTT,2018-09-18,2018-09-19,60.436,58.6229,4.74,8.98,9.1,-0.03,-0.033,stopped_out,True,1,1,1253831.0,-41376.42,2018
VAIBHAVGBL,2018-09-18,2018-09-24,128.8104,124.9461,0.93,4.08,2.91,-0.03,-0.033,stopped_out,True,6,3,1003064.8,-33101.14,2018
GAIL,2018-09-19,2018-09-25,92.2062,89.44,0.55,1.52,2.21,-0.03,-0.033,stopped_out,True,6,3,1044942.76,-34483.11,2018
OIL,2018-09-21,2018-09-28,96.5243,93.6286,3.52,4.05,5.12,-0.03,-0.033,stopped_out,True,7,5,1437124.62,-47425.11,2018
LTTS,2018-09-25,2018-09-28,1557.2197,1510.5032,1.81,1.56,1.62,-0.03,-0.033,stopped_out,True,3,3,1545784.36,-51010.88,2018
VEDL,2018-09-26,2018-09-28,94.5014,91.6664,2.36,2.15,4.52,-0.03,-0.033,stopped_out,True,2,2,791441.59,-26117.57,2018
TDPOWERSYS,2018-09-26,2018-09-27,26.6645,25.8646,0.99,3.81,8.35,-0.03,-0.033,stopped_out,True,1,1,1236627.48,-40808.71,2018
DEEPAKNTR,2018-09-26,2018-09-28,284.116,275.5925,1.7,1.56,3.52,-0.03,-0.033,stopped_out,True,2,2,989301.99,-32646.97,2018
INDHOTEL,2018-09-28,2018-10-01,129.7877,125.8941,0.74,3.72,6.95,-0.03,-0.033,stopped_out,True,3,1,1793607.43,-59189.05,2018
HINDALCO,2018-10-03,2018-10-05,242.1002,234.8372,2.13,1.56,4.99,-0.03,-0.033,stopped_out,True,2,2,1781769.62,-58798.4,2018
NATIONALUM,2018-10-03,2018-10-05,44.5204,43.1848,8.62,2.45,10.4,-0.03,-0.033,stopped_out,True,2,2,1425415.7,-47038.72,2018
GESHIP,2018-10-10,2018-10-11,252.7644,229.9103,3.28,2.76,9.09,-0.090416,-0.093416,stopped_out_gap,False,1,1,1760602.2,-164468.42,2018
ADANIPOWER,2018-10-10,2018-10-11,6.003,5.5972,8.0,1.8,25.26,-0.0676,-0.0706,stopped_out_gap,False,1,1,1408481.76,-99438.81,2018
HEG,2018-10-11,2018-10-12,723.8923,760.087,10.17,5.31,11.13,0.05,0.047,take_profit,False,1,1,874404.23,41097.0,2018
NLCINDIA,2018-10-11,2018-10-23,58.417,56.6645,7.38,1.84,2.04,-0.03,-0.033,stopped_out,True,12,7,1707820.75,-56358.08,2018
HEG,2018-10-11,2018-10-12,723.8923,760.087,7.0,5.31,11.13,0.05,0.047,take_profit,False,1,1,1366256.6,64214.06,2018
CIEINDIA,2018-10-11,2018-10-16,253.8338,246.2187,1.17,8.82,8.14,-0.03,-0.033,stopped_out,True,5,3,1093005.28,-36069.17,2018
ADANIPOWER,2018-10-12,2018-10-15,6.5133,6.8389,4.15,3.27,6.03,0.05,0.047,take_profit,False,3,1,1168717.76,54929.73,2018
TRIDENT,2018-10-15,2018-10-17,5.8181,5.6436,3.11,10.03,19.14,-0.03,-0.033,stopped_out,True,2,2,755010.37,-24915.34,2018
TATAPOWER,2018-10-15,2018-10-22,65.0829,63.1304,7.12,1.77,1.86,-0.03,-0.033,stopped_out,True,7,4,1179703.71,-38930.22,2018
TRIDENT,2018-10-15,2018-10-17,5.8181,5.6436,12.3,10.03,19.14,-0.03,-0.033,stopped_out,True,2,2,943762.96,-31144.18,2018
MCX,2018-10-16,2018-10-17,146.6649,142.2649,1.28,2.18,9.37,-0.03,-0.033,stopped_out,True,1,1,815395.52,-26908.05,2018
VAIBHAVGBL,2018-10-23,2018-10-24,118.1828,114.6373,1.5,5.44,6.88,-0.03,-0.033,stopped_out,True,1,1,1697003.9,-56001.13,2018
SJVN,2018-10-25,2018-10-26,19.7113,19.12,5.17,10.63,14.62,-0.03,-0.033,stopped_out,True,1,1,1685803.68,-55631.52,2018
WIPRO,2018-10-25,2018-10-30,109.4211,114.8921,1.37,2.74,7.62,0.05,0.047,take_profit,False,5,3,1348642.94,63386.22,2018
STLTECH,2018-10-26,2018-10-29,326.5112,342.8367,3.64,1.76,6.22,0.05,0.047,take_profit,False,3,1,1404948.78,66032.59,2018
ICICIBANK,2018-10-29,2018-11-13,337.2803,348.0331,1.98,2.84,6.2,0.031881,0.028881,time_exit,False,15,10,907619.39,26212.96,2018
SCHNEIDER,2018-10-29,2018-10-30,111.3056,107.9665,1.08,1.84,6.1,-0.03,-0.033,stopped_out,True,1,1,726095.51,-23961.15,2018
ADANIPOWER,2018-10-29,2018-10-30,8.4642,8.8874,1.83,2.78,18.49,0.05,0.047,take_profit,False,1,1,1418155.3,66653.3,2018
DIVISLAB,2018-10-29,2018-11-01,1372.7849,1441.4242,4.77,4.94,8.28,0.05,0.047,take_profit,False,3,3,1134524.24,53322.64,2018
JINDALSAW,2018-10-30,2018-10-31,36.3008,38.1158,4.37,1.88,7.71,0.05,0.047,take_profit,False,1,1,832429.34,39124.18,2018
NAVINFLUOR,2018-10-30,2018-10-31,666.3293,646.3394,1.47,3.04,6.66,-0.03,-0.033,stopped_out,True,1,1,1040536.67,-34337.71,2018
CANBK,2018-10-30,2018-11-02,44.8296,43.4847,8.42,2.83,8.12,-0.03,-0.033,stopped_out,True,3,3,1300670.84,-42922.14,2018
AHLUCONT,2018-10-31,2018-11-02,297.6463,312.5287,2.01,9.94,6.97,0.05,0.047,take_profit,False,2,2,1041493.96,48950.22,2018
RELAXO,2018-10-31,2018-11-15,388.2315,387.9413,1.29,2.48,2.94,-0.000747,-0.003747,time_exit,False,15,10,833195.17,-3121.98,2018
CCL,2018-11-01,2018-11-06,239.2757,251.2395,2.29,2.49,2.38,0.05,0.047,take_profit,False,5,3,904125.51,42493.9,2018
NAVA,2018-11-02,2018-11-05,54.2514,52.6238,3.09,2.52,2.18,-0.03,-0.033,stopped_out,True,3,1,1192938.99,-39366.99,2018
DMART,2018-11-02,2018-11-06,1463.2312,1419.3343,1.03,2.05,5.99,-0.03,-0.033,stopped_out,True,4,2,954351.19,-31493.59,2018
NEWGEN,2018-11-05,2018-11-14,121.622,127.7031,1.63,2.29,2.86,0.05,0.047,take_profit,False,9,6,994195.35,46727.18,2018
FACT,2018-11-06,2018-11-07,41.8828,40.6263,1.55,6.71,9.09,-0.03,-0.033,stopped_out,True,1,1,1169251.68,-38585.31,2018
OLECTRA,2018-11-06,2018-11-12,242.4171,235.1446,5.67,3.17,8.33,-0.03,-0.033,stopped_out,True,6,3,935401.35,-30868.24,2018
ITI,2018-11-07,2018-11-09,94.147,102.8486,8.02,1.84,5.85,0.092425,0.089425,take_profit_gap,False,2,1,974454.35,87140.58,2018
STAR,2018-11-09,2018-11-12,450.3189,436.8094,5.74,3.42,11.14,-0.03,-0.033,stopped_out,True,3,1,991882.47,-32732.12,2018
VBL,2018-11-12,2018-11-22,46.2165,44.8301,1.48,1.86,3.35,-0.03,-0.033,stopped_out,True,10,8,932994.13,-30788.81,2018
TRIVENI,2018-11-12,2018-11-13,49.6604,52.1434,8.93,3.28,3.63,0.05,0.047,take_profit,False,1,1,1166242.66,54813.41,2018
ASHOKA,2018-11-13,2018-11-14,133.0165,129.026,1.81,6.29,9.88,-0.03,-0.033,stopped_out,True,1,1,1177372.99,-38853.31,2018
HAVELLS,2018-11-13,2018-11-28,636.2716,637.9735,1.18,1.79,2.64,0.002675,-0.000325,time_exit,False,15,10,941898.39,-306.12,2018
PIDILITIND,2018-11-14,2018-11-21,530.2697,556.7832,1.46,1.59,1.54,0.05,0.047,take_profit,False,7,5,1189407.16,55902.14,2018
BERGEPAINT,2018-11-14,2018-11-16,257.7708,250.0377,1.42,2.38,1.67,-0.03,-0.033,stopped_out,True,2,2,951525.72,-31400.35,2018
APOLLOHOSP,2018-11-15,2018-11-19,1237.1764,1200.0611,3.84,5.87,5.01,-0.03,-0.033,stopped_out,True,4,2,927235.22,-30598.76,2018
FORTIS,2018-11-16,2018-12-03,145.6556,146.8012,2.01,1.92,1.91,0.007865,0.004865,time_exit,False,17,10,925813.25,4504.08,2018
AMBER,2018-11-19,2018-12-03,898.1994,943.1094,0.57,2.0,4.25,0.05,0.047,take_profit,False,14,9,919977.89,43238.96,2018
NAVA,2018-11-21,2018-11-26,54.8845,53.2379,0.64,1.63,3.37,-0.03,-0.033,stopped_out,True,5,2,985044.17,-32506.46,2018
NAVINFLUOR,2018-11-22,2018-11-29,692.7269,671.9451,0.87,3.27,4.37,-0.03,-0.033,stopped_out,True,7,4,968476.4,-31959.72,2018
HCG,2018-11-26,2018-11-29,235.8679,228.7918,2.67,3.56,4.75,-0.03,-0.033,stopped_out,True,3,3,965288.66,-31854.53,2018
ZEEL,2018-11-28,2018-12-06,447.3996,433.9777,3.57,2.53,3.84,-0.03,-0.033,stopped_out,True,8,6,960549.39,-31698.13,2018
LTF,2018-11-29,2018-12-06,123.8757,120.1594,2.57,3.3,1.66,-0.03,-0.033,stopped_out,True,7,5,913943.74,-30160.14,2018
JUBLPHARMA,2018-11-29,2018-12-03,519.6573,545.6401,6.6,3.78,5.78,0.05,0.047,take_profit,False,4,2,1142429.67,53694.19,2018
TATAPOWER,2018-12-03,2018-12-05,75.4048,73.1427,5.09,4.2,7.35,-0.03,-0.033,stopped_out,True,2,2,1349086.6,-44519.86,2018
NAM-INDIA,2018-12-03,2018-12-04,146.2747,153.5884,1.43,1.75,4.54,0.05,0.047,take_profit,False,1,1,1079269.28,50725.66,2018
GODREJPROP,2018-12-03,2018-12-06,698.1489,677.2044,1.67,2.81,3.84,-0.03,-0.033,stopped_out,True,3,3,863415.42,-28492.71,2018
JUBLPHARMA,2018-12-04,2018-12-07,574.1665,556.9415,0.64,1.68,2.57,-0.03,-0.033,stopped_out,True,3,3,916731.33,-30252.13,2018
ATGL,2018-12-05,2018-12-06,104.7889,110.0283,5.03,1.96,10.72,0.05,0.047,take_profit,False,1,1,994298.41,46732.03,2018
PNB,2018-12-11,2018-12-13,63.7754,66.9641,4.66,1.82,8.19,0.05,0.047,take_profit,False,2,2,1710452.17,80391.25,2018
ZYDUSWELL,2018-12-11,2018-12-13,255.6688,268.9399,0.54,2.1,2.98,0.051907,0.048907,take_profit_gap,False,2,2,1368361.73,66922.47,2018
UCOBANK,2018-12-11,2018-12-12,18.3691,19.2875,5.35,2.65,5.95,0.05,0.047,take_profit,False,1,1,1094689.39,51450.4,2018
COLPAL,2018-12-11,2018-12-13,1061.0862,1114.1405,0.96,1.69,4.53,0.05,0.047,take_profit,False,2,2,875751.51,41160.32,2018
SBIN,2018-12-11,2018-12-19,259.6438,272.626,2.06,1.6,4.81,0.05,0.047,take_profit,False,8,6,700601.21,32928.26,2018
GOKEX,2018-12-12,2018-12-18,80.335,77.4598,0.62,2.09,4.28,-0.035791,-0.038791,stopped_out_gap,False,6,4,789708.92,-30633.6,2018
INDIANB,2018-12-13,2018-12-19,209.1318,219.5884,2.26,2.58,4.57,0.05,0.047,take_profit,False,6,4,934640.02,43928.08,2018
AAVAS,2018-12-13,2018-12-21,835.4175,810.355,0.86,8.54,2.53,-0.03,-0.033,stopped_out,True,8,6,1460375.03,-48192.38,2018
INDIANB,2018-12-13,2018-12-19,209.1318,219.5884,2.11,2.58,4.57,0.05,0.047,take_profit,False,6,4,1168300.02,54910.1,2018
AHLUCONT,2018-12-18,2018-12-19,316.4955,332.3203,3.47,4.94,5.24,0.05,0.047,take_profit,False,1,1,899527.08,42277.77,2018
ASIANPAINT,2018-12-19,2018-12-24,1322.7706,1283.0874,1.85,2.39,2.21,-0.03,-0.033,stopped_out,True,5,3,1495044.17,-49336.46,2018
ACC,2018-12-19,2018-12-21,1442.0236,1398.7629,1.22,2.03,1.84,-0.03,-0.033,stopped_out,True,2,2,1196035.34,-39469.17,2018
ANANTRAJ,2018-12-19,2018-12-21,14.6363,15.3681,2.51,2.2,3.32,0.05,0.047,take_profit,False,2,2,956828.27,44970.93,2018
ASIANPAINT,2018-12-19,2018-12-24,1322.7706,1283.0874,2.0,2.39,2.21,-0.03,-0.033,stopped_out,True,5,3,765462.62,-25260.27,2018
CGPOWER,2018-12-21,2018-12-26,42.9433,41.655,2.88,3.69,8.08,-0.03,-0.033,stopped_out,True,5,2,1061183.76,-35019.06,2018
SCI,2018-12-21,2018-12-28,43.5535,45.7312,4.03,7.64,6.56,0.05,0.047,take_profit,False,7,4,1326479.7,62344.55,2018
HINDPETRO,2018-12-21,2018-12-27,120.1388,116.5346,1.51,1.81,1.61,-0.03,-0.033,stopped_out,True,6,3,848947.01,-28015.25,2018
TATACONSUM,2018-12-24,2018-12-26,207.0753,200.863,1.07,2.84,1.62,-0.03,-0.033,stopped_out,True,2,1,893071.69,-29471.37,2018
BANCOINDIA,2018-12-24,2019-01-08,55.7041,55.6634,0.83,8.94,1.82,-0.000729,-0.003729,time_exit,False,15,10,1116339.62,-4162.83,2019
PATANJALI,2018-12-26,2018-12-27,243.2997,264.2628,16.11,1.77,2.05,0.086162,0.083162,take_profit_gap,False,1,1,873928.29,72677.62,2018
BRIGADE,2018-12-26,2018-12-27,153.0724,148.4802,5.04,16.46,10.28,-0.03,-0.033,stopped_out,True,1,1,1092410.36,-36049.54,2018
OLECTRA,2018-12-27,2018-12-28,239.37,251.3385,13.13,12.79,17.45,0.05,0.047,take_profit,False,1,1,1263922.33,59404.35,2018
UCOBANK,2018-12-27,2019-01-01,20.1863,21.1957,1.7,3.04,1.73,0.05,0.047,take_profit,False,5,3,1011137.86,47523.48,2019
CENTRALBK,2018-12-27,2019-01-07,35.5287,34.4629,2.21,8.48,2.69,-0.03,-0.033,stopped_out,True,11,7,808910.29,-26694.04,2019
NETWORK18,2018-12-28,2019-01-11,40.3702,39.6802,4.34,3.55,5.08,-0.017092,-0.020092,time_exit,False,14,10,1189558.41,-23900.61,2019
BBTC,2018-12-28,2019-01-11,1300.0919,1261.0891,1.4,2.95,3.24,-0.03,-0.033,stopped_out,True,14,10,951646.73,-31404.34,2019
UCOBANK,2019-01-01,2019-01-02,22.2983,21.6293,0.99,8.71,5.83,-0.03,-0.033,stopped_out,True,1,1,973049.65,-32110.64,2019
CHAMBLFERT,2019-01-02,2019-01-04,130.4599,126.5461,1.32,6.79,4.74,-0.03,-0.033,stopped_out,True,2,2,966627.53,-31898.71,2019
AARTIIND,2019-01-04,2019-01-10,346.4144,363.7351,1.0,1.59,2.19,0.05,0.047,take_profit,False,6,4,960247.78,45131.65,2019
NAUKRI,2019-01-07,2019-01-10,317.426,307.9032,3.25,2.9,3.41,-0.03,-0.033,stopped_out,True,3,3,924641.48,-30513.17,2019
NESTLEIND,2019-01-08,2019-01-22,501.4809,511.502,1.08,1.69,1.9,0.019983,0.016983,time_exit,False,14,10,962148.54,16340.17,2019
AUROPHARMA,2019-01-10,2019-01-24,745.2935,755.9045,0.58,1.58,2.77,0.014237,0.011237,time_exit,False,14,10,1149620.38,12918.28,2019
ICICIPRULI,2019-01-10,2019-01-23,344.0137,325.4263,1.64,3.4,3.11,-0.054031,-0.057031,stopped_out_gap,False,13,9,919696.3,-52451.2,2019
KRBL,2019-01-11,2019-01-15,304.0261,294.9054,6.61,10.45,8.86,-0.03,-0.033,stopped_out,True,4,2,922349.67,-30437.54,2019
ELECON,2019-01-11,2019-01-18,35.1857,34.1301,6.52,2.42,7.61,-0.03,-0.033,stopped_out,True,7,5,1152937.08,-38046.92,2019
JBCHEPHARM,2019-01-15,2019-01-18,145.063,140.7111,4.04,4.45,4.8,-0.03,-0.033,stopped_out,True,3,3,916262.16,-30236.65,2019
EPL,2019-01-18,2019-01-22,98.3129,103.5656,2.02,2.49,3.17,0.053428,0.050428,take_profit_gap,False,4,2,1133192.86,57144.65,2019
RELIANCE,2019-01-18,2019-01-22,526.9246,553.2709,3.44,3.3,3.09,0.05,0.047,take_profit,False,4,2,906554.29,42608.05,2019
MAHLIFE,2019-01-22,2019-01-28,132.7621,128.7792,1.29,1.77,1.73,-0.03,-0.033,stopped_out,True,6,4,1348841.14,-44511.76,2019
HAVELLS,2019-01-22,2019-01-28,679.9218,659.5242,0.77,5.06,4.73,-0.03,-0.033,stopped_out,True,6,4,1079072.91,-35609.41,2019
JUBLPHARMA,2019-01-22,2019-01-24,513.9544,498.5358,2.93,2.56,4.05,-0.03,-0.033,stopped_out,True,2,2,863258.33,-28487.52,2019
JBCHEPHARM,2019-01-23,2019-01-25,146.8088,142.4045,1.1,1.59,3.13,-0.03,-0.033,stopped_out,True,2,2,864055.68,-28513.84,2019
YESBANK,2019-01-24,2019-01-25,212.5915,223.2211,8.59,2.62,8.24,0.05,0.047,take_profit,False,1,1,1090706.44,51263.2,2019
INDIGO,2019-01-24,2019-01-28,1173.4735,1138.2693,2.27,6.86,9.93,-0.03,-0.033,stopped_out,True,4,2,872565.15,-28794.65,2019
TANLA,2019-01-29,2019-01-30,34.7897,36.5292,5.5,6.14,7.49,0.05,0.047,take_profit,False,1,1,886715.95,41675.65,2019
JINDALSAW,2019-01-29,2019-01-31,36.3008,38.1158,1.82,2.59,3.65,0.05,0.047,take_profit,False,2,2,1108394.94,52094.56,2019
MPHASIS,2019-01-29,2019-01-31,813.0168,853.6677,3.3,1.63,4.04,0.05,0.047,take_profit,False,2,2,1385493.68,65118.2,2019
PRAJIND,2019-01-29,2019-02-04,116.8834,113.3769,3.78,1.87,6.84,-0.03,-0.033,stopped_out,True,6,4,1731867.1,-57151.61,2019
VBL,2019-01-30,2019-02-12,47.0827,45.6703,0.99,3.31,3.57,-0.03,-0.033,stopped_out,True,13,9,895051.08,-29536.69,2019
ELECTCAST,2019-01-30,2019-02-04,19.7525,19.1599,2.1,1.6,6.2,-0.03,-0.033,stopped_out,True,5,3,716040.87,-23629.35,2019
SHAKTIPUMP,2019-01-31,2019-02-05,64.3081,62.3789,2.23,1.9,2.55,-0.03,-0.033,stopped_out,True,5,3,1095052.97,-36136.75,2019
DIXON,2019-01-31,2019-02-01,451.975,438.4157,1.12,1.72,1.92,-0.03,-0.033,stopped_out,True,1,1,876042.38,-28909.4,2019
JUBLFOOD,2019-02-01,2019-02-05,266.9862,258.9767,5.3,2.69,6.96,-0.03,-0.033,stopped_out,True,4,2,870260.5,-28718.6,2019
IGL,2019-02-04,2019-02-05,130.5394,137.0664,1.66,2.49,3.9,0.05,0.047,take_profit,False,1,1,1169633.8,54972.79,2019
AARTIIND,2019-02-04,2019-02-05,407.4781,395.2537,0.87,3.09,4.32,-0.03,-0.033,stopped_out,True,1,1,935707.04,-30878.33,2019
MGL,2019-02-05,2019-02-08,796.0264,772.1456,1.22,1.95,1.76,-0.03,-0.033,stopped_out,True,3,3,994908.36,-32831.98,2019
BALRAMCHIN,2019-02-05,2019-02-14,98.9551,105.11,2.5,4.3,1.89,0.062199,0.059199,take_profit_gap,False,9,6,795926.69,47118.06,2019
LTIM,2019-02-05,2019-02-15,1660.4635,1610.6496,2.88,2.57,3.7,-0.03,-0.033,stopped_out,True,10,7,1554544.32,-51299.96,2019
TITAN,2019-02-05,2019-02-14,1042.128,1010.8641,1.46,3.01,3.87,-0.03,-0.033,stopped_out,True,9,6,1243635.45,-41039.97,2019
JKIL,2019-02-08,2019-02-11,116.8773,122.7211,6.36,1.89,5.64,0.05,0.047,take_profit,False,3,1,829156.63,38970.36,2019
SUNTV,2019-02-11,2019-02-14,463.5773,447.2614,3.9,4.3,4.37,-0.035196,-0.038196,stopped_out_gap,False,3,2,836950.7,-31968.17,2019
JSL,2019-02-12,2019-02-14,31.8259,29.5336,3.96,5.26,16.58,-0.072026,-0.075026,stopped_out_gap,False,2,1,842663.44,-63221.67,2019
YESBANK,2019-02-14,2019-02-15,218.3652,211.8143,5.99,3.74,18.73,-0.03,-0.033,stopped_out,True,1,1,1400143.66,-46204.74,2019
YESBANK,2019-02-14,2019-02-15,218.3652,211.8143,15.84,3.74,18.73,-0.03,-0.033,stopped_out,True,1,1,1120114.93,-36963.79,2019
BALRAMCHIN,2019-02-14,2019-02-15,110.2745,106.9663,3.89,2.45,4.81,-0.03,-0.033,stopped_out,True,1,1,896091.94,-29571.03,2019
BALRAMCHIN,2019-02-14,2019-02-15,110.2745,106.9663,3.43,2.45,4.81,-0.03,-0.033,stopped_out,True,1,1,716873.55,-23656.83,2019
REDINGTON,2019-02-15,2019-02-18,31.862,30.9061,3.68,2.96,9.53,-0.03,-0.033,stopped_out,True,3,1,1673513.25,-55225.94,2019
DBL,2019-02-15,2019-02-18,444.7664,431.4234,4.82,5.63,8.41,-0.03,-0.033,stopped_out,True,3,1,1338810.6,-44180.75,2019
IPCALAB,2019-02-18,2019-02-26,394.2555,382.4279,1.66,2.0,2.57,-0.03,-0.033,stopped_out,True,8,6,677327.63,-22351.81,2019
OBEROIRLTY,2019-02-18,2019-02-20,476.9152,462.6078,1.23,2.22,4.0,-0.03,-0.033,stopped_out,True,2,2,846659.54,-27939.76,2019
IPCALAB,2019-02-18,2019-02-26,394.2555,382.4279,0.81,2.0,2.57,-0.03,-0.033,stopped_out,True,8,6,1322905.53,-43655.88,2019
TECHNOE,2019-02-18,2019-02-19,234.3755,227.3442,0.52,7.33,6.74,-0.03,-0.033,stopped_out,True,1,1,1058324.43,-34924.71,2019
OBEROIRLTY,2019-02-18,2019-02-20,476.9152,462.6078,1.51,2.22,4.0,-0.03,-0.033,stopped_out,True,2,2,1653631.92,-54569.85,2019
THYROCARE,2019-02-19,2019-02-21,152.4157,147.8433,1.39,1.52,2.08,-0.03,-0.033,stopped_out,True,2,2,746542.05,-24635.89,2019
UNOMINDA,2019-02-20,2019-02-21,159.5895,154.8018,6.79,8.23,12.53,-0.03,-0.033,stopped_out,True,1,1,1080790.01,-35666.07,2019
UNOMINDA,2019-02-20,2019-02-21,159.5895,154.8018,2.79,8.23,12.53,-0.03,-0.033,stopped_out,True,1,1,864632.01,-28532.86,2019
MANAPPURAM,2019-02-21,2019-03-05,100.2292,105.2407,1.27,1.52,4.45,0.05,0.047,take_profit,False,12,7,1212331.45,56979.58,2019
CANFINHOME,2019-02-21,2019-02-26,256.6943,248.9935,4.93,3.18,8.14,-0.03,-0.033,stopped_out,True,5,3,969865.16,-32005.55,2019
CCL,2019-02-21,2019-03-06,255.0096,267.7601,2.69,3.12,3.32,0.05,0.047,take_profit,False,13,8,775892.13,36466.93,2019
ADANIPOWER,2019-02-26,2019-02-27,9.3347,9.8014,11.79,2.38,17.51,0.05,0.047,take_profit,False,1,1,1195130.72,56171.14,2019
SUPREMEIND,2019-02-26,2019-02-27,1037.0272,1088.8785,2.6,1.97,3.49,0.05,0.047,take_profit,False,1,1,956104.58,44936.92,2019
GRAVITA,2019-02-26,2019-02-27,64.5733,62.6361,1.37,1.7,5.46,-0.03,-0.033,stopped_out,True,1,1,764883.66,-25241.16,2019
ABCAPITAL,2019-02-27,2019-03-01,90.9955,95.5452,2.86,1.79,3.12,0.05,0.047,take_profit,False,2,2,774594.62,36405.95,2019
CARBORUNIV,2019-02-27,2019-03-01,347.7198,365.1058,2.24,5.28,2.14,0.05,0.047,take_profit,False,2,2,1210304.1,56884.29,2019
PIDILITIND,2019-02-27,2019-03-08,554.8885,538.2419,0.73,1.73,2.11,-0.03,-0.033,stopped_out,True,9,6,968243.28,-31952.03,2019
TRIVENI,2019-03-01,2019-03-06,53.7246,56.4108,1.09,2.32,1.67,0.05,0.047,take_profit,False,5,2,1035313.49,48659.73,2019
NCC,2019-03-01,2019-03-05,81.1239,85.1801,2.68,1.56,4.32,0.05,0.047,take_profit,False,4,1,828250.79,38927.79,2019
BEL,2019-03-05,2019-03-08,26.2071,25.4209,2.29,1.87,5.07,-0.03,-0.033,stopped_out,True,3,3,1089898.56,-35966.65,2019
BEL,2019-03-05,2019-03-08,26.2071,25.4209,5.27,1.87,5.07,-0.03,-0.033,stopped_out,True,3,3,871918.85,-28773.32,2019
ACE,2019-03-06,2019-03-07,91.1926,95.7523,2.72,1.82,4.16,0.05,0.047,take_profit,False,1,1,1076801.54,50609.67,2019
TIMETECHNO,2019-03-06,2019-03-14,48.7767,47.3134,4.05,2.92,8.02,-0.03,-0.033,stopped_out,True,8,6,861441.23,-28427.56,2019
JPPOWER,2019-03-07,2019-03-08,2.4512,2.3777,4.08,4.76,4.26,-0.03,-0.033,stopped_out,True,1,1,914635.22,-30182.96,2019
NCC,2019-03-08,2019-03-12,90.6518,95.1844,1.55,1.51,3.47,0.05,0.047,take_profit,False,4,2,755339.45,35500.95,2019
NAM-INDIA,2019-03-08,2019-03-14,167.1336,162.1196,1.7,5.72,3.56,-0.03,-0.033,stopped_out,True,6,4,944174.32,-31157.75,2019
RHIM,2019-03-08,2019-03-12,224.1445,235.3517,4.76,5.93,5.13,0.05,0.047,take_profit,False,4,2,1180217.89,55470.24,2019
GRANULES,2019-03-08,2019-03-19,108.1524,113.56,2.88,7.77,6.46,0.05,0.047,take_profit,False,11,7,1475272.37,69337.8,2019
PATANJALI,2019-03-12,2019-03-14,238.401,259.369,2.84,2.26,2.1,0.087953,0.084953,take_profit_gap,False,2,2,1009577.27,85766.62,2019
KEC,2019-03-12,2019-03-15,273.6423,287.3244,4.85,3.09,5.4,0.05,0.047,take_profit,False,3,3,807661.82,37960.11,2019
ARVIND,2019-03-14,2019-03-18,85.8454,83.2701,0.79,1.86,2.55,-0.03,-0.033,stopped_out,True,4,2,1214404.28,-40075.34,2019
ZENTEC,2019-03-14,2019-03-15,80.0124,84.013,0.8,2.13,3.77,0.05,0.047,take_profit,False,1,1,971523.42,45661.6,2019
HCC,2019-03-14,2019-03-15,15.0075,15.7579,2.0,2.56,4.9,0.05,0.047,take_profit,False,1,1,777218.74,36529.28,2019
IIFL,2019-03-15,2019-03-18,227.7196,239.1056,2.37,1.57,3.95,0.05,0.047,take_profit,False,3,1,1157085.98,54383.04,2019
DBL,2019-03-15,2019-03-18,648.3169,680.7328,5.49,1.76,7.16,0.05,0.047,take_profit,False,3,1,925668.79,43506.43,2019
RELIGARE,2019-03-15,2019-03-18,31.4657,30.5218,1.91,2.63,6.25,-0.03,-0.033,stopped_out,True,3,1,740535.03,-24437.66,2019
BANKBARODA,2019-03-18,2019-03-20,106.9229,112.2691,1.0,1.58,1.95,0.05,0.047,take_profit,False,2,2,720200.77,33849.44,2019
HINDPETRO,2019-03-18,2019-03-20,141.7318,137.4799,2.0,1.63,3.04,-0.03,-0.033,stopped_out,True,2,2,900250.97,-29708.28,2019
AURIONPRO,2019-03-18,2019-03-19,65.5762,68.855,0.76,2.44,3.93,0.05,0.047,take_profit,False,1,1,1125313.71,52889.74,2019
PRESTIGE,2019-03-18,2019-03-19,243.6547,236.3451,7.81,5.97,13.96,-0.03,-0.033,stopped_out,True,1,1,1406642.13,-46419.19,2019
ABCAPITAL,2019-03-19,2019-03-25,104.6023,100.9495,1.48,2.7,1.8,-0.034921,-0.037921,stopped_out_gap,False,6,3,1392767.93,-52815.15,2019
PNB,2019-03-19,2019-03-22,84.0127,88.983,2.49,2.48,3.25,0.059161,0.056161,take_profit_gap,False,3,2,1114214.34,62575.39,2019
GODREJPROP,2019-03-19,2019-03-20,752.8762,790.5201,4.76,4.21,4.37,0.05,0.047,take_profit,False,1,1,891371.48,41894.46,2019
ELECON,2019-03-20,2019-03-25,32.3308,31.3609,4.08,2.29,4.66,-0.03,-0.033,stopped_out,True,5,2,1224668.95,-40414.08,2019
USHAMART,2019-03-20,2019-03-25,37.3662,36.2453,3.47,4.05,6.58,-0.03,-0.033,stopped_out,True,5,2,979735.16,-32331.26,2019
WABAG,2019-03-20,2019-03-22,356.3116,345.6222,4.12,3.53,5.15,-0.03,-0.033,stopped_out,True,2,1,783788.13,-25865.01,2019
CUB,2019-03-22,2019-04-08,192.4565,191.6889,2.44,2.51,4.7,-0.003988,-0.006988,time_exit,False,17,10,1013973.07,-7085.64,2019
CASTROLIND,2019-03-22,2019-04-03,115.7899,121.5794,0.62,2.34,2.26,0.05,0.047,take_profit,False,12,7,811178.46,38125.39,2019
BHEL,2019-03-25,2019-03-26,66.6276,69.959,0.58,2.43,2.98,0.05,0.047,take_profit,False,1,1,1074612.06,50506.77,2019
PFC,2019-03-25,2019-04-09,61.272,61.9306,1.47,2.52,6.34,0.010748,0.007748,time_exit,False,15,10,1343265.07,10407.62,2019
PGEL,2019-03-25,2019-03-26,9.0626,8.7907,4.07,6.54,9.09,-0.03,-0.033,stopped_out,True,1,1,859689.65,-28369.76,2019
BERGEPAINT,2019-03-26,2019-04-10,258.9379,258.3575,1.31,1.93,2.63,-0.002242,-0.005242,time_exit,False,15,10,1079039.46,-5656.32,2019
TRENT,2019-03-26,2019-04-01,371.2918,359.2428,2.11,1.94,4.61,-0.032451,-0.035451,stopped_out_gap,False,6,3,863231.57,-30602.42,2019
J&KBANK,2019-04-01,2019-04-10,55.0017,57.7518,7.93,1.99,6.57,0.05,0.047,take_profit,False,9,7,857111.08,40284.22,2019
WELENT,2019-04-03,2019-04-09,102.9939,99.9041,0.57,1.89,3.62,-0.03,-0.033,stopped_out,True,6,4,855549.64,-28233.14,2019
MOTILALOFS,2019-04-08,2019-04-10,663.3609,643.46,3.05,3.29,7.83,-0.03,-0.033,stopped_out,True,2,2,885817.19,-29231.97,2019
OPTIEMUS,2019-04-09,2019-04-11,117.3881,113.8665,4.36,1.93,6.06,-0.03,-0.033,stopped_out,True,2,2,1144851.59,-37780.1,2019
WIPRO,2019-04-09,2019-04-15,125.7535,132.0412,3.47,2.45,3.91,0.05,0.047,take_profit,False,6,4,915881.27,43046.42,2019
TEJASNET,2019-04-10,2019-04-11,181.5163,190.5921,4.2,1.88,7.25,0.05,0.047,take_profit,False,1,1,1298177.75,61014.35,2019
PRAJIND,2019-04-10,2019-04-12,132.7177,128.7362,0.55,3.84,2.12,-0.03,-0.033,stopped_out,True,2,2,1038542.2,-34271.89,2019
CIPLA,2019-04-10,2019-04-23,518.1399,544.0469,1.37,2.1,2.8,0.05,0.047,take_profit,False,13,7,830833.76,39049.19,2019
MFSL,2019-04-11,2019-04-18,436.9684,458.8168,1.74,2.18,4.76,0.05,0.047,take_profit,False,7,4,1157919.73,54422.23,2019
BDL,2019-04-11,2019-04-15,140.4772,136.2629,3.67,13.35,5.32,-0.03,-0.033,stopped_out,True,4,2,926335.78,-30569.08,2019
OBEROIRLTY,2019-04-12,2019-04-18,572.6885,555.5079,0.74,1.82,3.18,-0.03,-0.033,stopped_out,True,6,3,941922.69,-31083.45,2019
LALPATHLAB,2019-04-15,2019-04-26,505.9823,490.8028,0.62,4.02,2.64,-0.03,-0.033,stopped_out,True,11,7,899581.62,-29686.19,2019
TATAELXSI,2019-04-15,2019-04-18,916.1863,888.7007,1.34,1.65,2.68,-0.03,-0.033,stopped_out,True,3,2,1124477.03,-37107.74,2019
GICRE,2019-04-18,2019-04-23,227.6185,220.7899,0.52,1.86,1.82,-0.03,-0.033,stopped_out,True,5,2,1361775.4,-44938.59,2019
SHILPAMED,2019-04-18,2019-04-23,198.0079,207.9083,0.91,2.9,6.19,0.05,0.047,take_profit,False,5,2,1089420.32,51202.75,2019
JPPOWER,2019-04-18,2019-04-22,2.4012,2.5213,4.17,2.73,9.09,0.05,0.047,take_profit,False,4,1,871536.25,40962.2,2019
JPPOWER,2019-04-22,2019-04-23,2.6013,2.8486,17.31,1.62,6.12,0.095058,0.092058,take_profit_gap,False,1,1,879728.69,80986.06,2019
M&MFIN,2019-04-23,2019-04-26,233.6702,226.6601,1.2,1.7,2.44,-0.03,-0.033,stopped_out,True,3,3,1561394.47,-51526.02,2019
SUPREMEIND,2019-04-23,2019-04-26,1092.1282,1059.3643,1.87,1.79,3.03,-0.03,-0.033,stopped_out,True,3,3,1249115.58,-41220.81,2019
MAHABANK,2019-04-23,2019-04-24,14.0558,14.7586,3.4,3.26,5.19,0.05,0.047,take_profit,False,1,1,999292.46,46966.75,2019
NAM-INDIA,2019-04-24,2019-04-25,171.1159,165.9824,4.32,5.23,9.17,-0.03,-0.033,stopped_out,True,1,1,1008685.81,-33286.63,2019
ONGC,2019-04-24,2019-05-10,112.326,110.6501,2.56,2.74,1.78,-0.01492,-0.01792,time_exit,False,16,10,806948.65,-14460.52,2019
IOB,2019-04-25,2019-04-30,15.0075,14.5573,2.0,1.61,2.74,-0.03,-0.033,stopped_out,True,5,2,840638.76,-27741.08,2019
SBILIFE,2019-04-26,2019-05-13,630.7615,611.8386,2.42,3.15,1.96,-0.03,-0.033,stopped_out,True,17,9,889627.35,-29357.7,2019
APLLTD,2019-04-26,2019-04-30,518.6154,503.057,1.35,8.04,6.14,-0.03,-0.033,stopped_out,True,4,1,1112034.19,-36697.13,2019
BPCL,2019-04-26,2019-05-06,116.2561,122.0689,2.72,1.59,3.7,0.05,0.047,take_profit,False,10,4,1390042.73,65332.01,2019
GREAVESCOT,2019-04-30,2019-05-08,143.1858,138.8902,2.17,2.53,1.72,-0.03,-0.033,stopped_out,True,8,5,1089348.83,-35948.51,2019
JSWSTEEL,2019-04-30,2019-05-06,284.5343,275.9983,1.46,1.92,4.7,-0.03,-0.033,stopped_out,True,6,3,871479.06,-28758.81,2019
DEEPAKNTR,2019-05-06,2019-05-08,276.8631,268.5572,2.31,9.59,3.94,-0.03,-0.033,stopped_out,True,2,2,1156802.25,-38174.47,2019
AAVAS,2019-05-06,2019-05-07,1343.8216,1411.0127,2.02,8.07,5.35,0.05,0.047,take_profit,False,1,1,925441.8,43495.76,2019
GRSE,2019-05-07,2019-05-09,96.6291,93.7302,1.0,3.06,3.64,-0.03,-0.033,stopped_out,True,2,2,934140.95,-30826.65,2019
DCMSHRIRAM,2019-05-08,2019-05-09,436.1748,457.9835,0.86,2.51,1.94,0.05,0.047,take_profit,False,1,1,1181718.38,55540.76,2019
SEQUENT,2019-05-08,2019-05-10,72.4733,70.2991,0.93,2.05,3.26,-0.03,-0.033,stopped_out,True,2,2,945374.7,-31197.37,2019
DCMSHRIRAM,2019-05-09,2019-05-13,451.2404,437.7032,3.08,4.12,3.17,-0.03,-0.033,stopped_out,True,4,2,1184414.45,-39085.68,2019
SBIN,2019-05-10,2019-05-20,284.3849,306.1887,1.4,3.18,2.07,0.07667,0.07367,take_profit_gap,False,10,6,1031091.72,75960.53,2019
DATAMATICS,2019-05-10,2019-05-13,101.687,98.6364,2.43,15.08,12.18,-0.03,-0.033,stopped_out,True,3,1,824873.38,-27220.82,2019
OBEROIRLTY,2019-05-10,2019-05-14,509.9943,494.6945,1.77,1.71,1.8,-0.03,-0.033,stopped_out,True,4,2,1288864.66,-42532.53,2019
TANLA,2019-05-14,2019-05-16,42.298,45.0976,2.08,2.39,4.73,0.066188,0.063188,take_profit_gap,False,2,2,1469815.32,92874.69,2019
TANLA,2019-05-14,2019-05-16,42.298,45.0976,4.41,2.39,4.73,0.066188,0.063188,take_profit_gap,False,2,2,1175852.26,74299.75,2019
ELGIEQUIP,2019-05-14,2019-05-15,130.1368,126.2327,0.78,2.5,5.98,-0.03,-0.033,stopped_out,True,1,1,940681.81,-31042.5,2019
SRF,2019-05-14,2019-05-15,507.7427,533.1298,3.78,7.09,4.05,0.05,0.047,take_profit,False,1,1,752545.45,35369.64,2019
TANLA,2019-05-15,2019-05-16,44.3965,43.0646,1.16,2.31,4.5,-0.03,-0.033,stopped_out,True,1,1,941547.23,-31071.06,2019
PIIND,2019-05-15,2019-05-16,1035.5064,1087.2817,2.49,1.79,1.78,0.05,0.047,take_profit,False,1,1,753237.79,35402.18,2019
TATACHEM,2019-05-16,2019-05-20,228.9613,240.4093,3.63,6.68,7.4,0.05,0.047,take_profit,False,4,2,1504981.86,70734.15,2019
VAIBHAVGBL,2019-05-16,2019-05-22,116.3755,112.8842,3.74,2.71,5.43,-0.03,-0.033,stopped_out,True,6,4,1203985.49,-39731.52,2019
DCMSHRIRAM,2019-05-16,2019-05-20,496.9855,529.0527,2.09,1.98,3.68,0.064524,0.061524,take_profit_gap,False,4,2,963188.39,59259.2,2019
BAJFINANCE,2019-05-16,2019-05-17,303.5703,318.7489,3.18,2.9,3.19,0.05,0.047,take_profit,False,1,1,770550.71,36215.88,2019
JUSTDIAL,2019-05-17,2019-05-20,625.3125,656.5781,2.99,2.72,5.75,0.05,0.047,take_profit,False,3,1,777793.89,36556.31,2019
DALBHARAT,2019-05-20,2019-05-24,1062.1955,1115.3053,2.18,2.65,2.95,0.05,0.047,take_profit,False,4,4,781387.94,36725.23,2019
TRITURBINE,2019-05-20,2019-05-21,114.6251,109.9224,1.45,10.31,13.99,-0.041026,-0.044026,stopped_out_gap,False,1,1,976734.93,-43001.73,2019
JAMNAAUTO,2019-05-20,2019-05-21,52.52,50.9444,2.67,5.68,10.66,-0.03,-0.033,stopped_out,True,1,1,1220918.66,-40290.32,2019
MUTHOOTFIN,2019-05-20,2019-05-27,556.6343,584.466,3.54,1.84,2.33,0.05,0.047,take_profit,False,7,5,1526148.32,71728.97,2019
BAJAJELEC,2019-05-21,2019-05-24,503.6599,488.5501,1.66,1.51,1.99,-0.03,-0.033,stopped_out,True,3,3,1047982.66,-34583.43,2019
EDELWEISS,2019-05-21,2019-05-23,84.7849,82.2414,2.88,1.64,4.27,-0.03,-0.033,stopped_out,True,2,2,838386.13,-27666.74,2019
GOKEX,2019-05-22,2019-05-23,93.6743,98.358,10.29,8.78,17.19,0.05,0.047,take_profit,False,1,1,903559.7,42467.31,2019
MIDHANI,2019-05-23,2019-05-27,126.8711,133.2147,3.02,3.46,3.2,0.05,0.047,take_profit,False,4,2,1074197.04,50487.26,2019
GRASIM,2019-05-23,2019-05-27,848.2732,890.6869,1.06,1.98,1.67,0.05,0.047,take_profit,False,4,2,859357.63,40389.81,2019
IRCON,2019-05-24,2019-05-28,31.0888,32.6432,0.52,2.68,2.04,0.05,0.047,take_profit,False,4,2,1053788.59,49528.06,2019
VAIBHAVGBL,2019-05-24,2019-05-27,120.0063,126.0066,2.5,1.98,4.22,0.05,0.047,take_profit,False,3,1,843030.87,39622.45,2019
NH,2019-05-27,2019-05-31,223.4099,234.5803,9.95,5.13,2.32,0.05,0.047,take_profit,False,4,4,1008266.99,47388.55,2019
ENGINERSIN,2019-05-27,2019-05-28,102.8367,99.7516,2.12,3.34,4.59,-0.03,-0.033,stopped_out,True,1,1,806613.59,-26618.25,2019
NH,2019-05-27,2019-05-31,223.4099,234.5803,8.74,5.13,2.32,0.05,0.047,take_profit,False,4,4,1575417.16,74044.61,2019
GPIL,2019-05-27,2019-05-28,60.3595,63.3775,3.24,1.9,5.02,0.05,0.047,take_profit,False,1,1,1260333.73,59235.69,2019
HFCL,2019-05-28,2019-05-29,21.9785,21.3192,2.32,1.73,2.76,-0.03,-0.033,stopped_out,True,1,1,1285867.15,-42433.62,2019
BSOFT,2019-05-28,2019-05-29,86.5879,83.9903,2.5,2.26,4.99,-0.03,-0.033,stopped_out,True,1,1,1028693.72,-33946.89,2019
JINDALSAW,2019-05-28,2019-05-29,40.552,39.3355,0.62,2.06,4.6,-0.03,-0.033,stopped_out,True,1,1,822954.98,-27157.51,2019
KEI,2019-05-29,2019-05-31,518.8378,503.2727,1.38,2.99,3.77,-0.03,-0.033,stopped_out,True,2,2,1265159.55,-41750.27,2019
PRICOLLTD,2019-05-29,2019-05-30,35.7668,37.5551,1.24,3.08,2.15,0.05,0.047,take_profit,False,1,1,1012127.64,47570.0,2019
GREAVESCOT,2019-05-29,2019-06-04,143.6712,150.8547,1.01,2.26,1.82,0.05,0.047,take_profit,False,6,4,809702.11,38056.0,2019
HGINFRA,2019-05-30,2019-06-03,297.5611,288.6343,1.43,6.89,3.89,-0.03,-0.033,stopped_out,True,4,2,859701.22,-28370.14,2019
SHRIRAMFIN,2019-05-31,2019-06-06,203.5119,197.4066,2.46,2.83,2.42,-0.03,-0.033,stopped_out,True,6,3,1473466.29,-48624.39,2019
EDELWEISS,2019-05-31,2019-06-06,95.2041,92.348,2.49,2.8,4.56,-0.03,-0.033,stopped_out,True,6,3,1178773.03,-38899.51,2019
EDELWEISS,2019-05-31,2019-06-06,95.2041,92.348,4.11,2.8,4.56,-0.03,-0.033,stopped_out,True,6,3,943018.43,-31119.61,2019
CESC,2019-06-03,2019-06-18,57.0408,56.0839,1.98,3.25,3.0,-0.016775,-0.019775,time_exit,False,15,10,920680.96,-18206.47,2019
RECLTD,2019-06-04,2019-06-11,67.2515,70.6141,1.41,1.62,2.38,0.05,0.047,take_profit,False,7,4,906096.39,42586.53,2019
COALINDIA,2019-06-06,2019-06-10,148.3466,143.8962,0.66,1.58,1.99,-0.03,-0.033,stopped_out,True,4,2,1136159.97,-37493.28,2019
PFC,2019-06-06,2019-06-17,67.8599,65.8241,1.04,2.36,1.58,-0.03,-0.033,stopped_out,True,11,7,1420199.96,-46866.6,2019
CHAMBLFERT,2019-06-07,2019-06-12,161.0943,156.2615,0.52,1.51,2.6,-0.03,-0.033,stopped_out,True,5,3,908927.97,-29994.62,2019
VAIBHAVGBL,2019-06-10,2019-06-11,142.4826,138.2081,2.68,15.98,8.45,-0.03,-0.033,stopped_out,True,1,1,946875.72,-31246.9,2019
NAVINFLUOR,2019-06-11,2019-06-12,725.6469,703.8775,0.65,2.24,3.76,-0.03,-0.033,stopped_out,True,1,1,1130362.92,-37301.98,2019
FINPIPE,2019-06-11,2019-06-18,91.3323,88.5923,0.87,2.9,5.16,-0.03,-0.033,stopped_out,True,7,5,904290.34,-29841.58,2019
ACE,2019-06-12,2019-06-14,101.0067,97.9765,1.15,1.77,1.91,-0.03,-0.033,stopped_out,True,2,2,1117831.13,-36888.43,2019
NEOGEN,2019-06-12,2019-06-13,357.9597,375.8577,14.06,6.23,16.08,0.05,0.047,take_profit,False,1,1,894264.9,42030.45,2019
GODREJPROP,2019-06-13,2019-06-20,921.4605,967.5335,0.82,1.91,3.75,0.05,0.047,take_profit,False,7,5,902670.99,42425.54,2019
HDFCAMC,2019-06-14,2019-06-18,866.623,840.6243,0.59,2.54,2.94,-0.03,-0.033,stopped_out,True,4,2,938325.33,-30964.74,2019
UCOBANK,2019-06-17,2019-06-19,18.4673,17.9133,1.06,2.67,2.17,-0.03,-0.033,stopped_out,True,2,2,1025326.94,-33835.79,2019
SRF,2019-06-18,2019-06-25,587.7089,570.0777,1.8,3.46,4.75,-0.03,-0.033,stopped_out,True,7,5,1085694.65,-35827.92,2019
REFEX,2019-06-18,2019-06-20,14.1086,15.5296,9.71,2.13,10.42,0.100719,0.097719,take_profit_gap,False,2,2,1357118.32,132616.24,2019
KOTAKBANK,2019-06-19,2019-07-03,298.3021,293.4676,1.5,1.7,1.68,-0.016207,-0.019207,time_exit,False,14,10,1066853.95,-20491.06,2019
TRENT,2019-06-19,2019-06-20,411.0165,398.686,0.6,2.54,4.72,-0.03,-0.033,stopped_out,True,1,1,853483.16,-28164.94,2019
TANLA,2019-06-21,2019-06-25,62.9107,66.1555,6.08,1.62,1.89,0.051579,0.048579,take_profit_gap,False,4,2,1334816.39,64844.05,2019
TANLA,2019-06-21,2019-06-25,62.9107,66.1555,5.45,1.62,1.89,0.051579,0.048579,take_profit_gap,False,4,2,1067853.11,51875.24,2019
NBCC,2019-06-24,2019-06-28,38.3772,37.2259,1.78,1.9,7.55,-0.03,-0.033,stopped_out,True,4,4,854282.49,-28191.32,2019
RECLTD,2019-06-25,2019-07-04,72.7936,76.4332,2.05,2.03,3.54,0.05,0.047,take_profit,False,9,7,1397277.1,65672.02,2019
MANAPPURAM,2019-06-25,2019-06-28,124.9029,121.1558,3.96,1.77,6.89,-0.03,-0.033,stopped_out,True,3,3,1117821.68,-36888.12,2019
VOLTAS,2019-06-25,2019-07-05,626.7999,607.9959,1.61,2.02,2.77,-0.03,-0.033,stopped_out,True,10,8,894257.34,-29510.49,2019
UNIONBANK,2019-06-28,2019-07-04,70.034,73.5357,2.53,3.15,3.51,0.05,0.047,take_profit,False,6,4,877448.66,41240.09,2019
APOLLOHOSP,2019-06-28,2019-07-05,1332.359,1292.3882,2.44,1.55,2.59,-0.03,-0.033,stopped_out,True,7,5,1096810.82,-36194.76,2019
BRIGADE,2019-07-03,2019-07-08,178.952,173.5834,1.49,1.51,4.03,-0.03,-0.033,stopped_out,True,5,3,911231.5,-30070.64,2019
MSTCLTD,2019-07-04,2019-07-08,79.2546,76.8769,4.84,5.02,10.16,-0.03,-0.033,stopped_out,True,4,2,1205312.77,-39775.32,2019
IOB,2019-07-04,2019-07-08,12.6563,12.2766,3.95,3.56,1.61,-0.03,-0.033,stopped_out,True,4,2,964250.22,-31820.26,2019
SEQUENT,2019-07-05,2019-07-11,69.6361,67.547,2.43,6.46,4.01,-0.03,-0.033,stopped_out,True,6,4,925178.21,-30530.88,2019
REFEX,2019-07-05,2019-07-08,18.989,18.4194,0.95,2.3,4.18,-0.03,-0.033,stopped_out,True,3,1,1156472.76,-38163.6,2019
RELIGARE,2019-07-08,2019-07-09,34.117,35.8229,13.64,8.52,21.35,0.05,0.047,take_profit,False,1,1,1559630.05,73302.61,2019
RELIGARE,2019-07-09,2019-07-10,37.5188,41.1294,10.13,3.84,9.97,0.096237,0.093237,take_profit_gap,False,1,1,1574290.57,146782.13,2019
ADANIGREEN,2019-07-09,2019-07-10,49.6248,48.1361,2.22,3.19,10.96,-0.03,-0.033,stopped_out,True,1,1,1259432.46,-41561.27,2019
TANLA,2019-07-10,2019-07-16,65.8487,63.8732,2.48,1.67,3.67,-0.03,-0.033,stopped_out,True,6,4,1595334.75,-52646.05,2019
PHOENIXLTD,2019-07-10,2019-07-15,320.5442,310.9279,0.94,5.67,2.21,-0.03,-0.033,stopped_out,True,5,3,1276267.8,-42116.84,2019
SUNPHARMA,2019-07-12,2019-07-16,378.9313,397.8779,3.26,1.97,1.8,0.05,0.047,take_profit,False,4,2,1199943.7,56397.35,2019
APOLLOHOSP,2019-07-12,2019-07-24,1336.3292,1296.2393,2.6,2.09,3.25,-0.03,-0.033,stopped_out,True,12,8,959954.96,-31678.51,2019
INTELLECT,2019-07-12,2019-07-17,276.0175,267.7369,4.69,4.5,5.81,-0.03,-0.033,stopped_out,True,5,3,767963.97,-25342.81,2019
GSPL,2019-07-15,2019-07-17,188.6054,198.0356,2.65,3.39,3.58,0.05,0.047,take_profit,False,2,2,861201.37,40476.46,2019
CREDITACC,2019-07-16,2019-07-19,526.8874,511.0808,4.69,5.27,1.82,-0.03,-0.033,stopped_out,True,3,3,1248767.05,-41209.31,2019
HDFCAMC,2019-07-16,2019-07-17,896.0385,940.8404,3.4,3.41,2.43,0.05,0.047,take_profit,False,1,1,999013.64,46953.64,2019
KOTAKBANK,2019-07-17,2019-07-22,305.7959,296.622,0.96,2.62,2.18,-0.03,-0.033,stopped_out,True,5,3,855849.06,-28243.02,2019
COLPAL,2019-07-17,2019-07-31,1008.1206,1026.6141,1.05,1.86,3.56,0.018345,0.015345,time_exit,False,14,10,1337264.16,20520.32,2019
HDFCAMC,2019-07-17,2019-07-18,934.3507,981.0682,2.47,3.81,1.84,0.05,0.047,take_profit,False,1,1,1069811.33,50281.13,2019
HDFCAMC,2019-07-18,2019-07-19,976.9399,1025.7869,2.91,3.17,5.07,0.05,0.047,take_profit,False,1,1,908697.74,42708.79,2019
EPL,2019-07-22,2019-08-05,115.3173,111.8578,1.25,1.55,1.77,-0.03,-0.033,stopped_out,True,14,10,1324272.26,-43700.98,2019
WABAG,2019-07-23,2019-07-30,309.8578,300.5621,1.9,2.06,6.37,-0.03,-0.033,stopped_out,True,7,5,1059417.81,-34960.79,2019
INDIGO,2019-07-24,2019-07-30,1588.1296,1540.4857,2.52,1.82,4.39,-0.03,-0.033,stopped_out,True,6,4,1033189.54,-34095.25,2019
ZEEL,2019-07-24,2019-07-26,359.294,377.2587,2.17,2.12,4.17,0.05,0.047,take_profit,False,2,2,826551.63,38847.93,2019
PCBL,2019-07-26,2019-07-29,52.8052,51.221,9.32,5.2,15.74,-0.03,-0.033,stopped_out,True,3,1,834321.21,-27532.6,2019
MPHASIS,2019-07-29,2019-07-31,821.0801,796.4477,0.51,1.94,2.87,-0.03,-0.033,stopped_out,True,2,2,828814.69,-27350.88,2019
VOLTAS,2019-08-01,2019-08-13,589.2502,571.5727,2.66,3.56,4.81,-0.03,-0.033,stopped_out,True,12,7,1499611.67,-49487.19,2019
AJANTPHARM,2019-08-02,2019-08-13,591.2797,573.5413,2.87,4.12,2.49,-0.03,-0.033,stopped_out,True,11,6,1199689.34,-39589.75,2019
ZYDUSWELL,2019-08-05,2019-08-08,298.9664,289.9974,3.58,2.1,6.01,-0.03,-0.033,stopped_out,True,3,3,778154.06,-25679.08,2019
BATAINDIA,2019-08-05,2019-08-07,1284.1359,1348.3427,2.7,3.58,4.4,0.05,0.047,take_profit,False,2,2,972692.58,45716.55,2019
NESTLEIND,2019-08-05,2019-08-09,536.1098,562.9153,1.41,2.49,1.6,0.05,0.047,take_profit,False,4,4,1215865.73,57145.69,2019
HINDUNILVR,2019-08-07,2019-08-22,1598.4773,1678.4012,1.15,1.96,1.9,0.05,0.047,take_profit,False,15,9,826205.08,38831.64,2019
HCLTECH,2019-08-08,2019-08-16,435.6192,422.5506,2.93,3.69,5.05,-0.03,-0.033,stopped_out,True,8,4,811459.06,-26778.15,2019
INFIBEAM,2019-08-09,2019-08-13,9.1489,8.8744,1.47,6.32,5.24,-0.03,-0.033,stopped_out,True,4,1,903769.53,-29824.39,2019
RELIANCE,2019-08-13,2019-08-23,570.5484,553.432,8.23,4.16,3.37,-0.03,-0.033,stopped_out,True,10,7,1419849.47,-46855.03,2019
GODFRYPHLP,2019-08-13,2019-08-14,249.9091,263.2473,11.54,7.16,7.68,0.053372,0.050372,take_profit_gap,False,1,1,1135879.57,57216.53,2019
ICIL,2019-08-13,2019-08-14,42.6659,41.3859,5.54,4.22,10.26,-0.03,-0.033,stopped_out,True,1,1,908703.66,-29987.22,2019
LALPATHLAB,2019-08-14,2019-08-16,530.5737,557.1024,0.97,6.42,2.76,0.05,0.047,take_profit,False,2,1,1141325.43,53642.3,2019
DIXON,2019-08-14,2019-08-19,468.7586,454.6958,8.45,2.74,15.67,-0.03,-0.033,stopped_out,True,5,2,913060.35,-30130.99,2019
APOLLOHOSP,2019-08-16,2019-08-23,1441.5592,1398.3124,1.09,5.15,7.74,-0.03,-0.033,stopped_out,True,7,5,1126378.01,-37170.47,2019
LALPATHLAB,2019-08-16,2019-08-23,557.6409,540.9116,3.87,4.06,5.14,-0.03,-0.033,stopped_out,True,7,5,901102.4,-29736.38,2019
THYROCARE,2019-08-19,2019-08-21,136.2727,132.1845,0.98,7.05,6.3,-0.03,-0.033,stopped_out,True,2,2,897467.79,-29616.44,2019
MFSL,2019-08-21,2019-08-28,448.1239,434.6802,1.23,2.23,3.7,-0.03,-0.033,stopped_out,True,7,5,891544.51,-29420.97,2019
ICICIGI,2019-08-23,2019-08-28,1133.5704,1190.2489,3.08,2.08,3.32,0.05,0.047,take_profit,False,5,3,1552956.55,72988.96,2019
PETRONET,2019-08-26,2019-08-27,184.0258,193.2271,1.69,1.66,2.76,0.05,0.047,take_profit,False,1,1,1242365.24,58391.17,2019
NAVINFLUOR,2019-08-26,2019-09-11,697.6814,709.1518,3.07,1.67,2.73,0.016441,0.013441,time_exit,False,16,10,993892.19,13358.9,2019
SUBROS,2019-08-26,2019-08-28,231.7673,224.8143,7.16,3.8,6.21,-0.03,-0.033,stopped_out,True,2,2,795113.75,-26238.75,2019
HDFCAMC,2019-08-27,2019-08-30,1085.6862,1139.9706,3.44,2.96,6.24,0.05,0.047,take_profit,False,3,3,896242.28,42123.39,2019
APOLLOHOSP,2019-08-28,2019-09-09,1491.356,1446.6153,1.65,1.59,2.89,-0.03,-0.033,stopped_out,True,12,7,1368382.63,-45156.63,2019
BRIGADE,2019-08-28,2019-08-29,196.3759,190.4846,1.56,3.43,5.45,-0.03,-0.033,stopped_out,True,1,1,1094706.11,-36125.3,2019
COFORGE,2019-08-28,2019-08-29,280.645,272.2257,0.75,2.59,5.79,-0.03,-0.033,stopped_out,True,1,1,875764.89,-28900.24,2019
MINDACORP,2019-08-29,2019-09-03,96.7222,93.8205,0.65,5.2,9.45,-0.03,-0.033,stopped_out,True,5,2,1081701.0,-35696.13,2019
SUNPHARMA,2019-08-29,2019-09-04,406.6044,394.4063,1.85,2.86,1.55,-0.03,-0.033,stopped_out,True,6,3,865360.8,-28556.91,2019
SPARC,2019-08-30,2019-09-03,160.03,155.2291,3.49,3.22,4.65,-0.03,-0.033,stopped_out,True,4,1,879961.77,-29038.74,2019
CGCL,2019-09-03,2019-09-04,163.206,158.3099,6.42,1.59,13.23,-0.03,-0.033,stopped_out,True,1,1,866684.0,-28600.57,2019
ANANTRAJ,2019-09-03,2019-09-04,13.1645,13.8227,1.55,2.38,3.37,0.05,0.047,take_profit,False,1,1,1083355.0,50917.68,2019
PURVA,2019-09-04,2019-09-05,64.2093,67.4198,9.6,3.62,16.33,0.05,0.047,take_profit,False,1,1,1255179.2,58993.42,2019
BEL,2019-09-04,2019-09-16,31.7481,33.3355,2.25,1.52,5.55,0.05,0.047,take_profit,False,12,7,1004143.36,47194.74,2019
ANANTRAJ,2019-09-04,2019-09-11,13.7368,14.4237,0.74,1.88,2.75,0.05,0.047,take_profit,False,7,4,803314.69,37755.79,2019
AVANTIFEED,2019-09-05,2019-09-06,308.683,324.1172,2.73,2.04,4.09,0.05,0.047,take_profit,False,1,1,905486.27,42557.85,2019
RECLTD,2019-09-06,2019-09-13,68.1563,66.1116,1.49,2.11,3.82,-0.03,-0.033,stopped_out,True,7,4,913997.85,-30161.93,2019
CDSL,2019-09-09,2019-09-11,93.7833,98.4725,1.76,1.59,3.57,0.05,0.047,take_profit,False,2,1,995843.48,46804.64,2019
GSFC,2019-09-11,2019-09-17,67.7321,71.1187,2.16,2.29,5.42,0.05,0.047,take_profit,False,6,4,1374868.72,64618.83,2019
ADANIPOWER,2019-09-11,2019-09-19,12.7564,12.3737,2.08,1.87,5.2,-0.03,-0.033,stopped_out,True,8,6,1099894.98,-36296.53,2019
ESCORTS,2019-09-11,2019-09-17,512.8846,497.4981,2.48,1.87,5.19,-0.03,-0.033,stopped_out,True,6,4,879915.98,-29037.23,2019
SCI,2019-09-13,2019-09-16,33.1044,34.7596,0.84,5.77,3.32,0.05,0.047,take_profit,False,3,1,880699.97,41392.9,2019
HAL,2019-09-16,2019-09-19,307.3757,322.7445,1.59,5.3,2.87,0.05,0.047,take_profit,False,3,3,1099246.17,51664.57,2019
JISLJALEQS,2019-09-16,2019-09-17,23.2616,22.5638,0.86,1.69,7.64,-0.03,-0.033,stopped_out,True,1,1,879396.93,-29020.1,2019
PCJEWELLER,2019-09-17,2019-09-18,4.1221,4.3282,7.41,4.98,8.99,0.05,0.047,take_profit,False,1,1,1331666.18,62588.31,2019
PCJEWELLER,2019-09-17,2019-09-18,4.1221,4.3282,9.83,4.98,8.99,0.05,0.047,take_profit,False,1,1,1065332.94,50070.65,2019
SHARDACROP,2019-09-17,2019-09-19,282.1488,273.4597,0.84,2.55,1.94,-0.030796,-0.033796,stopped_out_gap,False,2,2,852266.35,-28803.19,2019
ICIL,2019-09-18,2019-09-20,47.2491,45.8316,1.6,4.8,4.93,-0.03,-0.033,stopped_out,True,2,2,1183744.7,-39063.57,2019
GRSE,2019-09-18,2019-09-19,137.4491,133.3256,3.29,4.94,9.45,-0.03,-0.033,stopped_out,True,1,1,946995.76,-31250.86,2019
HAL,2019-09-19,2019-09-30,313.9201,304.5025,0.62,9.68,2.74,-0.03,-0.033,stopped_out,True,11,7,1548340.05,-51095.22,2019
THYROCARE,2019-09-19,2019-09-20,144.4121,151.6327,2.91,1.74,3.47,0.05,0.047,take_profit,False,1,1,1238672.04,58217.59,2019
MARUTI,2019-09-20,2019-09-23,6264.7802,6578.0193,7.6,2.85,9.59,0.05,0.047,take_profit,False,3,1,946721.14,44495.89,2019
FEDERALBNK,2019-09-20,2019-09-23,90.6617,87.9419,6.96,2.6,12.79,-0.03,-0.033,stopped_out,True,3,1,757376.91,-24993.44,2019
PRESTIGE,2019-09-20,2019-09-24,296.5007,287.6057,1.06,2.0,4.28,-0.03,-0.033,stopped_out,True,4,2,1479251.78,-48815.31,2019
INDUSTOWER,2019-09-20,2019-09-23,217.3014,228.1664,2.24,2.58,3.47,0.05,0.047,take_profit,False,3,1,1183401.43,55619.87,2019
JMFINANCIL,2019-09-23,2019-09-26,72.2778,75.8917,5.12,2.44,7.63,0.05,0.047,take_profit,False,3,3,1198425.89,56326.02,2019
ACE,2019-09-23,2019-09-25,69.4657,72.939,1.64,2.39,2.98,0.05,0.047,take_profit,False,2,2,958740.71,45060.81,2019
ESCORTS,2019-09-23,2019-09-24,605.8553,587.6796,3.31,1.71,7.0,-0.03,-0.033,stopped_out,True,1,1,766992.57,-25310.75,2019
IDBI,2019-09-24,2019-09-25,32.2878,31.3192,1.94,1.92,10.71,-0.03,-0.033,stopped_out,True,1,1,1048017.71,-34584.58,2019
DEEPAKFERT,2019-09-24,2019-09-25,96.652,93.7524,5.34,6.38,13.38,-0.03,-0.033,stopped_out,True,1,1,838414.17,-27667.67,2019
JSL,2019-09-25,2019-09-26,35.466,37.2393,0.97,4.1,3.3,0.05,0.047,take_profit,False,1,1,1236327.57,58107.4,2019
JKPAPER,2019-09-25,2019-09-26,123.5137,129.6894,5.28,1.54,4.63,0.05,0.047,take_profit,False,1,1,989062.06,46485.92,2019
IDBI,2019-09-25,2019-09-26,34.939,33.8908,1.22,2.88,10.15,-0.03,-0.033,stopped_out,True,1,1,791249.64,-26111.24,2019
DEEPAKNTR,2019-09-26,2019-09-30,304.8357,295.6907,0.59,2.14,4.68,-0.03,-0.033,stopped_out,True,4,2,769522.88,-25394.25,2019
SCI,2019-09-26,2019-09-27,39.2999,41.2649,0.82,4.64,7.05,0.05,0.047,take_profit,False,1,1,961903.59,45209.47,2019
GODREJPROP,2019-09-26,2019-09-27,1094.0468,1061.2253,2.11,2.75,7.95,-0.03,-0.033,stopped_out,True,1,1,1502974.37,-49598.15,2019
GESHIP,2019-09-26,2019-10-07,220.6048,231.6351,0.54,2.99,2.05,0.05,0.047,take_profit,False,11,6,1202379.49,56511.84,2019
MANAPPURAM,2019-09-27,2019-10-01,127.4418,123.6186,2.34,2.33,5.48,-0.03,-0.033,stopped_out,True,4,2,1107716.16,-36554.63,2019
PGIL,2019-09-27,2019-10-01,79.9282,77.5304,0.89,4.0,7.64,-0.03,-0.033,stopped_out,True,4,2,886172.92,-29243.71,2019
HDFCLIFE,2019-09-30,2019-10-03,592.3838,574.6122,0.79,1.67,2.76,-0.03,-0.033,stopped_out,True,3,2,1157213.03,-38188.03,2019
HDFCLIFE,2019-09-30,2019-10-03,592.3838,574.6122,1.37,1.67,2.76,-0.03,-0.033,stopped_out,True,3,2,925770.42,-30550.42,2019
NMDC,2019-10-01,2019-10-07,15.8527,15.3771,3.27,3.18,8.68,-0.03,-0.033,stopped_out,True,6,3,1126234.49,-37165.74,2019
RELIGARE,2019-10-01,2019-10-04,38.2191,42.0789,7.33,2.62,3.24,0.100993,0.097993,take_profit_gap,False,3,2,900987.59,88290.48,2019
ADANIGREEN,2019-10-03,2019-10-04,61.2306,64.2921,3.1,1.84,7.94,0.05,0.047,take_profit,False,1,1,1123639.07,52811.04,2019
NHPC,2019-10-04,2019-10-10,16.8671,16.3611,2.21,1.6,2.95,-0.03,-0.033,stopped_out,True,6,3,852516.41,-28133.04,2019
NAUKRI,2019-10-04,2019-10-07,445.08,467.334,3.49,1.99,6.32,0.05,0.047,take_profit,False,3,1,1332056.89,62606.67,2019
NAUKRI,2019-10-04,2019-10-07,445.08,467.334,2.74,1.99,6.32,0.05,0.047,take_profit,False,3,1,1065645.51,50085.34,2019
ADANIGREEN,2019-10-07,2019-10-09,68.084,71.4882,2.2,2.01,3.97,0.05,0.047,take_profit,False,2,1,1058357.78,49742.82,2019
JBMA,2019-10-07,2019-10-09,36.9864,35.8768,1.79,1.61,9.13,-0.03,-0.033,stopped_out,True,2,1,846686.22,-27940.65,2019
SHRIRAMFIN,2019-10-07,2019-10-09,186.8665,196.2098,0.77,1.54,5.24,0.05,0.047,take_profit,False,2,1,1653684.03,77723.15,2019
WHIRLPOOL,2019-10-07,2019-10-10,1963.4113,2061.5818,0.8,2.14,2.89,0.05,0.047,take_profit,False,3,2,1322947.22,62178.52,2019
AFFLE,2019-10-09,2019-10-10,246.9434,239.5351,2.54,1.76,10.59,-0.03,-0.033,stopped_out,True,1,1,901759.77,-29758.07,2019
JBMA,2019-10-09,2019-10-10,44.1609,46.369,11.36,5.51,18.61,0.05,0.047,take_profit,False,1,1,1408999.65,66222.98,2019
BRITANNIA,2019-10-09,2019-10-17,2733.8289,2870.5203,1.05,1.65,2.92,0.05,0.047,take_profit,False,8,6,1127199.72,52978.39,2019
IGL,2019-10-10,2019-10-25,165.339,168.0484,2.04,1.87,2.01,0.016387,0.013387,time_exit,False,15,10,1632754.51,21857.68,2019
IGL,2019-10-10,2019-10-25,165.339,168.0484,2.93,1.87,2.01,0.016387,0.013387,time_exit,False,15,10,1306203.61,17486.15,2019
BHARTIARTL,2019-10-10,2019-10-14,360.7994,378.8394,3.11,5.21,3.95,0.05,0.047,take_profit,False,4,2,1044962.89,49113.26,2019
BANDHANBNK,2019-10-10,2019-10-11,493.55,521.7165,10.2,2.92,5.11,0.057069,0.054069,take_profit_gap,False,1,1,835970.31,45200.08,2019
BIOCON,2019-10-11,2019-10-15,245.2267,257.4881,1.85,2.27,2.42,0.05,0.047,take_profit,False,4,2,845010.32,39715.49,2019
BBTC,2019-10-14,2019-10-23,1134.818,1191.5589,1.05,1.9,3.32,0.05,0.047,take_profit,False,9,6,894823.49,42056.7,2019
POLYCAB,2019-10-15,2019-10-22,681.0836,715.1378,4.49,2.61,4.44,0.05,0.047,take_profit,False,7,4,892803.95,41961.79,2019
EMAMILTD,2019-10-17,2019-10-22,301.9998,292.9398,4.08,4.07,6.99,-0.03,-0.033,stopped_out,True,5,2,950278.78,-31359.2,2019
POLYCAB,2019-10-22,2019-10-23,725.2457,761.508,3.07,2.47,3.2,0.05,0.047,take_profit,False,1,1,904768.07,42524.1,2019
JUBLFOOD,2019-10-22,2019-10-23,282.0531,296.1557,5.81,3.1,5.3,0.05,0.047,take_profit,False,1,1,1130960.09,53155.12,2019
AFFLE,2019-10-23,2019-10-24,279.6398,271.2506,0.71,4.61,12.25,-0.03,-0.033,stopped_out,True,1,1,1337471.97,-44136.58,2019
IRB,2019-10-23,2019-10-24,7.5862,7.3586,6.42,4.73,12.57,-0.03,-0.033,stopped_out,True,1,1,1069977.58,-35309.26,2019
HCLTECH,2019-10-23,2019-10-24,439.2002,462.7795,1.33,1.91,2.35,0.053687,0.050687,take_profit_gap,False,1,1,855982.06,43387.16,2019
PIIND,2019-10-24,2019-10-25,1402.9581,1360.8693,0.7,3.12,3.38,-0.03,-0.033,stopped_out,True,1,1,1330260.24,-43898.59,2019
TATAELXSI,2019-10-24,2019-10-29,709.5547,745.0325,2.91,2.31,5.6,0.05,0.047,take_profit,False,5,3,1064208.19,50017.78,2019
POLYCAB,2019-10-24,2019-10-30,798.93,838.8765,1.69,5.68,2.7,0.05,0.047,take_profit,False,6,4,851366.55,40014.23,2019
SUDARSCHEM,2019-10-25,2019-10-29,378.5801,397.5091,4.52,4.81,5.69,0.05,0.047,take_profit,False,4,2,1534025.96,72099.22,2019
KPRMILL,2019-10-25,2019-10-29,126.1311,132.4376,2.13,1.62,2.42,0.05,0.047,take_profit,False,4,2,1227220.77,57679.38,2019
NAVINFLUOR,2019-10-25,2019-10-27,827.4246,868.7958,2.74,4.09,2.07,0.05,0.047,take_profit,False,2,1,981776.62,46143.5,2019
GRSE,2019-10-27,2019-10-29,179.5572,188.5351,2.19,1.96,5.19,0.05,0.047,take_profit,False,2,1,991005.32,46577.25,2019
MIDHANI,2019-10-29,2019-10-30,142.8165,138.532,7.3,8.34,5.96,-0.03,-0.033,stopped_out,True,1,1,1152877.46,-38044.96,2019
PETRONET,2019-10-29,2019-10-30,208.8244,219.2656,2.08,1.9,2.05,0.05,0.047,take_profit,False,1,1,922301.97,43348.19,2019
SARDAEN,2019-10-29,2019-10-30,15.8153,16.6061,6.57,2.09,5.4,0.05,0.047,take_profit,False,1,1,1801371.03,84664.44,2019
SCI,2019-10-29,2019-10-30,54.6499,57.5052,11.68,2.04,9.85,0.052247,0.049247,take_profit_gap,False,1,1,1441096.82,70969.7,2019
MINDACORP,2019-10-30,2019-11-04,97.4292,94.5063,5.51,8.21,11.07,-0.03,-0.033,stopped_out,True,5,3,2011834.66,-66390.54,2019
ITI,2019-10-30,2019-10-31,96.3482,93.4577,4.1,6.58,4.67,-0.03,-0.033,stopped_out,True,1,1,1609467.73,-53112.43,2019
NFL,2019-10-30,2019-11-06,25.6408,24.8716,3.15,1.9,1.6,-0.03,-0.033,stopped_out,True,7,5,1287574.18,-42489.95,2019
VGUARD,2019-10-30,2019-11-07,243.1605,235.8657,1.98,3.37,6.28,-0.03,-0.033,stopped_out,True,8,6,1030059.34,-33991.96,2019
SCHNEIDER,2019-10-30,2019-11-04,75.5878,79.3672,3.18,2.47,2.86,0.05,0.047,take_profit,False,5,3,824047.48,38730.23,2019
TIINDIA,2019-10-31,2019-11-01,392.1526,411.7602,5.52,8.85,9.96,0.05,0.047,take_profit,False,1,1,970509.04,45613.92,2019
IFCI,2019-11-01,2019-11-04,8.7544,9.3453,9.14,6.11,20.69,0.067503,0.064503,take_profit_gap,False,3,1,979631.82,63189.19,2019
BIOCON,2019-11-04,2019-11-05,261.0733,253.2411,2.18,1.78,6.94,-0.03,-0.033,stopped_out,True,1,1,1553914.03,-51279.16,2019
SAREGAMA,2019-11-04,2019-11-05,37.8634,36.7275,7.25,3.35,8.3,-0.03,-0.033,stopped_out,True,1,1,1243131.22,-41023.33,2019
ALLCARGO,2019-11-04,2019-11-05,24.6669,23.9269,0.77,7.09,4.6,-0.03,-0.033,stopped_out,True,1,1,994504.98,-32818.66,2019
RELIGARE,2019-11-05,2019-11-07,52.3762,55.972,5.16,2.08,1.85,0.068654,0.065654,take_profit_gap,False,2,2,978489.47,64241.75,2019
DABUR,2019-11-05,2019-11-13,452.3797,438.8083,1.15,5.06,4.86,-0.03,-0.033,stopped_out,True,8,5,1223111.84,-40362.69,2019
AKZOINDIA,2019-11-05,2019-11-08,1828.4753,1773.621,2.33,2.01,3.01,-0.03,-0.033,stopped_out,True,3,3,1528889.79,-50453.36,2019
AVANTIFEED,2019-11-06,2019-11-07,453.4697,476.1432,4.87,3.47,5.15,0.05,0.047,take_profit,False,1,1,1031808.42,48495.0,2019
JBCHEPHARM,2019-11-07,2019-11-13,177.6428,189.9784,2.56,3.95,1.84,0.069441,0.066441,take_profit_gap,False,6,3,1449267.14,96290.76,2019
IPCALAB,2019-11-07,2019-11-11,520.2525,546.2651,2.82,3.87,5.27,0.05,0.047,take_profit,False,4,2,1159413.71,54492.44,2019
JMFINANCIL,2019-11-07,2019-11-08,79.8086,77.4143,3.41,5.84,7.89,-0.03,-0.033,stopped_out,True,1,1,927530.97,-30608.52,2019
DLF,2019-11-08,2019-11-13,194.1678,203.8762,0.94,3.54,3.62,0.05,0.047,take_profit,False,5,2,1217096.55,57203.54,2019
DLF,2019-11-08,2019-11-13,194.1678,203.8762,0.62,3.54,3.62,0.05,0.047,take_profit,False,5,2,973677.24,45762.83,2019
NEOGEN,2019-11-11,2019-11-14,388.577,376.9197,0.82,2.63,4.08,-0.03,-0.033,stopped_out,True,3,2,1021723.02,-33716.86,2019
AUBANK,2019-11-13,2019-11-14,402.2653,390.1974,6.89,7.14,12.24,-0.03,-0.033,stopped_out,True,1,1,932755.38,-30780.93,2019
MGL,2019-11-13,2019-11-19,850.1865,892.6959,2.59,5.33,2.35,0.05,0.047,take_profit,False,6,4,1821787.86,85624.03,2019
HGINFRA,2019-11-13,2019-11-14,221.3102,232.3757,12.07,4.71,12.01,0.05,0.047,take_profit,False,1,1,1457430.29,68499.22,2019
APLAPOLLO,2019-11-13,2019-11-22,147.917,155.3129,1.33,2.54,4.81,0.05,0.047,take_profit,False,9,7,1165944.23,54799.38,2019
PERSISTENT,2019-11-14,2019-11-15,312.7874,303.4037,0.92,3.09,6.97,-0.03,-0.033,stopped_out,True,1,1,914807.25,-30188.64,2019
MUTHOOTFIN,2019-11-14,2019-11-20,640.7982,621.5743,3.89,6.8,4.79,-0.03,-0.033,stopped_out,True,6,4,1429386.33,-47169.75,2019
DIXON,2019-11-14,2019-11-20,650.7263,631.2045,5.4,8.57,6.64,-0.03,-0.033,stopped_out,True,6,4,1143509.07,-37735.8,2019
CHOLAFIN,2019-11-15,2019-11-20,323.1983,313.5023,4.53,2.76,5.89,-0.03,-0.033,stopped_out,True,5,3,908769.53,-29989.39,2019
CASTROLIND,2019-11-19,2019-11-22,115.2329,111.7759,3.68,2.03,5.71,-0.03,-0.033,stopped_out,True,3,3,1108498.0,-36580.43,2019
ADVENZYMES,2019-11-20,2019-11-22,168.2442,163.1969,4.6,2.79,9.46,-0.03,-0.033,stopped_out,True,2,2,1560152.4,-51485.03,2019
MFSL,2019-11-20,2019-12-04,507.1034,515.0923,1.08,1.51,3.84,0.015754,0.012754,time_exit,False,14,10,1248121.92,15918.55,2019
INDUSINDBK,2019-11-20,2019-11-28,1419.6186,1490.5996,1.59,1.58,4.8,0.05,0.047,take_profit,False,8,6,998497.53,46929.38,2019
EXIDEIND,2019-11-22,2019-12-04,183.0142,177.5238,0.57,1.71,2.85,-0.03,-0.033,stopped_out,True,12,8,1559063.74,-51449.1,2019
ECLERX,2019-11-22,2019-11-25,333.9324,350.629,16.9,13.42,19.59,0.05,0.047,take_profit,False,3,1,1247250.99,58620.8,2019
GRAPHITE,2019-11-22,2019-11-27,284.1042,298.3094,1.49,2.25,4.24,0.05,0.047,take_profit,False,5,3,997800.79,46896.64,2019
TIPSMUSIC,2019-11-25,2019-11-26,8.641,9.0731,18.36,15.44,16.07,0.05,0.047,take_profit,False,1,1,1059414.99,49792.5,2019
ICICIBANK,2019-11-26,2019-12-05,494.1897,518.8991,0.84,7.41,1.77,0.05,0.047,take_profit,False,9,7,1069373.49,50260.55,2019
PIIND,2019-11-27,2019-12-11,1448.7334,1460.1546,2.45,2.51,4.88,0.007884,0.004884,time_exit,False,14,10,1064438.28,5198.72,2019
IDBI,2019-11-28,2019-12-02,36.0279,34.947,1.71,2.37,2.56,-0.03,-0.033,stopped_out,True,4,2,1060636.01,-35000.99,2019
PRESTIGE,2019-12-02,2019-12-03,316.6008,332.4309,4.48,1.74,6.11,0.05,0.047,take_profit,False,1,1,1053635.81,49520.88,2019
POLYCAB,2019-12-03,2019-12-05,938.1328,985.0394,3.69,1.71,3.39,0.05,0.047,take_profit,False,2,2,1063539.98,49986.38,2019
BLUEDART,2019-12-04,2019-12-06,2252.273,2184.7048,7.41,2.68,10.8,-0.03,-0.033,stopped_out,True,2,2,1405163.01,-46370.38,2019
APOLLOHOSP,2019-12-04,2019-12-09,1447.0148,1403.6043,1.88,1.69,4.72,-0.03,-0.033,stopped_out,True,5,3,1124130.41,-37096.3,2019
TRIVENI,2019-12-05,2019-12-06,60.724,58.9023,0.53,2.58,4.22,-0.03,-0.033,stopped_out,True,1,1,1345936.41,-44415.9,2019
JKPAPER,2019-12-05,2019-12-10,110.0169,106.7164,1.07,1.52,1.81,-0.03,-0.033,stopped_out,True,5,3,1076749.12,-35532.72,2019
PATELENG,2019-12-06,2019-12-10,13.3858,12.9842,4.42,5.46,3.16,-0.03,-0.033,stopped_out,True,4,2,1393461.93,-45984.24,2019
ERIS,2019-12-06,2019-12-11,457.2022,443.4861,6.11,3.92,6.36,-0.03,-0.033,stopped_out,True,5,3,1114769.54,-36787.39,2019
TANLA,2019-12-09,2019-12-11,64.3549,62.4243,3.6,1.56,3.79,-0.03,-0.033,stopped_out,True,2,2,1109222.45,-36604.34,2019
JBCHEPHARM,2019-12-10,2019-12-24,196.6643,198.2121,1.66,6.85,4.49,0.00787,0.00487,time_exit,False,14,10,1365116.78,6648.12,2019
IPCALAB,2019-12-11,2019-12-26,558.8359,563.6302,0.99,1.59,7.02,0.008579,0.005579,time_exit,False,15,10,888904.13,4959.2,2019
DIACABS,2019-12-11,2019-12-13,6.5032,5.997,7.69,1.52,8.33,-0.077846,-0.080846,stopped_out_gap,False,2,2,1111130.16,-89830.43,2019
PGEL,2019-12-11,2019-12-12,4.1339,4.3495,7.38,5.29,21.62,0.052152,0.049152,take_profit_gap,False,1,1,1736140.87,85334.8,2019
AFFLE,2019-12-11,2019-12-12,288.5342,302.9609,1.86,1.86,6.49,0.05,0.047,take_profit,False,1,1,1388912.7,65278.9,2019
DEEPAKNTR,2019-12-12,2019-12-26,346.3799,363.6989,2.32,3.12,4.14,0.05,0.047,take_profit,False,14,9,1366256.76,64214.07,2019
NAVINFLUOR,2019-12-12,2019-12-16,890.0754,934.5792,2.49,2.34,2.47,0.05,0.047,take_profit,False,4,2,1093005.4,51371.25,2019
BHARATFORG,2019-12-13,2019-12-17,446.5039,468.8291,1.66,1.83,3.0,0.05,0.047,take_profit,False,4,2,1078664.27,50697.22,2019
JKPAPER,2019-12-16,2019-12-17,111.5264,117.1027,4.9,1.7,3.84,0.05,0.047,take_profit,False,1,1,1091806.75,51314.92,2019
TCS,2019-12-17,2020-01-01,1864.7642,1865.1806,0.79,1.52,1.81,0.000223,-0.002777,time_exit,False,15,10,1327942.03,-3687.7,2020
SARDAEN,2019-12-17,2019-12-18,17.3644,18.2327,1.04,1.62,3.61,0.05,0.047,take_profit,False,1,1,1062353.62,49930.62,2019
CDSL,2019-12-18,2020-01-02,106.5848,111.9141,1.1,1.6,1.6,0.05,0.047,take_profit,False,15,10,1072339.75,50399.97,2020
ATGL,2019-12-24,2020-01-01,156.4574,164.2803,2.07,2.23,4.6,0.05,0.047,take_profit,False,8,5,1132224.78,53214.56,2020
SUNFLAG,2019-12-26,2019-12-27,30.5284,32.0548,2.94,2.22,3.9,0.05,0.047,take_profit,False,1,1,1370646.65,64420.39,2019
BANCOINDIA,2019-12-26,2019-12-30,32.5456,34.1729,4.79,5.58,7.66,0.05,0.047,take_profit,False,4,2,1096517.32,51536.31,2019
LICHSGFIN,2019-12-27,2020-01-06,392.8382,381.0531,1.46,1.7,3.5,-0.03,-0.033,stopped_out,True,10,6,1164227.27,-38419.5,2020
AMBER,2019-12-30,2020-01-08,1132.1776,1188.7865,0.75,2.69,3.68,0.05,0.047,take_profit,False,9,7,1160992.54,54566.65,2020
MOTILALOFS,2020-01-01,2020-01-02,791.1554,767.4207,1.6,1.98,7.57,-0.03,-0.033,stopped_out,True,1,1,1430732.77,-47214.18,2020
JINDALSAW,2020-01-01,2020-01-02,38.6551,37.4954,1.16,11.51,16.25,-0.03,-0.033,stopped_out,True,1,1,1144586.21,-37771.35,2020
KNRCON,2020-01-02,2020-01-06,131.0915,127.1587,2.18,2.63,3.09,-0.03,-0.033,stopped_out,True,4,2,1310626.88,-43250.69,2020
JKLAKSHMI,2020-01-02,2020-01-08,289.5383,304.0152,0.99,4.46,4.8,0.05,0.047,take_profit,False,6,4,1048501.51,49279.57,2020
DEEPAKFERT,2020-01-02,2020-01-06,90.0978,87.3949,1.15,2.17,3.61,-0.03,-0.033,stopped_out,True,4,2,1638283.6,-54063.36,2020
SUZLON,2020-01-06,2020-01-07,2.9398,3.1663,23.44,5.95,8.47,0.077048,0.074048,take_profit_gap,False,1,1,1307425.64,96812.25,2020
AARTIIND,2020-01-06,2020-01-07,420.0031,441.0032,1.78,1.53,2.24,0.05,0.047,take_profit,False,1,1,1045940.51,49159.2,2020
SUZLON,2020-01-06,2020-01-07,2.9398,3.1663,16.67,5.95,8.47,0.077048,0.074048,take_profit_gap,False,1,1,1634282.05,121015.32,2020
KITEX,2020-01-07,2020-01-08,37.2794,39.1434,1.07,2.22,5.73,0.05,0.047,take_profit,False,1,1,1080114.82,50765.4,2020
BBTC,2020-01-07,2020-01-16,1099.7466,1154.734,3.18,2.45,4.67,0.05,0.047,take_profit,False,9,7,1350143.52,63456.75,2020
RAMCOCEM,2020-01-07,2020-01-13,775.1794,813.9384,1.77,5.73,4.46,0.05,0.047,take_profit,False,6,4,1687679.4,79320.93,2020
MAHSEAMLES,2020-01-08,2020-01-14,192.8242,202.4654,2.86,6.02,4.47,0.05,0.047,take_profit,False,6,4,1552935.95,72987.99,2020
HSCL,2020-01-08,2020-01-14,66.695,70.0297,1.7,3.61,3.21,0.05,0.047,take_profit,False,6,4,1242348.76,58390.39,2020
KITEX,2020-01-08,2020-01-14,40.4528,39.2392,4.16,6.49,11.34,-0.03,-0.033,stopped_out,True,6,4,993879.01,-32798.01,2020
PTC,2020-01-13,2020-01-21,40.8574,39.6317,4.01,9.48,5.5,-0.03,-0.033,stopped_out,True,8,6,1148503.27,-37900.61,2020
VGUARD,2020-01-14,2020-01-28,219.2295,219.5946,1.56,2.83,2.98,0.001666,-0.001334,time_exit,False,14,10,1696351.44,-2262.93,2020
SEQUENT,2020-01-14,2020-01-15,83.9576,81.4389,2.68,5.35,7.82,-0.03,-0.033,stopped_out,True,1,1,1357081.15,-44783.68,2020
KPITTECH,2020-01-14,2020-01-15,94.0488,98.7512,4.59,4.91,5.32,0.05,0.047,take_profit,False,1,1,1085664.92,51026.25,2020
BEML,2020-01-15,2020-01-20,410.6731,398.3529,2.72,2.59,2.27,-0.03,-0.033,stopped_out,True,5,3,1358329.66,-44824.88,2020
PRAJIND,2020-01-15,2020-01-16,110.9629,116.511,3.88,2.05,4.48,0.05,0.047,take_profit,False,1,1,1086663.73,51073.2,2020
SUNTV,2020-01-16,2020-01-24,397.1377,416.9946,1.87,1.81,3.92,0.05,0.047,take_profit,False,8,6,1103678.74,51872.9,2020
MFSL,2020-01-16,2020-01-21,529.0144,513.1439,0.77,1.87,2.85,-0.03,-0.033,stopped_out,True,5,3,1379598.42,-45526.75,2020
JUBLPHARMA,2020-01-20,2020-01-21,427.8559,449.2487,2.76,3.64,5.56,0.05,0.047,take_profit,False,1,1,1145643.95,53845.27,2020
CANFINHOME,2020-01-21,2020-01-22,441.5651,428.3181,10.8,12.87,16.48,-0.03,-0.033,stopped_out,True,1,1,1645347.87,-54296.48,2020
FORTIS,2020-01-21,2020-01-23,145.3076,152.573,1.47,3.51,2.89,0.05,0.047,take_profit,False,2,2,1316278.3,61865.08,2020
HAL,2020-01-21,2020-01-23,368.19,357.1443,3.02,3.36,8.54,-0.03,-0.033,stopped_out,True,2,2,1053022.64,-34749.75,2020
SFL,2020-01-22,2020-01-28,743.8968,721.5799,1.61,1.61,4.65,-0.03,-0.033,stopped_out,True,6,4,1160628.39,-38300.74,2020
AUBANK,2020-01-23,2020-01-24,485.0927,509.3473,7.45,6.27,6.98,0.05,0.047,take_profit,False,1,1,1407785.96,66165.94,2020
ENDURANCE,2020-01-23,2020-01-24,1088.9051,1143.3504,3.54,1.8,2.81,0.05,0.047,take_profit,False,1,1,1126228.77,52932.75,2020
RADICO,2020-01-24,2020-01-28,374.2409,392.953,1.45,2.36,6.9,0.05,0.047,take_profit,False,4,2,1662716.03,78147.65,2020
GNFC,2020-01-24,2020-01-28,176.4062,171.114,0.77,1.89,1.95,-0.03,-0.033,stopped_out,True,4,2,1330172.82,-43895.7,2020
NAUKRI,2020-01-24,2020-01-29,531.4229,557.994,2.48,3.74,4.0,0.05,0.047,take_profit,False,5,3,1064138.26,50014.5,2020
NAUKRI,2020-01-28,2020-01-31,542.6673,569.8007,1.08,1.95,2.38,0.05,0.047,take_profit,False,3,3,1034251.26,48609.81,2020
AARTIIND,2020-01-28,2020-01-29,442.7709,464.9095,4.91,1.51,4.32,0.05,0.047,take_profit,False,1,1,1292814.08,60762.26,2020
ASTRAL,2020-01-28,2020-01-29,684.5565,664.0198,0.9,3.92,6.44,-0.03,-0.033,stopped_out,True,1,1,1616017.6,-53328.58,2020
SRF,2020-01-28,2020-02-04,736.9729,714.8637,1.02,1.85,2.04,-0.03,-0.033,stopped_out,True,7,5,2020022.0,-66660.73,2020
CCL,2020-01-29,2020-01-30,193.9396,203.6366,2.57,14.39,2.46,0.05,0.047,take_profit,False,1,1,1633484.63,76773.78,2020
SOLARINDS,2020-01-29,2020-02-11,1254.0083,1216.388,3.13,5.17,2.24,-0.03,-0.033,stopped_out,True,13,9,1306787.71,-43123.99,2020
AFFLE,2020-01-29,2020-01-30,338.5892,328.4315,0.56,6.1,4.71,-0.03,-0.033,stopped_out,True,1,1,1045430.17,-34499.2,2020
DMART,2020-01-30,2020-02-03,2052.3257,2154.942,1.0,2.4,3.72,0.05,0.047,take_profit,False,4,2,1380582.01,64887.35,2020
JUBLFOOD,2020-01-30,2020-02-03,361.7231,379.8093,2.41,3.47,3.53,0.05,0.047,take_profit,False,4,2,1104465.61,51909.88,2020
IRCTC,2020-01-31,2020-02-04,231.0065,245.9725,1.82,2.57,5.05,0.064786,0.061786,take_profit_gap,False,4,2,1100144.7,67973.54,2020
SHILPAMED,2020-02-03,2020-02-04,151.1908,158.7503,8.89,5.88,3.74,0.05,0.047,take_profit,False,1,1,1400484.73,65822.78,2020
ASIANPAINT,2020-02-03,2020-02-17,1777.1089,1788.4032,1.66,2.09,5.59,0.006355,0.003355,time_exit,False,14,10,1120387.78,3758.9,2020
INDIAGLYCO,2020-02-04,2020-02-05,137.2581,144.121,7.38,1.78,7.61,0.05,0.047,take_profit,False,1,1,1451094.11,68201.42,2020
WESTLIFE,2020-02-04,2020-02-05,478.316,463.9665,4.77,2.07,4.42,-0.03,-0.033,stopped_out,True,1,1,1160875.29,-38308.88,2020
DLF,2020-02-04,2020-02-07,234.464,227.4301,4.87,1.89,5.99,-0.03,-0.033,stopped_out,True,3,3,1813867.63,-59857.63,2020
M&MFIN,2020-02-05,2020-02-17,217.2729,210.7547,1.36,1.69,5.39,-0.03,-0.033,stopped_out,True,12,8,1457072.61,-48083.4,2020
SWANCORP,2020-02-05,2020-02-06,135.944,131.8656,12.22,6.49,20.31,-0.03,-0.033,stopped_out,True,1,1,1165658.09,-38466.72,2020
VMART,2020-02-06,2020-02-07,597.4612,579.5373,4.07,2.55,8.65,-0.03,-0.033,stopped_out,True,1,1,1157964.75,-38212.84,2020
HEG,2020-02-07,2020-02-10,223.191,234.3505,4.66,3.26,5.56,0.05,0.047,take_profit,False,3,1,1501124.18,70552.84,2020
FORTIS,2020-02-07,2020-02-11,162.7068,157.8256,1.59,2.51,6.09,-0.03,-0.033,stopped_out,True,4,2,1200899.34,-39629.68,2020
SWANCORP,2020-02-10,2020-02-11,148.8649,144.3989,1.21,2.77,6.57,-0.03,-0.033,stopped_out,True,1,1,1275054.88,-42076.81,2020
JSWSTEEL,2020-02-11,2020-02-19,270.609,262.4908,3.01,1.63,3.11,-0.03,-0.033,stopped_out,True,8,6,1751626.19,-57803.66,2020
TITAGARH,2020-02-11,2020-02-12,50.6052,49.087,6.71,4.16,12.42,-0.03,-0.033,stopped_out,True,1,1,1401300.95,-46242.93,2020
ABFRL,2020-02-11,2020-02-14,268.6902,260.6295,2.29,2.06,4.15,-0.03,-0.033,stopped_out,True,3,3,1121040.76,-36994.35,2020
REFEX,2020-02-12,2020-02-13,13.319,12.9194,3.64,3.96,4.71,-0.03,-0.033,stopped_out,True,1,1,1167844.22,-38538.86,2020
IIFL,2020-02-13,2020-02-14,195.9944,190.1146,1.46,1.76,6.64,-0.03,-0.033,stopped_out,True,1,1,1160136.44,-38284.5,2020
GRANULES,2020-02-14,2020-02-19,172.1627,180.7709,1.17,1.8,2.75,0.05,0.047,take_profit,False,5,3,1095431.06,51485.26,2020
NAVINFLUOR,2020-02-14,2020-02-18,1190.9599,1250.5079,3.27,2.78,6.73,0.05,0.047,take_profit,False,4,2,1369288.83,64356.57,2020
BALKRISIND,2020-02-17,2020-02-18,1202.5322,1166.4563,1.75,6.11,8.69,-0.03,-0.033,stopped_out,True,1,1,1382972.03,-45638.08,2020
VTL,2020-02-17,2020-02-24,195.0697,204.8232,0.97,6.61,4.59,0.05,0.047,take_profit,False,7,4,1106377.62,51999.75,2020
GANECOS,2020-02-18,2020-02-24,358.9611,348.1922,2.85,1.57,3.87,-0.03,-0.033,stopped_out,True,6,3,1439297.97,-47496.83,2020
APOLLOHOSP,2020-02-18,2020-03-02,1746.8503,1694.4448,0.77,2.24,3.43,-0.03,-0.033,stopped_out,True,13,8,1151438.38,-37997.47,2020
JSL,2020-02-19,2020-02-26,40.4834,39.2689,2.31,1.66,4.71,-0.03,-0.033,stopped_out,True,7,4,1489298.47,-49146.85,2020
BLUEDART,2020-02-19,2020-02-24,2949.8575,2861.3618,1.49,3.18,4.82,-0.03,-0.033,stopped_out,True,5,2,1191438.78,-39317.48,2020
TIINDIA,2020-02-24,2020-02-27,535.9615,562.7596,1.08,5.59,8.04,0.05,0.047,take_profit,False,3,3,1693610.98,79599.72,2020
TIINDIA,2020-02-24,2020-02-27,535.9615,562.7596,3.76,5.59,8.04,0.05,0.047,take_profit,False,3,3,1354888.79,63679.77,2020
PGEL,2020-02-24,2020-02-25,7.1881,7.5475,5.56,2.64,10.62,0.05,0.047,take_profit,False,1,1,1083911.03,50943.82,2020
ZENTEC,2020-02-25,2020-02-26,59.8096,58.0154,1.82,3.37,7.77,-0.03,-0.033,stopped_out,True,1,1,1094099.79,-36105.29,2020
JBCHEPHARM,2020-02-26,2020-02-28,261.5749,251.661,1.83,2.32,4.25,-0.037901,-0.040901,stopped_out_gap,False,2,2,1099927.25,-44988.12,2020
NEOGEN,2020-02-26,2020-02-27,519.9842,504.3846,5.71,5.92,14.18,-0.03,-0.033,stopped_out,True,1,1,1374909.06,-45372.0,2020
NLCINDIA,2020-02-27,2020-02-28,44.8727,43.5265,4.52,4.69,10.33,-0.03,-0.033,stopped_out,True,1,1,1784205.06,-58878.77,2020
MIDHANI,2020-02-27,2020-02-28,237.4014,230.2794,5.0,3.21,19.73,-0.03,-0.033,stopped_out,True,1,1,1427364.05,-47103.01,2020
ESCORTS,2020-03-02,2020-03-04,815.9572,791.4784,3.8,2.35,2.96,-0.03,-0.033,stopped_out,True,2,2,2196684.71,-72490.6,2020
DEEPAKNTR,2020-03-02,2020-03-03,492.0036,516.6038,5.58,2.25,4.58,0.05,0.047,take_profit,False,1,1,1757347.77,82595.35,2020
IPCALAB,2020-03-03,2020-03-04,739.695,717.5042,3.92,1.54,3.58,-0.03,-0.033,stopped_out,True,1,1,1773866.84,-58537.61,2020
TATAELXSI,2020-03-03,2020-03-04,973.4453,944.242,2.27,2.01,7.86,-0.03,-0.033,stopped_out,True,1,1,1419093.47,-46830.08,2020
JBCHEPHARM,2020-03-04,2020-03-06,272.8481,264.6626,1.04,1.91,2.67,-0.03,-0.033,stopped_out,True,2,2,2177632.12,-71861.86,2020
DRREDDY,2020-03-04,2020-03-09,611.0147,592.6843,2.78,2.13,3.47,-0.03,-0.033,stopped_out,True,5,3,1742105.7,-57489.49,2020
DRREDDY,2020-03-04,2020-03-09,611.0147,592.6843,1.27,2.13,3.47,-0.03,-0.033,stopped_out,True,5,3,1393684.56,-45991.59,2020
ASIANPAINT,2020-03-04,2020-03-13,1765.4284,1703.5851,1.85,2.37,2.43,-0.03503,-0.03803,stopped_out_gap,False,9,6,1114947.65,-42401.46,2020
PIDILITIND,2020-03-04,2020-03-09,769.1097,810.6718,2.35,3.26,2.71,0.054039,0.051039,take_profit_gap,False,5,3,891958.12,45524.65,2020
DIXON,2020-03-06,2020-03-09,883.5351,857.0291,1.57,2.3,15.08,-0.03,-0.033,stopped_out,True,3,1,1134720.55,-37445.78,2020
FINPIPE,2020-03-09,2020-03-12,103.9142,100.7968,1.61,2.35,3.8,-0.03,-0.033,stopped_out,True,3,2,1921189.78,-63399.26,2020
ZYDUSLIFE,2020-03-20,2020-03-23,272.4095,286.03,7.68,3.05,13.41,0.05,0.047,take_profit,False,3,1,2123019.17,99781.9,2020
CIPLA,2020-03-30,2020-04-01,416.0693,403.5872,2.08,1.65,4.34,-0.03,-0.033,stopped_out,True,2,2,2142975.55,-70718.19,2020
AJANTPHARM,2020-03-30,2020-03-31,818.6953,859.63,3.98,1.54,7.36,0.05,0.047,take_profit,False,1,1,1714380.44,80575.88,2020
CIPLA,2020-03-30,2020-04-01,416.0693,403.5872,3.18,1.65,4.34,-0.03,-0.033,stopped_out,True,2,2,1371504.35,-45259.64,2020
IPCALAB,2020-03-31,2020-04-07,683.7796,784.978,3.38,1.56,3.82,0.147999,0.144999,take_profit_gap,False,7,3,1456194.74,211146.78,2020
TORNTPHARM,2020-04-03,2020-04-07,967.953,1016.3507,6.22,2.24,4.95,0.05,0.047,take_profit,False,4,1,1844656.21,86698.84,2020
CIPLA,2020-04-03,2020-04-07,432.8856,461.1419,4.7,2.87,5.69,0.065274,0.062274,take_profit_gap,False,4,1,1475724.96,91899.3,2020
TORNTPHARM,2020-04-07,2020-04-08,1097.2076,1152.068,10.49,2.31,9.01,0.05,0.047,take_profit,False,1,1,906790.56,42619.16,2020
AARTIDRUGS,2020-04-07,2020-04-08,149.3373,156.8042,9.54,1.79,10.32,0.05,0.047,take_profit,False,1,1,1133488.2,53273.95,2020
APLLTD,2020-04-07,2020-04-08,573.1613,601.8194,10.77,2.16,6.18,0.05,0.047,take_profit,False,1,1,1416860.25,66592.43,2020
BIOCON,2020-04-07,2020-04-08,315.249,331.0115,3.99,1.95,6.1,0.05,0.047,take_profit,False,1,1,1771075.31,83240.54,2020
CIPLA,2020-04-07,2020-04-08,474.372,498.0906,7.17,3.06,2.77,0.05,0.047,take_profit,False,1,1,2213844.14,104050.67,2020
GRANULES,2020-04-08,2020-04-09,169.1234,164.0497,4.67,1.83,11.29,-0.03,-0.033,stopped_out,True,1,1,2283799.49,-75365.38,2020
ZYDUSWELL,2020-04-08,2020-04-09,284.4009,311.4039,6.56,5.2,4.61,0.094947,0.091947,take_profit_gap,False,1,1,1827039.59,167990.81,2020
MIDHANI,2020-04-08,2020-04-13,188.4847,208.752,3.63,2.01,4.64,0.107528,0.104528,take_profit_gap,False,5,2,1461631.67,152781.44,2020
APLLTD,2020-04-08,2020-04-09,601.9508,632.0484,1.97,2.68,1.72,0.05,0.047,take_profit,False,1,1,1169305.34,54957.35,2020
FACT,2020-04-08,2020-04-09,34.5034,40.247,18.79,3.71,18.49,0.166463,0.163463,take_profit_gap,False,1,1,935444.27,152910.53,2020
SUDARSCHEM,2020-04-09,2020-04-13,407.7408,395.5086,4.29,2.63,5.46,-0.03,-0.033,stopped_out,True,4,1,2051571.81,-67701.87,2020
LUPIN,2020-04-09,2020-04-13,764.7737,803.0124,8.17,3.49,7.74,0.05,0.047,take_profit,False,4,1,1641257.45,77139.1,2020
DIVISLAB,2020-04-09,2020-04-16,2242.7793,2354.9182,3.05,2.11,3.86,0.05,0.047,take_profit,False,7,3,1313005.96,61711.28,2020
CIPLA,2020-04-09,2020-04-15,558.5495,586.477,9.14,3.08,2.77,0.05,0.047,take_profit,False,6,2,1050404.77,49369.02,2020
IDEA,2020-04-13,2020-04-15,4.102,4.4478,17.07,2.34,24.24,0.084281,0.081281,take_profit_gap,False,2,1,1522927.79,123785.09,2020
IDEA,2020-04-13,2020-04-15,4.102,4.4478,1.52,2.34,24.24,0.084281,0.081281,take_profit_gap,False,2,1,1903659.74,154731.37,2020
AUROPHARMA,2020-04-13,2020-04-15,486.5225,510.8486,4.13,1.81,7.98,0.05,0.047,take_profit,False,2,1,1218342.23,57262.08,2020
TRIDENT,2020-04-15,2020-04-16,5.0056,5.4173,14.81,3.46,17.39,0.08225,0.07925,take_profit_gap,False,1,1,1121674.34,88892.69,2020
DEEPAKFERT,2020-04-15,2020-04-17,79.638,84.3122,5.86,4.88,8.24,0.058693,0.055693,take_profit_gap,False,2,2,1402092.93,78086.76,2020
ERIS,2020-04-15,2020-04-16,482.991,468.5013,0.98,2.0,5.54,-0.03,-0.033,stopped_out,True,1,1,1752616.16,-57836.33,2020
TRIDENT,2020-04-15,2020-04-16,5.0056,5.4173,2.2,3.46,17.39,0.08225,0.07925,take_profit_gap,False,1,1,2190770.2,173618.54,2020
FSL,2020-04-16,2020-04-20,34.0471,33.0257,7.85,2.71,3.66,-0.03,-0.033,stopped_out,True,4,2,2226230.04,-73465.59,2020
IRCON,2020-04-16,2020-04-17,38.5193,37.3637,5.2,4.28,17.25,-0.03,-0.033,stopped_out,True,1,1,1780984.04,-58772.47,2020
FSL,2020-04-16,2020-04-20,34.0471,33.0257,3.3,2.71,3.66,-0.03,-0.033,stopped_out,True,4,2,1424787.23,-47017.98,2020
ADVENZYMES,2020-04-16,2020-04-17,156.6314,151.9324,6.81,4.15,16.18,-0.03,-0.033,stopped_out,True,1,1,1139829.78,-37614.38,2020
GMMPFAUDLR,2020-04-17,2020-04-20,1019.6563,1070.6391,11.73,2.06,6.24,0.05,0.047,take_profit,False,3,1,1772785.16,83320.9,2020
CESC,2020-04-17,2020-04-20,44.9208,43.5732,7.75,3.11,11.66,-0.03,-0.033,stopped_out,True,3,1,1418228.13,-46801.53,2020
SUMICHEM,2020-04-17,2020-04-21,221.9665,212.2984,2.64,3.3,4.45,-0.043557,-0.046557,stopped_out_gap,False,4,2,1134582.5,-52822.76,2020
NATIONALUM,2020-04-20,2020-04-21,25.554,24.7874,3.6,1.99,3.33,-0.03,-0.033,stopped_out,True,1,1,2259279.27,-74556.22,2020
CENTRALBK,2020-04-20,2020-04-21,15.5836,16.3628,3.02,4.13,15.64,0.05,0.047,take_profit,False,1,1,1807423.42,84948.9,2020
JYOTHYLAB,2020-04-20,2020-04-21,109.2303,105.9534,1.73,1.61,2.18,-0.03,-0.033,stopped_out,True,1,1,1445938.73,-47715.98,2020
MAHABANK,2020-04-20,2020-04-21,9.0235,8.7528,1.44,5.28,10.05,-0.03,-0.033,stopped_out,True,1,1,1156750.99,-38172.78,2020
DRREDDY,2020-04-21,2020-04-28,773.8281,750.6132,0.9,1.94,4.73,-0.03,-0.033,stopped_out,True,7,5,1007833.91,-33258.52,2020
LAURUSLABS,2020-04-21,2020-04-22,89.2268,93.6882,10.21,6.23,12.82,0.05,0.047,take_profit,False,1,1,1259792.39,59210.24,2020
UCOBANK,2020-04-21,2020-04-22,14.3907,15.1103,12.63,7.26,5.02,0.05,0.047,take_profit,False,1,1,2460532.01,115645.0,2020
OPTIEMUS,2020-04-21,2020-04-23,20.5752,22.4413,9.02,2.53,7.25,0.090696,0.087696,take_profit_gap,False,2,2,1968425.6,172623.05,2020
IRCTC,2020-04-21,2020-04-22,280.5203,272.1047,1.64,2.47,3.7,-0.03,-0.033,stopped_out,True,1,1,1574740.48,-51966.44,2020
STLTECH,2020-04-22,2020-04-24,88.3866,83.9652,1.96,1.71,6.63,-0.050024,-0.053024,stopped_out_gap,False,2,2,1889857.87,-100207.82,2020
RELIANCE,2020-04-22,2020-04-24,610.3157,640.8315,7.43,2.93,3.3,0.05,0.047,take_profit,False,2,2,1511886.29,71058.66,2020
ASIANPAINT,2020-04-22,2020-04-29,1732.0393,1680.0781,2.6,1.59,5.58,-0.03,-0.033,stopped_out,True,7,5,1209509.03,-39913.8,2020
MUTHOOTFIN,2020-04-23,2020-04-30,754.2135,791.9242,3.88,1.86,6.32,0.05,0.047,take_profit,False,7,5,1395816.96,65603.4,2020
ALKEM,2020-04-24,2020-04-29,2595.8009,2517.9269,4.32,2.23,9.38,-0.03,-0.033,stopped_out,True,5,3,1791172.56,-59108.69,2020
DEEPAKFERT,2020-04-24,2020-04-27,86.5962,90.926,3.99,7.22,14.89,0.05,0.047,take_profit,False,3,1,1432938.05,67348.09,2020
LUMAXTECH,2020-04-27,2020-04-28,75.8491,73.5737,8.82,4.6,13.57,-0.03,-0.033,stopped_out,True,1,1,1446407.67,-47731.45,2020
MFSL,2020-04-28,2020-04-29,477.3886,463.0669,1.02,4.92,3.73,-0.03,-0.033,stopped_out,True,1,1,1305421.17,-43078.9,2020
MANAPPURAM,2020-04-28,2020-04-29,116.48,112.9856,5.24,1.97,10.9,-0.03,-0.033,stopped_out,True,1,1,1631776.46,-53848.62,2020
TRITURBINE,2020-04-29,2020-04-30,74.1371,71.913,8.43,5.56,14.65,-0.03,-0.033,stopped_out,True,1,1,2192722.77,-72359.85,2020
EXIDEIND,2020-04-29,2020-04-30,149.4518,156.9244,3.29,1.66,4.9,0.05,0.047,take_profit,False,1,1,1754178.22,82446.38,2020
MIDHANI,2020-04-29,2020-04-30,198.8644,208.8076,1.71,1.6,2.01,0.05,0.047,take_profit,False,1,1,1403342.58,65957.1,2020
GRAPHITE,2020-04-29,2020-04-30,197.1045,191.1914,0.7,7.27,10.5,-0.03,-0.033,stopped_out,True,1,1,1122674.06,-37048.24,2020
BSE,2020-04-30,2020-05-04,39.4517,38.2682,1.26,3.2,2.09,-0.03,-0.033,stopped_out,True,4,1,2492805.92,-82262.6,2020
HUDCO,2020-04-30,2020-05-04,18.4947,17.8567,6.06,5.06,7.19,-0.034497,-0.037497,stopped_out_gap,False,4,1,1994244.74,-74778.19,2020
HINDALCO,2020-04-30,2020-05-04,125.074,116.5039,7.61,2.24,8.5,-0.06852,-0.07152,stopped_out_gap,False,4,1,1595395.79,-114102.71,2020
MOTHERSON,2020-04-30,2020-05-04,23.1342,21.8572,5.22,1.81,2.4,-0.0552,-0.0582,stopped_out_gap,False,4,1,1276316.63,-74281.63,2020
ONGC,2020-04-30,2020-05-04,57.5224,54.66,3.88,1.81,10.06,-0.049762,-0.052762,stopped_out_gap,False,4,1,1021053.31,-53872.81,2020
BHARTIARTL,2020-05-04,2020-05-12,509.2795,534.7435,1.9,2.15,5.98,0.05,0.047,take_profit,False,8,6,2412946.33,113408.48,2020
RALLIS,2020-05-04,2020-05-05,206.6316,216.9631,2.18,3.04,5.18,0.05,0.047,take_profit,False,1,1,1930357.07,90726.78,2020
COROMANDEL,2020-05-05,2020-05-19,567.5174,550.4919,3.0,4.6,6.19,-0.03,-0.033,stopped_out,True,14,10,997633.24,-32921.9,2020
DEEPAKNTR,2020-05-05,2020-05-06,502.3791,527.4981,5.18,2.3,3.63,0.05,0.047,take_profit,False,1,1,1247041.55,58610.95,2020
HCG,2020-05-05,2020-05-06,88.7443,93.1816,9.36,7.41,10.46,0.05,0.047,take_profit,False,1,1,1948502.42,91579.61,2020
BAJAJELEC,2020-05-05,2020-05-08,327.8379,318.0028,2.55,3.8,3.52,-0.03,-0.033,stopped_out,True,3,3,1558801.94,-51440.46,2020
COFORGE,2020-05-06,2020-05-07,264.4551,256.5215,8.12,5.87,14.89,-0.03,-0.033,stopped_out,True,1,1,1467253.5,-48419.37,2020
JBCHEPHARM,2020-05-06,2020-05-08,283.6207,297.8017,1.74,3.39,3.04,0.05,0.047,take_profit,False,2,2,1173802.8,55168.73,2020
JKTYRE,2020-05-07,2020-05-08,48.3568,50.7746,6.71,2.33,9.0,0.05,0.047,take_profit,False,1,1,1222809.07,57472.03,2020
JBCHEPHARM,2020-05-08,2020-05-12,306.2335,297.0465,3.04,2.58,3.91,-0.03,-0.033,stopped_out,True,4,2,1781570.07,-58791.81,2020
CASTROLIND,2020-05-08,2020-05-11,94.2951,91.4662,1.14,2.26,1.66,-0.03,-0.033,stopped_out,True,3,1,1425256.06,-47033.45,2020
SUMICHEM,2020-05-08,2020-05-12,223.7212,217.0096,1.02,2.04,2.09,-0.03,-0.033,stopped_out,True,4,2,1140204.85,-37626.76,2020
SUNFLAG,2020-05-11,2020-05-12,29.2314,28.3545,0.85,6.5,8.52,-0.03,-0.033,stopped_out,True,1,1,1187808.4,-39197.68,2020
INDUSTOWER,2020-05-12,2020-05-14,164.7577,172.9955,2.03,1.63,2.49,0.05,0.047,take_profit,False,2,2,1152159.28,54151.49,2020
EXIDEIND,2020-05-12,2020-05-26,146.6601,153.9931,1.08,1.6,3.29,0.05,0.047,take_profit,False,14,9,1440199.1,67689.36,2020
VEDL,2020-05-12,2020-05-13,39.4045,43.2994,8.98,3.05,12.08,0.098844,0.095844,take_profit_gap,False,1,1,1800248.88,172543.05,2020
INDUSTOWER,2020-05-12,2020-05-14,164.7577,172.9955,1.06,1.63,2.49,0.05,0.047,take_profit,False,2,2,2250311.1,105764.62,2020
BDL,2020-05-13,2020-05-14,111.8985,108.5415,2.54,5.08,6.19,-0.03,-0.033,stopped_out,True,1,1,1316285.81,-43437.43,2020
MSTCLTD,2020-05-14,2020-05-15,81.5472,79.1008,1.07,2.48,4.99,-0.03,-0.033,stopped_out,True,1,1,2020075.62,-66662.5,2020
AARTIDRUGS,2020-05-14,2020-05-18,205.279,199.1206,5.05,4.91,10.92,-0.03,-0.033,stopped_out,True,4,2,1616060.5,-53330.0,2020
UNOMINDA,2020-05-14,2020-05-18,136.6954,132.5946,3.86,1.81,4.87,-0.03,-0.033,stopped_out,True,4,2,1292848.4,-42664.0,2020
HCG,2020-05-15,2020-05-18,94.2971,99.012,0.62,1.98,5.54,0.05,0.047,take_profit,False,3,1,1424961.34,66973.18,2020
HCG,2020-05-18,2020-05-19,104.8024,101.6583,5.44,3.96,10.26,-0.03,-0.033,stopped_out,True,1,1,2000938.96,-66030.99,2020
ZENTEC,2020-05-18,2020-05-19,35.7768,38.3152,7.34,3.15,5.25,0.070951,0.067951,take_profit_gap,False,1,1,1600751.17,108772.64,2020
CIPLA,2020-05-18,2020-05-22,578.6424,607.5745,0.87,2.34,5.23,0.05,0.047,take_profit,False,4,4,1280600.93,60188.24,2020
BHARTIARTL,2020-05-19,2020-05-26,572.6884,546.5102,4.94,3.55,7.22,-0.045711,-0.048711,stopped_out_gap,False,7,4,1557047.5,-75845.34,2020
ADANIPORTS,2020-05-19,2020-05-22,310.0079,300.7077,1.32,2.19,6.47,-0.03,-0.033,stopped_out,True,3,3,1245638.0,-41106.05,2020
ADANIPOWER,2020-05-19,2020-05-20,7.0635,6.8516,2.41,4.46,12.06,-0.03,-0.033,stopped_out,True,1,1,1946309.37,-64228.21,2020
AFFLE,2020-05-20,2020-05-22,281.3306,309.845,4.85,1.53,4.38,0.101355,0.098355,take_profit_gap,False,2,2,1372926.63,135034.2,2020
JUBLFOOD,2020-05-22,2020-05-26,320.9831,337.0323,0.94,1.66,3.35,0.05,0.047,take_profit,False,4,1,1908997.7,89722.89,2020
VAIBHAVGBL,2020-05-22,2020-05-28,191.3532,185.6126,4.85,4.68,5.1,-0.03,-0.033,stopped_out,True,6,3,1527198.16,-50397.54,2020
KSB,2020-05-22,2020-05-26,92.0994,89.3364,1.32,3.62,4.99,-0.03,-0.033,stopped_out,True,4,1,1221758.53,-40318.03,2020
DCMSHRIRAM,2020-05-26,2020-05-27,249.7897,242.296,3.0,2.66,6.24,-0.03,-0.033,stopped_out,True,1,1,2211257.16,-72971.49,2020
ULTRACEMCO,2020-05-26,2020-06-09,3673.9911,3675.5056,1.85,1.94,3.3,0.000412,-0.002588,time_exit,False,14,10,1769005.73,-4578.19,2020
ACC,2020-05-26,2020-06-09,1219.5862,1192.616,2.87,1.66,3.35,-0.022114,-0.025114,time_exit,False,14,10,1415204.58,-35541.45,2020
SUNFLAG,2020-05-26,2020-05-27,30.2789,29.3706,5.44,6.23,11.79,-0.03,-0.033,stopped_out,True,1,1,1132163.67,-37361.4,2020
JSWSTEEL,2020-05-27,2020-06-01,173.1898,181.8493,2.68,1.7,4.97,0.05,0.047,take_profit,False,5,3,1241878.82,58368.3,2020
ACE,2020-05-27,2020-05-29,46.8292,45.0497,6.98,4.7,10.4,-0.037999,-0.040999,stopped_out_gap,False,2,2,1552348.52,-63644.74,2020
MOTHERSON,2020-05-28,2020-05-29,24.4158,23.6833,1.67,2.69,6.51,-0.03,-0.033,stopped_out,True,1,1,1288863.18,-42532.48,2020
COALINDIA,2020-05-29,2020-06-01,84.904,89.1492,5.13,1.69,5.84,0.05,0.047,take_profit,False,3,1,1262477.95,59336.46,2020
CONCOR,2020-05-29,2020-06-01,348.5752,366.004,5.33,2.98,6.85,0.05,0.047,take_profit,False,3,1,1578097.44,74170.58,2020
PHOENIXLTD,2020-06-01,2020-06-02,281.8852,295.9795,0.71,1.7,4.49,0.05,0.047,take_profit,False,1,1,1864848.27,87647.87,2020
UCOBANK,2020-06-01,2020-06-03,11.493,12.0676,4.27,3.46,6.36,0.05,0.047,take_profit,False,2,2,1491878.62,70118.29,2020
GHCL,2020-06-01,2020-06-03,98.7536,106.4073,3.59,1.78,3.29,0.077503,0.074503,take_profit_gap,False,2,2,1193502.89,88919.55,2020
JSWENERGY,2020-06-02,2020-06-03,42.7094,41.4281,1.46,3.38,8.83,-0.03,-0.033,stopped_out,True,1,1,1345301.54,-44394.95,2020
KEC,2020-06-03,2020-06-05,220.582,231.6111,4.4,2.32,1.69,0.05,0.047,take_profit,False,2,2,1905306.42,89549.4,2020
INDIANB,2020-06-03,2020-06-04,43.2174,45.3782,4.35,4.87,4.44,0.05,0.047,take_profit,False,1,1,1524245.14,71639.52,2020
BANKINDIA,2020-06-03,2020-06-05,34.7387,36.549,10.13,3.4,9.12,0.052112,0.049112,take_profit_gap,False,2,2,1219396.11,59886.98,2020
TDPOWERSYS,2020-06-04,2020-06-05,20.7316,22.2393,6.84,4.54,5.16,0.072724,0.069724,take_profit_gap,False,1,1,1294693.82,90271.23,2020
J&KBANK,2020-06-05,2020-06-08,13.8579,15.2285,12.76,2.01,8.21,0.098901,0.095901,take_profit_gap,False,3,1,1574060.68,150953.99,2020
JKTYRE,2020-06-05,2020-06-08,54.184,56.8932,3.21,1.78,3.69,0.05,0.047,take_profit,False,3,1,1967575.85,92476.06,2020
KRBL,2020-06-05,2020-06-08,218.3734,229.292,9.43,4.26,7.03,0.05,0.047,take_profit,False,3,1,1259248.54,59184.68,2020
GSFC,2020-06-08,2020-06-09,44.2665,46.4798,0.68,1.91,2.39,0.05,0.047,take_profit,False,1,1,1297983.23,61005.21,2020
SURYAROSNI,2020-06-08,2020-06-09,24.5218,23.7861,2.04,4.41,4.16,-0.03,-0.033,stopped_out,True,1,1,2028098.8,-66927.26,2020
BPCL,2020-06-08,2020-06-09,133.3561,129.3554,4.65,1.53,3.82,-0.03,-0.033,stopped_out,True,1,1,1622479.04,-53541.81,2020
GMMPFAUDLR,2020-06-09,2020-06-12,1487.692,1415.1185,1.67,1.84,4.05,-0.048783,-0.051783,stopped_out_gap,False,3,3,1083401.9,-56101.8,2020
RBLBANK,2020-06-09,2020-06-10,138.2446,145.1569,0.94,2.55,4.58,0.05,0.047,take_profit,False,1,1,2645024.16,124316.14,2020
BHEL,2020-06-09,2020-06-10,30.2598,31.7728,5.87,1.85,8.5,0.05,0.047,take_profit,False,1,1,2116019.33,99452.91,2020
VMART,2020-06-09,2020-06-10,445.4859,467.7602,0.63,1.8,1.97,0.05,0.047,take_profit,False,1,1,1692815.46,79562.33,2020
SPARC,2020-06-09,2020-06-10,145.2726,152.5362,0.96,3.07,2.94,0.05,0.047,take_profit,False,1,1,1354252.37,63649.86,2020
EIDPARRY,2020-06-10,2020-06-11,214.9818,225.7309,3.1,1.65,5.76,0.05,0.047,take_profit,False,1,1,1601113.62,75252.34,2020
SOLARINDS,2020-06-10,2020-06-12,959.385,918.2703,1.36,6.35,3.55,-0.042855,-0.045855,stopped_out_gap,False,2,2,1280890.89,-58735.25,2020
DCAL,2020-06-10,2020-06-11,122.6113,118.9329,7.14,5.1,24.8,-0.03,-0.033,stopped_out,True,1,1,2501740.03,-82557.42,2020
NETWORK18,2020-06-10,2020-06-12,32.9165,31.3343,0.61,2.03,8.58,-0.048065,-0.051065,stopped_out_gap,False,2,2,2001392.02,-102201.08,2020
NEOGEN,2020-06-11,2020-06-12,506.2691,491.081,3.96,2.88,12.12,-0.03,-0.033,stopped_out,True,1,1,1475057.94,-48676.91,2020
INDUSINDBK,2020-06-11,2020-06-12,505.4608,472.9584,5.42,2.46,2.53,-0.064302,-0.067302,stopped_out_gap,False,1,1,1843822.43,-124092.94,2020
MGL,2020-06-12,2020-06-16,918.6525,891.0929,1.23,2.01,6.89,-0.03,-0.033,stopped_out,True,4,2,2638997.79,-87086.93,2020
NETWORK18,2020-06-12,2020-06-16,34.6673,38.1309,3.9,3.09,10.53,0.09991,0.09691,take_profit_gap,False,4,2,2111198.24,204596.22,2020
SHAKTIPUMP,2020-06-12,2020-06-15,31.2586,30.3208,6.02,7.91,14.8,-0.03,-0.033,stopped_out,True,3,1,1688958.59,-55735.63,2020
PATANJALI,2020-06-12,2020-06-16,304.7288,335.6138,9.76,2.76,3.91,0.101352,0.098352,take_profit_gap,False,4,2,1351166.87,132889.96,2020
BORORENEW,2020-06-12,2020-06-16,87.3437,94.9525,4.75,2.63,10.37,0.087114,0.084114,take_profit_gap,False,4,2,1080933.5,90921.64,2020
SUMICHEM,2020-06-15,2020-06-19,289.5216,280.8359,2.32,2.53,4.95,-0.03,-0.033,stopped_out,True,4,4,1191391.39,-39315.92,2020
ECLERX,2020-06-16,2020-06-18,282.7807,296.9197,2.72,1.7,4.73,0.05,0.047,take_profit,False,2,2,2457836.57,115518.32,2020
MOIL,2020-06-16,2020-06-19,135.3585,125.0636,1.04,6.0,7.4,-0.076057,-0.079057,stopped_out_gap,False,3,3,1966269.26,-155447.35,2020
NEOGEN,2020-06-16,2020-06-18,518.9939,503.424,1.52,3.63,4.82,-0.03,-0.033,stopped_out,True,2,2,1573015.4,-51909.51,2020
RADICO,2020-06-16,2020-06-23,357.5522,375.4298,0.65,1.75,4.68,0.05,0.047,take_profit,False,7,5,1258412.32,59145.38,2020
TARIL,2020-06-18,2020-06-22,4.5254,4.3896,4.42,2.95,12.42,-0.03,-0.033,stopped_out,True,4,2,1460497.61,-48196.42,2020
HINDCOPPER,2020-06-18,2020-06-24,30.9688,32.5173,5.34,3.07,10.02,0.05,0.047,take_profit,False,6,4,1825622.02,85804.23,2020
EIDPARRY,2020-06-19,2020-06-22,252.2085,264.819,9.89,2.2,10.12,0.05,0.047,take_profit,False,3,1,1760977.57,82765.95,2020
PERSISTENT,2020-06-19,2020-06-26,287.8788,302.2727,0.85,1.58,2.82,0.05,0.047,take_profit,False,7,5,1408782.05,66212.76,2020
QUESS,2020-06-22,2020-06-24,300.2247,330.6238,5.61,1.61,2.22,0.101254,0.098254,take_profit_gap,False,2,2,1778234.58,174718.66,2020
NAVINFLUOR,2020-06-22,2020-06-24,1611.112,1562.7787,0.85,2.25,2.57,-0.03,-0.033,stopped_out,True,2,2,1422587.67,-46945.39,2020
CYIENT,2020-06-23,2020-06-24,227.0924,238.447,9.25,4.57,12.96,0.05,0.047,take_profit,False,1,1,1401581.67,65874.34,2020
ATGL,2020-06-24,2020-06-25,160.9704,169.0189,1.71,2.02,5.6,0.05,0.047,take_profit,False,1,1,2462760.89,115749.76,2020
GALLANTT,2020-06-24,2020-06-25,40.2457,39.0383,3.84,12.23,12.53,-0.03,-0.033,stopped_out,True,1,1,1970208.72,-65016.89,2020
TARIL,2020-06-24,2020-06-25,5.2754,5.1172,8.53,4.85,17.88,-0.03,-0.033,stopped_out,True,1,1,1576166.97,-52013.51,2020
ITC,2020-06-24,2020-06-25,139.7837,146.7729,2.16,2.01,2.37,0.05,0.047,take_profit,False,1,1,1260933.58,59263.88,2020
ASTRAL,2020-06-25,2020-06-29,536.4262,520.3334,1.72,1.51,3.98,-0.03,-0.033,stopped_out,True,4,2,1583588.83,-52258.43,2020
RELIGARE,2020-06-25,2020-06-29,41.1205,43.4283,3.65,1.91,4.31,0.056121,0.053121,take_profit_gap,False,4,2,1266871.06,67297.46,2020
GUJGASLTD,2020-06-25,2020-07-01,294.676,309.4098,2.96,1.95,8.03,0.05,0.047,take_profit,False,6,4,2474357.54,116294.8,2020
HFCL,2020-06-25,2020-06-29,14.4153,15.4402,1.72,1.53,4.68,0.071093,0.068093,take_profit_gap,False,4,2,1979486.03,134789.14,2020
HFCL,2020-06-26,2020-06-30,15.1089,16.4299,1.31,2.22,2.69,0.087437,0.084437,take_profit_gap,False,4,2,1308495.81,110485.46,2020
AVANTIFEED,2020-06-29,2020-06-30,492.3989,477.627,2.51,7.68,3.42,-0.03,-0.033,stopped_out,True,1,1,2042751.47,-67410.8,2020
NFL,2020-06-29,2020-06-30,30.7663,29.8433,1.54,3.56,5.68,-0.03,-0.033,stopped_out,True,1,1,1634201.17,-53928.64,2020
BDL,2020-06-29,2020-06-30,140.9687,162.5564,7.84,3.34,2.15,0.153138,0.150138,take_profit_gap,False,1,1,1307360.94,196284.56,2020
ASTRAMICRO,2020-06-30,2020-07-01,102.5624,107.6906,3.92,2.47,8.68,0.05,0.047,take_profit,False,1,1,2341536.75,110052.23,2020
JSL,2020-06-30,2020-07-01,39.9423,38.744,1.64,1.66,2.14,-0.03,-0.033,stopped_out,True,1,1,1873229.4,-61816.57,2020
ACC,2020-06-30,2020-07-08,1271.9039,1233.7468,1.11,2.52,3.04,-0.03,-0.033,stopped_out,True,8,6,1498583.52,-49453.26,2020
SWANCORP,2020-07-01,2020-07-07,142.1799,149.2889,2.21,1.67,7.14,0.05,0.047,take_profit,False,6,4,1644542.49,77293.5,2020
BSE,2020-07-01,2020-07-07,47.6399,50.0219,1.13,2.0,7.12,0.05,0.047,take_profit,False,6,4,1315633.99,61834.8,2020
SEQUENT,2020-07-01,2020-07-06,96.4864,93.5918,1.19,1.82,5.05,-0.03,-0.033,stopped_out,True,5,3,2569597.64,-84796.72,2020
KRBL,2020-07-01,2020-07-06,249.3584,261.8263,0.84,2.96,5.68,0.05,0.047,take_profit,False,5,3,2055678.12,96616.87,2020
IRCON,2020-07-06,2020-07-08,40.8065,39.5823,5.85,6.6,9.27,-0.03,-0.033,stopped_out,True,2,2,1979926.38,-65337.57,2020
LALPATHLAB,2020-07-06,2020-07-08,799.9196,839.9156,2.6,2.35,2.25,0.05,0.047,take_profit,False,2,2,1583941.1,74445.23,2020
BBTC,2020-07-07,2020-07-08,1096.3922,1151.2118,1.18,3.41,4.74,0.05,0.047,take_profit,False,1,1,1887013.84,88689.65,2020
BANDHANBNK,2020-07-07,2020-07-08,384.4946,372.9598,4.1,2.01,7.37,-0.03,-0.033,stopped_out,True,1,1,1509611.07,-49817.17,2020
INDUSINDBK,2020-07-08,2020-07-10,533.9149,517.8974,3.67,2.11,3.48,-0.03,-0.033,stopped_out,True,2,2,2899209.41,-95673.91,2020
THYROCARE,2020-07-08,2020-07-13,155.005,162.7552,0.78,2.35,1.5,0.05,0.047,take_profit,False,5,3,2319367.53,109010.27,2020
SAIL,2020-07-08,2020-07-09,30.0237,31.5248,2.0,5.03,7.28,0.05,0.047,take_profit,False,1,1,1855494.03,87208.22,2020
CUB,2020-07-08,2020-07-13,130.1296,126.2257,2.98,1.72,2.08,-0.03,-0.033,stopped_out,True,5,3,1484395.22,-48985.04,2020
HINDCOPPER,2020-07-08,2020-07-09,38.7961,40.7359,6.27,5.74,10.22,0.05,0.047,take_profit,False,1,1,1187516.18,55813.26,2020
GNFC,2020-07-09,2020-07-13,143.8259,151.0172,1.0,1.84,3.34,0.05,0.047,take_profit,False,4,2,1587219.28,74599.31,2020
KEI,2020-07-09,2020-07-14,381.4804,370.036,4.56,5.69,8.03,-0.03,-0.033,stopped_out,True,5,3,1269775.42,-41902.59,2020
RTNPOWER,2020-07-10,2020-07-14,2.3011,2.4988,8.7,8.78,9.52,0.08587,0.08287,take_profit_gap,False,4,2,1576527.44,130646.83,2020
HCC,2020-07-13,2020-07-14,6.4032,6.2111,4.1,1.73,1.59,-0.03,-0.033,stopped_out,True,1,1,1514459.69,-49977.17,2020
INTELLECT,2020-07-13,2020-07-16,114.2735,119.9872,2.75,2.17,3.71,0.05,0.047,take_profit,False,3,3,1893074.61,88974.51,2020
LTIM,2020-07-13,2020-07-15,2060.1406,2163.1477,0.88,3.13,3.44,0.05,0.047,take_profit,False,2,2,2366343.26,111218.13,2020
FORTIS,2020-07-14,2020-07-17,126.6657,132.999,2.35,2.41,2.99,0.05,0.047,take_profit,False,3,3,2091473.67,98299.26,2020
DRREDDY,2020-07-14,2020-07-28,772.366,784.8054,0.8,1.65,2.03,0.016106,0.013106,time_exit,False,14,10,1673178.94,21928.68,2020
RALLIS,2020-07-14,2020-07-16,277.1085,268.7953,3.76,5.23,8.41,-0.03,-0.033,stopped_out,True,2,2,1338543.15,-44171.92,2020
TIINDIA,2020-07-15,2020-07-17,469.5696,493.0481,2.23,4.0,4.59,0.05,0.047,take_profit,False,2,2,1566346.8,73618.3,2020
BPCL,2020-07-16,2020-07-17,133.2884,139.9528,2.45,2.2,5.67,0.05,0.047,take_profit,False,1,1,1908361.51,89692.99,2020
MFSL,2020-07-16,2020-07-20,581.1905,563.7548,1.25,2.59,8.09,-0.03,-0.033,stopped_out,True,4,2,1526689.21,-50380.74,2020
CHENNPETRO,2020-07-17,2020-07-21,72.8102,76.4507,4.53,1.79,6.91,0.05,0.047,take_profit,False,4,2,2386909.87,112184.76,2020
MUTHOOTFIN,2020-07-17,2020-07-20,1110.0955,1050.9532,2.77,2.51,5.54,-0.053277,-0.056277,stopped_out_gap,False,3,1,1909527.9,-107462.5,2020
SBICARD,2020-07-17,2020-07-20,746.5216,724.126,1.06,2.64,4.7,-0.03,-0.033,stopped_out,True,3,1,1527622.32,-50411.54,2020
DATAMATICS,2020-07-20,2020-07-22,52.9755,55.9136,4.88,1.75,3.59,0.055462,0.052462,take_profit_gap,False,2,2,1738571.83,91208.96,2020
JUBLPHARMA,2020-07-20,2020-07-22,518.2695,544.183,3.93,3.25,5.81,0.05,0.047,take_profit,False,2,2,1390857.46,65370.3,2020
IMFA,2020-07-20,2020-07-24,73.3658,71.1648,2.2,1.8,1.74,-0.03,-0.033,stopped_out,True,4,4,2173214.78,-71716.09,2020
RALLIS,2020-07-21,2020-07-23,283.5011,297.6762,0.79,2.12,1.89,0.05,0.047,take_profit,False,2,2,1612504.9,75787.73,2020
FEDERALBNK,2020-07-22,2020-07-30,54.2249,52.5982,3.0,1.7,4.04,-0.03,-0.033,stopped_out,True,8,6,1947205.63,-64257.79,2020
M&MFIN,2020-07-22,2020-07-23,141.3595,137.1187,0.67,2.03,13.96,-0.03,-0.033,stopped_out,True,1,1,1557764.5,-51406.23,2020
OBEROIRLTY,2020-07-23,2020-07-24,398.4355,386.4824,0.82,2.59,6.21,-0.03,-0.033,stopped_out,True,1,1,1885141.78,-62209.68,2020
CANFINHOME,2020-07-23,2020-07-27,380.5118,369.0964,1.67,2.64,4.05,-0.03,-0.033,stopped_out,True,4,2,1508113.42,-49767.74,2020
ITI,2020-07-24,2020-07-27,138.3191,134.1696,0.53,2.3,2.83,-0.03,-0.033,stopped_out,True,3,1,1991376.9,-65715.44,2020
TECHM,2020-07-24,2020-07-28,527.5892,553.9687,1.26,2.16,3.18,0.05,0.047,take_profit,False,4,2,1593101.52,74875.77,2020
ASIANPAINT,2020-07-27,2020-07-31,1700.2494,1649.2419,1.35,2.96,3.55,-0.03,-0.033,stopped_out,True,4,4,1951282.64,-64392.33,2020
KAJARIACER,2020-07-27,2020-07-29,403.5065,391.4013,0.77,2.83,5.14,-0.03,-0.033,stopped_out,True,2,2,1561026.12,-51513.86,2020
TECHM,2020-07-28,2020-08-04,553.2572,536.6595,1.75,3.26,2.14,-0.03,-0.033,stopped_out,True,7,5,1537150.3,-50725.96,2020
THANGAMAYL,2020-07-28,2020-07-29,168.3149,163.2655,7.12,5.69,15.81,-0.03,-0.033,stopped_out,True,1,1,1921437.88,-63407.45,2020
TATACHEM,2020-07-29,2020-08-03,291.4056,280.4911,1.68,1.81,3.84,-0.037455,-0.040455,stopped_out_gap,False,5,3,1522583.02,-61596.1,2020
SONATSOFTW,2020-07-29,2020-08-03,87.176,91.5348,4.46,2.87,3.25,0.05,0.047,take_profit,False,5,3,1903228.78,89451.75,2020
DIVISLAB,2020-07-30,2020-08-03,2486.8175,2611.1584,1.62,2.77,5.23,0.05,0.047,take_profit,False,4,2,1594655.98,74948.83,2020
DIVISLAB,2020-07-31,2020-08-06,2539.42,2666.391,1.09,2.1,1.81,0.05,0.047,take_profit,False,6,4,1653102.85,77695.83,2020
AMBER,2020-08-03,2020-08-06,1723.0611,1671.3692,9.94,7.41,15.58,-0.03,-0.033,stopped_out,True,3,3,2347136.74,-77455.51,2020
MOTHERSON,2020-08-03,2020-08-10,25.8163,27.1071,1.16,1.76,2.3,0.05,0.047,take_profit,False,7,5,1877709.39,88252.34,2020
KRBL,2020-08-03,2020-08-04,272.9071,286.5525,5.59,2.31,4.89,0.05,0.047,take_profit,False,1,1,1502167.51,70601.87,2020
ALLCARGO,2020-08-04,2020-08-10,22.6612,23.7943,1.65,1.87,3.91,0.05,0.047,take_profit,False,6,4,1813572.75,85237.92,2020
VAIBHAVGBL,2020-08-04,2020-08-05,286.2409,300.5529,15.64,8.67,16.57,0.05,0.047,take_profit,False,1,1,1450858.2,68190.34,2020
TATASTEEL,2020-08-05,2020-08-07,33.2293,34.8907,4.42,2.15,6.1,0.05,0.047,take_profit,False,2,2,1464496.27,68831.32,2020
PRESTIGE,2020-08-06,2020-08-10,218.4682,229.3916,7.38,2.76,8.37,0.05,0.047,take_profit,False,4,2,1971693.0,92669.57,2020
BSOFT,2020-08-06,2020-08-10,133.1617,139.8198,0.64,5.68,12.95,0.05,0.047,take_profit,False,4,2,1577354.4,74135.66,2020
APOLLOTYRE,2020-08-07,2020-08-12,115.0314,120.783,5.26,3.96,6.97,0.05,0.047,take_profit,False,5,3,1568549.04,73721.8,2020
M&M,2020-08-10,2020-08-14,600.2685,582.2604,0.94,1.94,3.95,-0.03,-0.033,stopped_out,True,4,4,1418733.69,-46818.21,2020
GREAVESCOT,2020-08-10,2020-08-13,84.0185,88.2194,3.35,3.89,4.53,0.05,0.047,take_profit,False,3,3,1773417.11,83350.6,2020
INDIAGLYCO,2020-08-10,2020-08-14,141.0908,136.8581,3.14,2.32,4.79,-0.03,-0.033,stopped_out,True,4,4,2770964.23,-91441.82,2020
PFC,2020-08-10,2020-08-13,49.8489,52.3413,1.17,1.56,1.88,0.05,0.047,take_profit,False,3,3,2216771.39,104188.26,2020
ARVIND,2020-08-12,2020-08-14,32.1657,31.2007,9.48,8.09,12.46,-0.03,-0.033,stopped_out,True,2,2,1463441.12,-48293.56,2020
BLS,2020-08-13,2020-08-17,26.4777,29.0478,3.66,1.59,3.42,0.097067,0.094067,take_profit_gap,False,4,2,2006298.37,188726.47,2020
CHALET,2020-08-13,2020-08-14,144.9619,140.6131,0.81,5.61,6.15,-0.03,-0.033,stopped_out,True,1,1,1605038.69,-52966.28,2020
MAHLIFE,2020-08-14,2020-08-17,76.603,80.4331,5.4,7.32,5.14,0.05,0.047,take_profit,False,3,1,1376134.41,64678.32,2020
JSWENERGY,2020-08-14,2020-08-20,54.3897,57.1092,2.77,3.32,3.03,0.05,0.047,take_profit,False,6,4,2687762.53,126324.84,2020
REDINGTON,2020-08-14,2020-08-17,45.9336,44.5556,3.35,6.86,9.4,-0.03,-0.033,stopped_out,True,3,1,2150210.02,-70956.93,2020
BLUESTARCO,2020-08-14,2020-08-18,262.3947,275.5144,0.97,3.44,3.99,0.05,0.047,take_profit,False,4,2,1720168.02,80847.9,2020
ADVENZYMES,2020-08-17,2020-08-19,225.7372,218.9651,1.95,3.5,6.41,-0.03,-0.033,stopped_out,True,2,2,1795140.53,-59239.64,2020
APLAPOLLO,2020-08-17,2020-08-21,224.9571,236.205,1.32,1.81,3.31,0.05,0.047,take_profit,False,4,4,1436112.42,67497.28,2020
GNFC,2020-08-17,2020-08-20,149.2278,156.6892,2.09,2.23,3.73,0.05,0.047,take_profit,False,3,3,2243925.66,105464.51,2020
ELECON,2020-08-18,2020-08-19,14.1397,14.8467,2.08,2.31,2.86,0.05,0.047,take_profit,False,1,1,1509093.12,70927.38,2020
PRAJIND,2020-08-19,2020-08-24,69.0978,72.5527,1.45,2.7,4.54,0.05,0.047,take_profit,False,5,3,1870458.78,87911.56,2020
FINCABLES,2020-08-19,2020-08-24,277.576,291.4548,1.07,4.69,3.75,0.05,0.047,take_profit,False,5,3,1496367.02,70329.25,2020
NTPC,2020-08-20,2020-08-21,81.7735,85.8621,5.04,4.41,6.87,0.05,0.047,take_profit,False,1,1,2229789.12,104800.09,2020
GNFC,2020-08-20,2020-08-21,158.8947,166.8394,3.69,1.7,6.37,0.05,0.047,take_profit,False,1,1,1783831.3,83840.07,2020
WABAG,2020-08-21,2020-08-24,216.9005,210.3935,5.98,7.47,14.76,-0.03,-0.033,stopped_out,True,3,1,2568239.1,-84751.89,2020
CARBORUNIV,2020-08-21,2020-08-31,274.4877,266.2531,3.87,4.64,2.69,-0.03,-0.033,stopped_out,True,10,6,2054591.28,-67801.51,2020
KIRLOSENG,2020-08-21,2020-08-25,102.4366,107.5584,1.54,3.85,1.62,0.05,0.047,take_profit,False,4,2,1643673.02,77252.63,2020
KAJARIACER,2020-08-24,2020-08-27,454.0932,440.4704,0.95,3.79,4.79,-0.03,-0.033,stopped_out,True,3,3,2516649.18,-83049.42,2020
STLTECH,2020-08-24,2020-08-25,164.1465,159.2221,7.63,3.98,13.84,-0.03,-0.033,stopped_out,True,1,1,2013319.35,-66439.54,2020
DEEPAKNTR,2020-08-24,2020-08-25,741.3731,781.1124,8.22,4.13,13.01,0.053602,0.050602,take_profit_gap,False,1,1,1610655.48,81502.39,2020
JKIL,2020-08-25,2020-08-27,116.7553,113.2526,1.54,1.77,2.47,-0.03,-0.033,stopped_out,True,2,2,1510730.91,-49854.12,2020
CHOLAFIN,2020-08-25,2020-08-28,239.0956,251.0503,3.78,1.63,3.51,0.05,0.047,take_profit,False,3,3,2360517.05,110944.3,2020
HEG,2020-08-25,2020-08-26,173.7579,168.5452,5.95,8.86,15.87,-0.03,-0.033,stopped_out,True,1,1,1888413.64,-62317.65,2020
VGUARD,2020-08-26,2020-08-31,172.2721,167.1039,0.57,1.64,1.76,-0.03,-0.033,stopped_out,True,5,3,1573803.93,-51935.53,2020
POONAWALLA,2020-08-27,2020-08-28,39.8218,41.8129,3.6,1.73,4.01,0.05,0.047,take_profit,False,1,1,2037938.45,95783.11,2020
ABREL,2020-08-27,2020-08-28,369.3889,358.3072,0.85,3.48,9.43,-0.03,-0.033,stopped_out,True,1,1,1630350.76,-53801.58,2020
OBEROIRLTY,2020-08-28,2020-08-31,404.9489,430.5222,3.62,2.09,5.55,0.063152,0.060152,take_profit_gap,False,3,1,2540627.03,152823.8,2020
NMDC,2020-08-28,2020-08-31,18.9024,18.2687,1.25,6.75,7.39,-0.033525,-0.036525,stopped_out_gap,False,3,1,2032501.62,-74237.12,2020
AXISBANK,2020-08-28,2020-08-31,507.3363,492.1162,2.38,2.26,6.87,-0.03,-0.033,stopped_out,True,3,1,1626001.3,-53658.04,2020
ADANIGREEN,2020-09-01,2020-09-02,494.8973,519.6422,1.27,1.86,8.93,0.05,0.047,take_profit,False,1,1,3247344.38,152625.19,2020
BIOCON,2020-09-01,2020-09-03,401.4646,421.5379,1.02,3.63,5.99,0.05,0.047,take_profit,False,2,2,2597875.51,122100.15,2020
POLYMED,2020-09-02,2020-09-03,430.1954,451.7052,3.99,1.6,7.82,0.05,0.047,take_profit,False,1,1,1412246.69,66375.59,2020
ESCORTS,2020-09-02,2020-09-04,1185.1749,1149.6197,3.15,2.84,9.47,-0.03,-0.033,stopped_out,True,2,2,1765308.37,-58255.18,2020
JUBLFOOD,2020-09-02,2020-09-11,445.876,468.1698,0.93,2.4,5.42,0.05,0.047,take_profit,False,9,7,2206635.46,103711.87,2020
NAUKRI,2020-09-02,2020-09-04,682.5297,662.0538,1.9,1.78,4.54,-0.03,-0.033,stopped_out,True,2,2,2758294.32,-91023.71,2020
BIOCON,2020-09-03,2020-09-09,421.2729,405.6642,1.19,1.89,3.24,-0.037051,-0.040051,stopped_out_gap,False,6,4,1969516.94,-78881.12,2020
GRASIM,2020-09-03,2020-09-04,704.2812,683.1527,1.76,1.79,5.8,-0.03,-0.033,stopped_out,True,1,1,1575613.55,-51995.25,2020
IFCI,2020-09-04,2020-09-07,7.0535,7.4062,2.13,1.71,3.68,0.05,0.047,take_profit,False,3,1,2440079.26,114683.73,2020
SWSOLAR,2020-09-04,2020-09-07,268.9344,282.3811,4.13,2.04,7.09,0.05,0.047,take_profit,False,3,1,1952063.41,91746.98,2020
JAMNAAUTO,2020-09-04,2020-09-07,43.2169,45.3777,2.86,3.61,9.77,0.05,0.047,take_profit,False,3,1,1561650.73,73397.58,2020
DIXON,2020-09-07,2020-09-08,1781.0305,1870.082,1.96,1.99,3.84,0.05,0.047,take_profit,False,1,1,2496044.92,117314.11,2020
DIXON,2020-09-07,2020-09-08,1781.0305,1870.082,1.02,1.99,3.84,0.05,0.047,take_profit,False,1,1,1996835.94,93851.29,2020
GRANULES,2020-09-07,2020-09-08,369.1604,358.0856,1.42,4.84,7.19,-0.03,-0.033,stopped_out,True,1,1,1597468.75,-52716.47,2020
ICIL,2020-09-08,2020-09-09,76.9048,74.5976,2.05,2.77,4.16,-0.03,-0.033,stopped_out,True,1,1,2527734.71,-83415.25,2020
DIXON,2020-09-08,2020-09-09,1917.721,1860.1893,2.28,3.66,6.73,-0.03,-0.033,stopped_out,True,1,1,2022187.77,-66732.2,2020
PGEL,2020-09-09,2020-09-11,5.6735,6.2421,9.69,1.77,3.28,0.100221,0.097221,take_profit_gap,False,2,2,1472426.18,143150.75,2020
PGEL,2020-09-09,2020-09-11,5.6735,6.2421,2.59,1.77,3.28,0.100221,0.097221,take_profit_gap,False,2,2,1840532.73,178938.43,2020
GALLANTT,2020-09-09,2020-09-10,33.9697,32.9506,5.13,4.69,13.48,-0.03,-0.033,stopped_out,True,1,1,2875832.38,-94902.47,2020
RELIANCE,2020-09-09,2020-09-10,980.5136,1029.5393,2.51,1.71,3.66,0.05,0.047,take_profit,False,1,1,2300665.91,108131.3,2020
ATGL,2020-09-10,2020-09-11,208.1324,201.8884,1.01,2.2,3.71,-0.03,-0.033,stopped_out,True,1,1,2215886.37,-73124.25,2020
SUNFLAG,2020-09-10,2020-09-11,46.6405,45.2413,7.38,4.06,11.31,-0.03,-0.033,stopped_out,True,1,1,1772709.09,-58499.4,2020
ERIS,2020-09-11,2020-09-14,478.4507,502.3733,0.99,3.11,2.96,0.05,0.047,take_profit,False,3,1,1383891.24,65042.89,2020
COLPAL,2020-09-11,2020-09-18,1249.2624,1211.7845,1.37,2.3,1.7,-0.03,-0.033,stopped_out,True,7,5,3378640.72,-111495.14,2020
THANGAMAYL,2020-09-11,2020-09-14,179.2426,188.2047,1.64,1.95,6.77,0.05,0.047,take_profit,False,3,1,2702912.58,127036.89,2020
WIPRO,2020-09-11,2020-09-14,135.2535,142.0162,2.15,3.07,3.82,0.05,0.047,take_profit,False,3,1,2162330.06,101629.51,2020
KAJARIACER,2020-09-11,2020-09-14,449.3908,471.8604,0.62,1.9,6.58,0.05,0.047,take_profit,False,3,1,1729864.05,81303.61,2020
TECHM,2020-09-14,2020-09-24,639.2755,620.0973,0.56,1.99,2.67,-0.03,-0.033,stopped_out,True,10,8,1422292.56,-46935.65,2020
BSE,2020-09-14,2020-09-15,57.8126,60.7033,2.2,1.77,4.3,0.05,0.047,take_profit,False,1,1,1777865.7,83559.69,2020
WIPRO,2020-09-14,2020-09-21,141.6634,148.7466,1.4,2.57,4.76,0.05,0.047,take_profit,False,7,5,2222332.12,104449.61,2020
ASTERDM,2020-09-14,2020-09-15,100.5589,97.5421,1.89,2.47,6.64,-0.03,-0.033,stopped_out,True,1,1,2777915.16,-91671.2,2020
ASHOKLEY,2020-09-15,2020-09-18,35.6044,37.3846,1.28,1.58,3.73,0.05,0.047,take_profit,False,3,3,2047367.92,96226.29,2020
GODREJAGRO,2020-09-15,2020-09-21,490.5148,475.7994,1.78,2.72,3.77,-0.03,-0.033,stopped_out,True,6,4,1637894.33,-54050.51,2020
NATCOPHARM,2020-09-18,2020-09-22,856.0685,830.3865,9.26,11.85,12.59,-0.03,-0.033,stopped_out,True,4,2,2392463.42,-78951.29,2020
LAURUSLABS,2020-09-18,2020-09-21,292.9296,284.1417,6.06,2.41,3.14,-0.03,-0.033,stopped_out,True,3,1,1913970.74,-63161.03,2020
ELGIEQUIP,2020-09-21,2020-09-22,123.8224,120.1077,0.83,5.21,1.98,-0.03,-0.033,stopped_out,True,1,1,2683463.64,-88554.3,2020
CIEINDIA,2020-09-22,2020-09-23,126.4618,132.7849,4.58,3.04,8.42,0.05,0.047,take_profit,False,1,1,3128455.21,147037.39,2020
ZENSARTECH,2020-09-23,2020-09-24,186.7249,196.0612,6.05,2.83,7.9,0.05,0.047,take_profit,False,1,1,3157862.69,148419.55,2020
VEDL,2020-09-24,2020-09-28,58.2992,61.7995,0.87,1.63,2.85,0.06004,0.05704,take_profit_gap,False,4,2,1772860.4,101123.96,2020
PRINCEPIPE,2020-09-24,2020-09-25,236.5222,248.3484,3.93,1.56,7.0,0.05,0.047,take_profit,False,1,1,2216075.51,104155.55,2020
ADVENZYMES,2020-09-24,2020-09-25,258.7568,277.2395,11.04,7.25,22.14,0.071429,0.068429,take_profit_gap,False,1,1,3462617.98,236943.49,2020
APOLLOHOSP,2020-09-24,2020-09-25,1923.4743,2019.648,4.4,3.78,6.78,0.05,0.047,take_profit,False,1,1,2770094.38,130194.44,2020
APOLLOHOSP,2020-09-25,2020-09-30,2002.4813,2102.6054,1.24,2.19,3.08,0.05,0.047,take_profit,False,5,3,3202304.59,150508.32,2020
ERIS,2020-09-25,2020-10-08,527.1307,511.3168,0.96,10.64,1.85,-0.03,-0.033,stopped_out,True,13,8,2561843.67,-84540.84,2020
GMRAIRPORT,2020-09-25,2020-09-29,21.1824,20.5469,4.26,2.88,8.29,-0.03,-0.033,stopped_out,True,4,2,2049474.94,-67632.67,2020
GAEL,2020-09-25,2020-10-01,53.6499,56.3324,2.44,1.86,6.54,0.05,0.047,take_profit,False,6,4,1639579.95,77060.26,2020
MCX,2020-09-28,2020-09-30,340.4104,330.1981,4.51,2.37,9.14,-0.03,-0.033,stopped_out,True,2,2,1686460.83,-55653.21,2020
KAJARIACER,2020-09-29,2020-10-05,520.8772,505.2509,4.41,3.72,2.1,-0.03,-0.033,stopped_out,True,6,3,1745537.12,-57602.72,2020
KPITTECH,2020-09-30,2020-10-05,119.1859,125.1452,1.84,2.45,2.56,0.05,0.047,take_profit,False,5,2,2393153.8,112478.23,2020
KPITTECH,2020-09-30,2020-10-05,119.1859,125.1452,3.49,2.45,2.56,0.05,0.047,take_profit,False,5,2,1914523.04,89982.58,2020
GAEL,2020-10-01,2020-10-05,59.9072,58.1099,3.75,1.76,10.82,-0.03,-0.033,stopped_out,True,4,1,1874946.48,-61873.23,2020
MARKSANS,2020-10-05,2020-10-07,53.2301,51.6332,0.92,2.49,5.24,-0.03,-0.033,stopped_out,True,2,2,1588319.35,-52414.54,2020
NLCINDIA,2020-10-05,2020-10-09,44.7089,43.3676,2.38,2.67,3.34,-0.03,-0.033,stopped_out,True,4,4,1985399.19,-65518.17,2020
TCS,2020-10-05,2020-10-08,2365.1918,2483.4514,4.07,2.88,3.27,0.05,0.047,take_profit,False,3,3,3102186.24,145802.75,2020
BHARATFORG,2020-10-05,2020-10-14,449.5551,436.0684,0.66,2.32,1.65,-0.03,-0.033,stopped_out,True,9,7,2481748.99,-81897.72,2020
AMBUJACEM,2020-10-07,2020-10-13,211.8088,222.3992,1.55,4.01,3.89,0.05,0.047,take_profit,False,6,4,1577836.45,74158.31,2020
BALRAMCHIN,2020-10-08,2020-10-12,153.6945,149.0836,1.33,2.07,5.39,-0.03,-0.033,stopped_out,True,4,2,2407327.52,-79441.81,2020
JUSTDIAL,2020-10-08,2020-10-09,435.1675,422.1125,4.7,5.65,12.62,-0.03,-0.033,stopped_out,True,1,1,1925862.02,-63553.45,2020
JKCEMENT,2020-10-09,2020-10-14,1609.6721,1690.1557,1.4,4.01,2.49,0.05,0.047,take_profit,False,5,3,2297127.53,107964.99,2020
SHAKTIPUMP,2020-10-09,2020-10-12,35.6902,37.4747,4.17,2.85,3.66,0.05,0.047,take_profit,False,3,1,1837702.03,86372.0,2020
COFORGE,2020-10-12,2020-10-13,501.1073,526.1626,5.33,2.91,8.13,0.05,0.047,take_profit,False,1,1,2320553.57,109066.02,2020
JSL,2020-10-12,2020-10-13,50.5181,49.0026,10.13,9.69,13.73,-0.03,-0.033,stopped_out,True,1,1,1856442.85,-61262.61,2020
ICIL,2020-10-13,2020-10-14,116.1243,121.9305,1.48,2.17,5.44,0.05,0.047,take_profit,False,1,1,2128410.56,100035.3,2020
SONATSOFTW,2020-10-13,2020-10-15,120.2079,116.6017,3.33,4.14,6.57,-0.03,-0.033,stopped_out,True,2,2,2660513.2,-87796.94,2020
ICIL,2020-10-13,2020-10-14,116.1243,121.9305,0.74,2.17,5.44,0.05,0.047,take_profit,False,1,1,1702728.45,80028.24,2020
TATACHEM,2020-10-14,2020-10-28,296.6759,300.5262,1.16,3.43,2.93,0.012978,0.009978,time_exit,False,14,10,1600210.96,15966.9,2020
TATACHEM,2020-10-14,2020-10-28,296.6759,300.5262,1.72,3.43,2.93,0.012978,0.009978,time_exit,False,14,10,2000263.7,19958.63,2020
SBICARD,2020-10-14,2020-10-22,881.0229,854.5922,0.58,3.43,3.74,-0.03,-0.033,stopped_out,True,8,6,3125412.03,-103138.6,2020
OPTIEMUS,2020-10-14,2020-10-16,76.8837,84.6514,6.85,2.38,6.54,0.101032,0.098032,take_profit_gap,False,2,2,2500329.62,245112.31,2020
JUSTDIAL,2020-10-15,2020-10-16,460.9804,484.0294,10.45,5.03,11.98,0.05,0.047,take_profit,False,1,1,1794712.02,84351.46,2020
SUNTECK,2020-10-16,2020-10-20,268.4654,281.8887,1.32,2.91,8.17,0.05,0.047,take_profit,False,4,2,2360670.7,110951.52,2020
GPPL,2020-10-16,2020-10-19,69.3101,72.7756,6.77,2.61,8.41,0.05,0.047,take_profit,False,3,1,1888536.56,88761.22,2020
TECHNOE,2020-10-19,2020-10-22,187.435,181.8119,1.48,1.68,2.37,-0.03,-0.033,stopped_out,True,3,3,1906288.8,-62907.53,2020
FACT,2020-10-20,2020-10-21,47.517,50.4084,13.85,5.16,8.05,0.060848,0.057848,take_profit_gap,False,1,1,2019355.49,116815.68,2020
NEWGEN,2020-10-21,2020-10-22,118.9808,124.9298,7.74,11.68,8.18,0.05,0.047,take_profit,False,1,1,2042718.62,96007.78,2020
RELIGARE,2020-10-22,2020-10-23,53.4267,51.8239,3.56,2.81,7.88,-0.03,-0.033,stopped_out,True,1,1,2428040.89,-80125.35,2020
CHENNPETRO,2020-10-22,2020-10-23,71.5343,69.3883,7.44,13.0,13.63,-0.03,-0.033,stopped_out,True,1,1,3035051.12,-100156.69,2020
WEBELSOLAR,2020-10-22,2020-10-23,2.4112,2.3389,1.45,5.19,7.83,-0.03,-0.033,stopped_out,True,1,1,1942432.72,-64100.28,2020
NCC,2020-10-23,2020-10-27,33.0835,32.091,1.41,2.06,5.81,-0.03,-0.033,stopped_out,True,4,2,1911151.78,-63068.01,2020
TATAELXSI,2020-10-23,2020-10-28,1577.1351,1529.821,0.66,2.12,1.95,-0.03,-0.033,stopped_out,True,5,3,2388939.72,-78835.01,2020
JKTYRE,2020-10-23,2020-10-26,69.2732,67.195,4.33,6.96,8.17,-0.03,-0.033,stopped_out,True,3,1,2986174.65,-98543.76,2020
JUSTDIAL,2020-10-26,2020-10-27,641.3705,673.439,0.63,1.72,9.77,0.05,0.047,take_profit,False,1,1,2106447.6,99003.04,2020
KOTAKBANK,2020-10-27,2020-10-29,316.3671,304.9727,3.16,6.25,9.3,-0.036016,-0.039016,stopped_out_gap,False,2,2,2495864.96,-97378.67,2020
NESTLEIND,2020-10-27,2020-11-10,808.4845,784.23,2.03,3.86,4.55,-0.03,-0.033,stopped_out,True,14,10,1996691.97,-65890.84,2020
KPRMILL,2020-10-28,2020-11-05,140.4753,147.4991,2.54,6.65,3.28,0.05,0.047,take_profit,False,8,6,2786654.56,130972.76,2020
ROUTE,2020-10-28,2020-10-29,876.0309,849.75,4.96,2.4,9.29,-0.03,-0.033,stopped_out,True,1,1,2229323.65,-73567.68,2020
CASTROLIND,2020-10-28,2020-11-02,89.1635,86.4886,1.85,7.4,1.8,-0.03,-0.033,stopped_out,True,5,3,1783458.92,-58854.14,2020
PIDILITIND,2020-10-29,2020-11-11,776.9013,753.5942,0.72,4.96,3.77,-0.03,-0.033,stopped_out,True,13,9,2337615.59,-77141.31,2020
JSL,2020-10-29,2020-11-02,60.7988,58.9749,0.57,1.65,2.91,-0.03,-0.033,stopped_out,True,4,2,1870092.47,-61713.05,2020
HAVELLS,2020-11-02,2020-11-03,756.212,794.0226,5.05,3.7,7.07,0.05,0.047,take_profit,False,1,1,2202670.81,103525.53,2020
AXISBANK,2020-11-02,2020-11-09,520.7371,547.4393,4.3,1.52,5.19,0.051278,0.048278,take_profit_gap,False,7,5,1762136.65,85072.43,2020
JAMNAAUTO,2020-11-03,2020-11-04,42.4386,44.5605,3.34,5.55,7.29,0.05,0.047,take_profit,False,1,1,1870948.59,87934.58,2020
GLENMARK,2020-11-04,2020-11-09,489.0776,474.4053,1.8,1.83,2.64,-0.03,-0.033,stopped_out,True,5,3,1888535.5,-62321.67,2020
BRIGADE,2020-11-05,2020-11-06,200.793,194.7692,5.06,4.93,10.05,-0.03,-0.033,stopped_out,True,1,1,2094353.87,-69113.68,2020
PFC,2020-11-06,2020-11-12,53.3021,55.9672,1.78,1.85,2.08,0.05,0.047,take_profit,False,6,4,2080531.13,97784.96,2020
INDIGO,2020-11-09,2020-11-10,1489.2788,1596.5021,7.31,2.13,4.12,0.071997,0.068997,take_profit_gap,False,1,1,2399109.49,165531.36,2020
VTL,2020-11-09,2020-11-11,164.0256,159.1048,1.96,6.36,4.87,-0.03,-0.033,stopped_out,True,2,2,1919287.59,-63336.49,2020
JAMNAAUTO,2020-11-10,2020-11-18,44.2241,46.4353,1.76,2.01,3.98,0.05,0.047,take_profit,False,8,6,2434518.47,114422.37,2020
LT,2020-11-10,2020-11-17,981.4122,1030.4828,4.51,1.98,6.02,0.05,0.047,take_profit,False,7,5,1947614.78,91537.89,2020
BAJAJFINSV,2020-11-11,2020-11-13,693.2675,727.9309,1.68,2.72,3.81,0.05,0.047,take_profit,False,2,2,2381376.89,111924.71,2020
EICHERMOT,2020-11-11,2020-11-13,2219.3879,2330.3573,1.91,1.76,4.11,0.05,0.047,take_profit,False,2,2,1905101.52,89539.77,2020
ADANIGREEN,2020-11-12,2020-11-14,942.8212,1017.491,4.82,2.81,3.1,0.079198,0.076198,take_profit_gap,False,2,2,1959744.43,149328.61,2020
360ONE,2020-11-13,2020-11-27,208.9098,202.6425,0.88,2.45,2.87,-0.03,-0.033,stopped_out,True,14,10,2465384.12,-81357.68,2020
PRINCEPIPE,2020-11-13,2020-11-18,259.9698,272.9683,8.19,4.57,9.43,0.05,0.047,take_profit,False,5,3,1972307.3,92698.44,2020
SUNFLAG,2020-11-14,2020-11-17,55.0209,57.7719,2.81,1.55,2.13,0.05,0.047,take_profit,False,3,1,1999660.45,93984.04,2020
ATGL,2020-11-17,2020-11-18,292.0648,306.6681,18.47,4.88,18.7,0.05,0.047,take_profit,False,1,1,2426287.79,114035.53,2020
INDIANB,2020-11-17,2020-11-20,56.34,54.6498,0.78,2.19,2.38,-0.03,-0.033,stopped_out,True,3,3,1941030.23,-64054.0,2020
LT,2020-11-18,2020-11-19,1090.073,1057.3708,1.05,2.09,6.22,-0.03,-0.033,stopped_out,True,1,1,2983678.16,-98461.38,2020
LT,2020-11-18,2020-11-19,1090.073,1057.3708,0.95,2.09,6.22,-0.03,-0.033,stopped_out,True,1,1,2386942.53,-78769.1,2020
TATAPOWER,2020-11-18,2020-11-19,58.2463,56.499,0.91,2.8,4.75,-0.03,-0.033,stopped_out,True,1,1,1909554.03,-63015.28,2020
GRAVITA,2020-11-19,2020-11-20,47.4801,49.8542,2.21,5.44,7.3,0.05,0.047,take_profit,False,1,1,2935629.01,137974.56,2020
BEL,2020-11-19,2020-11-20,31.6541,33.2368,6.01,5.14,6.84,0.05,0.047,take_profit,False,1,1,2348503.21,110379.65,2020
J&KBANK,2020-11-19,2020-11-20,16.3428,17.3767,11.4,3.56,6.88,0.063264,0.060264,take_profit_gap,False,1,1,1878802.57,113224.16,2020
IOB,2020-11-20,2020-11-24,9.6048,10.085,1.04,2.35,2.13,0.05,0.047,take_profit,False,4,2,2165337.56,101770.87,2020
EMAMILTD,2020-11-20,2020-11-25,359.3802,377.3492,0.96,2.45,2.64,0.05,0.047,take_profit,False,5,3,1732270.05,81416.69,2020
TIMETECHNO,2020-11-20,2020-11-25,21.4585,22.5314,1.24,2.38,4.71,0.05,0.047,take_profit,False,5,3,3383339.93,159016.98,2020
BLUESTARCO,2020-11-20,2020-11-24,361.2926,379.3572,1.32,1.8,1.53,0.05,0.047,take_profit,False,4,2,2706671.95,127213.58,2020
FORTIS,2020-11-24,2020-12-01,145.755,153.0428,0.51,3.38,2.52,0.05,0.047,take_profit,False,7,4,2406014.83,113082.7,2020
SUNTECK,2020-11-24,2020-11-25,314.9902,305.5405,2.3,8.07,10.92,-0.03,-0.033,stopped_out,True,1,1,1924811.86,-63518.79,2020
TATAPOWER,2020-11-25,2020-11-27,59.1114,62.067,0.75,3.1,1.74,0.05,0.047,take_profit,False,2,2,2983316.83,140215.89,2020
DCBBANK,2020-11-25,2020-11-26,98.5538,95.5972,0.73,4.21,4.53,-0.03,-0.033,stopped_out,True,1,1,2386653.47,-78759.56,2020
SCI,2020-11-25,2020-11-26,50.7883,53.3278,2.77,3.44,2.65,0.05,0.047,take_profit,False,1,1,1909322.77,89738.17,2020
BALRAMCHIN,2020-11-26,2020-12-01,153.9804,161.6794,0.53,3.37,2.83,0.05,0.047,take_profit,False,5,2,2388849.19,112275.91,2020
SFL,2020-11-26,2020-11-27,754.1269,791.8332,1.23,7.37,7.76,0.05,0.047,take_profit,False,1,1,1911079.35,89820.73,2020
LTF,2020-11-27,2020-12-01,76.6843,74.3838,5.99,3.81,9.8,-0.03,-0.033,stopped_out,True,4,1,1939555.41,-64005.33,2020
ACE,2020-11-27,2020-12-01,112.2909,117.9054,7.59,3.95,11.08,0.05,0.047,take_profit,False,4,1,3030555.33,142436.1,2020
AARTIIND,2020-11-27,2020-12-07,569.5632,598.0414,1.64,2.36,3.99,0.05,0.047,take_profit,False,10,5,2424444.26,113948.88,2020
WEBELSOLAR,2020-12-01,2020-12-03,2.3662,2.5537,3.81,2.44,3.05,0.079258,0.076258,take_profit_gap,False,2,2,1825483.34,139207.71,2020
SOUTHBANK,2020-12-01,2020-12-03,7.6064,7.9867,0.63,1.79,3.27,0.05,0.047,take_profit,False,2,2,2281854.18,107247.15,2020
JBMA,2020-12-01,2020-12-02,56.2729,54.5847,1.59,2.13,4.01,-0.03,-0.033,stopped_out,True,1,1,2852317.72,-94126.48,2020
RVNL,2020-12-01,2020-12-04,19.0057,19.956,2.4,3.32,2.23,0.05,0.047,take_profit,False,3,3,3565397.16,167573.67,2020
TARIL,2020-12-02,2020-12-03,7.9007,8.6671,26.27,7.1,6.76,0.097004,0.094004,take_profit_gap,False,1,1,2012024.92,189138.39,2020
SBICARD,2020-12-03,2020-12-14,828.1902,803.3445,4.2,2.74,4.71,-0.03,-0.033,stopped_out,True,11,7,2920611.08,-96380.17,2020
SCI,2020-12-03,2020-12-04,57.0666,60.3328,5.91,2.71,1.5,0.057234,0.054234,take_profit_gap,False,1,1,2336488.86,126717.14,2020
MMTC,2020-12-03,2020-12-04,21.0105,20.3802,1.3,6.53,5.0,-0.03,-0.033,stopped_out,True,1,1,1869191.09,-61683.31,2020
PRAJIND,2020-12-04,2020-12-08,94.3542,91.5236,2.02,1.89,3.45,-0.03,-0.033,stopped_out,True,4,2,3096089.79,-102170.96,2020
PRSMJOHNSN,2020-12-04,2020-12-10,87.8439,85.2086,2.96,2.79,5.47,-0.03,-0.033,stopped_out,True,6,4,2476871.83,-81736.77,2020
MAHABANK,2020-12-04,2020-12-07,12.3205,12.9365,6.69,4.42,7.98,0.05,0.047,take_profit,False,3,1,1981497.47,93130.38,2020
TRIDENT,2020-12-07,2020-12-10,9.2232,8.9465,4.02,2.61,6.42,-0.03,-0.033,stopped_out,True,3,3,2507802.17,-82757.47,2020
GREENPANEL,2020-12-07,2020-12-09,96.9167,106.7336,9.42,2.25,4.14,0.101292,0.098292,take_profit_gap,False,2,2,2006241.74,197197.51,2020
RENUKA,2020-12-08,2020-12-09,11.6058,11.2576,2.59,2.89,1.75,-0.03,-0.033,stopped_out,True,1,1,2203777.16,-72724.65,2020
DATAMATICS,2020-12-09,2020-12-10,98.7073,95.7461,5.14,5.77,13.87,-0.03,-0.033,stopped_out,True,1,1,2629920.08,-86787.36,2020
ZENSARTECH,2020-12-09,2020-12-10,242.3145,235.045,3.67,4.69,11.81,-0.03,-0.033,stopped_out,True,1,1,2103936.06,-69429.89,2020
ITC,2020-12-10,2020-12-21,163.2671,158.3691,2.61,1.99,2.93,-0.03,-0.033,stopped_out,True,11,7,3562712.58,-117569.52,2020
PCJEWELLER,2020-12-10,2020-12-11,2.5863,2.5087,5.03,5.86,14.38,-0.03,-0.033,stopped_out,True,1,1,2850170.06,-94055.61,2020
LUMAXTECH,2020-12-10,2020-12-11,116.0972,112.6143,2.6,7.65,2.32,-0.03,-0.033,stopped_out,True,1,1,2280136.05,-75244.49,2020
BRITANNIA,2020-12-10,2020-12-21,3453.3523,3349.7517,0.95,1.57,3.11,-0.03,-0.033,stopped_out,True,11,7,1824108.84,-60195.59,2020
TARIL,2020-12-11,2020-12-14,10.3759,11.3896,10.6,1.86,4.27,0.097697,0.094697,take_profit_gap,False,3,1,2451488.27,232148.59,2020
NLCINDIA,2020-12-11,2020-12-18,48.0663,46.6243,4.24,2.95,4.43,-0.03,-0.033,stopped_out,True,7,5,1961190.62,-64719.29,2020
INTELLECT,2020-12-14,2020-12-16,295.8911,310.6857,2.36,2.1,5.16,0.05,0.047,take_profit,False,2,2,2670526.05,125514.72,2020
FSL,2020-12-14,2020-12-21,70.0996,67.9966,1.78,1.87,4.87,-0.03,-0.033,stopped_out,True,7,5,2136420.84,-70501.89,2020
SAMMAANCAP,2020-12-16,2020-12-18,173.3191,168.1195,4.26,3.31,6.26,-0.03,-0.033,stopped_out,True,2,2,2268344.83,-74855.38,2020
DRREDDY,2020-12-18,2020-12-21,1013.8982,983.4813,0.52,2.39,2.93,-0.03,-0.033,stopped_out,True,3,1,2106134.41,-69502.44,2020
CAMS,2020-12-18,2020-12-21,294.9612,309.7093,4.85,3.14,5.98,0.05,0.047,take_profit,False,3,1,2632668.02,123735.4,2020
BORORENEW,2020-12-21,2020-12-22,170.3852,180.9095,2.38,3.47,1.95,0.061768,0.058768,take_profit_gap,False,1,1,4098509.66,240861.22,2020
TATAELXSI,2020-12-22,2020-12-23,1576.8009,1655.641,1.0,1.99,6.59,0.05,0.047,take_profit,False,1,1,4146681.9,194894.05,2020
BSOFT,2020-12-22,2020-12-23,218.8063,229.7467,3.01,3.65,11.71,0.05,0.047,take_profit,False,1,1,3317345.52,155915.24,2020
SAMMAANCAP,2020-12-23,2020-12-28,170.5893,179.1188,6.2,1.8,8.61,0.05,0.047,take_profit,False,5,2,4216843.76,198191.66,2020
PCBL,2020-12-23,2020-12-30,69.356,72.8238,3.75,3.13,8.47,0.05,0.047,take_profit,False,7,4,3373475.01,158553.33,2020
PERSISTENT,2020-12-23,2020-12-30,695.9862,730.7855,3.85,2.94,4.26,0.05,0.047,take_profit,False,7,4,2698780.01,126842.66,2020
PERSISTENT,2020-12-23,2020-12-30,695.9862,730.7855,1.13,2.94,4.26,0.05,0.047,take_profit,False,7,4,2159024.01,101474.13,2020
TATACONSUM,2020-12-23,2020-12-31,582.6159,565.1375,3.14,1.63,4.76,-0.03,-0.033,stopped_out,True,8,5,1727219.21,-56998.23,2020
SAREGAMA,2020-12-28,2021-01-01,74.1247,77.8309,3.28,8.94,7.07,0.05,0.047,take_profit,False,4,4,2264782.45,106444.78,2021
BORORENEW,2020-12-30,2020-12-31,308.0539,298.8123,10.95,2.77,1.7,-0.03,-0.033,stopped_out,True,1,1,2262691.7,-74668.83,2020
USHAMART,2020-12-30,2020-12-31,34.1923,35.9019,5.63,2.22,8.55,0.05,0.047,take_profit,False,1,1,3535455.79,166166.42,2020
HEMIPROP,2020-12-30,2020-12-31,88.2941,97.2514,20.28,3.35,18.14,0.101448,0.098448,take_profit_gap,False,1,1,2828364.63,278446.84,2020
SAIL,2020-12-31,2021-01-04,62.935,66.0818,3.73,2.36,7.08,0.05,0.047,take_profit,False,4,2,3943488.87,185343.98,2021
SAIL,2020-12-31,2021-01-04,62.935,66.0818,2.56,2.36,7.08,0.05,0.047,take_profit,False,4,2,3154791.09,148275.18,2021
SOBHA,2020-12-31,2021-01-01,407.2614,395.0435,2.97,3.67,7.7,-0.03,-0.033,stopped_out,True,1,1,2523832.88,-83286.48,2021
SWSOLAR,2020-12-31,2021-01-01,259.8799,272.8739,3.56,7.27,9.23,0.05,0.047,take_profit,False,1,1,2019066.3,94896.12,2021
SUNFLAG,2021-01-01,2021-01-04,63.9,67.0951,3.75,2.74,6.4,0.05,0.047,take_profit,False,3,1,2400320.2,112815.05,2021
BHEL,2021-01-01,2021-01-04,38.2073,40.1177,5.81,2.37,7.05,0.05,0.047,take_profit,False,3,1,3000400.25,141018.81,2021
TRIDENT,2021-01-01,2021-01-04,9.9648,10.4641,1.52,3.57,7.5,0.050112,0.047112,take_profit_gap,False,3,1,1920256.16,90467.11,2021
NMDC,2021-01-04,2021-01-07,21.5224,22.5985,2.0,1.6,3.68,0.05,0.047,take_profit,False,3,3,2332487.82,109626.93,2021
TCS,2021-01-04,2021-01-11,2668.1691,2832.609,3.28,1.73,3.03,0.06163,0.05863,take_profit_gap,False,7,5,2915609.77,170942.2,2021
ZENTEC,2021-01-04,2021-01-05,98.2144,95.2679,4.67,6.68,9.93,-0.03,-0.033,stopped_out,True,1,1,1865990.25,-61577.68,2021
SPARC,2021-01-04,2021-01-06,203.9019,197.7848,1.1,3.59,3.09,-0.03,-0.033,stopped_out,True,2,2,4555640.26,-150336.13,2021
TCS,2021-01-04,2021-01-11,2668.1691,2832.609,1.23,1.73,3.03,0.06163,0.05863,take_profit_gap,False,7,5,3644512.21,213677.75,2021
PRICOLLTD,2021-01-05,2021-01-06,51.9495,50.391,2.67,7.48,5.47,-0.03,-0.033,stopped_out,True,1,1,1853674.72,-61171.27,2021
GAIL,2021-01-06,2021-01-12,69.6227,73.1346,1.9,2.05,2.45,0.050442,0.047442,take_profit_gap,False,6,4,2722501.29,129160.91,2021
MANINFRA,2021-01-06,2021-01-07,22.1075,23.4832,4.78,3.53,3.49,0.062229,0.059229,take_profit_gap,False,1,1,2178001.03,129000.82,2021
BHARTIARTL,2021-01-07,2021-01-13,523.3461,563.8147,1.02,2.38,2.49,0.077327,0.074327,take_profit_gap,False,6,4,2153779.32,160083.96,2021
MOTILALOFS,2021-01-07,2021-01-11,623.62,654.801,4.69,7.6,6.11,0.05,0.047,take_profit,False,4,2,2692224.15,126534.53,2021
ARVIND,2021-01-11,2021-01-18,50.4523,48.9387,0.59,3.36,2.57,-0.03,-0.033,stopped_out,True,7,5,3675723.58,-121298.88,2021
HCLTECH,2021-01-11,2021-01-14,859.5387,833.7526,3.34,1.96,3.95,-0.03,-0.033,stopped_out,True,3,3,2940578.86,-97039.1,2021
MARUTI,2021-01-11,2021-01-18,7894.5229,7657.6872,0.97,2.24,1.65,-0.03,-0.033,stopped_out,True,7,5,2352463.09,-77631.28,2021
SOLARINDS,2021-01-12,2021-01-27,1171.8767,1172.4372,1.45,3.17,3.04,0.000478,-0.002522,time_exit,False,15,10,2452302.91,-6184.71,2021
TATAELXSI,2021-01-13,2021-01-14,2264.9117,2196.9643,4.94,6.21,10.31,-0.03,-0.033,stopped_out,True,1,1,2424614.98,-80012.29,2021
UPL,2021-01-14,2021-01-18,484.1463,508.3536,1.1,2.12,3.1,0.05,0.047,take_profit,False,4,2,2977320.48,139934.06,2021
MSTCLTD,2021-01-14,2021-01-15,177.5842,186.4634,8.97,4.31,10.05,0.05,0.047,take_profit,False,1,1,2381856.38,111947.25,2021
NAM-INDIA,2021-01-15,2021-01-25,281.0429,272.6116,3.46,5.91,5.78,-0.03,-0.033,stopped_out,True,10,6,2404245.83,-79340.11,2021
UPL,2021-01-18,2021-01-21,533.4733,560.147,4.59,3.96,6.92,0.05,0.047,take_profit,False,3,3,3712698.87,174496.85,2021
SHAKTIPUMP,2021-01-18,2021-01-20,61.4133,65.9997,6.47,1.93,3.76,0.07468,0.07168,take_profit_gap,False,2,2,2970159.1,212901.0,2021
ABB,2021-01-18,2021-01-19,1315.9614,1381.7594,3.72,2.13,4.14,0.05,0.047,take_profit,False,1,1,2376127.28,111677.98,2021
JBMA,2021-01-19,2021-01-20,71.6256,75.2069,3.63,2.69,10.51,0.05,0.047,take_profit,False,1,1,2398462.87,112727.76,2021
FEDERALBNK,2021-01-20,2021-01-22,73.9257,71.7079,1.66,2.2,1.98,-0.03,-0.033,stopped_out,True,2,2,3057620.45,-100901.47,2021
ADANIPORTS,2021-01-20,2021-01-22,542.5139,526.2384,1.37,1.96,5.6,-0.03,-0.033,stopped_out,True,2,2,2446096.36,-80721.18,2021
HAVELLS,2021-01-21,2021-01-25,1095.1821,1062.3266,7.25,7.79,6.29,-0.03,-0.033,stopped_out,True,4,2,2734316.23,-90232.44,2021
JKTYRE,2021-01-22,2021-01-25,129.5066,135.9363,15.25,6.31,8.02,0.049648,0.046648,take_profit_gap,False,3,1,3251871.81,151693.32,2021
KAJARIACER,2021-01-22,2021-01-29,794.6156,770.7771,3.53,3.64,2.51,-0.03,-0.033,stopped_out,True,7,4,2601497.45,-85849.42,2021
GRASIM,2021-01-25,2021-02-01,1039.5375,1091.5143,1.9,5.97,4.37,0.05,0.047,take_profit,False,7,4,3755708.89,176518.32,2021
ATGL,2021-01-25,2021-01-28,377.3461,366.0258,0.66,2.04,2.22,-0.03,-0.033,stopped_out,True,3,2,3004567.11,-99150.71,2021
ATGL,2021-01-25,2021-01-28,377.3461,366.0258,1.79,2.04,2.22,-0.03,-0.033,stopped_out,True,3,2,2403653.69,-79320.57,2021
UBL,2021-01-27,2021-02-01,1273.9019,1235.6848,0.81,2.21,4.22,-0.03,-0.033,stopped_out,True,5,3,2412146.59,-79600.84,2021
ARVIND,2021-01-28,2021-02-01,50.2178,48.7113,2.99,1.83,9.29,-0.03,-0.033,stopped_out,True,4,2,2975667.18,-98197.02,2021
CUMMINSIND,2021-01-28,2021-01-29,587.6226,617.0037,1.33,1.67,2.76,0.05,0.047,take_profit,False,1,1,2380533.74,111885.09,2021
CUMMINSIND,2021-01-29,2021-02-01,614.601,645.3311,2.14,3.85,3.31,0.05,0.047,take_profit,False,3,1,2324832.29,109267.12,2021
IIFL,2021-01-29,2021-02-01,140.4069,147.4272,20.05,5.26,19.1,0.05,0.047,take_profit,False,3,1,2906040.36,136583.9,2021
NIACL,2021-02-01,2021-02-02,133.7414,129.7291,1.59,2.6,8.12,-0.03,-0.033,stopped_out,True,1,1,4783659.19,-157860.75,2021
SBIN,2021-02-01,2021-02-02,286.8314,301.173,7.84,2.41,8.98,0.05,0.047,take_profit,False,1,1,3826927.35,179865.59,2021
AUBANK,2021-02-01,2021-02-02,468.6666,492.0999,1.6,2.37,5.67,0.05,0.047,take_profit,False,1,1,3061541.88,143892.47,2021
UNIONBANK,2021-02-01,2021-02-02,27.9099,29.3054,3.25,1.82,1.89,0.05,0.047,take_profit,False,1,1,2449233.51,115113.97,2021
HGINFRA,2021-02-01,2021-02-02,231.3404,242.9074,6.1,2.57,4.46,0.05,0.047,take_profit,False,1,1,1959386.8,92091.18,2021
INDIANB,2021-02-02,2021-02-03,88.7531,86.0905,2.27,2.17,6.01,-0.03,-0.033,stopped_out,True,1,1,4858279.68,-160323.23,2021
INDIANB,2021-02-02,2021-02-03,88.7531,86.0905,2.76,2.17,6.01,-0.03,-0.033,stopped_out,True,1,1,3886623.75,-128258.58,2021
JKLAKSHMI,2021-02-02,2021-02-08,338.2094,355.1198,4.27,2.27,4.31,0.05,0.047,take_profit,False,6,4,3109299.0,146137.05,2021
JKLAKSHMI,2021-02-02,2021-02-08,338.2094,355.1198,4.18,2.27,4.31,0.05,0.047,take_profit,False,6,4,2487439.2,116909.64,2021
STAR,2021-02-02,2021-02-04,897.1823,870.2668,7.17,2.51,12.57,-0.03,-0.033,stopped_out,True,2,2,1989951.36,-65668.39,2021
ADVENZYMES,2021-02-03,2021-02-08,319.3008,335.2658,3.21,2.88,2.21,0.05,0.047,take_profit,False,5,3,2626580.33,123449.28,2021
COALINDIA,2021-02-03,2021-02-04,87.5928,91.9725,1.14,1.57,4.57,0.05,0.047,take_profit,False,1,1,3283225.41,154311.59,2021
BAJAJELEC,2021-02-04,2021-02-05,713.6279,749.3093,5.73,3.27,2.73,0.05,0.047,take_profit,False,1,1,3173628.26,149160.53,2021
BANCOINDIA,2021-02-04,2021-02-08,61.9274,65.0237,1.53,2.11,1.64,0.05,0.047,take_profit,False,4,2,2538902.6,119328.42,2021
SBIN,2021-02-05,2021-02-16,362.9013,381.0463,9.35,3.37,1.58,0.05,0.047,take_profit,False,11,7,2695679.84,126696.95,2021
PATELENG,2021-02-08,2021-02-10,13.4769,13.0726,4.73,3.56,10.45,-0.03,-0.033,stopped_out,True,2,2,4410152.98,-145535.05,2021
TEJASNET,2021-02-08,2021-02-09,176.0056,170.7255,2.12,3.26,7.82,-0.03,-0.033,stopped_out,True,1,1,3528122.38,-116428.04,2021
MSTCLTD,2021-02-08,2021-02-09,292.1143,283.3509,7.75,2.28,18.7,-0.03,-0.033,stopped_out,True,1,1,2822497.9,-93142.43,2021
JKLAKSHMI,2021-02-08,2021-02-09,354.638,372.3699,1.47,3.5,4.56,0.05,0.047,take_profit,False,1,1,2257998.32,106125.92,2021
REFEX,2021-02-09,2021-02-11,20.599,21.6289,2.5,4.21,2.42,0.05,0.047,take_profit,False,2,2,3507433.47,164849.37,2021
IRCON,2021-02-09,2021-02-10,38.4581,40.381,8.03,9.9,6.85,0.05,0.047,take_profit,False,1,1,2805946.78,131879.5,2021
HDFCLIFE,2021-02-09,2021-02-23,694.6209,694.7141,2.64,2.11,2.35,0.000134,-0.002866,time_exit,False,14,10,2244757.42,-6433.47,2021
IRCON,2021-02-10,2021-02-15,42.8302,41.5453,7.98,8.88,6.55,-0.03,-0.033,stopped_out,True,5,3,3236294.78,-106797.73,2021
MUTHOOTFIN,2021-02-10,2021-02-15,1170.0324,1228.534,2.88,4.27,5.66,0.05,0.047,take_profit,False,5,3,2589035.82,121684.68,2021
SHAKTIPUMP,2021-02-11,2021-02-12,75.5096,79.285,1.57,3.42,5.49,0.05,0.047,take_profit,False,1,1,2805685.23,131867.21,2021
IRCTC,2021-02-12,2021-02-16,332.9111,322.9238,2.6,3.36,6.42,-0.03,-0.033,stopped_out,True,4,2,2832058.67,-93457.94,2021
SHARDACROP,2021-02-15,2021-02-16,314.1456,329.8528,6.8,2.19,3.47,0.05,0.047,take_profit,False,1,1,3433690.45,161383.45,2021
POWERINDIA,2021-02-15,2021-02-18,1353.7107,1421.3962,1.69,2.58,2.86,0.05,0.047,take_profit,False,3,3,2746952.36,129106.76,2021
ONGC,2021-02-16,2021-02-18,74.6928,78.4274,3.16,2.56,4.53,0.05,0.047,take_profit,False,2,2,4028772.17,189352.29,2021
OPTIEMUS,2021-02-16,2021-02-18,115.599,127.2999,12.34,1.76,2.92,0.10122,0.09822,take_profit_gap,False,2,2,3223017.74,316564.8,2021
MAHABANK,2021-02-16,2021-02-17,16.5286,17.5088,9.75,2.37,4.1,0.059308,0.056308,take_profit_gap,False,1,1,2578414.19,145185.35,2021
SUBROS,2021-02-17,2021-02-19,340.3907,330.179,2.15,3.89,4.82,-0.03,-0.033,stopped_out,True,2,2,2607451.26,-86045.89,2021
COALINDIA,2021-02-18,2021-02-22,89.316,86.6365,1.07,1.51,3.67,-0.03,-0.033,stopped_out,True,4,2,4212714.23,-139019.57,2021
GVT&D,2021-02-18,2021-02-19,131.4182,137.9891,3.3,3.09,6.46,0.05,0.047,take_profit,False,1,1,3370171.38,158398.06,2021
BEML,2021-02-18,2021-02-19,414.0739,401.6517,0.63,2.34,3.33,-0.03,-0.033,stopped_out,True,1,1,2696137.11,-88972.52,2021
GICRE,2021-02-19,2021-02-22,185.0159,179.4654,6.66,6.0,5.7,-0.03,-0.033,stopped_out,True,3,1,3110670.05,-102652.11,2021
UTIAMC,2021-02-19,2021-03-05,500.0334,516.6409,2.06,2.22,2.46,0.033213,0.030213,time_exit,False,14,10,2488536.04,75186.14,2021
IDFCFIRSTB,2021-02-19,2021-02-25,62.2275,65.3389,2.88,4.08,6.67,0.05,0.047,take_profit,False,6,4,3888337.56,182751.87,2021
RELINFRA,2021-02-22,2021-02-24,31.6658,30.7158,0.79,1.5,2.43,-0.03,-0.033,stopped_out,True,2,2,3407171.35,-112436.65,2021
SONATSOFTW,2021-02-22,2021-02-23,158.8336,166.7753,13.18,10.58,15.17,0.05,0.047,take_profit,False,1,1,2725737.08,128109.64,2021
MMTC,2021-02-23,2021-02-24,33.967,35.6653,3.09,4.42,8.12,0.05,0.047,take_profit,False,1,1,3199023.8,150354.12,2021
ADANIGREEN,2021-02-23,2021-02-24,1196.7981,1160.8941,2.89,2.08,3.01,-0.03,-0.033,stopped_out,True,1,1,2559219.04,-84454.23,2021
ABFRL,2021-02-24,2021-03-01,179.3396,188.3066,3.6,1.91,5.44,0.05,0.047,take_profit,False,5,3,3871150.72,181944.08,2021
ABFRL,2021-02-24,2021-03-01,179.3396,188.3066,0.95,1.91,5.44,0.05,0.047,take_profit,False,5,3,3096920.57,145555.27,2021
DEEPAKFERT,2021-02-24,2021-02-25,158.7672,166.7055,1.48,2.1,2.06,0.05,0.047,take_profit,False,1,1,2477536.46,116444.21,2021
TRIVENI,2021-02-25,2021-02-26,78.4807,82.4047,0.9,4.65,5.3,0.05,0.047,take_profit,False,1,1,3315043.19,155807.03,2021
NBCC,2021-02-25,2021-02-26,26.8363,25.9548,1.42,2.2,5.61,-0.032845,-0.035845,stopped_out_gap,False,1,1,2652034.55,-95062.18,2021
PRAJIND,2021-02-26,2021-03-02,156.3992,164.2192,8.04,4.37,16.38,0.05,0.047,take_profit,False,4,2,2661753.73,125102.43,2021
TRIVENI,2021-02-26,2021-03-01,82.0522,86.1548,1.78,2.56,5.43,0.05,0.047,take_profit,False,3,1,3327192.16,156378.03,2021
IFCI,2021-03-01,2021-03-02,9.5048,9.98,2.11,2.71,4.97,0.05,0.047,take_profit,False,1,1,2742547.93,128899.75,2021
IRFC,2021-03-01,2021-03-05,22.7139,22.0325,1.93,2.75,5.07,-0.03,-0.033,stopped_out,True,4,4,4285231.15,-141412.63,2021
HERITGFOOD,2021-03-01,2021-03-02,167.4829,162.4584,0.65,1.94,9.09,-0.03,-0.033,stopped_out,True,1,1,3428184.92,-113130.1,2021
ABFRL,2021-03-02,2021-03-03,206.2531,216.5657,5.07,2.2,5.72,0.05,0.047,take_profit,False,1,1,3988710.08,187469.37,2021
GHCL,2021-03-02,2021-03-03,206.3759,216.6947,6.23,3.29,5.53,0.05,0.047,take_profit,False,1,1,3190968.06,149975.5,2021
DCMSHRIRAM,2021-03-02,2021-03-03,470.2416,493.7537,3.45,2.34,7.6,0.05,0.047,take_profit,False,1,1,2552774.45,119980.4,2021
WELENT,2021-03-03,2021-03-04,87.2817,91.6458,6.98,3.77,8.47,0.05,0.047,take_profit,False,1,1,4080195.13,191769.17,2021
JSWSTEEL,2021-03-03,2021-03-04,405.4983,392.7458,1.66,1.58,3.09,-0.031449,-0.034449,stopped_out_gap,False,1,1,3264156.11,-112446.91,2021
SAMMAANCAP,2021-03-03,2021-03-05,208.302,202.053,2.66,1.88,7.31,-0.03,-0.033,stopped_out,True,2,2,2611324.88,-86173.72,2021
INDHOTEL,2021-03-04,2021-03-05,123.3493,119.6488,0.72,1.6,3.04,-0.03,-0.033,stopped_out,True,1,1,3573794.61,-117935.22,2021
GLAND,2021-03-04,2021-03-05,2619.4516,2540.8681,2.46,3.22,10.14,-0.03,-0.033,stopped_out,True,1,1,2859035.69,-94348.18,2021
SURYAROSNI,2021-03-05,2021-03-08,88.6439,93.0761,2.25,4.15,2.62,0.05,0.047,take_profit,False,3,1,3441840.83,161766.52,2021
USHAMART,2021-03-05,2021-03-08,33.9518,35.6494,12.18,9.12,18.86,0.05,0.047,take_profit,False,3,1,2202778.13,103530.57,2021
ELECON,2021-03-05,2021-03-08,28.353,29.7707,1.3,3.31,4.15,0.05,0.047,take_profit,False,3,1,2753472.67,129413.22,2021
ASTRAMICRO,2021-03-05,2021-03-08,147.1848,154.5441,3.29,4.13,6.6,0.05,0.047,take_profit,False,3,1,4302301.04,202208.15,2021
CSBBANK,2021-03-05,2021-03-08,259.9799,252.1805,4.73,9.41,8.72,-0.03,-0.033,stopped_out,True,3,1,5377876.3,-177469.92,2021
BEML,2021-03-08,2021-03-09,580.5235,618.8518,7.06,4.12,14.13,0.066024,0.063024,take_profit_gap,False,1,1,5461766.01,344222.34,2021
SAREGAMA,2021-03-08,2021-03-09,135.2066,131.1504,9.06,6.59,19.96,-0.03,-0.033,stopped_out,True,1,1,4369412.81,-144190.62,2021
BLUEDART,2021-03-08,2021-03-10,4966.7658,5215.1041,2.58,3.07,3.83,0.05,0.047,take_profit,False,2,2,3495530.24,164289.92,2021
TARC,2021-03-08,2021-03-09,35.3677,37.1361,3.39,1.61,5.68,0.05,0.047,take_profit,False,1,1,2796424.2,131431.94,2021
BLS,2021-03-08,2021-03-10,26.1992,29.8143,0.65,2.43,5.52,0.137984,0.134984,take_profit_gap,False,2,2,2237139.36,301978.02,2021
KPITTECH,2021-03-09,2021-03-10,157.5182,165.876,4.02,5.43,10.0,0.053059,0.050059,take_profit_gap,False,1,1,4381524.82,219334.75,2021
IFCI,2021-03-09,2021-03-10,13.0065,13.6568,3.85,4.2,9.24,0.05,0.047,take_profit,False,1,1,3505219.85,164745.33,2021
RELINFRA,2021-03-09,2021-03-10,35.6178,37.3987,6.46,3.05,8.7,0.05,0.047,take_profit,False,1,1,2804175.88,131796.27,2021
GRAPHITE,2021-03-10,2021-03-17,467.2497,453.2323,4.23,2.79,7.67,-0.03,-0.033,stopped_out,True,7,4,2344750.12,-77376.75,2021
KITEX,2021-03-10,2021-03-15,36.2573,35.1696,2.81,7.24,4.97,-0.03,-0.033,stopped_out,True,5,2,2930937.65,-96720.94,2021
RELINFRA,2021-03-10,2021-03-12,39.1696,37.9945,3.83,2.16,6.1,-0.03,-0.033,stopped_out,True,2,1,3663672.06,-120901.18,2021
LTIM,2021-03-10,2021-03-12,3892.8866,3776.1,1.94,5.56,4.4,-0.03,-0.033,stopped_out,True,2,1,4579590.08,-151126.47,2021
KPRMILL,2021-03-10,2021-03-15,210.3588,220.8767,7.26,2.95,8.33,0.05,0.047,take_profit,False,5,2,5724487.6,269050.92,2021
DEEPAKFERT,2021-03-12,2021-03-15,205.8128,216.1034,1.44,1.66,2.85,0.05,0.047,take_profit,False,3,1,3470046.99,163092.21,2021
BLUEDART,2021-03-12,2021-03-16,5439.2109,5276.0346,0.99,2.16,2.76,-0.03,-0.033,stopped_out,True,4,2,2776037.59,-91609.24,2021
OBEROIRLTY,2021-03-15,2021-03-16,584.333,566.803,1.86,2.62,6.25,-0.03,-0.033,stopped_out,True,1,1,4713008.96,-155529.3,2021
TARIL,2021-03-15,2021-03-16,9.2758,9.7396,6.2,4.06,6.0,0.05,0.047,take_profit,False,1,1,3770407.17,177209.14,2021
SARDAEN,2021-03-15,2021-03-16,38.5238,40.45,6.89,2.62,6.32,0.05,0.047,take_profit,False,1,1,3016325.73,141767.31,2021
ZENSARTECH,2021-03-16,2021-03-17,310.1219,300.8182,5.52,4.32,13.64,-0.03,-0.033,stopped_out,True,1,1,5282584.06,-174325.27,2021
GLAND,2021-03-16,2021-03-17,2665.7617,2585.7888,0.74,2.92,6.76,-0.03,-0.033,stopped_out,True,1,1,4226067.25,-139460.22,2021
PERSISTENT,2021-03-16,2021-03-17,912.5141,885.1387,0.92,2.25,6.89,-0.03,-0.033,stopped_out,True,1,1,3380853.8,-111568.18,2021
FORTIS,2021-03-16,2021-03-17,192.9315,187.1436,1.87,4.07,2.86,-0.03,-0.033,stopped_out,True,1,1,2704683.04,-89254.54,2021
ADANIPOWER,2021-03-17,2021-03-19,17.4487,18.3212,2.58,1.69,3.32,0.05,0.047,take_profit,False,2,2,4506509.67,211805.95,2021
ADANIPOWER,2021-03-17,2021-03-19,17.4487,18.3212,5.72,1.69,3.32,0.05,0.047,take_profit,False,2,2,5633137.09,264757.44,2021
ITC,2021-03-18,2021-03-25,171.1829,166.0474,1.42,2.73,2.18,-0.03,-0.033,stopped_out,True,7,5,3605207.74,-118971.86,2021
ITC,2021-03-18,2021-03-25,171.1829,166.0474,0.76,2.73,2.18,-0.03,-0.033,stopped_out,True,7,5,2884166.19,-95177.48,2021
APLAPOLLO,2021-03-18,2021-03-22,601.7935,631.8832,1.2,1.5,6.17,0.05,0.047,take_profit,False,4,2,2307332.95,108444.65,2021
ADANIPOWER,2021-03-19,2021-03-23,18.4492,20.3098,2.28,1.54,4.77,0.100851,0.097851,take_profit_gap,False,4,2,3969108.4,388381.23,2021
AAVAS,2021-03-19,2021-03-22,2254.8769,2367.6207,2.05,5.63,2.76,0.05,0.047,take_profit,False,3,1,3175286.72,149238.48,2021
SCI,2021-03-22,2021-03-24,112.4465,108.9173,6.04,1.78,11.47,-0.031386,-0.034386,stopped_out_gap,False,2,2,3688289.93,-126825.54,2021
ADANIENT,2021-03-22,2021-03-23,989.1429,1038.6,9.65,2.99,10.99,0.05,0.047,take_profit,False,1,1,2950631.95,138679.7,2021
BANKINDIA,2021-03-23,2021-03-24,66.1354,64.1514,3.0,1.73,8.44,-0.03,-0.033,stopped_out,True,1,1,3849865.81,-127045.57,2021
RELINFRA,2021-03-23,2021-03-24,39.8199,38.6253,1.88,1.52,5.85,-0.03,-0.033,stopped_out,True,1,1,3079892.65,-101636.46,2021
JKIL,2021-03-24,2021-03-25,198.2389,192.2918,1.12,3.36,2.65,-0.03,-0.033,stopped_out,True,1,1,3613137.83,-119233.55,2021
KPITTECH,2021-03-24,2021-03-26,167.5032,175.8783,1.68,2.57,3.03,0.05,0.047,take_profit,False,2,2,4516422.28,212271.85,2021
ZYDUSWELL,2021-03-24,2021-04-05,390.3645,409.8827,0.87,2.4,3.29,0.05,0.047,take_profit,False,12,6,2890510.26,135853.98,2021
REDINGTON,2021-03-25,2021-03-26,74.7995,72.5555,1.63,8.54,15.68,-0.03,-0.033,stopped_out,True,1,1,4266233.98,-140785.72,2021
HCG,2021-03-26,2021-03-30,185.3426,179.7823,0.67,13.33,4.07,-0.03,-0.033,stopped_out,True,4,1,5183815.66,-171065.92,2021
SAIL,2021-03-26,2021-03-30,66.227,69.5384,1.52,1.8,4.0,0.05,0.047,take_profit,False,4,1,4147052.53,194911.47,2021
BALKRISIND,2021-03-26,2021-04-12,1584.7554,1537.2127,1.17,1.53,2.31,-0.03,-0.033,stopped_out,True,17,9,3317642.02,-109482.19,2021
JPPOWER,2021-03-26,2021-03-31,3.0515,3.2041,4.92,2.43,3.39,0.05,0.047,take_profit,False,5,2,2654113.62,124743.34,2021
MOIL,2021-03-30,2021-03-31,136.3524,132.2618,6.15,5.52,12.3,-0.03,-0.033,stopped_out,True,1,1,3994233.65,-131809.71,2021
NAVINFLUOR,2021-03-30,2021-04-06,2678.3842,2812.3034,5.63,2.73,10.78,0.05,0.047,take_profit,False,7,4,3195386.92,150183.19,2021
JPPOWER,2021-03-31,2021-04-05,3.2516,3.5482,3.08,2.08,4.84,0.091216,0.088216,take_profit_gap,False,5,2,3884565.71,342680.85,2021
LALPATHLAB,2021-03-31,2021-04-05,1306.1618,1371.4699,0.89,2.16,2.91,0.05,0.047,take_profit,False,5,2,3107652.57,146059.67,2021
RELIGARE,2021-04-05,2021-04-06,99.7498,96.7574,1.9,1.6,5.39,-0.03,-0.033,stopped_out,True,1,1,4587586.66,-151390.36,2021
ADVENZYMES,2021-04-05,2021-04-07,344.7881,362.0275,1.18,2.12,3.44,0.05,0.047,take_profit,False,2,2,3670069.33,172493.26,2021
SAIL,2021-04-05,2021-04-08,77.3584,81.2263,5.3,2.62,3.64,0.05,0.047,take_profit,False,3,3,2936055.47,137994.61,2021
ADANIENT,2021-04-06,2021-04-07,1223.0419,1186.3506,2.32,2.0,6.24,-0.03,-0.033,stopped_out,True,1,1,3124158.12,-103097.22,2021
GRANULES,2021-04-06,2021-04-12,326.9937,317.1839,4.03,2.38,6.64,-0.03,-0.033,stopped_out,True,6,4,3905197.65,-128871.52,2021
WABAG,2021-04-07,2021-04-12,259.5621,250.4299,3.98,1.95,6.82,-0.035183,-0.038183,stopped_out_gap,False,5,3,3872051.2,-147846.53,2021
PRINCEPIPE,2021-04-07,2021-04-08,444.7085,466.944,5.52,1.66,6.53,0.05,0.047,take_profit,False,1,1,3097640.96,145589.13,2021
NAM-INDIA,2021-04-08,2021-04-12,305.8216,294.5086,0.66,3.21,4.85,-0.036992,-0.039992,stopped_out_gap,False,4,2,3741568.8,-149632.82,2021
JKLAKSHMI,2021-04-08,2021-04-09,423.1471,444.3044,2.85,1.55,3.31,0.05,0.047,take_profit,False,1,1,2993255.04,140682.99,2021
MAHABANK,2021-04-09,2021-04-12,21.4741,20.6292,1.82,5.1,15.38,-0.039345,-0.042345,stopped_out_gap,False,3,1,3021391.64,-127940.83,2021
AURIONPRO,2021-04-12,2021-04-13,87.5622,84.9354,16.61,3.88,4.44,-0.03,-0.033,stopped_out,True,1,1,5855928.79,-193245.65,2021
IPCALAB,2021-04-12,2021-04-15,1061.4439,1029.6006,0.65,3.2,3.01,-0.03,-0.033,stopped_out,True,3,2,4684743.03,-154596.52,2021
BAJAJFINSV,2021-04-13,2021-04-19,978.9579,947.9421,1.4,1.95,6.59,-0.031682,-0.034682,stopped_out_gap,False,6,3,4880331.06,-169259.64,2021
KPRMILL,2021-04-13,2021-04-15,241.051,233.8195,5.75,4.88,12.25,-0.03,-0.033,stopped_out,True,2,1,3904264.84,-128840.74,2021
TRIVENI,2021-04-13,2021-04-15,88.2085,92.6189,3.25,2.01,4.92,0.05,0.047,take_profit,False,2,1,3123411.88,146800.36,2021
MAHABANK,2021-04-13,2021-04-15,23.4263,22.5361,1.48,4.68,17.39,-0.038,-0.041,stopped_out_gap,False,2,1,2498729.5,-102447.91,2021
TIMETECHNO,2021-04-15,2021-04-16,35.6838,34.6133,5.68,2.52,12.21,-0.03,-0.033,stopped_out,True,1,1,2454219.0,-80989.23,2021
TRIVENI,2021-04-15,2021-04-19,92.8139,97.6037,4.25,7.15,3.95,0.051606,0.048606,take_profit_gap,False,4,2,3067773.75,149112.21,2021
CENTURYPLY,2021-04-15,2021-04-16,328.7899,345.2294,6.09,8.26,9.78,0.05,0.047,take_profit,False,1,1,4793396.49,225289.63,2021
REFEX,2021-04-15,2021-04-16,21.1645,20.5296,7.17,5.88,15.11,-0.03,-0.033,stopped_out,True,1,1,3834717.19,-126545.67,2021
STAR,2021-04-16,2021-04-19,910.7625,883.4397,1.3,2.86,7.3,-0.03,-0.033,stopped_out,True,3,1,4183392.69,-138051.96,2021
CAMS,2021-04-16,2021-04-19,382.3093,370.84,4.93,7.41,10.83,-0.03,-0.033,stopped_out,True,3,1,3346714.15,-110441.57,2021
CAMS,2021-04-16,2021-04-19,382.3093,370.84,2.14,7.41,10.83,-0.03,-0.033,stopped_out,True,3,1,2677371.32,-88353.25,2021
NEWGEN,2021-04-19,2021-04-20,154.3776,162.0965,1.38,4.97,2.98,0.05,0.047,take_profit,False,1,1,5701614.81,267975.9,2021
ELECON,2021-04-19,2021-04-20,34.1955,35.9052,7.25,2.22,13.16,0.05,0.047,take_profit,False,1,1,4561291.84,214380.72,2021
APOLLOHOSP,2021-04-19,2021-04-22,3118.208,3274.1184,3.44,3.34,3.93,0.05,0.047,take_profit,False,3,2,3649033.48,171504.57,2021
ELGIEQUIP,2021-04-19,2021-04-20,220.7952,214.1713,6.41,7.74,15.13,-0.03,-0.033,stopped_out,True,1,1,2919226.78,-96334.48,2021
TRIVENI,2021-04-19,2021-04-23,102.0249,107.1261,2.95,4.17,4.43,0.05,0.047,take_profit,False,4,3,2335381.42,109762.93,2021
ICICIPRULI,2021-04-20,2021-04-23,474.4622,498.1854,4.12,7.16,2.67,0.05,0.047,take_profit,False,3,2,3665549.0,172280.8,2021
AJANTPHARM,2021-04-20,2021-04-29,1133.1644,1189.8227,2.5,2.49,3.83,0.05,0.047,take_profit,False,9,6,2932439.2,137824.64,2021
MARKSANS,2021-04-20,2021-04-22,57.253,60.1157,5.48,5.6,6.38,0.05,0.047,take_profit,False,2,1,4581936.25,215351.0,2021
ELECON,2021-04-22,2021-04-26,40.0133,42.1559,2.02,2.61,6.96,0.053547,0.050547,take_profit_gap,False,4,2,4069516.42,205701.85,2021
POLYMED,2021-04-22,2021-04-23,983.9192,1038.6286,9.57,5.0,10.96,0.055604,0.052604,take_profit_gap,False,1,1,3255613.14,171258.27,2021
RAILTEL,2021-04-23,2021-05-03,114.9858,111.5362,7.59,4.9,12.67,-0.03,-0.033,stopped_out,True,10,6,4546459.62,-150033.17,2021
CCL,2021-04-23,2021-04-29,257.7474,250.015,1.51,2.77,3.63,-0.03,-0.033,stopped_out,True,6,4,3637167.7,-120026.53,2021
RAIN,2021-04-23,2021-04-26,168.9313,177.3779,3.08,3.66,5.36,0.05,0.047,take_profit,False,3,1,2909734.16,136757.51,2021
ICICIGI,2021-04-26,2021-04-30,1401.9834,1359.9239,1.12,2.61,2.86,-0.03,-0.033,stopped_out,True,4,4,3792129.31,-125140.27,2021
GHCL,2021-04-26,2021-04-28,211.8745,205.5183,2.99,1.79,2.12,-0.03,-0.033,stopped_out,True,2,2,3033703.45,-100112.21,2021
RADICO,2021-04-28,2021-05-03,560.9969,544.167,3.22,2.49,3.08,-0.03,-0.033,stopped_out,True,5,3,3013681.01,-99451.47,2021
CARBORUNIV,2021-04-29,2021-04-30,514.3164,540.0322,0.71,4.62,3.11,0.05,0.047,take_profit,False,1,1,3728425.81,175236.01,2021
RELINFRA,2021-04-29,2021-04-30,37.5188,39.3947,3.73,1.67,4.17,0.05,0.047,take_profit,False,1,1,2982740.65,140188.81,2021
NAVA,2021-04-30,2021-05-03,35.5949,37.3746,6.13,3.45,8.75,0.05,0.047,take_profit,False,3,1,2895941.49,136109.25,2021
JINDALSAW,2021-04-30,2021-05-03,39.9789,41.9779,0.82,4.52,5.68,0.05,0.047,take_profit,False,3,1,3619926.87,170136.56,2021
STARCEMENT,2021-04-30,2021-05-06,102.1255,99.0617,1.07,4.36,4.2,-0.03,-0.033,stopped_out,True,6,4,4524908.58,-149321.98,2021
VBL,2021-05-03,2021-05-04,88.1658,92.5741,2.59,4.7,3.49,0.05,0.047,take_profit,False,1,1,5143307.23,241735.44,2021
FSL,2021-05-03,2021-05-04,113.4761,119.1499,6.24,2.22,8.44,0.05,0.047,take_profit,False,1,1,4114645.78,193388.35,2021
HGINFRA,2021-05-03,2021-05-06,287.4003,278.7783,2.57,2.05,3.88,-0.03,-0.033,stopped_out,True,3,3,3291716.62,-108626.65,2021
GESHIP,2021-05-03,2021-05-04,270.5754,284.1041,1.61,3.26,3.81,0.05,0.047,take_profit,False,1,1,2633373.3,123768.55,2021
ANGELONE,2021-05-04,2021-05-05,391.2155,379.4791,2.11,7.5,11.3,-0.03,-0.033,stopped_out,True,1,1,4596742.37,-151692.5,2021
TATAELXSI,2021-05-04,2021-05-06,3673.5043,3563.2992,6.46,2.08,7.56,-0.03,-0.033,stopped_out,True,2,2,3677393.89,-121354.0,2021
TIPSMUSIC,2021-05-04,2021-05-06,53.966,56.6644,2.87,2.36,2.6,0.05,0.047,take_profit,False,2,2,2941915.12,138270.01,2021
ANURAS,2021-05-05,2021-05-07,678.0681,711.9715,4.34,1.95,6.26,0.05,0.047,take_profit,False,2,2,3242542.07,152399.48,2021
TDPOWERSYS,2021-05-06,2021-05-10,37.927,36.7892,1.11,2.43,3.54,-0.03,-0.033,stopped_out,True,4,2,2781703.15,-91796.2,2021
RELIGARE,2021-05-06,2021-05-10,101.0505,98.019,6.44,5.99,11.17,-0.03,-0.033,stopped_out,True,4,2,3477128.94,-114745.26,2021
GOKEX,2021-05-06,2021-05-07,102.9667,99.8777,0.82,4.34,9.63,-0.03,-0.033,stopped_out,True,1,1,5433013.97,-179289.46,2021
MINDACORP,2021-05-06,2021-05-12,106.4325,103.2396,4.29,3.27,4.84,-0.03,-0.033,stopped_out,True,6,4,4346411.18,-143431.57,2021
UTIAMC,2021-05-07,2021-05-12,599.6119,581.6236,4.23,1.87,5.17,-0.03,-0.033,stopped_out,True,5,3,3955095.73,-130518.16,2021
HAPPSTMNDS,2021-05-07,2021-05-12,806.6052,782.407,2.95,2.52,2.06,-0.03,-0.033,stopped_out,True,5,3,3164076.59,-104414.53,2021
GLAND,2021-05-10,2021-05-12,2737.434,2874.3056,2.5,2.14,4.3,0.05,0.047,take_profit,False,2,2,3741719.4,175860.81,2021
GVT&D,2021-05-10,2021-05-12,130.8695,137.413,2.48,3.75,5.21,0.05,0.047,take_profit,False,2,2,2993375.52,140688.65,2021
GODREJCP,2021-05-12,2021-05-14,838.2762,813.1279,8.59,12.67,12.63,-0.03,-0.033,stopped_out,True,2,1,3083506.25,-101755.71,2021
AVANTIFEED,2021-05-12,2021-05-14,484.6837,508.9179,3.6,6.12,4.99,0.05,0.047,take_profit,False,2,1,3854382.81,181155.99,2021
BANKINDIA,2021-05-12,2021-05-14,63.9807,67.1798,5.09,2.8,4.83,0.05,0.047,take_profit,False,2,1,2466805.0,115939.83,2021
CENTRALBK,2021-05-12,2021-05-14,18.0829,17.5404,1.63,4.05,7.27,-0.03,-0.033,stopped_out,True,2,1,6022473.14,-198741.61,2021
THANGAMAYL,2021-05-12,2021-05-19,315.5249,306.0592,1.69,2.56,2.09,-0.03,-0.033,stopped_out,True,7,4,4817978.51,-158993.29,2021
PRINCEPIPE,2021-05-14,2021-05-17,626.5291,607.7332,1.32,5.58,2.98,-0.03,-0.033,stopped_out,True,3,1,2589796.93,-85463.3,2021
SHAREINDIA,2021-05-14,2021-05-19,83.6947,87.8794,2.58,2.17,8.31,0.05,0.047,take_profit,False,5,3,3237246.17,152150.57,2021
COLPAL,2021-05-14,2021-05-21,1414.5465,1485.2738,0.93,2.38,2.08,0.05,0.047,take_profit,False,7,5,4046557.71,190188.21,2021
CDSL,2021-05-14,2021-05-17,395.1069,414.8623,2.72,2.86,2.58,0.05,0.047,take_profit,False,3,1,5058197.14,237735.27,2021
DALBHARAT,2021-05-17,2021-05-21,1739.8353,1826.8271,2.93,1.84,1.71,0.05,0.047,take_profit,False,4,4,3631890.76,170698.87,2021
SUNDRMFAST,2021-05-17,2021-05-18,709.3861,744.8554,4.87,3.71,7.95,0.05,0.047,take_profit,False,1,1,2905512.6,136559.09,2021
HINDZINC,2021-05-18,2021-05-24,229.9856,223.086,7.02,5.27,7.48,-0.03,-0.033,stopped_out,True,6,4,2932824.42,-96783.21,2021
GABRIEL,2021-05-19,2021-05-24,113.0285,118.68,0.84,7.83,6.0,0.05,0.047,take_profit,False,5,3,3955935.93,185928.99,2021
MANINFRA,2021-05-19,2021-05-20,26.6422,28.5258,3.47,2.96,2.2,0.070699,0.067699,take_profit_gap,False,1,1,3164748.74,214250.33,2021
PNB,2021-05-20,2021-05-24,34.8119,36.5525,1.87,2.07,2.74,0.05,0.047,take_profit,False,4,2,3207598.81,150757.14,2021
JBCHEPHARM,2021-05-21,2021-05-26,690.4317,669.188,2.2,2.22,4.34,-0.030769,-0.033769,stopped_out_gap,False,5,3,4173946.16,-140949.99,2021
BDL,2021-05-21,2021-06-04,172.2979,174.8305,1.17,2.86,2.73,0.014699,0.011699,time_exit,False,14,10,3339156.92,39064.8,2021
360ONE,2021-05-24,2021-05-26,264.0911,256.1684,4.18,7.86,4.27,-0.03,-0.033,stopped_out,True,2,2,4738577.96,-156373.07,2021
SHAKTIPUMP,2021-05-24,2021-06-01,122.7449,119.0626,1.73,2.79,7.63,-0.03,-0.033,stopped_out,True,8,6,3790862.37,-125098.46,2021
JUBLINGREA,2021-05-24,2021-05-25,464.7973,450.8534,3.1,1.51,10.06,-0.03,-0.033,stopped_out,True,1,1,3032689.89,-100078.77,2021
RELAXO,2021-05-25,2021-05-27,1080.8296,1134.8711,3.71,2.22,5.68,0.05,0.047,take_profit,False,2,2,3012674.14,141595.68,2021
ASTRAMICRO,2021-05-26,2021-05-27,136.168,142.9764,1.15,4.71,3.77,0.05,0.047,take_profit,False,1,1,4133179.52,194259.44,2021
TIMETECHNO,2021-05-26,2021-05-27,40.3371,42.354,1.55,2.03,2.95,0.05,0.047,take_profit,False,1,1,3306543.62,155407.55,2021
SYNGENE,2021-05-27,2021-05-28,599.8154,581.821,1.11,3.28,2.34,-0.03,-0.033,stopped_out,True,1,1,4833966.88,-159520.91,2021
WELCORP,2021-05-27,2021-06-07,135.6937,142.4783,0.5,1.81,2.76,0.05,0.047,take_profit,False,11,7,3867173.51,181757.15,2021
HGINFRA,2021-05-27,2021-06-03,387.8017,407.1918,1.66,2.16,4.47,0.05,0.047,take_profit,False,7,5,3093738.81,145405.72,2021
HCC,2021-05-28,2021-06-01,11.1056,10.7724,1.9,4.51,3.74,-0.03,-0.033,stopped_out,True,4,2,3409880.24,-112526.05,2021
TATACOMM,2021-06-01,2021-06-07,1047.4975,1099.8724,1.12,2.28,4.18,0.05,0.047,take_profit,False,6,4,4120527.81,193664.81,2021
TATACOMM,2021-06-01,2021-06-07,1047.4975,1099.8724,3.83,2.28,4.18,0.05,0.047,take_profit,False,6,4,3296422.25,154931.85,2021
VOLTAS,2021-06-03,2021-06-08,1084.5513,1052.0147,5.32,3.03,6.67,-0.03,-0.033,stopped_out,True,5,3,3284966.71,-108403.9,2021
RBA,2021-06-04,2021-06-07,156.7283,164.5647,4.25,1.56,4.02,0.05,0.047,take_profit,False,3,1,3303617.71,155270.03,2021
RBA,2021-06-07,2021-06-09,165.0825,160.13,1.42,1.91,3.77,-0.03,-0.033,stopped_out,True,2,2,2917154.4,-96266.1,2021
ICIL,2021-06-07,2021-06-08,151.604,159.1842,1.27,1.67,3.33,0.05,0.047,take_profit,False,1,1,3646443.0,171382.82,2021
FORTIS,2021-06-07,2021-06-11,234.8883,227.8417,2.03,1.65,3.53,-0.03,-0.033,stopped_out,True,4,4,4558053.75,-150415.77,2021
CAMS,2021-06-07,2021-06-08,508.8423,493.577,3.69,1.69,7.55,-0.03,-0.033,stopped_out,True,1,1,5697567.19,-188019.72,2021
TATAELXSI,2021-06-08,2021-06-18,3573.3339,3466.1339,1.11,3.46,3.02,-0.03,-0.033,stopped_out,True,10,8,4834510.74,-159538.85,2021
SKIPPER,2021-06-08,2021-06-09,65.3805,68.6496,4.69,2.99,6.59,0.05,0.047,take_profit,False,1,1,3867608.59,181777.6,2021
ICIL,2021-06-08,2021-06-09,167.4261,162.4033,3.09,5.61,9.47,-0.03,-0.033,stopped_out,True,1,1,3094086.87,-102104.87,2021
JPPOWER,2021-06-09,2021-06-10,4.2021,4.4978,11.9,3.32,7.69,0.070358,0.067358,take_profit_gap,False,1,1,4447720.8,299589.58,2021
FSL,2021-06-09,2021-06-10,148.1902,155.5998,1.43,2.48,2.64,0.05,0.047,take_profit,False,1,1,3558176.64,167234.3,2021
SAMMAANCAP,2021-06-09,2021-06-10,229.3339,240.8006,2.82,2.48,3.41,0.05,0.047,take_profit,False,1,1,2846541.31,133787.44,2021
JSL,2021-06-10,2021-06-11,99.2654,96.2874,2.82,4.7,7.8,-0.03,-0.033,stopped_out,True,1,1,4567843.07,-150738.82,2021
SAMMAANCAP,2021-06-10,2021-06-14,249.6735,262.1572,0.88,3.31,7.33,0.05,0.047,take_profit,False,4,2,3654274.45,171750.9,2021
ASTERDM,2021-06-10,2021-06-11,118.7733,124.712,2.94,4.21,4.44,0.05,0.047,take_profit,False,1,1,2923419.56,137400.72,2021
SAIL,2021-06-11,2021-06-14,116.5337,113.0377,0.63,2.67,3.84,-0.03,-0.033,stopped_out,True,3,1,3018142.82,-99598.71,2021
APLLTD,2021-06-11,2021-06-17,944.9835,916.634,0.86,4.18,2.65,-0.03,-0.033,stopped_out,True,6,4,3772678.52,-124498.39,2021
DCBBANK,2021-06-11,2021-06-14,106.7066,103.5054,2.56,4.37,5.95,-0.03,-0.033,stopped_out,True,3,1,4715848.15,-155622.99,2021
IMFA,2021-06-14,2021-06-16,226.8829,220.0764,5.0,4.02,10.02,-0.03,-0.033,stopped_out,True,2,2,4675473.18,-154290.61,2021
SARDAEN,2021-06-14,2021-06-15,69.2942,67.2154,4.09,5.78,11.66,-0.03,-0.033,stopped_out,True,1,1,3740378.54,-123432.49,2021
GRAVITA,2021-06-14,2021-06-15,115.8593,121.6523,6.25,4.87,6.71,0.05,0.047,take_profit,False,1,1,2992302.83,140638.23,2021
ITI,2021-06-15,2021-06-16,132.066,128.104,0.53,2.73,5.31,-0.03,-0.033,stopped_out,True,1,1,3743819.69,-123546.05,2021
MAHLIFE,2021-06-15,2021-06-16,200.8704,210.9139,3.33,2.02,2.61,0.05,0.047,take_profit,False,1,1,2995055.75,140767.62,2021
JPPOWER,2021-06-16,2021-06-18,5.3527,5.8471,0.98,2.22,1.9,0.092365,0.089365,take_profit_gap,False,2,2,4651500.52,415681.34,2021
TATACONSUM,2021-06-16,2021-06-30,712.3762,729.5549,0.56,1.51,1.64,0.024115,0.021115,time_exit,False,14,10,3721200.41,78573.15,2021
RCF,2021-06-16,2021-06-18,76.8764,74.5701,0.64,3.34,4.26,-0.03,-0.033,stopped_out,True,2,2,2976960.33,-98239.69,2021
HFCL,2021-06-17,2021-06-18,52.7076,51.1264,1.04,1.6,1.82,-0.03,-0.033,stopped_out,True,1,1,3111204.29,-102669.74,2021
ADANIENT,2021-06-18,2021-06-21,1484.6375,1558.8693,0.59,1.9,10.19,0.05,0.047,take_profit,False,3,1,2874800.75,135115.64,2021
DATAMATICS,2021-06-18,2021-06-21,169.0194,163.9488,4.09,6.71,8.02,-0.03,-0.033,stopped_out,True,3,1,3593500.94,-118585.53,2021
IDEA,2021-06-18,2021-06-21,10.3552,10.0445,1.93,3.94,8.95,-0.03,-0.033,stopped_out,True,3,1,5614845.22,-185289.89,2021
HINDUNILVR,2021-06-18,2021-07-02,2300.959,2302.7331,1.66,2.57,2.6,0.000771,-0.002229,time_exit,False,14,10,4491876.18,-10012.39,2021
UNIONBANK,2021-06-21,2021-06-24,34.3905,33.3588,2.89,2.18,8.45,-0.03,-0.033,stopped_out,True,3,3,4682718.03,-154529.69,2021
INDIANB,2021-06-21,2021-06-22,127.2463,133.6086,2.48,2.08,6.95,0.05,0.047,take_profit,False,1,1,3746174.42,176070.2,2021
MOIL,2021-06-21,2021-06-25,173.7816,168.5682,1.56,2.27,7.74,-0.03,-0.033,stopped_out,True,4,4,2996939.54,-98899.0,2021
SHRIPISTON,2021-06-22,2021-06-24,463.1454,505.349,5.25,1.59,2.16,0.091124,0.088124,take_profit_gap,False,2,2,3182000.55,280410.62,2021
CSBBANK,2021-06-24,2021-06-28,333.1665,349.8248,1.13,2.1,3.1,0.05,0.047,take_profit,False,4,2,4143720.34,194754.86,2021
INFY,2021-06-24,2021-07-08,1388.1008,1388.092,1.15,1.67,2.78,-6e-06,-0.003006,time_exit,False,14,10,3314976.27,-9964.82,2021
MTARTECH,2021-06-25,2021-06-30,1021.8415,1072.9335,1.76,1.62,4.7,0.05,0.047,take_profit,False,5,3,3231589.13,151884.69,2021
NATIONALUM,2021-06-28,2021-06-29,63.0221,61.1315,2.87,6.18,6.52,-0.03,-0.033,stopped_out,True,1,1,3452966.34,-113947.89,2021
SEQUENT,2021-06-29,2021-06-30,323.0521,313.3605,4.28,11.42,9.62,-0.03,-0.033,stopped_out,True,1,1,3430176.76,-113195.83,2021
KNRCON,2021-06-30,2021-07-05,237.5254,249.4017,1.28,9.19,4.63,0.05,0.047,take_profit,False,5,3,3100279.73,145713.15,2021
KNRCON,2021-06-30,2021-07-05,237.5254,249.4017,3.79,9.19,4.63,0.05,0.047,take_profit,False,5,3,3875349.66,182141.43,2021
IOB,2021-06-30,2021-07-01,28.064,27.2221,1.78,1.93,7.88,-0.03,-0.033,stopped_out,True,1,1,4844187.07,-159858.17,2021
AVANTIFEED,2021-07-01,2021-07-05,538.7517,565.6893,2.63,1.91,4.27,0.05,0.047,take_profit,False,4,2,3417089.56,160603.21,2021
PRSMJOHNSN,2021-07-02,2021-07-06,134.3672,141.0855,1.49,1.88,3.31,0.05,0.047,take_profit,False,4,2,3630044.41,170612.09,2021
GODREJCP,2021-07-05,2021-07-06,888.3606,932.7786,2.02,1.98,2.55,0.05,0.047,take_profit,False,1,1,5080270.87,238772.73,2021
MOTILALOFS,2021-07-05,2021-07-07,837.9958,879.8955,2.67,4.92,4.74,0.05,0.047,take_profit,False,2,2,4064216.7,191018.18,2021
GODREJPROP,2021-07-05,2021-07-12,1444.3218,1516.5379,1.57,2.53,3.56,0.05,0.047,take_profit,False,7,5,3251373.36,152814.55,2021
SAREGAMA,2021-07-06,2021-07-08,318.4596,334.3825,5.11,4.4,3.84,0.05,0.047,take_profit,False,2,2,4425038.7,207976.82,2021
BAJFINANCE,2021-07-06,2021-07-19,607.8681,589.6321,1.04,1.91,2.43,-0.03,-0.033,stopped_out,True,13,9,3540030.96,-116821.02,2021
RAIN,2021-07-07,2021-07-09,213.6784,224.3623,3.84,4.46,8.86,0.05,0.047,take_profit,False,2,2,3683071.75,173104.37,2021
HOMEFIRST,2021-07-08,2021-07-09,568.1462,596.5535,3.55,5.2,4.41,0.05,0.047,take_profit,False,1,1,3627250.24,170480.76,2021
WESTLIFE,2021-07-08,2021-07-19,541.6467,525.3973,1.52,9.11,5.03,-0.03,-0.033,stopped_out,True,11,7,4534062.79,-149624.07,2021
CESC,2021-07-09,2021-07-13,64.7118,67.9474,3.65,1.83,3.81,0.05,0.047,take_profit,False,4,2,3546065.29,166665.07,2021
VTL,2021-07-09,2021-07-12,281.2624,295.3255,2.21,4.34,3.16,0.05,0.047,take_profit,False,3,1,4432581.61,208331.34,2021
WELSPUNLIV,2021-07-12,2021-07-13,112.3162,117.932,2.85,2.44,6.14,0.05,0.047,take_profit,False,1,1,4445872.4,208956.0,2021
KRBL,2021-07-12,2021-07-15,284.7768,276.2335,2.71,2.07,8.62,-0.03,-0.033,stopped_out,True,3,3,3556697.92,-117371.03,2021
GOKEX,2021-07-13,2021-07-14,200.2881,210.3025,0.84,1.66,7.74,0.05,0.047,take_profit,False,1,1,4518870.09,212386.89,2021
GOKEX,2021-07-13,2021-07-14,200.2881,210.3025,6.64,1.66,7.74,0.05,0.047,take_profit,False,1,1,3615096.07,169909.52,2021
WIPRO,2021-07-14,2021-07-23,259.6069,272.5872,5.25,4.34,6.74,0.05,0.047,take_profit,False,9,6,4595329.37,215980.48,2021
RTNINDIA,2021-07-14,2021-07-16,47.8739,52.6737,4.28,1.81,3.12,0.100258,0.097258,take_profit_gap,False,2,2,3676263.5,357546.04,2021
HINDZINC,2021-07-15,2021-07-20,231.1173,224.1837,0.65,2.8,3.58,-0.03,-0.033,stopped_out,True,5,3,3628876.18,-119752.91,2021
ELECON,2021-07-16,2021-07-19,69.6183,67.5298,1.71,2.79,5.04,-0.03,-0.033,stopped_out,True,3,1,3709862.85,-122425.47,2021
RBA,2021-07-19,2021-07-27,178.3391,172.989,1.57,2.43,6.23,-0.03,-0.033,stopped_out,True,8,5,3358020.79,-110814.69,2021
PIIND,2021-07-19,2021-07-22,3121.0576,3027.4258,2.41,4.02,6.64,-0.03,-0.033,stopped_out,True,3,2,4197525.99,-138518.36,2021
DATAMATICS,2021-07-19,2021-07-20,290.2304,281.5235,5.74,3.51,22.25,-0.03,-0.033,stopped_out,True,1,1,5246907.48,-173147.95,2021
DMART,2021-07-20,2021-08-03,3398.9987,3568.9486,1.0,1.97,1.5,0.05,0.047,take_profit,False,14,9,4402993.19,206940.68,2021
KANSAINER,2021-07-20,2021-07-30,396.0454,415.8477,2.27,2.54,1.88,0.05,0.047,take_profit,False,10,7,3522394.55,165552.54,2021
MANAPPURAM,2021-07-22,2021-07-27,178.4895,187.414,2.75,3.43,6.45,0.05,0.047,take_profit,False,5,3,3629717.17,170596.71,2021
BAJAJELEC,2021-07-23,2021-07-29,1041.8372,1093.929,1.01,4.69,3.87,0.05,0.047,take_profit,False,6,4,3866035.71,181703.68,2021
HINDALCO,2021-07-27,2021-07-29,402.9728,423.1215,1.75,3.16,3.3,0.05,0.047,take_profit,False,2,2,4502332.56,211609.63,2021
GHCL,2021-07-27,2021-07-28,293.0911,307.7456,0.74,1.61,2.87,0.05,0.047,take_profit,False,1,1,3601866.05,169287.7,2021
GHCL,2021-07-28,2021-07-29,324.4759,340.6997,10.26,3.88,10.38,0.05,0.047,take_profit,False,1,1,3635723.59,170879.01,2021
VEDL,2021-07-29,2021-07-30,140.7502,147.7878,6.77,4.07,6.22,0.05,0.047,take_profit,False,1,1,4337788.56,203876.06,2021
COFORGE,2021-07-29,2021-08-03,975.2379,945.9808,1.39,2.95,7.18,-0.03,-0.033,stopped_out,True,5,3,3470230.85,-114517.62,2021
BAJAJFINSV,2021-07-29,2021-07-30,1457.7098,1413.9785,0.68,2.05,4.58,-0.03,-0.033,stopped_out,True,1,1,5422235.71,-178933.78,2021
QUESS,2021-07-30,2021-08-03,791.9502,831.5477,5.03,4.17,5.57,0.05,0.047,take_profit,False,4,2,3501291.14,164560.68,2021
LAURUSLABS,2021-07-30,2021-08-06,632.7891,665.1687,3.26,2.98,6.92,0.05117,0.04817,take_profit_gap,False,7,5,4376613.93,210821.49,2021
AARTIIND,2021-07-30,2021-08-03,921.7133,967.799,3.23,1.73,4.48,0.05,0.047,take_profit,False,4,2,5470767.41,257126.07,2021
TITAN,2021-08-03,2021-08-05,1817.2716,1762.7534,1.03,4.29,3.38,-0.03,-0.033,stopped_out,True,2,2,6272911.4,-207006.08,2021
HAVELLS,2021-08-03,2021-08-17,1198.6823,1190.7737,1.43,2.01,2.78,-0.006598,-0.009598,time_exit,False,14,10,5018329.12,-48165.92,2021
GREENPANEL,2021-08-03,2021-08-04,273.9638,265.7449,2.75,2.42,3.49,-0.03,-0.033,stopped_out,True,1,1,4014663.29,-132483.89,2021
JKTYRE,2021-08-03,2021-08-05,150.4884,145.9737,2.47,7.28,7.66,-0.03,-0.033,stopped_out,True,2,2,3211730.64,-105987.11,2021
ICICIPRULI,2021-08-04,2021-08-05,667.1333,647.1193,1.29,3.66,2.5,-0.03,-0.033,stopped_out,True,1,1,3345820.39,-110412.07,2021
HIKAL,2021-08-05,2021-08-06,602.1311,584.0672,5.08,8.33,12.09,-0.03,-0.033,stopped_out,True,1,1,5158067.74,-170216.24,2021
BORORENEW,2021-08-05,2021-08-09,317.8589,339.83,1.23,1.66,3.82,0.069122,0.066122,take_profit_gap,False,4,2,4126454.2,272849.4,2021
TI,2021-08-05,2021-08-09,40.6632,43.4533,1.22,1.7,2.51,0.068613,0.065613,take_profit_gap,False,4,2,3301163.36,216599.23,2021
INDUSINDBK,2021-08-06,2021-08-17,994.6894,964.8487,1.52,2.19,2.44,-0.03,-0.033,stopped_out,True,11,7,4555988.07,-150347.61,2021
EASEMYTRIP,2021-08-06,2021-08-09,14.7679,15.5063,4.05,3.14,6.95,0.05,0.047,take_profit,False,3,1,3644790.46,171305.15,2021
SONACOMS,2021-08-09,2021-08-10,467.184,490.5432,0.55,4.02,11.71,0.05,0.047,take_profit,False,1,1,3367977.42,158294.94,2021
LAURUSLABS,2021-08-09,2021-08-20,693.5033,672.6982,1.5,2.35,2.49,-0.03,-0.033,stopped_out,True,11,8,5262464.72,-173661.34,2021
LAURUSLABS,2021-08-09,2021-08-20,693.5033,672.6982,1.34,2.35,2.49,-0.03,-0.033,stopped_out,True,11,8,4209971.78,-138929.07,2021
MAXHEALTH,2021-08-10,2021-08-11,302.4251,293.3523,0.76,5.04,4.89,-0.03,-0.033,stopped_out,True,1,1,3399636.41,-112188.0,2021
SIEMENS,2021-08-11,2021-08-26,1262.6713,1272.7201,0.69,7.47,10.68,0.007958,0.004958,time_exit,False,15,10,3377198.81,16744.15,2021
NAM-INDIA,2021-08-17,2021-08-23,343.4405,333.1373,0.82,1.51,2.64,-0.03,-0.033,stopped_out,True,6,3,4576919.78,-151038.35,2021
TCS,2021-08-17,2021-08-30,3147.1055,3304.4608,1.19,1.85,2.04,0.05,0.047,take_profit,False,13,8,3661535.82,172092.18,2021
VBL,2021-08-20,2021-08-26,106.6217,111.9528,1.87,2.07,1.59,0.05,0.047,take_profit,False,6,4,4761197.88,223776.3,2021
NESTLEIND,2021-08-20,2021-09-03,930.6865,962.7921,3.01,2.23,5.48,0.034497,0.031497,time_exit,False,14,10,3808958.3,119970.76,2021
ESCORTS,2021-08-23,2021-08-24,1225.6134,1286.894,1.88,2.99,4.09,0.05,0.047,take_profit,False,1,1,3932342.93,184820.12,2021
BAJFINANCE,2021-08-24,2021-08-31,685.1922,719.4518,1.45,1.94,3.03,0.05,0.047,take_profit,False,7,5,3969306.95,186557.43,2021
ZYDUSWELL,2021-08-26,2021-09-09,451.8226,469.6435,0.83,6.39,2.39,0.039442,0.036442,time_exit,False,14,10,3880983.19,141430.79,2021
SWANCORP,2021-08-26,2021-08-27,147.9442,142.6586,2.76,6.06,11.22,-0.035727,-0.038727,stopped_out_gap,False,1,1,4851228.99,-187873.55,2021
ULTRACEMCO,2021-08-27,2021-09-02,7400.8582,7770.9012,2.01,1.89,3.21,0.05,0.047,take_profit,False,6,4,4037457.64,189760.51,2021
ABB,2021-08-30,2021-09-01,1887.7927,1831.1589,1.09,4.36,2.49,-0.03,-0.033,stopped_out,True,2,2,3996691.72,-131890.83,2021
IGL,2021-08-31,2021-09-06,245.1862,257.4455,0.83,2.21,2.08,0.05,0.047,take_profit,False,6,4,4028526.25,189340.73,2021
SUNTECK,2021-09-01,2021-09-13,371.1646,389.7229,0.82,3.71,2.74,0.05,0.047,take_profit,False,12,7,3995781.18,187801.72,2021
PRESTIGE,2021-09-02,2021-09-03,379.0178,397.9687,0.64,2.08,2.93,0.05,0.047,take_profit,False,1,1,4042068.57,189977.22,2021
CLEAN,2021-09-03,2021-09-13,1595.179,1674.938,1.82,1.61,3.02,0.05,0.047,take_profit,False,10,5,4865849.83,228694.94,2021
ORIENTCEM,2021-09-03,2021-09-17,155.9132,151.2358,3.54,2.03,2.66,-0.03,-0.033,stopped_out,True,14,9,3892679.86,-128458.44,2021
VOLTAS,2021-09-06,2021-09-07,1101.4353,1156.5071,2.58,1.99,3.08,0.05,0.047,take_profit,False,1,1,3957717.29,186012.71,2021
JKLAKSHMI,2021-09-07,2021-09-09,709.8416,688.5464,1.5,2.01,3.46,-0.03,-0.033,stopped_out,True,2,2,3994919.83,-131832.35,2021
ONGC,2021-09-09,2021-09-15,90.8494,95.3919,1.31,1.87,2.56,0.05,0.047,take_profit,False,6,3,3818428.92,179466.16,2021
BSE,2021-09-09,2021-09-17,131.8268,127.872,1.76,4.01,4.34,-0.03,-0.033,stopped_out,True,8,5,4773036.16,-157510.19,2021
FDC,2021-09-13,2021-09-17,360.9773,350.148,2.3,5.69,4.89,-0.03,-0.033,stopped_out,True,4,4,4910368.67,-162042.17,2021
ACE,2021-09-13,2021-09-15,276.4134,268.121,10.78,7.96,17.38,-0.03,-0.033,stopped_out,True,2,2,3928294.94,-129633.73,2021
TARC,2021-09-15,2021-09-17,40.8704,43.2783,4.28,1.54,4.74,0.058916,0.055916,take_profit_gap,False,2,2,4701947.21,262914.08,2021
NCC,2021-09-15,2021-09-16,80.608,78.1897,1.58,4.64,6.72,-0.03,-0.033,stopped_out,True,1,1,3761557.77,-124131.41,2021
CENTRALBK,2021-09-16,2021-09-17,22.7384,22.0562,2.12,5.6,9.43,-0.03,-0.033,stopped_out,True,1,1,3736731.48,-123312.14,2021
SURYAROSNI,2021-09-17,2021-09-20,184.2787,178.7504,8.58,7.44,15.95,-0.03,-0.033,stopped_out,True,3,1,3002636.74,-99087.01,2021
INDIGO,2021-09-17,2021-09-22,2193.4414,2303.1135,6.48,7.74,10.08,0.05,0.047,take_profit,False,5,3,7330656.09,344540.84,2021
DCMSHRIRAM,2021-09-17,2021-09-20,986.8731,957.2669,0.5,3.37,5.47,-0.03,-0.033,stopped_out,True,3,1,5864524.88,-193529.32,2021
KARURVYSYA,2021-09-17,2021-09-20,38.7518,37.5892,1.7,9.75,8.48,-0.03,-0.033,stopped_out,True,3,1,4691619.9,-154823.46,2021
CESC,2021-09-17,2021-09-21,75.1298,72.8759,3.12,2.84,3.13,-0.03,-0.033,stopped_out,True,4,2,3753295.92,-123858.77,2021
RELINFRA,2021-09-20,2021-09-21,98.049,95.1075,2.33,4.57,3.7,-0.03,-0.033,stopped_out,True,1,1,3215601.75,-106114.86,2021
GMRAIRPORT,2021-09-20,2021-09-22,30.692,32.2266,1.03,6.13,8.61,0.05,0.047,take_profit,False,2,2,4019502.19,188916.6,2021
GNFC,2021-09-20,2021-09-21,315.6101,331.3907,1.73,6.64,6.47,0.05,0.047,take_profit,False,1,1,5024377.73,236145.75,2021
ITC,2021-09-21,2021-10-01,195.4328,189.5699,0.56,1.82,2.79,-0.03,-0.033,stopped_out,True,10,8,4972370.91,-164088.24,2021
HSCL,2021-09-21,2021-09-24,52.6782,51.0978,2.56,5.69,9.5,-0.03,-0.033,stopped_out,True,3,3,3977896.72,-131270.59,2021
GNFC,2021-09-21,2021-09-24,340.2637,357.2769,4.01,6.34,7.77,0.05,0.047,take_profit,False,3,3,3182317.38,149568.92,2021
CEATLTD,2021-09-22,2021-09-24,1322.1361,1282.472,2.2,3.17,3.61,-0.03,-0.033,stopped_out,True,2,2,4922577.05,-162445.04,2021
TARC,2021-09-22,2021-09-24,45.8729,48.1666,1.96,1.84,4.2,0.05,0.047,take_profit,False,2,2,3938061.64,185088.9,2021
IDEA,2021-09-24,2021-09-27,11.5057,11.1606,1.74,1.91,8.49,-0.03,-0.033,stopped_out,True,3,1,6362808.3,-209972.67,2021
RCF,2021-09-24,2021-09-27,73.9627,77.6609,6.0,12.19,10.81,0.05,0.047,take_profit,False,3,1,5090246.64,239241.59,2021
GHCL,2021-09-24,2021-09-27,379.422,398.3931,2.66,2.39,4.93,0.05,0.047,take_profit,False,3,1,4072197.31,191393.27,2021
CHALET,2021-09-24,2021-09-27,216.4185,227.2394,4.59,2.54,3.37,0.05,0.047,take_profit,False,3,1,3257757.85,153114.62,2021
HEROMOTOCO,2021-09-27,2021-10-01,2484.8172,2410.2727,0.99,1.9,2.53,-0.03,-0.033,stopped_out,True,4,4,3296032.6,-108769.08,2021
BAJAJ-AUTO,2021-09-27,2021-10-06,3542.3135,3436.0441,0.67,1.72,2.15,-0.03,-0.033,stopped_out,True,9,7,4120040.75,-135961.34,2021
ICIL,2021-09-27,2021-10-01,288.0722,279.43,2.36,4.38,8.25,-0.03,-0.033,stopped_out,True,4,4,6437563.67,-212439.6,2021
INDIAGLYCO,2021-09-27,2021-09-28,370.0451,388.5473,9.32,7.89,11.57,0.05,0.047,take_profit,False,1,1,5150050.93,242052.39,2021
BHEL,2021-09-28,2021-09-29,59.5817,62.5608,4.64,3.0,5.97,0.05,0.047,take_profit,False,1,1,3715246.74,174616.6,2021
COALINDIA,2021-09-29,2021-10-05,125.6356,131.9174,4.2,4.86,6.42,0.05,0.047,take_profit,False,6,4,3750170.06,176257.99,2021
TDPOWERSYS,2021-10-01,2021-10-05,64.8193,68.0603,4.82,1.52,6.42,0.05,0.047,take_profit,False,4,2,5844270.1,274680.69,2021
VMART,2021-10-01,2021-10-05,913.8899,959.5844,1.64,2.0,2.46,0.05,0.047,take_profit,False,4,2,4675416.08,219744.56,2021
TRIVENI,2021-10-01,2021-10-04,182.5452,191.6724,2.6,3.27,4.31,0.05,0.047,take_profit,False,3,1,3740332.86,175795.64,2021
GSFC,2021-10-04,2021-10-05,120.3297,126.3462,4.13,1.58,2.63,0.05,0.047,take_profit,False,1,1,3775491.99,177448.12,2021
IRCON,2021-10-05,2021-10-11,41.9012,40.6441,2.53,3.6,4.86,-0.03,-0.033,stopped_out,True,6,4,3481133.83,-114877.42,2021
SUMICHEM,2021-10-05,2021-10-19,409.9384,397.6403,1.07,3.76,3.71,-0.03,-0.033,stopped_out,True,14,9,4351417.29,-143596.77,2021
APTUS,2021-10-05,2021-10-06,323.2999,313.6009,1.43,2.44,8.58,-0.03,-0.033,stopped_out,True,1,1,6799089.52,-224369.95,2021
ARVINDFASN,2021-10-05,2021-10-06,341.1606,330.9258,3.1,3.53,20.13,-0.03,-0.033,stopped_out,True,1,1,5439271.61,-179495.96,2021
NAZARA,2021-10-06,2021-10-08,328.0577,344.4606,5.23,2.0,4.05,0.05,0.047,take_profit,False,2,2,5948621.99,279585.23,2021
CASTROLIND,2021-10-06,2021-10-20,118.6025,115.0445,0.73,4.13,1.8,-0.03,-0.033,stopped_out,True,14,9,4758897.59,-157043.62,2021
CARTRADE,2021-10-06,2021-10-12,1427.6135,1384.7851,2.18,2.41,6.09,-0.03,-0.033,stopped_out,True,6,4,3807118.07,-125634.9,2021
THOMASCOOK,2021-10-08,2021-10-12,78.9696,76.6005,9.54,6.87,10.69,-0.03,-0.033,stopped_out,True,4,2,4291335.9,-141614.08,2021
BHARATFORG,2021-10-11,2021-10-20,768.5307,745.4748,1.63,1.55,3.93,-0.03,-0.033,stopped_out,True,9,6,4106320.01,-135508.56,2021
MAHSEAMLES,2021-10-12,2021-10-13,206.3989,216.7188,6.01,4.83,2.15,0.05,0.047,take_profit,False,1,1,4851297.0,228010.96,2021
ENDURANCE,2021-10-12,2021-10-13,1765.1888,1853.4482,0.64,4.52,7.57,0.05,0.047,take_profit,False,1,1,3881037.6,182408.77,2021
KNRCON,2021-10-13,2021-10-19,311.3744,302.0332,0.8,2.11,4.6,-0.03,-0.033,stopped_out,True,6,3,4933380.95,-162801.57,2021
SONACOMS,2021-10-13,2021-10-14,724.9273,703.1795,0.62,2.97,10.66,-0.03,-0.033,stopped_out,True,1,1,3946704.76,-130241.26,2021
WIPRO,2021-10-14,2021-10-21,327.3394,317.5192,4.85,6.3,1.61,-0.03,-0.033,stopped_out,True,7,4,3920656.51,-129381.66,2021
NEOGEN,2021-10-19,2021-10-20,1362.5359,1321.6598,2.29,3.78,5.44,-0.03,-0.033,stopped_out,True,1,1,4932205.18,-162762.77,2021
TECHM,2021-10-19,2021-10-21,1327.1453,1287.3309,1.87,2.46,2.74,-0.03,-0.033,stopped_out,True,2,2,3945764.15,-130210.22,2021
TANLA,2021-10-20,2021-10-22,940.8926,1002.0094,1.21,2.64,1.88,0.064956,0.061956,take_profit_gap,False,2,2,5825032.88,360895.74,2021
DBREALTY,2021-10-20,2021-10-22,44.5222,47.8761,2.58,1.96,5.95,0.075329,0.072329,take_profit_gap,False,2,2,4660026.31,337055.04,2021
TECHNOE,2021-10-21,2021-10-22,276.8257,268.5209,0.53,2.74,8.41,-0.03,-0.033,stopped_out,True,1,1,5249386.8,-173229.76,2021
RVNL,2021-10-21,2021-10-22,32.3882,34.0076,7.1,6.4,9.12,0.05,0.047,take_profit,False,1,1,4199509.44,197376.94,2021
HSCL,2021-10-21,2021-10-22,53.8212,56.5122,5.63,4.92,6.18,0.05,0.047,take_profit,False,1,1,3359607.55,157901.55,2021
RVNL,2021-10-22,2021-10-25,38.8388,37.6736,5.11,8.4,17.95,-0.03,-0.033,stopped_out,True,3,1,4814335.07,-158873.06,2021
IRFC,2021-10-22,2021-10-25,22.6262,21.9474,0.83,4.95,5.74,-0.03,-0.033,stopped_out,True,3,1,3851468.05,-127098.45,2021
IRB,2021-10-22,2021-10-25,28.6902,31.2387,5.88,4.39,15.14,0.088829,0.085829,take_profit_gap,False,3,1,7522398.54,645639.94,2021
FEDERALBNK,2021-10-22,2021-10-25,100.1695,97.1645,2.21,4.9,6.89,-0.03,-0.033,stopped_out,True,3,1,6017918.83,-198591.32,2021
IRFC,2021-10-22,2021-10-25,22.6262,21.9474,0.97,4.95,5.74,-0.03,-0.033,stopped_out,True,3,1,3081174.44,-101678.76,2021
QUESS,2021-10-25,2021-10-27,858.1776,832.4323,1.63,1.85,5.85,-0.03,-0.033,stopped_out,True,2,2,3857550.45,-127299.16,2021
TTML,2021-10-25,2021-10-27,50.4752,55.5222,2.68,1.54,6.89,0.09999,0.09699,take_profit_gap,False,2,2,4821938.06,467679.77,2021
ICICIBANK,2021-10-25,2021-10-28,816.8737,792.3675,5.08,6.32,5.21,-0.03,-0.033,stopped_out,True,3,3,3086040.36,-101839.33,2021
AXISBANK,2021-10-25,2021-10-27,842.0069,816.7466,1.46,3.45,1.81,-0.03,-0.033,stopped_out,True,2,2,7534278.21,-248631.18,2021
CUB,2021-10-25,2021-10-28,170.7355,165.6135,1.53,2.6,3.07,-0.03,-0.033,stopped_out,True,3,3,6027422.57,-198904.94,2021
ORIENTCEM,2021-10-27,2021-10-29,154.8081,150.1639,2.21,2.17,1.96,-0.03,-0.033,stopped_out,True,2,2,4583948.41,-151270.3,2021
VTL,2021-10-27,2021-11-03,380.6855,399.7198,4.92,6.27,8.31,0.05,0.047,take_profit,False,7,5,3667158.73,172356.46,2021
UPL,2021-10-27,2021-10-29,712.9604,691.5716,0.56,1.66,3.78,-0.03,-0.033,stopped_out,True,2,2,5729935.51,-189087.87,2021
ABB,2021-10-28,2021-10-29,1948.65,2046.0825,0.53,6.47,5.53,0.05,0.047,take_profit,False,1,1,3757016.57,176579.78,2021
BSOFT,2021-10-28,2021-10-29,396.7734,384.8702,0.5,1.82,2.52,-0.03,-0.033,stopped_out,True,1,1,4696270.71,-154976.93,2021
ELECON,2021-10-29,2021-11-01,84.4802,81.9458,3.09,2.91,11.5,-0.03,-0.033,stopped_out,True,3,1,6695296.43,-220944.78,2021
ABB,2021-10-29,2021-11-01,2082.4956,2020.0207,1.56,3.78,6.1,-0.03,-0.033,stopped_out,True,3,1,5356237.15,-176755.83,2021
TI,2021-10-29,2021-11-02,68.5011,75.3852,9.65,2.88,3.61,0.100496,0.097496,take_profit_gap,False,4,2,4284989.72,417769.36,2021
GREENPANEL,2021-10-29,2021-11-02,380.8042,399.8444,1.82,2.73,4.2,0.05,0.047,take_profit,False,4,2,3427991.77,161115.61,2021
SAIL,2021-11-01,2021-11-03,109.7936,106.4998,4.11,3.75,1.83,-0.03,-0.033,stopped_out,True,2,2,5073160.01,-167414.28,2021
DCBBANK,2021-11-01,2021-11-08,92.3192,96.9352,3.12,2.13,5.71,0.05,0.047,take_profit,False,7,4,4058528.01,190750.82,2021
AMBER,2021-11-02,2021-11-03,3349.3237,3516.7899,3.48,2.51,5.24,0.05,0.047,take_profit,False,1,1,4905195.7,230544.2,2021
PRESTIGE,2021-11-02,2021-11-08,460.2214,483.2325,4.18,2.17,6.57,0.05,0.047,take_profit,False,6,3,3924156.56,184435.36,2021
LT,2021-11-03,2021-11-18,1814.2287,1819.6093,0.72,3.7,3.93,0.002966,-3.4e-05,time_exit,False,15,10,5915525.41,-201.13,2021
MUTHOOTFIN,2021-11-03,2021-11-08,1426.832,1498.1736,0.59,2.12,1.73,0.05,0.047,take_profit,False,5,2,4732420.33,222423.76,2021
LT,2021-11-03,2021-11-18,1814.2287,1819.6093,4.0,3.7,3.93,0.002966,-3.4e-05,time_exit,False,15,10,3785936.26,-128.72,2021
MUTHOOTFIN,2021-11-08,2021-11-18,1558.6102,1511.8519,2.49,6.29,7.06,-0.03,-0.033,stopped_out,True,10,8,3642426.87,-120200.09,2021
IOC,2021-11-08,2021-11-16,71.0201,68.8895,2.81,2.1,4.04,-0.03,-0.033,stopped_out,True,8,6,4553033.58,-150250.11,2021
KPRMILL,2021-11-08,2021-11-09,531.1914,515.2557,3.36,2.21,3.24,-0.03,-0.033,stopped_out,True,1,1,5691291.98,-187812.64,2021
KTKBANK,2021-11-09,2021-11-10,65.2339,68.4956,1.02,1.93,2.57,0.05,0.047,take_profit,False,1,1,4014637.36,188687.96,2021
HEG,2021-11-10,2021-11-11,420.9636,408.3347,3.11,4.71,5.49,-0.03,-0.033,stopped_out,True,1,1,4052374.95,-133728.37,2021
GICRE,2021-11-11,2021-11-16,133.4948,129.4899,1.03,6.52,2.74,-0.03,-0.033,stopped_out,True,5,3,4025629.28,-132845.77,2021
BIOCON,2021-11-16,2021-11-22,365.8097,354.8354,1.41,2.27,2.09,-0.03,-0.033,stopped_out,True,6,3,4879616.82,-161027.36,2021
CIEINDIA,2021-11-16,2021-11-17,285.9282,277.3504,1.01,3.49,4.76,-0.03,-0.033,stopped_out,True,1,1,3903693.46,-128821.88,2021
KIMS,2021-11-17,2021-11-22,246.173,238.7878,0.98,2.26,4.7,-0.03,-0.033,stopped_out,True,5,2,3877929.08,-127971.66,2021
SCI,2021-11-18,2021-11-22,132.118,128.1544,1.35,7.4,7.7,-0.03,-0.033,stopped_out,True,4,1,5747014.98,-189651.49,2021
ESCORTS,2021-11-18,2021-12-03,1757.2746,1817.1076,5.0,6.68,9.93,0.034049,0.031049,time_exit,False,15,10,4597611.99,142751.25,2021
BORORENEW,2021-11-18,2021-11-22,534.0169,517.9964,2.97,2.87,1.78,-0.03,-0.033,stopped_out,True,4,1,3678089.59,-121376.96,2021
TRIDENT,2021-11-22,2021-11-24,45.3662,49.9055,5.9,2.83,4.98,0.100058,0.097058,take_profit_gap,False,2,2,6458996.27,626897.26,2021
POWERGRID,2021-11-23,2021-12-02,119.1365,125.0933,2.48,1.52,4.45,0.05,0.047,take_profit,False,9,7,3307006.09,155429.29,2021
BHARTIARTL,2021-11-23,2021-11-26,742.0893,719.8266,1.65,1.65,1.87,-0.03,-0.033,stopped_out,True,3,3,5167197.02,-170517.5,2021
JINDWORLD,2021-11-23,2021-11-26,36.9498,35.8413,7.35,2.73,10.78,-0.03,-0.033,stopped_out,True,3,3,4133757.62,-136414.0,2021
SCI,2021-11-24,2021-11-26,134.0436,140.7458,0.81,3.28,3.03,0.05,0.047,take_profit,False,2,2,4062783.58,190950.83,2021
SAMMAANCAP,2021-11-26,2021-11-29,215.6868,209.2162,1.57,5.86,9.8,-0.03,-0.033,stopped_out,True,3,1,5899778.37,-194692.69,2021
CIPLA,2021-11-26,2021-12-01,936.7301,908.6282,5.54,6.92,8.37,-0.03,-0.033,stopped_out,True,5,3,4719822.7,-155754.15,2021
TTML,2021-11-26,2021-11-29,102.151,99.0865,0.93,2.73,4.99,-0.03,-0.033,stopped_out,True,3,1,3775858.16,-124603.32,2021
BEML,2021-11-29,2021-11-30,769.4659,746.3819,1.22,6.86,13.09,-0.03,-0.033,stopped_out,True,1,1,4891954.63,-161434.5,2021
LALPATHLAB,2021-11-29,2021-11-30,1882.0288,1825.5679,7.2,5.94,3.61,-0.03,-0.033,stopped_out,True,1,1,3913563.71,-129147.6,2021
SUNDRMFAST,2021-11-30,2021-12-01,847.4985,822.0736,1.94,1.64,6.05,-0.03,-0.033,stopped_out,True,1,1,4833838.21,-159516.66,2021
AURIONPRO,2021-11-30,2021-12-02,121.9608,131.0519,2.02,3.13,2.02,0.074542,0.071542,take_profit_gap,False,2,2,3867070.57,276657.96,2021
IDEA,2021-12-01,2021-12-02,12.8064,12.3938,6.25,3.14,15.32,-0.032218,-0.035218,stopped_out_gap,False,1,1,3953067.58,-139219.13,2021
AURIONPRO,2021-12-01,2021-12-03,128.0514,141.004,4.74,3.17,3.08,0.101152,0.098152,take_profit_gap,False,2,2,4941334.47,485001.86,2021
PGEL,2021-12-02,2021-12-03,64.5428,62.6065,5.7,5.32,15.1,-0.03,-0.033,stopped_out,True,1,1,3485732.18,-115029.16,2021
NEOGEN,2021-12-02,2021-12-03,1503.2869,1578.4513,6.82,2.71,9.47,0.05,0.047,take_profit,False,1,1,5446456.53,255983.46,2021
GREAVESCOT,2021-12-02,2021-12-03,154.2947,149.6659,6.87,3.6,10.63,-0.03,-0.033,stopped_out,True,1,1,4357165.23,-143786.45,2021
KIMS,2021-12-03,2021-12-06,268.024,281.4252,1.29,6.59,3.84,0.05,0.047,take_profit,False,3,1,7479230.02,351523.81,2021
IEX,2021-12-03,2021-12-09,240.152,252.1596,2.1,2.62,3.31,0.05,0.047,take_profit,False,6,4,5983384.01,281219.05,2021
CLEAN,2021-12-03,2021-12-06,2433.6945,2555.3792,5.93,3.88,5.79,0.05,0.047,take_profit,False,3,1,4786707.21,224975.24,2021
HCC,2021-12-03,2021-12-06,11.8059,12.3962,6.36,3.05,9.77,0.05,0.047,take_profit,False,3,1,3829365.77,179980.19,2021
JINDWORLD,2021-12-03,2021-12-07,38.588,40.5174,1.09,1.68,3.57,0.05,0.047,take_profit,False,4,2,3063492.62,143984.15,2021
IDEA,2021-12-06,2021-12-07,15.0075,14.5573,6.57,1.71,1.69,-0.03,-0.033,stopped_out,True,1,1,4656920.43,-153678.37,2021
HCC,2021-12-06,2021-12-07,12.9565,13.6432,3.47,2.17,6.58,0.053001,0.050001,take_profit_gap,False,1,1,5821150.54,291063.35,2021
HFCL,2021-12-06,2021-12-07,77.7324,81.619,4.53,3.02,9.36,0.05,0.047,take_profit,False,1,1,3725536.35,175100.21,2021
PATELENG,2021-12-07,2021-12-09,24.4041,25.6243,6.16,4.93,9.84,0.05,0.047,take_profit,False,2,2,3340873.18,157021.04,2021
GRAVITA,2021-12-07,2021-12-08,211.667,222.2503,4.88,2.26,6.68,0.05,0.047,take_profit,False,1,1,4176091.48,196276.3,2021
TIPSMUSIC,2021-12-07,2021-12-09,131.8632,145.2288,3.22,1.56,2.9,0.10136,0.09836,take_profit_gap,False,2,2,5220114.34,513450.45,2021
PATELENG,2021-12-07,2021-12-09,24.4041,25.6243,2.58,4.93,9.84,0.05,0.047,take_profit,False,2,2,6525142.93,306681.72,2021
UNOMINDA,2021-12-08,2021-12-13,454.8762,485.1284,3.45,1.66,5.67,0.066506,0.063506,take_profit_gap,False,5,3,3547172.1,225266.71,2021
NATCOPHARM,2021-12-09,2021-12-14,837.1272,878.9836,2.26,2.42,3.43,0.05,0.047,take_profit,False,5,3,7303315.02,343255.81,2021
GMDCLTD,2021-12-09,2021-12-15,64.4952,67.7199,1.78,2.07,1.69,0.05,0.047,take_profit,False,6,4,5842652.02,274604.64,2021
RVNL,2021-12-09,2021-12-15,33.1883,32.1926,1.15,2.01,3.27,-0.03,-0.033,stopped_out,True,6,4,4674121.62,-154246.01,2021
JUSTDIAL,2021-12-09,2021-12-10,842.5711,884.6997,9.43,8.15,16.16,0.05,0.047,take_profit,False,1,1,3739297.29,175746.97,2021
IOB,2021-12-10,2021-12-14,22.8614,22.039,1.38,1.83,4.82,-0.035975,-0.038975,stopped_out_gap,False,4,2,3774446.69,-147109.06,2021
CDSL,2021-12-13,2021-12-14,760.422,798.443,0.71,2.91,2.85,0.05,0.047,take_profit,False,1,1,3774045.11,177380.12,2021
SUBROS,2021-12-14,2021-12-15,394.1169,382.2934,1.27,4.84,9.59,-0.03,-0.033,stopped_out,True,1,1,4851442.26,-160097.59,2021
PGEL,2021-12-14,2021-12-15,71.4059,69.2638,0.87,2.8,8.58,-0.03,-0.033,stopped_out,True,1,1,3881153.81,-128078.08,2021
CGPOWER,2021-12-14,2021-12-16,179.8774,174.481,5.11,2.53,3.41,-0.03,-0.033,stopped_out,True,2,2,6064302.83,-200121.99,2021
SWANCORP,2021-12-15,2021-12-16,141.7595,137.5067,6.27,13.77,12.58,-0.03,-0.033,stopped_out,True,1,1,6921233.58,-228400.71,2021
PIIND,2021-12-15,2021-12-17,3049.4014,2957.9193,2.36,2.84,4.17,-0.03,-0.033,stopped_out,True,2,2,5536986.87,-182720.57,2021
BAJAJELEC,2021-12-15,2021-12-16,1187.3211,1151.7015,4.69,6.54,11.95,-0.03,-0.033,stopped_out,True,1,1,4429589.49,-146176.45,2021
EIHOTEL,2021-12-15,2021-12-17,136.6754,132.5751,0.64,5.65,2.41,-0.03,-0.033,stopped_out,True,2,2,3543671.59,-116941.16,2021
AMBER,2021-12-16,2021-12-20,3433.716,3330.7045,0.83,2.04,2.76,-0.03,-0.033,stopped_out,True,4,2,6203022.62,-204699.75,2021
WEBELSOLAR,2021-12-16,2021-12-17,9.7899,9.4962,9.91,10.2,16.98,-0.03,-0.033,stopped_out,True,1,1,4962418.1,-163759.8,2021
JINDWORLD,2021-12-16,2021-12-20,45.2108,43.8545,7.56,3.79,13.35,-0.03,-0.033,stopped_out,True,4,2,3969934.48,-131007.84,2021
WIPRO,2021-12-17,2021-12-28,310.0308,325.5323,0.53,6.78,1.64,0.05,0.047,take_profit,False,11,7,3770802.3,177227.71,2021
PERSISTENT,2021-12-17,2021-12-20,2242.9197,2175.6321,2.24,4.12,1.76,-0.03,-0.033,stopped_out,True,3,1,5891878.59,-194431.99,2021
WIPRO,2021-12-17,2021-12-28,310.0308,325.5323,1.95,6.78,1.64,0.05,0.047,take_profit,False,11,7,4713502.87,221534.63,2021
HCLTECH,2021-12-21,2021-12-24,1017.275,1068.1388,3.13,2.0,3.09,0.05,0.047,take_profit,False,3,3,4898864.85,230246.65,2021
MOIL,2021-12-21,2021-12-30,158.0503,153.3088,3.1,2.4,4.18,-0.03,-0.033,stopped_out,True,9,7,3919091.88,-129330.03,2021
MINDACORP,2021-12-21,2021-12-22,161.5135,169.5891,0.76,1.87,2.66,0.05,0.047,take_profit,False,1,1,6123581.06,287808.31,2021
RADICO,2021-12-22,2021-12-23,1110.3791,1165.8981,2.88,3.48,5.0,0.05,0.047,take_profit,False,1,1,4417551.38,207624.91,2021
GOKEX,2021-12-23,2021-12-24,304.2041,319.4143,6.37,2.07,6.32,0.05,0.047,take_profit,False,1,1,4459076.36,209576.59,2021
SHARDACROP,2021-12-24,2021-12-30,324.9449,341.1922,2.97,12.22,6.26,0.05,0.047,take_profit,False,6,4,5526813.98,259760.26,2021
ALOKINDS,2021-12-24,2021-12-28,25.4627,26.7359,1.01,1.55,1.8,0.05,0.047,take_profit,False,4,2,4421451.18,207808.21,2021
TARIL,2021-12-28,2021-12-29,17.4015,18.2716,12.64,6.95,12.44,0.05,0.047,take_profit,False,1,1,6239626.33,293262.44,2021
MPHASIS,2021-12-28,2022-01-06,3049.451,2957.9674,1.64,1.69,2.08,-0.03,-0.033,stopped_out,True,9,7,4991701.06,-164726.13,2022
ASTRAL,2021-12-28,2022-01-03,1663.9516,1747.1491,3.13,3.6,4.07,0.05,0.047,take_profit,False,6,4,3993360.85,187687.96,2022
INDIAGLYCO,2021-12-29,2021-12-30,449.5571,436.0704,11.81,8.47,19.69,-0.03,-0.033,stopped_out,True,1,1,4501266.43,-148541.79,2021
GRAPHITE,2021-12-30,2021-12-31,481.607,467.1587,3.75,9.5,18.53,-0.03,-0.033,stopped_out,True,1,1,4087568.19,-134889.75,2021
INTELLECT,2021-12-30,2021-12-31,760.4624,737.6486,0.52,6.33,6.91,-0.03,-0.033,stopped_out,True,1,1,6386825.29,-210765.23,2021
PCBL,2021-12-30,2022-01-03,107.0443,103.833,1.44,6.89,3.24,-0.03,-0.033,stopped_out,True,4,2,5109460.23,-168612.19,2022
TITAN,2021-12-31,2022-01-07,2490.9717,2615.5203,2.15,2.21,3.07,0.05,0.047,take_profit,False,7,5,4236641.8,199122.16,2022
TITAN,2021-12-31,2022-01-07,2490.9717,2615.5203,1.15,2.21,3.07,0.05,0.047,take_profit,False,7,5,5295802.25,248902.71,2022
RPOWER,2022-01-03,2022-01-04,14.2571,13.8294,1.84,2.21,3.64,-0.03,-0.033,stopped_out,True,1,1,5213692.81,-172051.86,2022
FORTIS,2022-01-03,2022-01-05,307.7161,298.4846,1.66,2.34,3.27,-0.03,-0.033,stopped_out,True,2,2,4170954.25,-137641.49,2022
APOLLOTYRE,2022-01-04,2022-01-14,213.1478,223.8052,0.71,1.95,2.08,0.05,0.047,take_profit,False,10,8,4345091.59,204219.3,2022
SAPPHIRE,2022-01-05,2022-01-07,253.8068,266.4972,2.15,1.95,5.44,0.05,0.047,take_profit,False,2,2,4282735.82,201288.58,2022
SWANCORP,2022-01-06,2022-01-11,162.5463,170.6736,7.04,6.29,7.72,0.05,0.047,take_profit,False,5,3,4391583.64,206404.43,2022
SHAREINDIA,2022-01-07,2022-01-10,225.192,218.4363,3.86,2.27,8.1,-0.03,-0.033,stopped_out,True,3,1,6406165.58,-211403.46,2022
DEVYANI,2022-01-07,2022-01-18,186.9434,196.2906,3.26,2.58,6.38,0.05,0.047,take_profit,False,11,7,5124932.46,240871.83,2022
ABREL,2022-01-07,2022-01-11,934.7654,981.5037,1.72,1.64,3.28,0.05,0.047,take_profit,False,4,2,4099945.97,192697.46,2022
NEWGEN,2022-01-10,2022-01-12,316.9661,307.4571,3.87,5.47,3.03,-0.03,-0.033,stopped_out,True,2,2,4518909.2,-149124.0,2022
AUBANK,2022-01-11,2022-01-14,646.4916,627.0969,3.1,1.68,4.57,-0.03,-0.033,stopped_out,True,3,3,5393253.66,-177977.37,2022
VARROC,2022-01-11,2022-01-12,394.634,414.3657,5.57,3.12,7.47,0.05,0.047,take_profit,False,1,1,4314602.93,202786.34,2022
HEG,2022-01-12,2022-01-17,352.1253,341.5616,2.71,2.51,4.14,-0.03,-0.033,stopped_out,True,5,3,4183293.79,-138048.69,2022
TATACOMM,2022-01-12,2022-01-18,1468.8274,1424.7626,2.26,3.98,4.9,-0.03,-0.033,stopped_out,True,6,4,5229117.23,-172560.87,2022
WELENT,2022-01-14,2022-01-19,94.1556,91.331,1.03,6.64,2.93,-0.03,-0.033,stopped_out,True,5,3,5299552.46,-174885.23,2022
ANGELONE,2022-01-14,2022-01-18,1218.3362,1288.3289,2.04,2.42,2.48,0.057449,0.054449,take_profit_gap,False,4,2,4239641.97,230844.27,2022
MMTC,2022-01-17,2022-01-18,49.0245,47.5538,1.12,3.42,8.89,-0.03,-0.033,stopped_out,True,1,1,4200762.6,-138625.17,2022
GAEL,2022-01-18,2022-01-19,94.1957,98.9055,4.08,6.75,2.78,0.05,0.047,take_profit,False,1,1,7151606.94,336125.53,2022
DBREALTY,2022-01-18,2022-01-20,74.4372,78.8606,3.49,1.82,3.33,0.059424,0.056424,take_profit_gap,False,2,2,5721285.55,322817.82,2022
ELECTCAST,2022-01-18,2022-01-19,41.3202,43.3862,7.79,6.64,5.31,0.05,0.047,take_profit,False,1,1,4577028.44,215120.34,2022
ELECTCAST,2022-01-18,2022-01-19,41.3202,43.3862,2.26,6.64,5.31,0.05,0.047,take_profit,False,1,1,3661622.75,172096.27,2022
BIOCON,2022-01-19,2022-01-21,363.8289,352.914,0.54,3.0,3.98,-0.03,-0.033,stopped_out,True,2,2,7176951.7,-236839.41,2022
TATAELXSI,2022-01-19,2022-01-20,6748.4683,7085.8917,7.36,9.75,6.56,0.05,0.047,take_profit,False,1,1,5741561.36,269853.38,2022
BSE,2022-01-19,2022-01-21,225.6112,218.8428,1.41,2.08,5.14,-0.03,-0.033,stopped_out,True,2,2,4593249.09,-151577.22,2022
HSCL,2022-01-19,2022-01-20,58.7908,61.7303,2.03,3.53,6.96,0.05,0.047,take_profit,False,1,1,3674599.27,172706.17,2022
CHOLAHLDNG,2022-01-20,2022-01-27,673.8075,707.4979,2.28,2.15,3.5,0.05,0.047,take_profit,False,7,4,3916956.24,184096.94,2022
TIMETECHNO,2022-01-20,2022-01-21,43.1902,41.8945,0.68,5.03,5.34,-0.03,-0.033,stopped_out,True,1,1,6120244.13,-201968.06,2022
NAZARA,2022-01-20,2022-01-21,327.5324,317.7065,1.85,1.55,3.93,-0.03,-0.033,stopped_out,True,1,1,4896195.3,-161574.44,2022
JBMA,2022-01-21,2022-01-24,324.6239,314.8852,2.49,1.51,2.59,-0.03,-0.033,stopped_out,True,3,1,7540501.21,-248836.54,2022
POWERINDIA,2022-01-21,2022-01-24,3025.3461,2934.5858,0.61,10.11,7.09,-0.03,-0.033,stopped_out,True,3,1,6032400.97,-199069.23,2022
SHARDACROP,2022-01-21,2022-01-24,363.0386,401.5919,9.57,8.77,3.63,0.106196,0.103196,take_profit_gap,False,3,1,4825920.78,498015.72,2022
CCL,2022-01-21,2022-01-24,444.875,431.5288,0.73,4.65,2.88,-0.03,-0.033,stopped_out,True,3,1,3860736.62,-127404.31,2022
SHARDACROP,2022-01-24,2022-01-25,419.0305,439.9821,9.18,9.07,4.24,0.05,0.047,take_profit,False,1,1,7525042.34,353676.99,2022
AXISBANK,2022-01-25,2022-02-01,749.4469,786.9192,2.88,3.4,5.35,0.05,0.047,take_profit,False,7,4,3889038.2,182784.8,2022
BANKBARODA,2022-01-25,2022-01-27,87.3655,91.7337,2.54,2.06,7.07,0.05,0.047,take_profit,False,2,1,7595777.74,357001.55,2022
MARUTI,2022-01-25,2022-02-09,8301.7728,8627.8636,0.78,3.13,7.67,0.03928,0.03628,time_exit,False,15,10,6076622.19,220459.85,2022
SHARDACROP,2022-01-25,2022-01-27,502.8271,487.7423,9.52,6.86,16.74,-0.03,-0.033,stopped_out,True,2,1,4861297.75,-160422.83,2022
FEDERALBNK,2022-01-27,2022-02-08,96.506,93.6108,1.95,1.61,4.93,-0.03,-0.033,stopped_out,True,12,8,4135790.11,-136481.07,2022
BANKINDIA,2022-01-27,2022-02-03,48.5022,51.1774,4.26,2.57,6.57,0.055155,0.052155,take_profit_gap,False,7,5,6462172.04,337034.58,2022
MMTC,2022-01-27,2022-01-28,52.5763,56.4718,9.13,3.49,6.38,0.074092,0.071092,take_profit_gap,False,1,1,5169737.63,367526.99,2022
GPIL,2022-01-28,2022-01-31,284.9657,299.214,4.52,2.22,4.17,0.05,0.047,take_profit,False,3,1,4416085.01,207556.0,2022
CHALET,2022-01-31,2022-02-01,258.393,250.6412,1.16,9.36,9.9,-0.03,-0.033,stopped_out,True,1,1,4457596.21,-147100.67,2022
ULTRACEMCO,2022-02-01,2022-02-11,7352.5827,7132.0052,1.94,1.76,3.48,-0.03,-0.033,stopped_out,True,10,8,5242540.67,-173003.84,2022
DALBHARAT,2022-02-01,2022-02-08,1866.6974,1960.0323,2.7,3.19,6.0,0.05,0.047,take_profit,False,7,5,4194032.54,197119.53,2022
RPOWER,2022-02-03,2022-02-07,16.8584,18.091,2.8,1.69,4.01,0.07311,0.07011,take_profit_gap,False,4,2,4715067.36,330573.37,2022
GNFC,2022-02-07,2022-02-08,458.0234,480.9246,6.13,7.0,2.97,0.05,0.047,take_profit,False,1,1,4781182.03,224715.56,2022
SKIPPER,2022-02-08,2022-02-10,77.206,74.8898,6.19,3.21,9.39,-0.03,-0.033,stopped_out,True,2,2,6504217.36,-214639.17,2022
BSE,2022-02-09,2022-02-14,237.2957,230.1768,2.99,3.42,6.94,-0.03,-0.033,stopped_out,True,5,3,4136185.79,-136494.13,2022
RAIN,2022-02-09,2022-02-11,232.9066,225.9194,2.66,3.06,4.49,-0.03,-0.033,stopped_out,True,2,2,6462790.3,-213272.08,2022
NATIONALUM,2022-02-09,2022-02-14,101.314,97.3979,3.09,1.63,2.8,-0.038652,-0.041652,stopped_out_gap,False,5,3,5170232.24,-215350.51,2022
MAHLIFE,2022-02-10,2022-02-11,314.5166,305.0811,10.77,10.44,18.44,-0.03,-0.033,stopped_out,True,1,1,4566864.27,-150706.52,2022
SCHNEIDER,2022-02-11,2022-02-14,128.4142,124.5618,11.14,13.37,13.68,-0.03,-0.033,stopped_out,True,3,1,6800533.98,-224417.62,2022
RHIM,2022-02-11,2022-02-14,478.2399,454.122,5.38,7.63,3.41,-0.050431,-0.053431,stopped_out_gap,False,3,1,5440427.18,-290687.46,2022
HCC,2022-02-11,2022-02-14,19.0095,18.2908,4.47,5.65,18.01,-0.037805,-0.040805,stopped_out_gap,False,3,1,4352341.75,-177597.3,2022
RHIM,2022-02-15,2022-02-16,513.2186,538.8795,1.59,2.65,5.61,0.05,0.047,take_profit,False,1,1,8452908.18,397286.68,2022
HEROMOTOCO,2022-02-15,2022-02-24,2370.2561,2280.8291,2.27,1.52,4.85,-0.037729,-0.040729,stopped_out_gap,False,9,7,6762326.54,-275422.8,2022
LICHSGFIN,2022-02-15,2022-02-18,360.6899,349.8692,1.55,1.63,7.2,-0.03,-0.033,stopped_out,True,3,3,5409861.23,-178525.42,2022
EICHERMOT,2022-02-15,2022-02-22,2614.5417,2521.7958,3.02,2.98,7.24,-0.035473,-0.038473,stopped_out_gap,False,7,5,4327888.99,-166506.87,2022
M&MFIN,2022-02-16,2022-02-18,149.661,145.1712,3.97,4.15,1.95,-0.03,-0.033,stopped_out,True,2,2,5232350.16,-172667.56,2022
DIVISLAB,2022-02-16,2022-02-18,4351.2913,4220.7525,1.77,1.79,2.88,-0.03,-0.033,stopped_out,True,2,2,4185880.13,-138134.04,2022
VOLTAS,2022-02-18,2022-02-22,1228.2298,1185.3674,0.89,2.01,3.16,-0.034898,-0.037898,stopped_out_gap,False,4,2,6216457.0,-235591.29,2022
CHALET,2022-02-21,2022-02-22,282.5783,274.101,2.86,10.43,13.1,-0.03,-0.033,stopped_out,True,1,1,4973165.6,-164114.46,2022
HINDALCO,2022-02-25,2022-02-28,519.0742,545.0279,0.82,1.53,1.7,0.05,0.047,take_profit,False,3,1,6612938.42,310808.11,2022
SUPRIYA,2022-02-25,2022-02-28,429.0379,413.7147,0.51,1.58,6.59,-0.035715,-0.038715,stopped_out_gap,False,3,1,8266173.02,-320024.89,2022
DABUR,2022-02-28,2022-03-04,539.4698,523.2857,2.09,4.31,3.79,-0.03,-0.033,stopped_out,True,4,3,8264329.67,-272722.88,2022
MARICO,2022-02-28,2022-03-04,493.536,478.7299,1.34,1.9,4.24,-0.03,-0.033,stopped_out,True,4,3,6611463.73,-218178.3,2022
ADVENZYMES,2022-02-28,2022-03-02,303.7804,318.9694,8.57,4.74,3.49,0.05,0.047,take_profit,False,2,1,5289170.99,248591.04,2022
HINDALCO,2022-02-28,2022-03-02,557.8176,585.7085,4.94,3.34,6.84,0.05,0.047,take_profit,False,2,1,4231336.79,198872.83,2022
APOLLOHOSP,2022-02-28,2022-03-07,4746.0774,4560.8735,0.78,2.17,4.07,-0.039023,-0.042023,stopped_out_gap,False,7,4,3385069.43,-142250.77,2022
GAIL,2022-03-02,2022-03-07,84.8305,89.072,4.16,2.87,4.49,0.05,0.047,take_profit,False,5,3,4701649.87,220977.54,2022
COALINDIA,2022-03-02,2022-03-03,136.5727,143.4013,9.15,4.49,8.07,0.05,0.047,take_profit,False,1,1,3761319.9,176782.04,2022
GMDCLTD,2022-03-03,2022-03-04,138.9367,134.7686,6.9,3.96,11.05,-0.03,-0.033,stopped_out,True,1,1,3796676.31,-125290.32,2022
ATGL,2022-03-04,2022-03-07,1804.0897,1749.967,3.72,1.92,1.99,-0.03,-0.033,stopped_out,True,3,1,6648596.69,-219403.69,2022
HCG,2022-03-04,2022-03-07,246.2731,238.8849,2.17,5.88,3.82,-0.03,-0.033,stopped_out,True,3,1,5318877.35,-175522.95,2022
GESHIP,2022-03-07,2022-03-09,273.0172,286.6681,1.42,1.51,2.35,0.05,0.047,take_profit,False,2,2,6562160.46,308421.54,2022
ONGC,2022-03-07,2022-03-08,145.7027,141.3316,3.64,4.47,11.88,-0.03,-0.033,stopped_out,True,1,1,8202700.57,-270689.12,2022
IMFA,2022-03-08,2022-03-09,338.6114,328.4531,3.5,3.86,11.36,-0.03,-0.033,stopped_out,True,1,1,6836130.66,-225592.31,2022
GHCL,2022-03-08,2022-03-09,401.5362,421.613,4.73,2.39,7.75,0.05,0.047,take_profit,False,1,1,5468904.53,257038.51,2022
CIPLA,2022-03-08,2022-03-11,939.4917,986.4663,1.45,2.1,3.36,0.05,0.047,take_profit,False,3,3,4375123.62,205630.81,2022
IOC,2022-03-08,2022-03-11,63.4812,66.6553,1.58,1.7,4.51,0.05,0.047,take_profit,False,3,3,3500098.9,164504.65,2022
INDHOTEL,2022-03-09,2022-03-10,205.2635,199.1056,2.65,2.77,5.23,-0.03,-0.033,stopped_out,True,1,1,6641491.79,-219169.23,2022
OPTIEMUS,2022-03-09,2022-03-10,296.2534,287.3658,9.41,3.19,17.2,-0.03,-0.033,stopped_out,True,1,1,5313193.44,-175335.38,2022
DATAPATTNS,2022-03-09,2022-03-10,705.697,684.5261,1.49,1.97,10.9,-0.03,-0.033,stopped_out,True,1,1,4250554.75,-140268.31,2022
GREENPANEL,2022-03-10,2022-03-14,494.3428,519.06,4.4,2.0,2.94,0.05,0.047,take_profit,False,4,2,4182103.81,196558.88,2022
GANECOS,2022-03-10,2022-03-11,696.236,731.0478,4.52,2.83,4.9,0.05,0.047,take_profit,False,1,1,6534537.21,307123.25,2022
GREENPANEL,2022-03-10,2022-03-14,494.3428,519.06,6.54,2.0,2.94,0.05,0.047,take_profit,False,4,2,5227629.77,245698.6,2022
JSWSTEEL,2022-03-11,2022-03-15,640.5181,621.3026,0.96,1.73,3.28,-0.03,-0.033,stopped_out,True,4,2,4072375.51,-134388.39,2022
BALRAMCHIN,2022-03-11,2022-03-14,474.6293,498.3608,3.2,3.22,7.96,0.05,0.047,take_profit,False,3,1,5090469.39,239252.06,2022
NH,2022-03-11,2022-03-15,696.1175,675.234,2.14,1.81,3.29,-0.03,-0.033,stopped_out,True,4,2,6363086.74,-209981.86,2022
GREENPANEL,2022-03-14,2022-03-15,541.232,524.9951,0.62,1.93,7.17,-0.03,-0.033,stopped_out,True,1,1,6294242.91,-207710.02,2022
JKPAPER,2022-03-14,2022-03-15,259.2615,272.2246,0.78,3.85,3.3,0.05,0.047,take_profit,False,1,1,5035394.33,236663.53,2022
TRIVENI,2022-03-14,2022-03-15,318.5433,308.987,1.87,4.8,8.94,-0.03,-0.033,stopped_out,True,1,1,4028315.46,-132934.41,2022
MINDACORP,2022-03-15,2022-03-24,195.9025,205.6976,5.16,2.3,7.15,0.05,0.047,take_profit,False,9,6,8291665.13,389708.26,2022
HSCL,2022-03-15,2022-03-21,60.729,63.7654,4.01,3.36,7.19,0.05,0.047,take_profit,False,6,3,6633332.11,311766.61,2022
TATACONSUM,2022-03-15,2022-03-25,724.6701,702.93,2.22,3.74,3.4,-0.03,-0.033,stopped_out,True,10,7,5306665.69,-175119.97,2022
CENTURYPLY,2022-03-15,2022-03-17,653.4912,686.1658,4.08,7.86,5.42,0.05,0.047,take_profit,False,2,2,4245332.55,199530.63,2022
PATANJALI,2022-03-15,2022-03-16,356.2136,345.5272,8.39,11.12,2.8,-0.03,-0.033,stopped_out,True,1,1,3396266.04,-112076.78,2022
EASEMYTRIP,2022-03-16,2022-03-17,18.3721,19.2907,3.16,2.82,4.1,0.05,0.047,take_profit,False,1,1,3373850.68,158570.98,2022
TATAELXSI,2022-03-17,2022-03-25,7188.0659,7547.4692,1.23,2.89,1.8,0.05,0.047,take_profit,False,8,5,3435630.01,161474.61,2022
ONGC,2022-03-17,2022-03-22,132.7263,139.3626,1.44,1.69,2.22,0.05,0.047,take_profit,False,5,2,4294537.52,201843.26,2022
HSCL,2022-03-21,2022-03-28,63.3629,61.462,1.02,2.24,5.2,-0.03,-0.033,stopped_out,True,7,5,4137523.75,-136538.28,2022
CENTURYPLY,2022-03-22,2022-03-23,706.4366,741.7584,1.55,3.37,1.56,0.05,0.047,take_profit,False,1,1,4209295.16,197836.87,2022
ADANIPOWER,2022-03-23,2022-03-25,26.053,27.3557,4.19,1.72,4.41,0.05,0.047,take_profit,False,2,2,4248862.53,199696.54,2022
GMDCLTD,2022-03-24,2022-03-25,158.1603,166.0683,7.05,1.59,6.17,0.05,0.047,take_profit,False,1,1,5135364.71,241362.14,2022
CONCOR,2022-03-25,2022-03-28,653.0614,633.4696,3.48,8.2,10.72,-0.03,-0.033,stopped_out,True,3,1,7819079.02,-258029.61,2022
INDIAGLYCO,2022-03-25,2022-03-31,463.0962,486.251,0.51,1.89,2.75,0.05,0.047,take_profit,False,6,4,6255263.21,293997.37,2022
ADANIPOWER,2022-03-25,2022-03-28,28.6543,30.087,7.12,2.69,7.31,0.05,0.047,take_profit,False,3,1,5004210.57,235197.9,2022
MOTILALOFS,2022-03-25,2022-03-30,889.3812,862.6997,0.97,1.6,2.47,-0.03,-0.033,stopped_out,True,5,3,4003368.46,-132111.16,2022
PRESTIGE,2022-03-28,2022-03-30,486.8758,472.2695,1.13,1.81,2.18,-0.03,-0.033,stopped_out,True,2,2,4200309.4,-138610.21,2022
AWL,2022-03-28,2022-03-29,461.2305,484.292,10.87,2.05,8.5,0.05,0.047,take_profit,False,1,1,6562983.43,308460.22,2022
MOIL,2022-03-28,2022-03-30,169.5522,178.0299,1.7,2.17,3.55,0.05,0.047,take_profit,False,2,2,5250386.75,246768.18,2022
INDHOTEL,2022-03-29,2022-04-06,238.2859,250.2002,1.72,1.76,2.67,0.05,0.047,take_profit,False,8,6,4734536.25,222523.2,2022
HSCL,2022-03-30,2022-04-01,72.7555,76.3933,0.96,3.94,2.66,0.05,0.047,take_profit,False,2,2,5178921.02,243409.29,2022
USHAMART,2022-03-30,2022-04-01,128.8342,124.9692,0.56,1.94,5.47,-0.03,-0.033,stopped_out,True,2,2,6473651.28,-213630.49,2022
KIMS,2022-03-30,2022-04-12,281.1105,295.166,1.09,2.07,4.78,0.05,0.047,take_profit,False,13,9,4143136.82,194727.43,2022
BEML,2022-03-31,2022-04-04,749.2395,726.7624,2.58,3.09,7.5,-0.03,-0.033,stopped_out,True,4,2,4624361.57,-152603.93,2022
RECLTD,2022-04-01,2022-04-06,73.3944,77.0641,2.48,1.96,3.05,0.05,0.047,take_profit,False,5,3,6035959.48,283690.1,2022
HDFCAMC,2022-04-01,2022-04-04,1048.2207,1100.6318,4.26,2.06,5.4,0.05,0.047,take_profit,False,3,1,4828767.58,226952.08,2022
LUPIN,2022-04-04,2022-04-12,774.444,751.2107,1.19,2.17,2.8,-0.03,-0.033,stopped_out,True,8,6,5768509.53,-190360.81,2022
PATELENG,2022-04-04,2022-04-06,24.7683,26.0067,5.33,1.8,2.26,0.05,0.047,take_profit,False,2,2,4614807.62,216895.96,2022
WELCORP,2022-04-06,2022-04-11,188.4949,182.8401,3.54,3.55,7.05,-0.03,-0.033,stopped_out,True,5,3,6913528.62,-228146.44,2022
JISLJALEQS,2022-04-06,2022-04-07,45.6728,47.9565,1.2,1.62,6.29,0.05,0.047,take_profit,False,1,1,5530822.89,259948.68,2022
UCOBANK,2022-04-06,2022-04-12,12.4753,12.101,0.79,1.77,2.83,-0.03,-0.033,stopped_out,True,6,4,4424658.32,-146013.72,2022
DCBBANK,2022-04-07,2022-04-08,84.6939,82.1531,0.58,8.52,11.77,-0.03,-0.033,stopped_out,True,1,1,4697880.97,-155030.07,2022
JKTYRE,2022-04-08,2022-04-12,130.9983,127.0683,7.1,4.57,11.07,-0.03,-0.033,stopped_out,True,4,2,4666874.95,-154006.87,2022
GANECOS,2022-04-11,2022-04-12,770.8327,747.7078,1.91,4.61,7.46,-0.03,-0.033,stopped_out,True,1,1,5070576.4,-167329.02,2022
VBL,2022-04-12,2022-04-13,130.0504,136.5529,2.49,2.18,3.13,0.05,0.047,take_profit,False,1,1,3595721.0,168998.89,2022
WEBELSOLAR,2022-04-12,2022-04-13,12.3112,12.9267,3.7,3.07,4.02,0.05,0.047,take_profit,False,1,1,4494651.25,211248.61,2022
ASTRAL,2022-04-12,2022-04-18,1584.7317,1537.1897,1.22,1.59,1.94,-0.03,-0.033,stopped_out,True,6,2,7022892.57,-231755.45,2022
JUSTDIAL,2022-04-12,2022-04-13,884.392,928.6116,7.41,7.26,10.08,0.05,0.047,take_profit,False,1,1,8778615.72,412594.94,2022
KITEX,2022-04-12,2022-04-13,95.6595,100.4425,6.58,6.47,6.79,0.05,0.047,take_profit,False,1,1,5618314.06,264060.76,2022
GODFRYPHLP,2022-04-13,2022-04-18,401.4732,421.5468,2.34,6.18,5.15,0.05,0.047,take_profit,False,5,1,7585417.84,356514.64,2022
REDINGTON,2022-04-13,2022-04-19,145.0618,140.71,1.11,5.41,2.62,-0.03,-0.033,stopped_out,True,6,2,6068334.27,-200255.03,2022
JINDWORLD,2022-04-13,2022-04-18,66.148,69.4554,0.59,4.65,8.27,0.05,0.047,take_profit,False,5,1,4854667.42,228169.37,2022
VBL,2022-04-13,2022-04-18,133.639,140.321,1.75,2.59,1.61,0.05,0.047,take_profit,False,5,1,3883733.94,182535.49,2022
TIMETECHNO,2022-04-18,2022-04-19,42.8494,44.9918,3.69,1.93,4.89,0.05,0.047,take_profit,False,1,1,4036312.22,189706.67,2022
NTPC,2022-04-18,2022-04-25,143.975,139.6557,0.58,3.9,5.36,-0.03,-0.033,stopped_out,True,7,5,7883422.31,-260152.94,2022
PGEL,2022-04-18,2022-04-22,81.8482,79.3927,2.1,3.68,9.89,-0.03,-0.033,stopped_out,True,4,4,6306737.85,-208122.35,2022
SJVN,2022-04-18,2022-05-02,26.4678,25.6738,0.69,1.87,2.12,-0.03,-0.033,stopped_out,True,14,10,5045390.28,-166497.88,2022
MINDACORP,2022-04-19,2022-04-20,247.5285,259.9049,3.19,3.24,1.62,0.05,0.047,take_profit,False,1,1,4198295.53,197319.89,2022
SUNFLAG,2022-04-19,2022-04-20,108.7448,114.182,8.67,5.77,3.81,0.05,0.047,take_profit,False,1,1,5247869.41,246649.86,2022
OPTIEMUS,2022-04-20,2022-04-25,414.6355,402.1964,0.61,4.94,9.12,-0.03,-0.033,stopped_out,True,5,3,5336663.36,-176109.89,2022
TIINDIA,2022-04-20,2022-04-25,1720.9316,1806.9781,2.62,1.62,2.69,0.05,0.047,take_profit,False,5,3,4269330.69,200658.54,2022
ASTRAMICRO,2022-04-22,2022-04-25,273.0671,264.8751,2.17,3.57,6.65,-0.03,-0.033,stopped_out,True,3,1,4635187.65,-152961.19,2022
RELIGARE,2022-04-25,2022-04-27,130.9154,126.988,5.54,7.04,8.14,-0.03,-0.033,stopped_out,True,2,2,8055357.82,-265826.81,2022
NETWORK18,2022-04-25,2022-04-26,105.7528,111.0405,1.37,4.52,7.91,0.05,0.047,take_profit,False,1,1,6444286.26,302881.45,2022
CIEINDIA,2022-04-25,2022-04-26,192.9775,209.4558,8.67,8.94,2.84,0.08539,0.08239,take_profit_gap,False,1,1,5155429.01,424755.8,2022
TIINDIA,2022-04-25,2022-05-10,1814.2685,1794.2539,3.17,4.27,4.85,-0.011032,-0.014032,time_exit,False,15,10,4124343.21,-57872.78,2022
CIEINDIA,2022-04-26,2022-04-27,216.8935,210.3867,3.4,12.14,3.45,-0.03,-0.033,stopped_out,True,1,1,5764945.07,-190243.19,2022
CHOLAFIN,2022-04-26,2022-04-28,759.0247,736.254,2.68,2.06,5.96,-0.03,-0.033,stopped_out,True,2,2,4611956.05,-152194.55,2022
HEROMOTOCO,2022-04-27,2022-05-04,2179.7058,2114.3146,3.4,1.85,4.6,-0.03,-0.033,stopped_out,True,7,4,6362411.42,-209959.58,2022
ALOKINDS,2022-04-27,2022-04-28,27.7639,26.931,4.68,3.79,17.34,-0.03,-0.033,stopped_out,True,1,1,5089929.14,-167967.66,2022
HDFCLIFE,2022-04-28,2022-05-12,564.7293,547.7874,2.58,2.67,3.72,-0.03,-0.033,stopped_out,True,14,9,4758630.33,-157034.8,2022
BLS,2022-04-28,2022-05-02,90.5993,87.8814,3.46,2.13,8.38,-0.03,-0.033,stopped_out,True,4,2,5948287.91,-196293.5,2022
SOLARINDS,2022-05-02,2022-05-04,2901.9793,3049.1003,3.66,1.7,4.29,0.050697,0.047697,take_profit_gap,False,2,1,5933081.62,282990.19,2022
HOMEFIRST,2022-05-02,2022-05-04,725.4256,761.6969,2.15,1.86,5.77,0.05,0.047,take_profit,False,2,1,4746465.3,223083.87,2022
DCMSHRIRAM,2022-05-04,2022-05-06,1144.1757,1099.4385,0.92,1.87,2.36,-0.0391,-0.0421,stopped_out_gap,False,2,2,7264786.8,-305847.52,2022
SUMICHEM,2022-05-04,2022-05-05,440.9603,427.7315,1.04,10.72,1.95,-0.03,-0.033,stopped_out,True,1,1,5811829.44,-191790.37,2022
GMDCLTD,2022-05-04,2022-05-05,168.2405,176.6525,4.48,2.03,9.4,0.05,0.047,take_profit,False,1,1,4649463.55,218524.79,2022
TIMETECHNO,2022-05-05,2022-05-06,50.7619,48.6438,0.96,2.7,10.43,-0.041726,-0.044726,stopped_out_gap,False,1,1,5817176.33,-260179.03,2022
HIKAL,2022-05-05,2022-05-06,415.8109,403.3366,4.68,7.8,10.98,-0.03,-0.033,stopped_out,True,1,1,4653741.06,-153573.46,2022
REFEX,2022-05-09,2022-05-10,27.7678,26.9348,4.37,9.34,1.82,-0.03,-0.033,stopped_out,True,1,1,7126213.69,-235165.05,2022
DIACABS,2022-05-09,2022-05-23,18.009,18.4908,2.78,5.77,2.86,0.026751,0.023751,time_exit,False,14,10,5700970.95,135403.76,2022
REFEX,2022-05-09,2022-05-10,27.7678,26.9348,0.68,9.34,1.82,-0.03,-0.033,stopped_out,True,1,1,4560776.76,-150505.63,2022
KRBL,2022-05-12,2022-05-13,227.0384,220.2273,1.91,4.54,10.25,-0.03,-0.033,stopped_out,True,1,1,6113998.84,-201761.96,2022
AVANTIFEED,2022-05-12,2022-05-13,433.7231,420.7114,4.28,6.97,12.69,-0.03,-0.033,stopped_out,True,1,1,7642498.55,-252202.45,2022
JKTYRE,2022-05-13,2022-05-18,114.5211,120.2472,1.94,1.51,3.84,0.05,0.047,take_profit,False,5,3,7551705.67,354930.17,2022
TATAELXSI,2022-05-13,2022-05-18,7628.0489,8009.4514,11.9,3.24,9.84,0.05,0.047,take_profit,False,5,3,6041364.53,283944.13,2022
SHARDACROP,2022-05-13,2022-05-16,621.1586,652.2166,3.59,1.6,5.85,0.05,0.047,take_profit,False,3,1,4833091.63,227155.31,2022
APOLLOTYRE,2022-05-13,2022-05-16,189.5749,199.0537,0.87,2.24,2.63,0.05,0.047,take_profit,False,3,1,3866473.3,181724.25,2022
JKPAPER,2022-05-16,2022-05-17,315.9296,306.4517,3.71,3.31,10.05,-0.03,-0.033,stopped_out,True,1,1,4914867.54,-162190.63,2022
JWL,2022-05-16,2022-05-17,53.7372,52.1251,2.5,1.96,3.44,-0.03,-0.033,stopped_out,True,1,1,3931894.03,-129752.5,2022
CHALET,2022-05-17,2022-05-18,307.2133,297.9969,0.92,1.69,2.48,-0.03,-0.033,stopped_out,True,1,1,4856478.91,-160263.8,2022
DATAMATICS,2022-05-17,2022-05-18,288.4988,302.9238,15.49,3.15,18.9,0.05,0.047,take_profit,False,1,1,3885183.13,182603.61,2022
YESBANK,2022-05-18,2022-05-19,13.9069,13.4897,3.01,2.26,2.96,-0.03,-0.033,stopped_out,True,1,1,4932694.89,-162778.93,2022
TRIVENI,2022-05-18,2022-05-19,303.0151,293.9246,7.54,3.32,12.05,-0.03,-0.033,stopped_out,True,1,1,3946155.91,-130223.15,2022
WELCORP,2022-05-18,2022-05-19,190.1052,184.402,0.75,2.37,4.5,-0.03,-0.033,stopped_out,True,1,1,7707335.77,-254342.08,2022
WELCORP,2022-05-18,2022-05-19,190.1052,184.402,0.86,2.37,4.5,-0.03,-0.033,stopped_out,True,1,1,6165868.62,-203473.66,2022
JWL,2022-05-19,2022-05-23,55.3762,58.145,1.7,2.25,4.21,0.05,0.047,take_profit,False,4,2,7557172.21,355187.09,2022
WELCORP,2022-05-19,2022-05-20,197.8723,207.7659,2.51,2.73,6.04,0.05,0.047,take_profit,False,1,1,6045737.76,284149.67,2022
RCF,2022-05-19,2022-05-20,90.2219,94.733,0.53,2.55,5.68,0.05,0.047,take_profit,False,1,1,4836590.21,227319.74,2022
PATELENG,2022-05-19,2022-05-23,23.3114,25.5623,3.13,5.06,2.81,0.096559,0.093559,take_profit_gap,False,4,2,3869272.17,362005.23,2022
KSB,2022-05-20,2022-05-30,286.5906,277.9929,3.44,5.34,6.62,-0.03,-0.033,stopped_out,True,10,6,5374177.21,-177347.85,2022
GMMPFAUDLR,2022-05-20,2022-05-25,1555.8108,1509.1365,4.3,3.32,3.13,-0.03,-0.033,stopped_out,True,5,3,4299341.77,-141878.28,2022
STARHEALTH,2022-05-23,2022-05-24,742.5711,720.294,4.12,2.54,9.24,-0.03,-0.033,stopped_out,True,1,1,7035475.7,-232170.7,2022
COCHINSHIP,2022-05-23,2022-05-24,161.4407,156.5974,1.88,6.56,2.13,-0.03,-0.033,stopped_out,True,1,1,5628380.56,-185736.56,2022
KIRLOSENG,2022-05-23,2022-05-24,156.7071,152.0058,4.34,2.69,6.14,-0.03,-0.033,stopped_out,True,1,1,4502704.45,-148589.25,2022
ASHOKLEY,2022-05-24,2022-05-26,64.8972,62.9503,2.98,1.85,2.32,-0.03,-0.033,stopped_out,True,2,2,6922176.4,-228431.82,2022
BALKRISIND,2022-05-25,2022-05-27,2106.3009,2211.616,2.08,2.68,4.02,0.05,0.047,take_profit,False,2,2,6369233.82,299353.99,2022
CONCOR,2022-05-26,2022-05-30,609.2748,639.7385,2.19,2.18,3.14,0.05,0.047,take_profit,False,4,2,4117847.02,193538.81,2022
ITI,2022-05-26,2022-05-27,98.9995,94.9525,2.43,15.64,14.92,-0.040879,-0.043879,stopped_out_gap,False,1,1,5147308.78,-225858.76,2022
ASTERDM,2022-05-26,2022-05-30,145.1084,152.3638,2.09,3.29,6.28,0.05,0.047,take_profit,False,4,2,6434135.97,302404.39,2022
EIDPARRY,2022-05-27,2022-05-30,516.1036,541.9088,2.64,2.33,3.69,0.05,0.047,take_profit,False,3,1,5612285.18,263777.4,2022
EIDPARRY,2022-05-27,2022-05-30,516.1036,541.9088,2.94,2.33,3.69,0.05,0.047,take_profit,False,3,1,4489828.14,211021.92,2022
JUBLFOOD,2022-05-30,2022-05-31,562.3818,545.5104,4.98,4.74,7.0,-0.03,-0.033,stopped_out,True,1,1,8956196.16,-295554.47,2022
HUDCO,2022-05-30,2022-06-13,29.7034,28.8123,3.6,3.14,2.31,-0.03,-0.033,stopped_out,True,14,10,7164956.93,-236443.58,2022
PGEL,2022-05-30,2022-05-31,77.8142,81.7049,6.07,4.96,2.96,0.05,0.047,take_profit,False,1,1,5731965.54,269402.38,2022
GAEL,2022-05-30,2022-05-31,168.3287,163.2788,5.33,2.91,4.63,-0.03,-0.033,stopped_out,True,1,1,4585572.43,-151323.89,2022
CREDITACC,2022-05-30,2022-05-31,1012.2829,1062.897,0.51,2.55,2.5,0.05,0.047,take_profit,False,1,1,3668457.95,172417.52,2022
ETERNAL,2022-05-31,2022-06-01,74.6873,78.4217,6.19,2.77,8.98,0.05,0.047,take_profit,False,1,1,4814203.57,226267.57,2022
IIFL,2022-05-31,2022-06-02,314.5748,330.3035,1.84,1.73,4.76,0.05,0.047,take_profit,False,2,2,3851362.86,181014.05,2022
BALKRISIND,2022-05-31,2022-06-02,2279.1698,2210.7947,0.77,3.56,2.14,-0.03,-0.033,stopped_out,True,2,2,7522193.08,-248232.37,2022
IONEXCHANG,2022-05-31,2022-06-03,182.9398,192.0868,5.19,1.96,1.63,0.05,0.047,take_profit,False,3,3,6017754.46,282834.46,2022
BEL,2022-06-01,2022-06-06,78.7972,76.4333,3.33,1.97,4.57,-0.03,-0.033,stopped_out,True,5,3,4089184.51,-134943.09,2022
GODFRYPHLP,2022-06-02,2022-06-10,375.4539,364.1903,2.04,2.38,5.18,-0.03,-0.033,stopped_out,True,8,6,5532615.13,-182576.3,2022
MAHLIFE,2022-06-02,2022-06-03,417.46,404.9362,3.21,2.88,9.77,-0.03,-0.033,stopped_out,True,1,1,4426092.11,-146061.04,2022
MAHSEAMLES,2022-06-03,2022-06-08,273.2605,286.9235,2.44,4.02,2.03,0.05,0.047,take_profit,False,5,3,5656997.68,265878.89,2022
IONEXCHANG,2022-06-03,2022-06-06,194.2373,188.4101,1.4,3.99,6.53,-0.03,-0.033,stopped_out,True,3,1,4525598.15,-149344.74,2022
BAJAJ-AUTO,2022-06-06,2022-06-14,3455.0548,3351.4031,0.81,2.23,4.29,-0.03,-0.033,stopped_out,True,8,6,5286577.48,-174457.06,2022
ELECON,2022-06-06,2022-06-07,123.3726,129.5412,3.47,6.01,7.23,0.05,0.047,take_profit,False,1,1,4229261.99,198775.31,2022
MRPL,2022-06-07,2022-06-08,106.5336,111.8603,18.08,3.74,13.25,0.05,0.047,take_profit,False,1,1,4269017.05,200643.8,2022
LODHA,2022-06-08,2022-06-15,546.5703,530.1732,0.73,1.55,3.76,-0.03,-0.033,stopped_out,True,7,5,4394976.9,-145034.24,2022
MRPL,2022-06-08,2022-06-09,116.2364,112.7493,3.73,5.14,7.18,-0.03,-0.033,stopped_out,True,1,1,5493721.13,-181292.8,2022
TIMETECHNO,2022-06-09,2022-06-13,56.3372,54.481,3.28,3.09,9.2,-0.032947,-0.035947,stopped_out_gap,False,4,2,4578467.19,-164582.16,2022
SHILPAMED,2022-06-14,2022-06-15,224.0228,217.3021,0.5,2.18,8.08,-0.03,-0.033,stopped_out,True,1,1,8023685.28,-264781.61,2022
BLS,2022-06-14,2022-06-16,100.6058,105.6141,6.43,2.56,9.76,0.049781,0.046781,take_profit_gap,False,2,2,6418948.22,300284.82,2022
CHOICEIN,2022-06-15,2022-06-20,90.3577,87.6469,3.2,1.54,5.41,-0.03,-0.033,stopped_out,True,5,3,7536927.84,-248718.62,2022
NAVA,2022-06-21,2022-06-22,82.3167,79.8472,1.3,2.44,17.26,-0.03,-0.033,stopped_out,True,1,1,8831030.73,-291424.01,2022
ASAHIINDIA,2022-06-21,2022-06-22,510.2566,493.8942,3.16,6.62,14.69,-0.032067,-0.035067,stopped_out_gap,False,1,1,7064824.58,-247742.2,2022
KSB,2022-06-22,2022-06-24,266.5629,279.8911,0.51,1.61,3.16,0.05,0.047,take_profit,False,2,2,8723197.48,409990.28,2022
ITI,2022-06-22,2022-06-23,104.2521,100.0499,6.43,8.06,16.16,-0.040308,-0.043308,stopped_out_gap,False,1,1,6978557.99,-302227.39,2022
ELECON,2022-06-22,2022-06-23,133.497,140.1718,3.47,2.02,3.91,0.05,0.047,take_profit,False,1,1,5582846.39,262393.78,2022
ACE,2022-06-22,2022-07-06,210.5888,216.0361,1.04,3.29,5.34,0.025867,0.022867,time_exit,False,14,10,4466277.11,102130.36,2022
HCG,2022-06-22,2022-06-24,282.191,296.3006,2.78,2.21,4.02,0.05,0.047,take_profit,False,2,2,3573021.69,167932.02,2022
HEROMOTOCO,2022-06-23,2022-07-06,2331.5009,2448.0759,1.89,2.47,3.95,0.05,0.047,take_profit,False,13,9,5362731.5,252048.38,2022
TVSMOTOR,2022-06-23,2022-06-28,762.4054,800.5256,3.94,1.51,3.49,0.05,0.047,take_profit,False,5,3,4290185.2,201638.7,2022
IMAGICAA,2022-06-24,2022-06-27,15.7579,17.2913,13.65,3.99,6.06,0.097315,0.094315,take_profit_gap,False,3,1,6006976.46,566547.98,2022
JUBLINGREA,2022-06-24,2022-07-01,475.4258,461.1631,3.04,1.63,5.1,-0.03,-0.033,stopped_out,True,7,5,4805581.17,-158584.18,2022
PRICOLLTD,2022-06-27,2022-06-29,127.73,123.8981,2.34,1.8,2.07,-0.03,-0.033,stopped_out,True,2,2,5159169.82,-170252.6,2022
KSB,2022-06-28,2022-07-11,289.4559,303.9287,1.09,2.55,5.2,0.05,0.047,take_profit,False,13,9,5025700.64,236207.93,2022
CUMMINSIND,2022-06-29,2022-07-05,967.5056,1015.8809,0.79,2.47,2.62,0.05,0.047,take_profit,False,6,4,5018343.95,235862.17,2022
JUBLFOOD,2022-07-01,2022-07-04,537.1821,521.0666,1.16,1.71,5.7,-0.03,-0.033,stopped_out,True,3,1,4944074.56,-163154.46,2022
GODREJCP,2022-07-04,2022-07-06,780.7489,819.7864,1.61,1.55,3.69,0.05,0.047,take_profit,False,2,2,4911443.67,230837.85,2022
INDHOTEL,2022-07-05,2022-07-13,234.5497,246.2771,1.74,1.84,1.83,0.05,0.047,take_profit,False,8,6,4979996.16,234059.82,2022
CCL,2022-07-06,2022-07-20,393.6598,402.8771,2.68,4.03,5.22,0.023415,0.020415,time_exit,False,14,10,7049090.7,143907.19,2022
CUMMINSIND,2022-07-06,2022-07-18,1044.8891,1097.1336,1.87,2.94,3.17,0.05,0.047,take_profit,False,12,8,5639272.56,265045.81,2022
BECTORFOOD,2022-07-06,2022-07-07,58.4994,61.4244,2.12,2.9,4.37,0.05,0.047,take_profit,False,1,1,4511418.05,212036.65,2022
PRAJIND,2022-07-07,2022-07-11,376.5334,363.4206,1.44,2.02,3.92,-0.034825,-0.037825,stopped_out_gap,False,4,2,4553825.38,-172248.44,2022
ATGL,2022-07-11,2022-07-13,2714.9794,2850.7283,4.46,1.77,6.54,0.05,0.047,take_profit,False,2,2,5571757.4,261872.6,2022
RELINFRA,2022-07-11,2022-07-21,101.4007,106.4707,4.14,1.91,6.68,0.05,0.047,take_profit,False,10,8,4457405.92,209498.08,2022
SHILPAMED,2022-07-13,2022-07-27,207.7311,205.5326,0.77,10.03,2.7,-0.010583,-0.013583,time_exit,False,14,10,4620369.55,-62758.48,2022
PATELENG,2022-07-13,2022-07-14,21.4446,20.8013,3.56,2.97,3.06,-0.03,-0.033,stopped_out,True,1,1,5775461.93,-190590.24,2022
BHARATFORG,2022-07-14,2022-07-20,645.0036,677.2538,0.7,2.03,3.57,0.05,0.047,take_profit,False,6,4,4813269.98,226223.69,2022
TORNTPOWER,2022-07-18,2022-07-22,474.0954,459.8726,1.81,1.55,3.37,-0.03,-0.033,stopped_out,True,4,4,5031479.66,-166038.83,2022
MCX,2022-07-20,2022-08-01,273.0789,264.8865,3.15,1.68,1.98,-0.03,-0.033,stopped_out,True,12,8,6471682.03,-213565.51,2022
ANGELONE,2022-07-20,2022-07-21,1249.8263,1312.3176,2.8,2.02,2.95,0.05,0.047,take_profit,False,1,1,5177345.63,243335.24,2022
ABCAPITAL,2022-07-21,2022-07-29,100.05,105.0525,3.95,2.24,3.47,0.05,0.047,take_profit,False,8,6,6159393.48,289491.49,2022
KARURVYSYA,2022-07-21,2022-07-25,41.5955,43.6753,5.8,4.58,8.04,0.05,0.047,take_profit,False,4,2,4927514.78,231593.19,2022
GRASIM,2022-07-22,2022-08-03,1487.2925,1561.6571,0.93,2.11,3.85,0.05,0.047,take_profit,False,12,8,4915099.99,231009.7,2022
KARURVYSYA,2022-07-25,2022-07-26,44.4891,46.7136,1.54,3.84,4.43,0.05,0.047,take_profit,False,1,1,4963901.59,233303.37,2022
DBL,2022-07-26,2022-08-02,233.9709,245.6694,4.06,2.64,6.31,0.05,0.047,take_profit,False,7,5,5010562.26,235496.43,2022
GRASIM,2022-07-27,2022-08-11,1512.2216,1592.0341,1.33,1.64,2.18,0.052778,0.049778,take_profit_gap,False,15,10,4919972.02,244906.37,2022
GMMPFAUDLR,2022-07-29,2022-08-01,1591.5344,1543.7884,9.1,11.43,10.23,-0.03,-0.033,stopped_out,True,3,1,5225754.61,-172449.9,2022
GUJGASLTD,2022-08-01,2022-08-04,450.9552,432.0234,1.43,2.82,4.77,-0.041981,-0.044981,stopped_out_gap,False,3,3,5154310.35,-231846.03,2022
AARTIIND,2022-08-01,2022-08-17,793.9578,822.2806,1.34,2.36,2.2,0.035673,0.032673,time_exit,False,16,10,6442887.94,210508.48,2022
MAHABANK,2022-08-02,2022-08-04,15.9985,15.5186,0.87,2.46,4.69,-0.03,-0.033,stopped_out,True,2,2,5172660.02,-170697.78,2022
ENGINERSIN,2022-08-03,2022-08-08,63.8025,61.8885,0.65,1.78,2.88,-0.03,-0.033,stopped_out,True,5,3,5167349.95,-170522.55,2022
JPPOWER,2022-08-04,2022-08-05,7.3037,7.6688,2.05,2.87,2.1,0.05,0.047,take_profit,False,1,1,6118765.27,287581.97,2022
APLAPOLLO,2022-08-04,2022-08-08,1038.9772,1007.8079,3.09,3.25,6.77,-0.03,-0.033,stopped_out,True,4,2,4895012.22,-161535.4,2022
BECTORFOOD,2022-08-05,2022-08-08,66.3295,69.646,1.28,3.72,3.14,0.05,0.047,take_profit,False,3,1,5197279.22,244272.12,2022
LEMONTREE,2022-08-08,2022-08-12,76.7383,74.4362,0.78,3.58,3.79,-0.03,-0.033,stopped_out,True,4,3,7192194.49,-237342.42,2022
HINDCOPPER,2022-08-08,2022-08-17,108.2819,113.6959,4.95,3.23,6.12,0.05,0.047,take_profit,False,9,5,5753755.59,270426.51,2022
IRCTC,2022-08-08,2022-08-18,635.2892,667.0536,1.06,1.75,2.41,0.05,0.047,take_profit,False,10,6,4603004.47,216341.21,2022
PRESTIGE,2022-08-11,2022-08-22,453.8681,440.252,0.55,3.48,2.97,-0.03,-0.033,stopped_out,True,11,6,4715379.26,-155607.52,2022
TORNTPOWER,2022-08-12,2022-08-22,531.2877,557.8521,2.48,1.72,4.36,0.05,0.047,take_profit,False,10,5,5163273.82,242673.87,2022
IMAGICAA,2022-08-17,2022-08-19,28.9645,31.7841,2.72,1.63,1.58,0.097348,0.094348,take_profit_gap,False,2,2,6666134.76,628936.48,2022
MAHABANK,2022-08-17,2022-08-22,16.0433,15.562,0.56,1.64,2.29,-0.03,-0.033,stopped_out,True,5,3,5332907.81,-175985.96,2022
PGIL,2022-08-18,2022-08-19,256.5809,269.4099,8.63,7.1,12.87,0.05,0.047,take_profit,False,1,1,5230195.38,245819.18,2022
LT,2022-08-19,2022-08-22,1882.7296,1826.2477,1.34,1.91,2.21,-0.03,-0.033,stopped_out,True,3,1,6738373.47,-222366.32,2022
TATACOMM,2022-08-19,2022-08-25,1084.2337,1138.4454,2.67,3.09,3.11,0.05,0.047,take_profit,False,6,4,5390698.78,253362.84,2022
TARC,2022-08-22,2022-08-24,39.3697,41.3382,1.4,2.96,4.65,0.05,0.047,take_profit,False,2,2,8640288.71,406093.57,2022
TARIL,2022-08-22,2022-08-23,20.0017,19.4017,0.87,3.4,5.82,-0.03,-0.033,stopped_out,True,1,1,6912230.97,-228103.62,2022
SUZLON,2022-08-22,2022-08-23,7.9006,8.2956,9.3,3.44,10.97,0.05,0.047,take_profit,False,1,1,5529784.77,259899.88,2022
ELGIEQUIP,2022-08-22,2022-08-25,461.1046,484.1598,4.68,4.67,10.17,0.05,0.047,take_profit,False,3,3,4423827.82,207919.91,2022
KIRLOSENG,2022-08-23,2022-08-24,182.7336,191.8703,2.66,1.79,3.73,0.05,0.047,take_profit,False,1,1,6033824.65,283589.76,2022
RBLBANK,2022-08-23,2022-08-24,102.3925,107.5121,4.08,2.0,5.58,0.05,0.047,take_profit,False,1,1,4827059.72,226871.81,2022
RHIM,2022-08-24,2022-08-29,557.0528,539.6385,0.51,2.37,3.46,-0.031261,-0.034261,stopped_out_gap,False,5,3,7945193.42,-272210.27,2022
HIKAL,2022-08-24,2022-08-29,330.2129,320.3065,2.51,2.38,4.85,-0.03,-0.033,stopped_out,True,5,3,6356154.74,-209753.11,2022
CGCL,2022-08-24,2022-09-08,670.2445,693.114,1.44,1.77,1.68,0.034121,0.031121,time_exit,False,15,10,5084923.79,158247.91,2022
ANANTRAJ,2022-08-25,2022-08-29,80.4839,77.6207,2.72,5.64,7.94,-0.035576,-0.038576,stopped_out_gap,False,4,2,4898480.72,-188963.79,2022
IDBI,2022-08-25,2022-08-26,40.7622,42.8003,6.39,3.92,6.03,0.05,0.047,take_profit,False,1,1,6123100.9,287785.74,2022
SURYAROSNI,2022-08-26,2022-08-29,108.9536,114.4013,15.09,9.46,18.6,0.05,0.047,take_profit,False,3,1,5200961.91,244445.21,2022
BRITANNIA,2022-08-29,2022-09-06,3553.5452,3446.9388,1.32,1.63,2.48,-0.03,-0.033,stopped_out,True,8,5,8955631.29,-295535.83,2022
TARC,2022-08-29,2022-09-07,43.3717,45.5403,0.92,2.46,8.51,0.05,0.047,take_profit,False,9,6,7164505.03,336731.74,2022
ESCORTS,2022-08-29,2022-09-01,1903.3556,1998.5234,4.38,3.8,9.79,0.05,0.047,take_profit,False,3,2,5731604.03,269385.39,2022
TEJASNET,2022-08-29,2022-08-30,607.6705,638.054,9.33,6.82,15.88,0.05,0.047,take_profit,False,1,1,4585283.22,215508.31,2022
HAVELLS,2022-08-30,2022-09-08,1363.4228,1322.5201,1.46,1.81,3.07,-0.03,-0.033,stopped_out,True,9,6,4628384.88,-152736.7,2022
MANINFRA,2022-09-01,2022-09-14,93.8388,89.8793,0.77,3.2,5.72,-0.042195,-0.045195,stopped_out_gap,False,13,9,4902905.79,-221586.83,2022
WOCKPHARMA,2022-09-06,2022-09-07,255.6278,268.4091,1.78,2.88,4.16,0.05,0.047,take_profit,False,1,1,5654343.72,265754.15,2022
WOCKPHARMA,2022-09-07,2022-09-08,278.139,269.7948,2.73,4.98,9.54,-0.03,-0.033,stopped_out,True,1,1,7207741.91,-237855.48,2022
GRSE,2022-09-07,2022-09-08,336.1173,326.0338,6.1,4.23,15.31,-0.03,-0.033,stopped_out,True,1,1,5766193.53,-190284.39,2022
KSB,2022-09-08,2022-09-15,403.911,391.7936,2.9,2.08,5.18,-0.03,-0.033,stopped_out,True,7,5,4641729.49,-153177.07,2022
WELENT,2022-09-08,2022-09-14,120.4801,126.5041,0.93,2.21,2.93,0.05,0.047,take_profit,False,6,4,5802161.86,272701.61,2022
JKIL,2022-09-08,2022-09-12,300.7501,291.7276,2.23,1.66,2.94,-0.03,-0.033,stopped_out,True,4,2,7252702.33,-239339.18,2022
RAILTEL,2022-09-08,2022-09-15,101.4952,106.5699,1.69,5.97,3.51,0.05,0.047,take_profit,False,7,5,9065877.91,426096.26,2022
BSOFT,2022-09-12,2022-09-14,323.7502,310.4627,0.78,2.31,1.82,-0.041042,-0.044042,stopped_out_gap,False,2,2,5116056.22,-225321.35,2022
SBIN,2022-09-14,2022-09-23,541.0135,524.7831,1.38,1.76,3.95,-0.03,-0.033,stopped_out,True,9,7,7222228.44,-238333.54,2022
STARCEMENT,2022-09-14,2022-09-15,102.5721,107.7007,1.06,2.73,4.39,0.05,0.047,take_profit,False,1,1,5777782.75,271555.79,2022
BANDHANBNK,2022-09-14,2022-09-16,299.6359,290.6468,1.34,2.0,5.34,-0.03,-0.033,stopped_out,True,2,2,4622226.2,-152533.46,2022
JKTYRE,2022-09-15,2022-09-16,182.0472,176.5858,9.93,8.1,17.4,-0.03,-0.033,stopped_out,True,1,1,7703753.99,-254223.88,2022
TARIL,2022-09-15,2022-09-16,23.952,23.2335,8.35,5.67,19.9,-0.03,-0.033,stopped_out,True,1,1,6163003.19,-203379.11,2022
PCBL,2022-09-15,2022-09-19,135.0339,130.9829,2.73,2.7,4.54,-0.03,-0.033,stopped_out,True,4,2,4930402.55,-162703.28,2022
TI,2022-09-16,2022-09-20,86.5608,91.8945,5.81,7.69,4.76,0.061618,0.058618,take_profit_gap,False,4,2,7520091.43,440812.72,2022
DBREALTY,2022-09-16,2022-09-20,108.8544,119.8401,4.73,8.82,2.16,0.100921,0.097921,take_profit_gap,False,4,2,6016073.14,589099.9,2022
DBREALTY,2022-09-16,2022-09-20,108.8544,119.8401,9.7,8.82,2.16,0.100921,0.097921,take_profit_gap,False,4,2,4812858.51,471279.92,2022
KTKBANK,2022-09-19,2022-09-22,82.9594,80.4706,3.59,4.3,4.51,-0.03,-0.033,stopped_out,True,3,3,4803826.66,-158526.28,2022
JUBLPHARMA,2022-09-20,2022-09-21,344.0037,333.6836,3.98,7.52,11.11,-0.03,-0.033,stopped_out,True,1,1,7813104.45,-257832.45,2022
SOLARINDS,2022-09-20,2022-09-23,3840.3015,3725.0925,1.45,3.78,5.43,-0.03,-0.033,stopped_out,True,3,3,6250483.56,-206265.96,2022
COCHINSHIP,2022-09-20,2022-09-22,196.9425,206.7897,2.8,2.51,3.35,0.05,0.047,take_profit,False,2,2,5000386.85,235018.18,2022
ARVINDFASN,2022-09-21,2022-09-23,322.6646,312.9846,5.35,8.97,9.21,-0.03,-0.033,stopped_out,True,2,2,5511363.88,-181875.01,2022
DBREALTY,2022-09-22,2022-09-23,132.1661,128.2011,4.73,1.61,2.4,-0.03,-0.033,stopped_out,True,1,1,6385232.19,-210712.66,2022
SCHNEIDER,2022-09-22,2022-09-23,166.7833,175.1225,7.95,1.82,8.95,0.05,0.047,take_profit,False,1,1,5108185.75,240084.73,2022
LALPATHLAB,2022-09-23,2022-09-27,1224.8655,1286.1088,0.98,2.09,3.04,0.05,0.047,take_profit,False,4,2,10062626.88,472943.46,2022
LALPATHLAB,2022-09-23,2022-09-27,1224.8655,1286.1088,1.39,2.09,3.04,0.05,0.047,take_profit,False,4,2,8050101.5,378354.77,2022
SCHNEIDER,2022-09-23,2022-09-26,177.7888,172.4552,0.73,6.36,5.71,-0.03,-0.033,stopped_out,True,3,1,6440081.2,-212522.68,2022
TARIL,2022-09-26,2022-09-27,27.4523,28.825,1.09,2.33,7.96,0.05,0.047,take_profit,False,1,1,6397576.67,300686.1,2022
ASTERDM,2022-09-27,2022-10-03,190.2271,184.5203,2.25,2.68,8.27,-0.03,-0.033,stopped_out,True,6,4,4198612.67,-138554.22,2022
LALPATHLAB,2022-09-27,2022-09-29,1290.251,1251.5435,0.9,1.82,3.08,-0.03,-0.033,stopped_out,True,2,2,5248265.84,-173192.77,2022
IGL,2022-09-27,2022-09-30,193.6356,187.8265,2.61,2.63,6.12,-0.03,-0.033,stopped_out,True,3,3,10250519.21,-338267.13,2022
HCC,2022-09-27,2022-09-28,14.6073,14.1691,5.14,4.53,12.31,-0.03,-0.033,stopped_out,True,1,1,8200415.37,-270613.71,2022
GUJGASLTD,2022-09-27,2022-09-30,498.5362,483.5801,1.19,1.76,4.18,-0.03,-0.033,stopped_out,True,3,3,6560332.29,-216490.97,2022
SUNPHARMA,2022-09-28,2022-10-03,886.1647,930.4729,1.66,1.92,2.67,0.05,0.047,take_profit,False,5,3,4944850.47,232407.97,2022
ZYDUSLIFE,2022-09-29,2022-10-03,374.2713,392.9849,1.89,5.84,3.26,0.05,0.047,take_profit,False,4,2,4970894.99,233632.06,2022
MAZDOCK,2022-09-30,2022-10-03,237.6081,249.4885,4.32,1.87,6.58,0.05,0.047,take_profit,False,3,1,7227934.67,339712.93,2022
PHOENIXLTD,2022-09-30,2022-10-10,695.8595,730.6525,1.42,2.29,7.04,0.05,0.047,take_profit,False,10,5,5782347.74,271770.34,2022
COCHINSHIP,2022-10-03,2022-10-06,230.4626,241.9858,6.51,5.2,10.57,0.05,0.047,take_profit,False,3,2,9027776.5,424305.5,2022
ZYDUSLIFE,2022-10-03,2022-10-18,400.1776,405.8326,4.28,5.21,5.29,0.014131,0.011131,time_exit,False,15,10,7222221.2,80390.54,2022
GOKEX,2022-10-03,2022-10-06,366.6036,384.9337,3.18,3.43,3.97,0.05,0.047,take_profit,False,3,2,5777776.96,271555.52,2022
RITES,2022-10-03,2022-10-06,149.3421,156.8092,1.96,6.41,2.18,0.05,0.047,take_profit,False,3,2,4622221.57,217244.41,2022
JUBLINGREA,2022-10-06,2022-10-14,529.5098,513.6245,2.98,1.54,4.44,-0.03,-0.033,stopped_out,True,8,6,4970210.14,-164016.93,2022
HINDZINC,2022-10-06,2022-10-17,214.2194,207.7929,1.83,2.14,2.84,-0.03,-0.033,stopped_out,True,11,7,6212762.67,-205021.17,2022
INDIACEM,2022-10-06,2022-10-07,278.3891,270.0375,1.67,1.73,6.41,-0.03,-0.033,stopped_out,True,1,1,7765953.34,-256276.46,2022
THANGAMAYL,2022-10-07,2022-10-10,645.44,626.0768,2.09,3.6,5.43,-0.03,-0.033,stopped_out,True,3,1,5478103.49,-180777.42,2022
GRAVITA,2022-10-10,2022-10-13,351.4895,340.9448,1.08,3.69,4.15,-0.03,-0.033,stopped_out,True,3,3,6652771.62,-219541.46,2022
ANGELONE,2022-10-10,2022-10-11,1508.445,1463.1917,1.21,2.47,6.81,-0.03,-0.033,stopped_out,True,1,1,5322217.3,-175633.17,2022
KIRLOSENG,2022-10-12,2022-10-14,276.3633,268.0724,1.46,3.31,9.72,-0.03,-0.033,stopped_out,True,2,2,5287090.66,-174473.99,2022
RITES,2022-10-13,2022-10-14,168.4528,176.8754,4.63,3.5,9.96,0.05,0.047,take_profit,False,1,1,5516318.56,259266.97,2022
RKFORGE,2022-10-14,2022-10-18,221.0266,232.0779,3.71,4.34,3.93,0.05,0.047,take_profit,False,4,2,7551933.93,354940.89,2022
COFORGE,2022-10-14,2022-10-21,716.2638,752.077,0.99,1.58,1.68,0.05,0.047,take_profit,False,7,5,6041547.14,283952.72,2022
COFORGE,2022-10-14,2022-10-21,716.2638,752.077,0.66,1.58,1.68,0.05,0.047,take_profit,False,7,5,4833237.72,227162.17,2022
PCJEWELLER,2022-10-17,2022-10-19,9.98,9.6806,0.85,1.81,2.31,-0.03,-0.033,stopped_out,True,2,2,5068138.47,-167248.57,2022
HAL,2022-10-18,2022-10-21,1182.3332,1146.8632,2.51,1.57,4.28,-0.03,-0.033,stopped_out,True,3,3,7096408.09,-234181.47,2022
WESTLIFE,2022-10-18,2022-10-27,752.7489,730.1665,1.39,2.07,3.41,-0.03,-0.033,stopped_out,True,9,6,5677126.47,-187345.17,2022
SUZLON,2022-10-19,2022-10-20,9.2546,8.977,2.16,3.37,17.83,-0.03,-0.033,stopped_out,True,1,1,5521879.16,-182222.01,2022
NESTLEIND,2022-10-20,2022-11-04,964.3682,986.7323,0.67,1.79,1.73,0.02319,0.02019,time_exit,False,15,10,5485434.76,110750.93,2022
BANKINDIA,2022-10-21,2022-10-25,46.4021,48.7222,1.98,2.41,2.33,0.05,0.047,take_profit,False,4,2,8037973.08,377784.73,2022
UNIONBANK,2022-10-21,2022-10-25,44.8292,47.0706,1.93,4.22,3.36,0.05,0.047,take_profit,False,4,2,6430378.46,302227.79,2022
CANBK,2022-10-21,2022-10-25,48.5832,51.0124,3.24,2.62,3.29,0.05,0.047,take_profit,False,4,2,5144302.77,241782.23,2022
BANKBARODA,2022-10-25,2022-11-04,135.5424,131.4761,1.25,1.83,2.81,-0.03,-0.033,stopped_out,True,10,7,8222332.03,-271336.96,2022
BDL,2022-10-25,2022-10-28,486.2107,471.6244,0.77,2.28,3.13,-0.03,-0.033,stopped_out,True,3,2,6577865.62,-217069.57,2022
JKLAKSHMI,2022-10-25,2022-10-28,550.4313,533.9184,1.89,2.55,4.67,-0.03,-0.033,stopped_out,True,3,2,5262292.5,-173655.65,2022
SJVN,2022-10-27,2022-10-31,33.7124,32.7011,6.21,5.91,9.35,-0.03,-0.033,stopped_out,True,4,2,5307790.26,-175157.08,2022
JINDWORLD,2022-10-28,2022-10-31,61.887,64.9813,12.16,8.13,16.92,0.05,0.047,take_profit,False,3,1,6536118.79,307197.58,2022
JUBLPHARMA,2022-10-28,2022-10-31,363.4221,381.5932,2.17,5.96,6.48,0.05,0.047,take_profit,False,3,1,5228895.03,245758.07,2022
M&M,2022-10-31,2022-11-10,1315.0104,1275.5601,1.28,1.73,2.3,-0.03,-0.033,stopped_out,True,10,7,4910871.4,-162058.76,2022
SHYAMMETL,2022-10-31,2022-11-01,300.9014,291.8743,0.56,2.64,4.23,-0.03,-0.033,stopped_out,True,1,1,6138589.24,-202573.45,2022
JUSTDIAL,2022-10-31,2022-11-10,629.6647,610.7747,2.3,3.66,4.64,-0.03,-0.033,stopped_out,True,10,7,7673236.56,-253216.81,2022
SUPREMEIND,2022-11-01,2022-11-03,2207.8942,2141.6573,2.16,4.74,4.78,-0.03,-0.033,stopped_out,True,2,2,5115900.28,-168824.71,2022
MIDHANI,2022-11-03,2022-11-07,246.8256,259.1669,3.12,2.37,6.21,0.05,0.047,take_profit,False,4,2,5082135.33,238860.36,2022
ASTRAMICRO,2022-11-04,2022-11-09,324.5632,340.7914,1.37,3.72,3.35,0.05,0.047,take_profit,False,5,2,6775144.42,318431.79,2022
SPARC,2022-11-04,2022-11-07,260.8804,253.054,0.73,1.55,5.61,-0.03,-0.033,stopped_out,True,3,1,5420115.54,-178863.81,2022
MANAPPURAM,2022-11-07,2022-11-14,100.1688,105.1773,1.12,1.72,2.2,0.05,0.047,take_profit,False,7,4,6448541.91,303081.47,2022
TRIDENT,2022-11-07,2022-11-10,36.0509,37.8534,5.62,2.91,3.75,0.05,0.047,take_profit,False,3,2,5158833.53,242465.18,2022
ADANIPORTS,2022-11-09,2022-11-23,877.2438,859.4456,0.82,2.87,3.64,-0.020289,-0.023289,time_exit,False,14,10,5545782.06,-129155.72,2022
ENDURANCE,2022-11-10,2022-11-18,1441.6316,1513.7132,1.09,3.52,4.62,0.05,0.047,take_profit,False,8,6,7950651.87,373680.64,2022
NIACL,2022-11-10,2022-11-14,99.1004,93.9641,2.05,8.77,3.23,-0.051829,-0.054829,stopped_out_gap,False,4,2,6360521.5,-348741.03,2022
ELECON,2022-11-10,2022-11-14,220.3579,213.7472,0.69,1.7,2.79,-0.03,-0.033,stopped_out,True,4,2,5088417.2,-167917.77,2022
JSL,2022-11-14,2022-11-21,166.1637,174.4719,1.33,1.8,3.05,0.05,0.047,take_profit,False,7,5,4868809.22,228834.03,2022
GODFRYPHLP,2022-11-14,2022-11-17,566.9032,595.2484,1.55,3.39,3.94,0.05,0.047,take_profit,False,3,3,6086011.53,286042.54,2022
AKZOINDIA,2022-11-14,2022-11-28,2070.8481,2031.156,1.17,2.52,2.85,-0.019167,-0.022167,time_exit,False,14,10,7607514.41,-168635.77,2022
AHLUCONT,2022-11-17,2022-11-18,438.9598,425.791,3.24,4.69,2.45,-0.03,-0.033,stopped_out,True,1,1,5169458.19,-170592.12,2022
IOB,2022-11-18,2022-11-21,21.3607,22.4287,3.51,2.79,4.91,0.05,0.047,take_profit,False,3,1,6800206.27,319609.69,2022
UCOBANK,2022-11-18,2022-11-21,15.4713,16.2448,3.17,2.07,4.3,0.05,0.047,take_profit,False,3,1,5440165.02,255687.76,2022
EASEMYTRIP,2022-11-21,2022-11-22,28.5919,30.0215,17.71,5.27,8.11,0.05,0.047,take_profit,False,1,1,7934794.41,372935.34,2022
NFL,2022-11-21,2022-11-23,48.4416,50.8637,2.15,1.84,3.74,0.05,0.047,take_profit,False,2,2,6347835.53,298348.27,2022
IOB,2022-11-21,2022-11-22,23.4617,24.6348,6.61,5.03,9.07,0.05,0.047,take_profit,False,1,1,5078268.42,238678.62,2022
UCOBANK,2022-11-22,2022-11-23,20.5793,19.9619,3.82,5.78,8.55,-0.03,-0.033,stopped_out,True,1,1,6787550.1,-223989.15,2022
BECTORFOOD,2022-11-22,2022-11-29,82.4156,86.5364,3.04,1.67,3.07,0.05,0.047,take_profit,False,7,5,5430040.08,255211.88,2022
RCF,2022-11-23,2022-11-24,108.5089,113.9343,7.52,10.81,11.51,0.05,0.047,take_profit,False,1,1,6455445.02,303405.92,2022
INDIGO,2022-11-23,2022-12-07,1891.1008,1985.6559,0.92,3.38,3.57,0.05,0.047,take_profit,False,14,10,5164356.02,242724.73,2022
NBCC,2022-11-23,2022-11-24,27.0755,26.2632,5.04,6.32,8.46,-0.03,-0.033,stopped_out,True,1,1,8069306.28,-266287.11,2022
WELSPUNLIV,2022-11-24,2022-12-08,79.2977,78.3804,2.18,6.44,4.55,-0.011568,-0.014568,time_exit,False,14,10,7043858.84,-102614.94,2022
PNBHOUSING,2022-11-24,2022-12-08,361.7288,350.877,3.29,1.7,3.96,-0.03,-0.033,stopped_out,True,14,10,5635087.07,-185957.87,2022
DBL,2022-11-28,2022-12-05,232.2272,243.8385,4.1,2.18,4.51,0.05,0.047,take_profit,False,7,5,5995845.38,281804.73,2022
CCL,2022-11-29,2022-12-05,526.1987,510.4127,3.71,4.23,3.68,-0.03,-0.033,stopped_out,True,6,4,5933726.7,-195812.98,2022
ABCAPITAL,2022-12-05,2022-12-09,158.7293,153.9674,2.05,2.42,4.03,-0.03,-0.033,stopped_out,True,4,4,7150094.13,-235953.11,2022
SOBHA,2022-12-05,2022-12-07,664.8491,644.9036,1.47,3.79,4.47,-0.03,-0.033,stopped_out,True,2,2,5720075.3,-188762.48,2022
UCOBANK,2022-12-07,2022-12-08,21.8563,22.9491,2.47,1.68,4.22,0.05,0.047,take_profit,False,1,1,6763738.96,317895.73,2022
HINDUNILVR,2022-12-07,2022-12-21,2563.7554,2522.2644,0.95,1.54,1.78,-0.016184,-0.019184,time_exit,False,14,10,5410991.16,-103804.45,2022
JKLAKSHMI,2022-12-08,2022-12-12,834.8297,809.7849,2.15,5.05,5.41,-0.03,-0.033,stopped_out,True,4,2,6578555.59,-217092.33,2022
IOB,2022-12-08,2022-12-09,25.6128,26.8934,1.56,2.64,5.35,0.05,0.047,take_profit,False,1,1,8223194.49,386490.14,2022
GODFRYPHLP,2022-12-08,2022-12-12,608.1187,638.5246,6.59,4.41,6.18,0.05,0.047,take_profit,False,4,2,5262844.47,247353.69,2022
NIACL,2022-12-09,2022-12-14,107.1487,112.5062,2.81,4.17,4.25,0.05,0.047,take_profit,False,5,3,5852032.57,275045.53,2022
VGUARD,2022-12-09,2022-12-19,257.272,270.1356,1.17,8.46,2.56,0.05,0.047,take_profit,False,10,6,7315040.71,343806.91,2022
FACT,2022-12-12,2022-12-13,177.0047,185.8549,4.54,3.41,12.56,0.05,0.047,take_profit,False,1,1,7055958.34,331630.04,2022
JAIBALAJI,2022-12-12,2022-12-13,9.5548,9.2681,1.39,13.25,7.18,-0.03,-0.033,stopped_out,True,1,1,5644766.67,-186277.3,2022
ORIENTCEM,2022-12-13,2022-12-16,131.2138,127.2774,0.64,1.6,1.94,-0.03,-0.033,stopped_out,True,3,3,7085028.89,-233805.95,2022
EQUITASBNK,2022-12-13,2022-12-14,60.7252,58.9034,2.74,2.51,7.72,-0.03,-0.033,stopped_out,True,1,1,5668023.11,-187044.76,2022
CUB,2022-12-14,2022-12-15,197.9614,192.0226,0.56,2.63,2.94,-0.03,-0.033,stopped_out,True,1,1,6856029.78,-226248.98,2022
PCBL,2022-12-14,2022-12-21,124.7096,120.9684,2.22,4.64,3.55,-0.03,-0.033,stopped_out,True,7,5,5484823.82,-180999.19,2022
JAIBALAJI,2022-12-15,2022-12-19,10.1551,9.8504,3.84,6.6,5.62,-0.03,-0.033,stopped_out,True,4,2,5713815.22,-188555.9,2022
FACT,2022-12-16,2022-12-19,267.8006,259.7665,12.46,6.56,17.73,-0.03,-0.033,stopped_out,True,3,1,5941296.76,-196062.79,2022
JKPAPER,2022-12-19,2022-12-20,402.8035,422.9437,1.65,3.27,2.82,0.05,0.047,take_profit,False,1,1,6831124.47,321062.85,2022
SCI,2022-12-19,2022-12-20,132.2053,138.8155,5.49,3.07,7.8,0.05,0.047,take_profit,False,1,1,8538905.59,401328.56,2022
NIACL,2022-12-19,2022-12-20,129.8875,125.9909,2.13,3.45,9.26,-0.03,-0.033,stopped_out,True,1,1,5464899.58,-180341.69,2022
JINDWORLD,2022-12-20,2022-12-21,82.8125,86.9531,4.67,3.77,7.62,0.05,0.047,take_profit,False,1,1,5534281.94,260111.25,2022
JAIBALAJI,2022-12-20,2022-12-21,11.7159,11.3644,5.81,8.25,19.37,-0.03,-0.033,stopped_out,True,1,1,8647315.53,-285361.41,2022
SUDARSCHEM,2022-12-20,2022-12-21,391.5485,379.8021,0.57,8.67,5.61,-0.03,-0.033,stopped_out,True,1,1,6917852.43,-228289.13,2022
LUPIN,2022-12-21,2022-12-28,740.6215,718.4029,2.51,1.81,3.28,-0.03,-0.033,stopped_out,True,7,5,10718809.94,-353720.73,2022
THYROCARE,2022-12-21,2022-12-22,216.0979,209.6149,0.68,15.71,13.45,-0.03,-0.033,stopped_out,True,1,1,8575047.95,-282976.58,2022
DIVISLAB,2022-12-21,2022-12-29,3455.2744,3351.6161,3.17,3.6,4.88,-0.03,-0.033,stopped_out,True,8,6,6860038.36,-226381.27,2022
IPCALAB,2022-12-21,2022-12-23,890.3123,863.6029,0.65,3.41,3.5,-0.03,-0.033,stopped_out,True,2,2,5488030.69,-181105.01,2022
APLLTD,2022-12-21,2022-12-23,578.6839,561.3233,0.75,1.68,3.15,-0.03,-0.033,stopped_out,True,2,2,4390424.55,-144884.01,2022
USHAMART,2022-12-23,2022-12-26,140.6836,147.7177,0.9,2.58,3.94,0.05,0.047,take_profit,False,3,1,7081247.16,332818.62,2022
YESBANK,2022-12-26,2022-12-27,19.6098,20.5903,3.57,1.83,11.36,0.05,0.047,take_profit,False,1,1,5718248.71,268757.69,2022
EASEMYTRIP,2022-12-26,2022-12-27,27.2696,26.4515,4.3,1.91,21.44,-0.03,-0.033,stopped_out,True,1,1,4574598.97,-150961.77,2022
USHAMART,2022-12-26,2022-12-27,164.9697,173.2182,12.59,6.39,15.81,0.05,0.047,take_profit,False,1,1,7147810.88,335947.11,2022
KITEX,2022-12-27,2022-12-29,65.9462,63.9678,9.2,11.13,11.67,-0.03,-0.033,stopped_out,True,2,2,4632678.07,-152878.38,2022
HINDALCO,2022-12-27,2022-12-29,462.121,448.2574,3.94,1.92,5.15,-0.03,-0.033,stopped_out,True,2,2,5790847.59,-191097.97,2022
JINDALSTEL,2022-12-27,2023-01-09,572.117,600.7229,5.47,3.69,7.64,0.05,0.047,take_profit,False,13,9,7238559.49,340212.3,2023
ATGL,2022-12-28,2022-12-29,3603.9197,3784.1157,3.7,2.77,8.12,0.05,0.047,take_profit,False,1,1,5779160.3,271620.53,2022
SHARDACROP,2022-12-29,2023-01-04,484.3424,469.8121,7.78,5.32,9.17,-0.03,-0.033,stopped_out,True,6,4,9176125.69,-302812.15,2023
SBIN,2022-12-29,2023-01-10,578.9105,561.5432,0.71,1.93,1.97,-0.03,-0.033,stopped_out,True,12,8,7340900.55,-242249.72,2023
HSCL,2022-12-29,2023-01-04,100.582,97.5645,3.07,1.71,6.77,-0.03,-0.033,stopped_out,True,6,4,5872720.44,-193799.77,2023
INOXGREEN,2022-12-29,2022-12-30,46.8234,49.1646,5.88,3.29,8.08,0.05,0.047,take_profit,False,1,1,4698176.35,220814.29,2022
NIACL,2022-12-30,2023-01-03,121.9362,128.033,7.32,2.98,7.75,0.05,0.047,take_profit,False,4,2,4742339.21,222889.94,2023
MANAPPURAM,2023-01-03,2023-01-06,115.1334,111.6794,0.75,1.73,2.39,-0.03,-0.033,stopped_out,True,3,3,4786917.2,-157968.27,2023
ANANDRATHI,2023-01-04,2023-01-05,350.8035,368.3437,2.07,6.81,1.66,0.05,0.047,take_profit,False,1,1,6739980.6,316779.09,2023
CARBORUNIV,2023-01-04,2023-01-06,919.6123,892.0239,1.17,5.26,5.48,-0.03,-0.033,stopped_out,True,2,2,5391984.48,-177935.49,2023
BALKRISIND,2023-01-05,2023-01-19,2133.8003,2170.5389,1.72,4.64,2.08,0.017217,0.014217,time_exit,False,14,10,5724939.52,81391.47,2023
PGEL,2023-01-06,2023-01-20,114.9593,114.4,1.8,1.51,2.87,-0.004866,-0.007866,time_exit,False,14,10,5238840.96,-41208.72,2023
PAYTM,2023-01-06,2023-01-10,551.6257,579.2069,3.23,2.1,2.1,0.05,0.047,take_profit,False,4,2,6548551.21,307781.91,2023
CGPOWER,2023-01-09,2023-01-12,286.0742,300.378,4.94,4.54,6.42,0.05,0.047,take_profit,False,3,3,5706827.13,268220.88,2023
SYNGENE,2023-01-10,2023-01-24,609.8415,591.5463,1.49,1.72,2.01,-0.03,-0.033,stopped_out,True,14,10,7356458.49,-242763.13,2023
HINDCOPPER,2023-01-10,2023-01-16,121.4023,127.4724,2.27,3.69,3.09,0.05,0.047,take_profit,False,6,4,5885166.79,276602.84,2023
PVRINOX,2023-01-12,2023-01-16,1754.2267,1701.5999,0.86,2.33,2.43,-0.03,-0.033,stopped_out,True,4,2,5903143.04,-194803.72,2023
HEG,2023-01-16,2023-01-23,211.6183,205.2697,1.23,3.69,4.15,-0.03,-0.033,stopped_out,True,7,5,7096536.22,-234185.7,2023
ADANIGREEN,2023-01-16,2023-01-19,2090.8449,2028.1196,1.35,5.3,8.55,-0.03,-0.033,stopped_out,True,3,3,5677228.97,-187348.56,2023
DATAMATICS,2023-01-19,2023-01-27,300.2528,291.2452,6.23,11.64,11.16,-0.03,-0.033,stopped_out,True,8,5,6801025.46,-224433.84,2023
SARDAEN,2023-01-19,2023-01-20,114.1021,110.6791,1.24,1.57,3.13,-0.03,-0.033,stopped_out,True,1,1,5440820.37,-179547.07,2023
GALLANTT,2023-01-20,2023-01-23,68.587,72.0163,7.7,11.5,9.11,0.05,0.047,take_profit,False,3,1,6444437.4,302888.56,2023
IMFA,2023-01-20,2023-01-23,278.4906,292.4152,7.96,6.11,8.75,0.05,0.047,take_profit,False,3,1,5155549.92,242310.85,2023
PERSISTENT,2023-01-23,2023-02-02,2238.214,2350.1247,3.91,2.79,6.08,0.05,0.047,take_profit,False,10,7,5072606.33,238412.5,2023
GAIL,2023-01-23,2023-01-27,88.8099,86.1456,2.35,2.78,2.25,-0.03,-0.033,stopped_out,True,4,3,7925947.39,-261556.26,2023
GAIL,2023-01-23,2023-01-27,88.8099,86.1456,1.72,2.78,2.25,-0.03,-0.033,stopped_out,True,4,3,6340757.91,-209245.01,2023
MARUTI,2023-01-24,2023-02-08,8449.8801,8573.3128,2.28,2.21,2.94,0.014608,0.011608,time_exit,False,15,10,5480824.14,63621.41,2023
BAJAJ-AUTO,2023-01-27,2023-01-30,3697.286,3586.3674,2.0,6.78,2.25,-0.03,-0.033,stopped_out,True,3,1,8459158.44,-279152.23,2023
BAJAJ-AUTO,2023-01-27,2023-01-30,3697.286,3586.3674,3.6,6.78,2.25,-0.03,-0.033,stopped_out,True,3,1,6767326.75,-223321.78,2023
CHENNPETRO,2023-01-27,2023-02-01,214.4798,208.0454,0.54,3.8,3.4,-0.03,-0.033,stopped_out,True,5,3,5413861.4,-178657.43,2023
JINDALSAW,2023-01-30,2023-02-01,59.8599,58.0641,2.06,1.89,5.25,-0.03,-0.033,stopped_out,True,2,2,7275891.36,-240104.41,2023
DATAPATTNS,2023-01-30,2023-01-31,1283.3761,1347.5449,8.0,9.68,2.55,0.05,0.047,take_profit,False,1,1,5820713.08,273573.51,2023
KPITTECH,2023-01-31,2023-02-01,750.4377,727.9246,1.25,3.01,7.56,-0.03,-0.033,stopped_out,True,1,1,5875427.79,-193889.12,2023
INDHOTEL,2023-02-01,2023-02-02,324.0743,314.3521,4.29,6.05,2.74,-0.03,-0.033,stopped_out,True,1,1,6632678.52,-218878.39,2023
INDHOTEL,2023-02-01,2023-02-02,324.0743,314.3521,2.54,6.05,2.74,-0.03,-0.033,stopped_out,True,1,1,8290848.15,-273597.99,2023
POLYCAB,2023-02-01,2023-02-13,2949.815,2861.3205,1.55,2.88,1.57,-0.03,-0.033,stopped_out,True,12,8,5306142.81,-175102.71,2023
BLUESTARCO,2023-02-02,2023-02-13,654.3446,687.0619,3.81,3.17,5.13,0.05,0.047,take_profit,False,11,7,5243729.97,246455.31,2023
CLEAN,2023-02-02,2023-02-13,1461.5852,1417.7376,3.1,4.7,7.64,-0.03,-0.033,stopped_out,True,11,7,8193328.07,-270379.83,2023
BBTC,2023-02-02,2023-02-03,933.1429,905.1486,1.68,9.1,4.75,-0.03,-0.033,stopped_out,True,1,1,6554662.46,-216303.86,2023
KTKBANK,2023-02-03,2023-02-09,141.3331,137.0931,3.75,5.11,3.97,-0.03,-0.033,stopped_out,True,6,4,5462655.69,-180267.64,2023
PGIL,2023-02-08,2023-02-09,207.5381,221.204,9.39,9.17,4.24,0.065847,0.062847,take_profit_gap,False,1,1,5479013.66,344339.57,2023
SONATSOFTW,2023-02-09,2023-02-16,312.5477,328.1751,0.55,2.25,1.63,0.05,0.047,take_profit,False,7,5,5283487.35,248323.91,2023
TRENT,2023-02-09,2023-02-13,1338.5212,1298.3656,1.24,4.71,4.02,-0.03,-0.033,stopped_out,True,4,2,6604359.19,-217943.85,2023
OIL,2023-02-13,2023-02-14,139.6708,146.6544,6.76,6.65,2.55,0.05,0.047,take_profit,False,1,1,5896260.91,277124.26,2023
BANCOINDIA,2023-02-13,2023-02-14,102.5085,99.4332,1.43,9.73,8.24,-0.03,-0.033,stopped_out,True,1,1,4717008.73,-155661.29,2023
VAIBHAVGBL,2023-02-13,2023-02-20,293.2455,307.9077,1.68,3.64,3.35,0.05,0.047,take_profit,False,7,5,9212907.67,433006.66,2023
DCAL,2023-02-13,2023-02-14,97.7488,102.6363,11.16,12.01,8.5,0.05,0.047,take_profit,False,1,1,7370326.14,346405.33,2023
POONAWALLA,2023-02-14,2023-02-22,309.838,300.5429,2.03,2.32,3.41,-0.03,-0.033,stopped_out,True,8,6,5971119.84,-197046.95,2023
FINCABLES,2023-02-14,2023-02-15,585.3781,614.647,6.72,4.57,3.97,0.05,0.047,take_profit,False,1,1,4776895.87,224514.11,2023
UPL,2023-02-14,2023-02-22,742.087,719.8244,2.99,2.85,3.41,-0.03,-0.033,stopped_out,True,8,6,7463899.8,-246308.69,2023
TORNTPOWER,2023-02-15,2023-02-28,462.6753,485.809,4.98,11.31,2.02,0.05,0.047,take_profit,False,13,9,4821798.69,226624.54,2023
HAL,2023-02-16,2023-02-20,1281.3271,1242.8873,4.73,3.19,6.87,-0.03,-0.033,stopped_out,True,4,2,4963801.2,-163805.44,2023
JBMA,2023-02-20,2023-02-22,289.775,281.0817,2.55,3.5,4.02,-0.03,-0.033,stopped_out,True,2,2,6860222.98,-226387.36,2023
JKCEMENT,2023-02-20,2023-02-22,2887.878,2801.2417,1.1,1.7,2.81,-0.03,-0.033,stopped_out,True,2,2,5488178.39,-181109.89,2023
GPPL,2023-02-22,2023-03-01,88.4979,92.9228,1.75,2.17,4.79,0.05,0.047,take_profit,False,7,5,9377056.33,440721.65,2023
VOLTAS,2023-02-22,2023-02-27,901.4874,874.4428,1.45,4.25,1.79,-0.03,-0.033,stopped_out,True,5,3,7501645.07,-247554.29,2023
CYIENT,2023-02-22,2023-02-28,918.0661,890.5241,1.03,1.92,2.34,-0.03,-0.033,stopped_out,True,6,4,6001316.05,-198043.43,2023
USHAMART,2023-02-23,2023-02-27,176.7463,171.4439,1.11,2.11,7.81,-0.03,-0.033,stopped_out,True,4,2,4801052.84,-158434.74,2023
TIINDIA,2023-02-27,2023-02-28,2652.6689,2785.3024,1.36,1.6,3.68,0.05,0.047,take_profit,False,1,1,6220184.05,292348.65,2023
OLECTRA,2023-02-27,2023-02-28,535.9869,519.9072,1.14,11.29,6.53,-0.03,-0.033,stopped_out,True,1,1,4976147.24,-164212.86,2023
EQUITASBNK,2023-02-28,2023-03-03,69.9171,73.4129,1.61,2.8,2.14,0.05,0.047,take_profit,False,3,3,4309068.99,202526.24,2023
BERGEPAINT,2023-02-28,2023-03-15,474.7815,483.7587,2.91,1.74,4.81,0.018908,0.015908,time_exit,False,15,10,5386336.24,85685.84,2023
PHOENIXLTD,2023-02-28,2023-03-08,687.9018,667.2647,0.9,1.99,4.52,-0.03,-0.033,stopped_out,True,8,5,6732920.3,-222186.37,2023
ABCAPITAL,2023-02-28,2023-03-02,145.9229,153.2191,1.92,1.57,3.04,0.05,0.047,take_profit,False,2,2,8416150.38,395559.07,2023
ICIL,2023-03-01,2023-03-13,129.9145,126.0171,1.99,3.83,2.9,-0.03,-0.033,stopped_out,True,12,7,5410810.79,-178556.76,2023
TEGA,2023-03-02,2023-03-09,663.9856,697.1849,1.88,2.11,4.13,0.05,0.047,take_profit,False,7,4,6090990.52,286276.55,2023
IMAGICAA,2023-03-03,2023-03-06,49.2746,47.7964,12.39,8.23,16.16,-0.03,-0.033,stopped_out,True,3,1,5775111.46,-190578.68,2023
GODREJIND,2023-03-06,2023-03-09,437.4186,424.2961,2.41,2.42,3.85,-0.03,-0.033,stopped_out,True,3,2,5736995.73,-189320.86,2023
NCC,2023-03-08,2023-03-16,94.7533,99.4909,4.76,5.81,4.6,0.05,0.047,take_profit,False,8,6,5891743.37,276911.94,2023
JBMA,2023-03-09,2023-03-10,311.9694,327.5679,3.36,2.87,4.76,0.05,0.047,take_profit,False,1,1,7098383.08,333624.0,2023
SWSOLAR,2023-03-09,2023-03-13,325.7128,315.9414,1.78,4.83,3.02,-0.03,-0.033,stopped_out,True,4,2,5678706.47,-187397.31,2023
KSB,2023-03-10,2023-03-13,410.3604,398.0496,1.82,6.03,6.05,-0.03,-0.033,stopped_out,True,3,1,6029366.59,-198969.1,2023
ZENTEC,2023-03-14,2023-03-15,292.9378,284.1497,1.99,2.51,12.0,-0.03,-0.033,stopped_out,True,1,1,8134285.41,-268431.42,2023
KPITTECH,2023-03-15,2023-03-16,834.9403,809.8921,1.01,4.21,7.25,-0.03,-0.033,stopped_out,True,1,1,4697601.81,-155020.86,2023
RKFORGE,2023-03-15,2023-03-20,279.4461,271.0627,4.05,6.03,2.98,-0.03,-0.033,stopped_out,True,5,3,5872002.27,-193776.07,2023
IEX,2023-03-15,2023-03-24,143.6796,139.3692,1.55,3.63,2.89,-0.03,-0.033,stopped_out,True,9,7,7340002.83,-242220.09,2023
PETRONET,2023-03-15,2023-03-20,211.3512,205.0106,2.07,1.73,2.47,-0.03,-0.033,stopped_out,True,5,3,9175003.54,-302775.12,2023
TITAN,2023-03-16,2023-03-31,2428.3801,2489.8599,0.88,2.42,1.53,0.025317,0.022317,time_exit,False,15,10,5900328.7,131677.64,2023
VARROC,2023-03-16,2023-03-21,276.4385,268.1454,2.17,1.85,2.61,-0.03,-0.033,stopped_out,True,5,3,4720262.96,-155768.68,2023
MARKSANS,2023-03-20,2023-04-05,70.0982,71.7579,1.45,2.93,3.43,0.023676,0.020676,time_exit,False,16,10,6686301.29,138245.97,2023
ROUTE,2023-03-20,2023-03-24,1307.839,1268.6038,0.99,2.46,5.04,-0.03,-0.033,stopped_out,True,4,4,5349041.04,-176518.35,2023
SCI,2023-03-21,2023-03-23,128.9084,125.0411,1.79,1.74,2.2,-0.03,-0.033,stopped_out,True,2,2,5192131.69,-171340.35,2023
COROMANDEL,2023-03-23,2023-03-28,876.2503,849.9628,0.7,3.4,2.66,-0.03,-0.033,stopped_out,True,5,3,5157863.62,-170209.5,2023
GESHIP,2023-03-24,2023-03-31,562.8089,590.9493,2.39,2.28,3.35,0.05,0.047,take_profit,False,7,4,6580351.98,309276.54,2023
CYIENT,2023-03-24,2023-03-29,943.8979,915.581,3.69,6.46,6.24,-0.03,-0.033,stopped_out,True,5,3,5264281.58,-173721.29,2023
NHPC,2023-03-29,2023-03-31,38.7154,37.5539,1.08,2.54,5.99,-0.03,-0.033,stopped_out,True,2,1,4981654.52,-164394.6,2023
JKCEMENT,2023-03-29,2023-04-05,2928.3206,2840.471,1.53,2.05,3.91,-0.03,-0.033,stopped_out,True,7,3,6227068.15,-205493.25,2023
SANSERA,2023-03-31,2023-04-06,742.8129,720.5285,1.09,2.96,3.1,-0.03,-0.033,stopped_out,True,6,3,7533102.57,-248592.38,2023
PGIL,2023-03-31,2023-04-18,196.9723,206.8209,0.89,4.82,2.44,0.05,0.047,take_profit,False,18,9,6026482.06,283244.66,2023
APOLLOTYRE,2023-03-31,2023-04-19,307.6149,322.9956,1.03,1.66,2.17,0.05,0.047,take_profit,False,19,10,4821185.64,226595.73,2023
ANANTRAJ,2023-04-05,2023-04-12,132.6144,139.2451,1.03,2.22,5.96,0.05,0.047,take_profit,False,7,4,6426172.95,302030.13,2023
IGL,2023-04-05,2023-04-10,209.3206,221.2498,3.38,2.04,4.87,0.05699,0.05399,take_profit_gap,False,5,2,5140938.36,277559.26,2023
AARTIDRUGS,2023-04-06,2023-04-10,384.3211,372.7915,3.06,2.26,7.77,-0.03,-0.033,stopped_out,True,4,1,5569652.72,-183798.54,2023
DLF,2023-04-10,2023-04-18,397.3322,417.1988,4.32,4.29,5.61,0.05,0.047,take_profit,False,8,5,6616592.54,310979.85,2023
DCMSHRIRAM,2023-04-10,2023-04-20,817.7657,793.2328,2.22,2.22,3.57,-0.03,-0.033,stopped_out,True,10,7,5293274.03,-174678.04,2023
KPIGREEN,2023-04-12,2023-04-17,98.5797,103.5087,0.73,1.53,1.6,0.05,0.047,take_profit,False,5,2,5580259.84,262272.21,2023
SONACOMS,2023-04-17,2023-04-28,451.4447,474.0169,2.72,1.59,3.45,0.05,0.047,take_profit,False,11,9,5632714.28,264737.57,2023
IDFCFIRSTB,2023-04-18,2023-04-27,56.3438,59.161,1.68,2.02,2.45,0.05,0.047,take_profit,False,9,7,5722905.0,268976.53,2023
IDFCFIRSTB,2023-04-18,2023-04-27,56.3438,59.161,1.63,2.02,2.45,0.05,0.047,take_profit,False,9,7,7153631.25,336220.67,2023
BIKAJI,2023-04-19,2023-04-21,372.9548,361.7662,1.83,9.7,3.55,-0.03,-0.033,stopped_out,True,2,2,5587880.27,-184400.05,2023
RVNL,2023-04-20,2023-04-24,76.0348,79.8365,1.17,1.91,2.94,0.05,0.047,take_profit,False,4,2,5494023.41,258219.1,2023
LUMAXTECH,2023-04-21,2023-04-24,312.2171,302.8506,3.86,6.24,9.28,-0.03,-0.033,stopped_out,True,3,1,5475914.78,-180705.19,2023
KFINTECH,2023-04-24,2023-05-02,305.9038,296.7266,2.67,2.69,3.27,-0.03,-0.033,stopped_out,True,8,5,6590222.24,-217477.33,2023
ACE,2023-04-24,2023-05-03,418.1675,439.0758,1.17,1.78,2.6,0.05,0.047,take_profit,False,9,6,5272177.79,247792.36,2023
CENTRALBK,2023-04-27,2023-05-02,28.423,30.3528,5.86,2.6,3.76,0.067897,0.064897,take_profit_gap,False,5,2,6914088.92,448703.63,2023
GESHIP,2023-04-27,2023-05-12,599.1307,609.3366,1.25,1.62,2.41,0.017034,0.014034,time_exit,False,15,10,5531271.14,77625.86,2023
TDPOWERSYS,2023-04-28,2023-05-03,172.9343,167.7463,1.75,1.77,2.2,-0.03,-0.033,stopped_out,True,5,2,5604507.28,-184948.74,2023
IRB,2023-05-02,2023-05-09,28.033,27.192,0.55,2.43,1.96,-0.03,-0.033,stopped_out,True,7,5,7230713.32,-238613.54,2023
DCBBANK,2023-05-02,2023-05-05,106.5101,103.3148,1.74,1.94,2.0,-0.03,-0.033,stopped_out,True,3,3,5784570.65,-190890.83,2023
ACE,2023-05-03,2023-05-16,437.7294,459.6159,2.71,2.09,5.57,0.05,0.047,take_profit,False,13,9,6815562.26,320331.43,2023
IFCI,2023-05-03,2023-05-05,12.5062,12.1311,2.4,5.01,9.17,-0.03,-0.033,stopped_out,True,2,2,5452449.81,-179930.84,2023
TVSMOTOR,2023-05-05,2023-05-19,1205.7704,1229.55,1.99,3.51,2.1,0.019721,0.016721,time_exit,False,14,10,5228159.68,87420.06,2023
HAPPSTMNDS,2023-05-05,2023-05-08,850.8188,825.2942,0.8,8.37,5.13,-0.03,-0.033,stopped_out,True,3,1,6535199.61,-215661.59,2023
ASTRAL,2023-05-08,2023-05-16,1533.9896,1637.0956,0.86,1.58,1.85,0.067214,0.064214,take_profit_gap,False,8,6,5446435.35,349737.4,2023
FSL,2023-05-09,2023-05-12,123.9151,130.1109,8.4,12.35,10.35,0.05,0.047,take_profit,False,3,3,5755568.24,270511.71,2023
ADVENZYMES,2023-05-12,2023-05-15,276.3113,268.022,0.52,4.74,5.02,-0.03,-0.033,stopped_out,True,3,1,6931449.98,-228737.85,2023
INTELLECT,2023-05-12,2023-05-22,524.6807,550.9147,11.11,13.56,9.78,0.05,0.047,take_profit,False,10,6,5545159.98,260622.52,2023
UJJIVANSFB,2023-05-15,2023-05-16,31.5405,33.1175,5.45,4.36,6.45,0.05,0.047,take_profit,False,1,1,5776670.41,271503.51,2023
HUDCO,2023-05-16,2023-05-19,53.3277,51.7279,3.16,4.58,6.35,-0.03,-0.033,stopped_out,True,3,3,8417384.4,-277773.69,2023
ASTRAL,2023-05-16,2023-05-22,1676.0001,1625.7201,3.69,9.16,2.27,-0.03,-0.033,stopped_out,True,6,4,6733907.52,-222218.95,2023
BDL,2023-05-16,2023-05-25,520.1126,504.5093,2.6,2.04,3.4,-0.03,-0.033,stopped_out,True,9,7,5387126.02,-177775.16,2023
ADANIENT,2023-05-19,2023-05-22,1954.3473,2052.0647,3.04,1.84,3.6,0.05,0.047,take_profit,False,3,1,5600591.12,263227.78,2023
ADANIPORTS,2023-05-19,2023-05-22,677.6285,711.5099,0.5,1.57,3.63,0.05,0.047,take_profit,False,3,1,7000738.9,329034.73,2023
CAMS,2023-05-22,2023-06-01,406.6571,426.9899,2.37,1.72,2.22,0.05,0.047,take_profit,False,10,8,6132918.8,288247.18,2023
BALKRISIND,2023-05-22,2023-05-23,2249.931,2362.4276,2.26,2.69,6.61,0.05,0.047,take_profit,False,1,1,4906335.04,230597.75,2023
ELGIEQUIP,2023-05-22,2023-05-23,551.8803,535.3239,9.64,10.84,14.95,-0.03,-0.033,stopped_out,True,1,1,9582685.62,-316228.63,2023
ELGIEQUIP,2023-05-22,2023-05-23,551.8803,535.3239,0.69,10.84,14.95,-0.03,-0.033,stopped_out,True,1,1,7666148.5,-252982.9,2023
BALKRISIND,2023-05-23,2023-05-29,2365.7152,2281.5292,2.85,4.35,4.74,-0.035586,-0.038586,stopped_out_gap,False,6,4,8288379.11,-319815.4,2023
VARROC,2023-05-23,2023-05-24,313.1406,303.7463,0.57,5.97,5.71,-0.03,-0.033,stopped_out,True,1,1,6630703.29,-218813.21,2023
BANDHANBNK,2023-05-23,2023-05-30,248.0757,260.4794,3.13,2.32,4.68,0.05,0.047,take_profit,False,7,5,5304562.63,249314.44,2023
AMBER,2023-05-24,2023-06-07,2131.5152,2132.7832,0.8,1.51,4.69,0.000595,-0.002405,time_exit,False,14,10,5526028.12,-13290.1,2023
SKYGOLD,2023-05-25,2023-05-26,40.8456,39.6203,7.74,9.29,18.89,-0.03,-0.033,stopped_out,True,1,1,5462692.67,-180268.86,2023
KTKBANK,2023-05-26,2023-05-29,133.6181,140.299,4.35,3.0,3.57,0.05,0.047,take_profit,False,3,1,5426638.89,255052.03,2023
AHLUCONT,2023-05-29,2023-06-08,579.6027,562.2146,6.69,8.61,3.31,-0.03,-0.033,stopped_out,True,10,8,7071362.04,-233354.95,2023
PRINCEPIPE,2023-05-29,2023-05-31,635.5678,616.5008,3.36,9.54,4.05,-0.03,-0.033,stopped_out,True,2,2,5657089.63,-186683.96,2023
MCX,2023-05-30,2023-06-08,285.034,299.2857,0.84,2.25,3.75,0.05,0.047,take_profit,False,9,7,5636447.12,264913.01,2023
ICIL,2023-05-31,2023-06-01,169.1285,177.5849,6.3,9.22,3.56,0.05,0.047,take_profit,False,1,1,5603238.83,263352.23,2023
REDINGTON,2023-06-01,2023-06-14,168.4707,176.8942,4.0,2.47,5.2,0.05,0.047,take_profit,False,13,9,5552113.98,260949.36,2023
WELSPUNLIV,2023-06-01,2023-06-05,95.0388,99.7908,1.74,1.62,3.88,0.05,0.047,take_profit,False,4,2,6940142.47,326186.7,2023
TATACHEM,2023-06-05,2023-06-19,954.3519,953.7111,0.94,5.51,1.63,-0.000671,-0.003671,time_exit,False,14,10,5894957.02,-21640.39,2023
ITI,2023-06-07,2023-06-09,113.6068,110.1986,1.06,4.34,4.65,-0.03,-0.033,stopped_out,True,2,2,5818513.22,-192010.94,2023
TTML,2023-06-08,2023-06-09,78.4392,82.3612,9.63,9.35,13.54,0.05,0.047,take_profit,False,1,1,7202684.02,338526.15,2023
PAYTM,2023-06-08,2023-06-09,772.386,811.0053,5.9,5.83,4.75,0.05,0.047,take_profit,False,1,1,5762147.22,270820.92,2023
BLUEDART,2023-06-09,2023-06-21,6507.8568,6906.7287,0.7,2.22,1.59,0.061291,0.058291,take_profit_gap,False,12,8,8449853.89,492550.43,2023
APOLLOTYRE,2023-06-09,2023-06-22,389.7353,409.2221,1.09,1.79,2.1,0.05,0.047,take_profit,False,13,9,6759883.11,317714.51,2023
HAL,2023-06-09,2023-06-19,1807.4172,1897.788,2.67,2.78,3.43,0.05,0.047,take_profit,False,10,6,5407906.49,254171.61,2023
BLS,2023-06-14,2023-06-22,191.9824,201.5815,1.99,2.11,4.26,0.05,0.047,take_profit,False,8,6,5488937.86,257980.08,2023
BORORENEW,2023-06-19,2023-06-22,549.0244,532.5536,1.37,3.32,3.54,-0.03,-0.033,stopped_out,True,3,3,6698229.23,-221041.56,2023
ABREL,2023-06-19,2023-06-30,807.1029,847.4581,1.74,2.61,3.64,0.05,0.047,take_profit,False,11,8,5358583.39,251853.42,2023
GMDCLTD,2023-06-21,2023-06-22,156.8986,152.1916,1.96,4.81,3.58,-0.03,-0.033,stopped_out,True,1,1,6075347.57,-200486.47,2023
HCC,2023-06-22,2023-06-23,21.0105,20.3802,2.38,6.17,14.44,-0.03,-0.033,stopped_out,True,1,1,5066542.55,-167195.9,2023
KEI,2023-06-22,2023-07-03,2347.1974,2276.7815,2.55,4.3,4.95,-0.03,-0.033,stopped_out,True,11,6,6333178.19,-208994.88,2023
BSE,2023-06-22,2023-07-03,196.5961,206.426,2.24,6.08,2.94,0.05,0.047,take_profit,False,11,6,9895590.92,465092.77,2023
SEQUENT,2023-06-22,2023-06-23,89.3447,86.6643,5.04,10.97,10.32,-0.03,-0.033,stopped_out,True,1,1,7916472.74,-261243.6,2023
NATCOPHARM,2023-06-23,2023-07-03,659.9779,692.9768,6.87,5.28,7.34,0.05,0.047,take_profit,False,10,5,6564149.2,308515.01,2023
INDUSINDBK,2023-06-23,2023-06-30,1294.9777,1359.7266,1.29,1.52,2.83,0.05,0.047,take_profit,False,7,4,5251319.36,246812.01,2023
KFINTECH,2023-06-30,2023-07-03,366.3829,355.3914,1.92,5.88,6.84,-0.03,-0.033,stopped_out,True,3,1,6422769.12,-211951.38,2023
NLCINDIA,2023-06-30,2023-07-12,102.8381,107.98,4.66,2.56,5.29,0.05,0.047,take_profit,False,12,8,5138215.3,241496.12,2023
CAMS,2023-07-03,2023-07-12,436.7068,423.6056,2.18,6.46,2.44,-0.03,-0.033,stopped_out,True,9,7,10024242.03,-330799.99,2023
LTF,2023-07-03,2023-07-04,131.3571,127.4164,1.75,3.66,5.61,-0.03,-0.033,stopped_out,True,1,1,8019393.62,-264639.99,2023
CANBK,2023-07-03,2023-07-07,59.9024,62.8975,4.51,3.49,5.12,0.05,0.047,take_profit,False,4,4,6415514.9,301529.2,2023
JYOTHYLAB,2023-07-03,2023-07-04,219.3528,230.3205,1.57,2.56,3.57,0.05,0.047,take_profit,False,1,1,5132411.92,241223.36,2023
DBL,2023-07-04,2023-07-07,254.7924,247.1486,3.19,4.16,4.71,-0.03,-0.033,stopped_out,True,3,3,5385285.86,-177714.43,2023
AVALON,2023-07-04,2023-07-07,600.9503,630.9979,1.15,1.92,4.56,0.05,0.047,take_profit,False,3,3,6731607.32,316385.54,2023
SOUTHBANK,2023-07-07,2023-07-12,20.8935,21.9381,1.84,3.03,6.11,0.05,0.047,take_profit,False,5,3,8102750.36,380829.27,2023
ZEEL,2023-07-07,2023-07-10,200.3959,194.3841,0.65,2.94,7.88,-0.03,-0.033,stopped_out,True,3,1,6482200.29,-213912.61,2023
PCJEWELLER,2023-07-07,2023-07-10,2.9715,3.1684,10.1,4.88,8.99,0.066273,0.063273,take_profit_gap,False,3,1,5185760.23,328118.61,2023
ASHOKA,2023-07-10,2023-07-12,86.6933,91.028,3.0,5.57,5.16,0.05,0.047,take_profit,False,2,2,6505041.49,305736.95,2023
IONEXCHANG,2023-07-10,2023-07-21,509.5805,535.0596,0.55,1.84,4.81,0.05,0.047,take_profit,False,11,9,5204033.19,244589.56,2023
NLCINDIA,2023-07-12,2023-07-25,109.5707,115.0492,2.08,1.94,4.1,0.05,0.047,take_profit,False,13,9,10236728.86,481126.26,2023
RBLBANK,2023-07-12,2023-07-14,193.9654,203.6637,0.61,1.76,2.71,0.05,0.047,take_profit,False,2,2,8189383.09,384901.01,2023
BRIGADE,2023-07-12,2023-07-25,576.7969,559.493,1.95,1.87,3.73,-0.03,-0.033,stopped_out,True,13,9,6551506.47,-216199.71,2023
NCC,2023-07-12,2023-07-13,131.6557,127.706,1.14,4.02,6.6,-0.03,-0.033,stopped_out,True,1,1,5241205.18,-172959.77,2023
NAUKRI,2023-07-13,2023-07-27,914.9245,903.1913,0.52,1.95,3.41,-0.012824,-0.015824,time_exit,False,14,10,5206613.22,-82389.45,2023
PERSISTENT,2023-07-14,2023-07-21,2425.4055,2352.6433,0.69,2.33,2.18,-0.03,-0.033,stopped_out,True,7,5,5880147.4,-194044.86,2023
RAILTEL,2023-07-21,2023-07-24,151.3797,158.9487,6.89,4.17,7.37,0.05,0.047,take_profit,False,3,1,5544850.38,260607.97,2023
TRIVENI,2023-07-21,2023-07-24,293.2476,307.91,7.4,5.58,6.78,0.05,0.047,take_profit,False,3,1,6931062.97,325759.96,2023
SJVN,2023-07-24,2023-07-25,55.0233,57.7744,14.71,4.91,7.53,0.05,0.047,take_profit,False,1,1,7048336.56,331271.82,2023
HUDCO,2023-07-24,2023-08-02,56.9679,59.8162,0.8,3.83,3.22,0.05,0.047,take_profit,False,9,7,5638669.25,265017.45,2023
JYOTHYLAB,2023-07-25,2023-07-26,285.95,300.4924,18.03,10.66,19.05,0.050857,0.047857,take_profit_gap,False,1,1,9397489.45,449735.65,2023
HINDALCO,2023-07-25,2023-08-08,441.0263,445.7313,1.97,1.57,3.06,0.010668,0.007668,time_exit,False,14,10,7517991.56,57647.96,2023
HEG,2023-07-25,2023-07-31,323.2067,339.367,2.71,5.61,3.92,0.05,0.047,take_profit,False,6,4,6014393.25,282676.48,2023
IRCON,2023-07-26,2023-07-28,92.4494,89.6759,0.62,1.84,5.39,-0.03,-0.033,stopped_out,True,2,2,6780959.62,-223771.67,2023
SPARC,2023-07-27,2023-07-31,234.117,245.8228,1.73,1.67,2.01,0.05,0.047,take_profit,False,4,2,6449612.45,303131.79,2023
MAHLIFE,2023-07-28,2023-08-02,504.7884,489.6448,3.86,3.16,5.01,-0.03,-0.033,stopped_out,True,5,3,6471127.55,-213547.21,2023
LAURUSLABS,2023-07-31,2023-08-03,350.4005,367.9206,0.91,2.73,3.83,0.05,0.047,take_profit,False,3,3,6229491.86,292786.12,2023
EMAMILTD,2023-07-31,2023-08-02,438.1014,424.9583,1.56,3.75,2.35,-0.03,-0.033,stopped_out,True,2,2,7786864.83,-256966.54,2023
SAMMAANCAP,2023-08-02,2023-08-03,130.3919,136.9114,2.82,3.46,5.34,0.05,0.047,take_profit,False,1,1,8921826.56,419325.85,2023
STARCEMENT,2023-08-02,2023-08-03,157.5055,165.3808,8.51,10.91,9.07,0.05,0.047,take_profit,False,1,1,7137461.25,335460.68,2023
SUPRIYA,2023-08-02,2023-08-10,274.1474,265.9229,3.29,3.91,6.91,-0.03,-0.033,stopped_out,True,8,6,5709969.0,-188428.98,2023
FDC,2023-08-03,2023-08-08,364.6438,382.876,4.71,12.29,8.1,0.05,0.047,take_profit,False,5,3,9235245.66,434056.55,2023
AUROPHARMA,2023-08-03,2023-08-09,833.9279,875.6243,1.43,1.85,2.62,0.05,0.047,take_profit,False,6,4,7388196.53,347245.24,2023
VAIBHAVGBL,2023-08-03,2023-08-04,347.1773,364.5362,2.78,2.91,2.04,0.05,0.047,take_profit,False,1,1,5910557.22,277796.19,2023
GRAPHITE,2023-08-04,2023-08-07,426.7263,448.0626,5.34,2.03,5.33,0.05,0.047,take_profit,False,3,1,5966116.46,280407.47,2023
SEQUENT,2023-08-07,2023-08-11,99.2996,95.952,6.6,2.72,6.78,-0.033712,-0.036712,stopped_out_gap,False,4,4,6022197.96,-221086.93,2023
VIPIND,2023-08-08,2023-08-10,656.9157,689.7615,2.2,4.48,5.1,0.05,0.047,take_profit,False,2,2,8266746.71,388537.1,2023
NLCINDIA,2023-08-08,2023-08-09,117.6309,123.5124,2.04,1.51,3.38,0.05,0.047,take_profit,False,1,1,6613397.37,310829.68,2023
JBCHEPHARM,2023-08-09,2023-08-16,1321.7156,1282.0641,4.42,4.1,6.31,-0.03,-0.033,stopped_out,True,7,4,6578121.32,-217078.0,2023
JSWENERGY,2023-08-09,2023-08-10,312.1411,327.7481,6.35,4.37,8.05,0.05,0.047,take_profit,False,1,1,8222651.66,386464.63,2023
SOLARINDS,2023-08-10,2023-08-17,4104.0036,4309.2038,1.02,2.03,3.46,0.05,0.047,take_profit,False,7,4,6284598.45,295376.13,2023
SOLARINDS,2023-08-10,2023-08-17,4104.0036,4309.2038,1.7,2.03,3.46,0.05,0.047,take_profit,False,7,4,7855748.06,369220.16,2023
BANCOINDIA,2023-08-10,2023-08-16,195.8642,205.6574,3.34,3.35,6.39,0.05,0.047,take_profit,False,6,3,9819685.08,461525.2,2023
ELECON,2023-08-11,2023-08-17,415.3289,402.869,3.04,1.86,5.82,-0.03,-0.033,stopped_out,True,6,3,6187900.97,-204200.73,2023
JSWENERGY,2023-08-16,2023-08-17,365.5303,354.5644,2.2,2.32,2.51,-0.03,-0.033,stopped_out,True,1,1,8278771.49,-273199.46,2023
MIDHANI,2023-08-16,2023-08-23,380.8703,399.9138,6.16,3.58,10.88,0.05,0.047,take_profit,False,7,5,6623017.19,311281.81,2023
HEMIPROP,2023-08-17,2023-08-18,114.7073,120.4427,2.62,1.97,5.43,0.05,0.047,take_profit,False,1,1,11057256.77,519691.07,2023
MINDACORP,2023-08-17,2023-08-24,305.9747,321.2735,2.32,2.21,3.32,0.05,0.047,take_profit,False,7,5,8845805.42,415752.85,2023
JKPAPER,2023-08-17,2023-08-23,355.755,345.0823,4.25,3.81,4.69,-0.03,-0.033,stopped_out,True,6,4,7076644.33,-233529.26,2023
PRICOLLTD,2023-08-17,2023-08-18,314.0901,304.6674,1.37,2.83,5.37,-0.03,-0.033,stopped_out,True,1,1,5661315.47,-186823.41,2023
ADANIENT,2023-08-18,2023-08-22,2576.4035,2705.2237,3.62,2.89,4.03,0.05,0.047,take_profit,False,4,2,7939340.35,373149.0,2023
TDPOWERSYS,2023-08-18,2023-08-25,252.6212,265.2522,1.28,2.48,2.46,0.05,0.047,take_profit,False,7,5,6351472.28,298519.2,2023
ARVIND,2023-08-22,2023-08-24,162.9859,171.1352,2.13,1.61,2.05,0.05,0.047,take_profit,False,2,2,6743675.69,316952.76,2023
GMDCLTD,2023-08-23,2023-08-24,202.9399,196.8517,7.44,7.61,12.78,-0.03,-0.033,stopped_out,True,1,1,6520338.7,-215171.18,2023
IMFA,2023-08-23,2023-08-25,352.6753,342.095,2.56,3.56,6.01,-0.03,-0.033,stopped_out,True,2,2,8150423.37,-268963.97,2023
ESCORTS,2023-08-24,2023-08-30,2936.0647,3082.8679,0.54,1.58,2.96,0.05,0.047,take_profit,False,6,4,9741741.81,457861.86,2023
RALLIS,2023-08-24,2023-09-07,225.6142,232.9016,2.24,5.38,5.57,0.0323,0.0293,time_exit,False,14,10,7793393.44,228346.43,2023
MAPMYINDIA,2023-08-24,2023-09-07,1732.396,1734.7483,2.52,2.61,3.94,0.001358,-0.001642,time_exit,False,14,10,6234714.76,-10237.4,2023
CHENNPETRO,2023-08-25,2023-08-29,363.8054,381.9956,0.89,1.74,1.89,0.05,0.047,take_profit,False,4,2,7894061.98,371020.91,2023
KFINTECH,2023-08-25,2023-08-29,422.8103,410.126,5.82,12.26,4.87,-0.03,-0.033,stopped_out,True,4,2,6315249.58,-208403.24,2023
SHAREINDIA,2023-08-29,2023-09-12,267.7386,259.7065,2.76,2.8,1.88,-0.03,-0.033,stopped_out,True,14,10,7926585.52,-261577.32,2023
VTL,2023-08-29,2023-09-06,386.1965,406.3489,3.27,2.89,4.83,0.052182,0.049182,take_profit_gap,False,8,6,6341268.41,311876.26,2023
AARTIDRUGS,2023-08-30,2023-09-05,577.5468,606.4241,2.54,1.99,4.71,0.05,0.047,take_profit,False,6,4,7112935.46,334307.97,2023
UCOBANK,2023-09-05,2023-09-08,33.7912,35.4808,1.31,2.32,2.99,0.05,0.047,take_profit,False,3,3,7179797.06,337450.46,2023
CHOICEIN,2023-09-06,2023-09-21,202.5262,203.6981,1.18,1.93,2.88,0.005786,0.002786,time_exit,False,15,10,7074466.58,19709.46,2023
DEVYANI,2023-09-07,2023-09-12,224.6122,217.8739,1.45,4.49,5.18,-0.03,-0.033,stopped_out,True,5,3,6807053.37,-224632.76,2023
STAR,2023-09-07,2023-09-12,473.4224,459.2197,2.53,5.31,3.52,-0.03,-0.033,stopped_out,True,5,3,8508816.71,-280790.95,2023
TIINDIA,2023-09-08,2023-09-11,3304.831,3470.0726,2.14,1.91,2.42,0.05,0.047,take_profit,False,3,1,6949092.2,326607.33,2023
PRAJIND,2023-09-11,2023-09-12,579.486,562.1014,4.32,5.9,7.77,-0.03,-0.033,stopped_out,True,1,1,7014413.66,-231475.65,2023
JBCHEPHARM,2023-09-12,2023-09-21,1430.5697,1387.6526,1.87,4.63,2.29,-0.03,-0.033,stopped_out,True,9,6,11463209.45,-378285.91,2023
ITI,2023-09-12,2023-09-13,167.3336,158.8705,4.01,12.73,7.21,-0.050576,-0.053576,stopped_out_gap,False,1,1,9170567.56,-491322.33,2023
TCS,2023-09-12,2023-09-27,3327.9358,3332.5016,0.52,2.62,2.54,0.001372,-0.001628,time_exit,False,15,10,7336454.05,-11943.75,2023
TCS,2023-09-12,2023-09-27,3327.9358,3332.5016,1.66,2.62,2.54,0.001372,-0.001628,time_exit,False,15,10,5869163.24,-9555.0,2023
BLUEDART,2023-09-13,2023-09-26,6760.5866,6557.769,1.04,2.11,4.06,-0.03,-0.033,stopped_out,True,13,8,6431179.63,-212228.93,2023
GAEL,2023-09-21,2023-09-22,147.7458,155.1331,5.69,2.4,7.75,0.05,0.047,take_profit,False,1,1,8780763.62,412695.89,2023
DCAL,2023-09-21,2023-09-22,169.7348,164.6428,3.39,9.17,9.49,-0.03,-0.033,stopped_out,True,1,1,7024610.9,-231812.16,2023
GAEL,2023-09-22,2023-09-25,156.7808,164.6199,2.7,7.53,3.26,0.05,0.047,take_profit,False,3,1,8816940.37,414396.2,2023
IFCI,2023-09-22,2023-09-25,23.0615,22.3697,0.87,4.37,13.27,-0.03,-0.033,stopped_out,True,3,1,7053552.3,-232767.23,2023
STAR,2023-09-25,2023-09-26,532.7244,516.7427,2.48,4.44,3.45,-0.03,-0.033,stopped_out,True,1,1,7082612.93,-233726.23,2023
MANINFRA,2023-09-25,2023-09-27,149.6311,157.1127,3.75,1.77,4.08,0.05,0.047,take_profit,False,2,2,8853266.16,416103.51,2023
COCHINSHIP,2023-09-26,2023-09-28,531.0596,515.1278,5.67,2.96,10.36,-0.03,-0.033,stopped_out,True,2,2,8279657.83,-273228.71,2023
DIXON,2023-09-26,2023-09-28,5096.6076,5351.438,1.32,2.78,4.01,0.05,0.047,take_profit,False,2,2,6623726.26,311315.13,2023
POLYCAB,2023-09-27,2023-10-09,5308.9442,5146.8706,0.58,1.67,3.93,-0.030528,-0.033528,stopped_out_gap,False,12,7,9789678.65,-328228.35,2023
EQUITASBNK,2023-09-27,2023-10-03,88.4597,92.8826,0.69,1.51,1.76,0.05,0.047,take_profit,False,6,3,7831742.92,368091.92,2023
TRITURBINE,2023-09-27,2023-10-03,437.3325,424.2125,1.28,1.98,5.51,-0.03,-0.033,stopped_out,True,6,3,6265394.34,-206758.01,2023
SYRMA,2023-09-28,2023-10-03,594.43,624.1515,0.52,3.37,6.37,0.05,0.047,take_profit,False,5,2,8000609.57,376028.65,2023
IOB,2023-09-28,2023-10-03,46.3732,48.6918,1.19,1.99,2.21,0.05,0.047,take_profit,False,5,2,6400487.66,300822.92,2023
CARTRADE,2023-10-03,2023-10-06,585.0924,614.347,3.64,1.51,5.42,0.05,0.047,take_profit,False,3,3,8790139.3,413136.55,2023
SUZLON,2023-10-03,2023-10-05,26.9635,28.5857,3.34,1.55,3.85,0.060164,0.057164,take_profit_gap,False,2,2,7032111.44,401983.62,2023
STARCEMENT,2023-10-03,2023-10-04,159.7882,154.9945,1.12,2.25,5.23,-0.03,-0.033,stopped_out,True,1,1,10987674.12,-362593.25,2023
CHALET,2023-10-03,2023-10-05,566.5558,594.8836,0.84,5.09,1.77,0.05,0.047,take_profit,False,2,2,5625689.15,264407.39,2023
MPHASIS,2023-10-04,2023-10-13,2330.5822,2260.6647,1.44,1.79,2.55,-0.03,-0.033,stopped_out,True,9,7,6625567.49,-218643.73,2023
MFSL,2023-10-05,2023-10-19,912.356,938.4306,1.68,1.86,2.61,0.028579,0.025579,time_exit,False,14,10,7965292.31,203744.21,2023
PRESTIGE,2023-10-05,2023-10-10,670.2207,703.7318,5.1,6.53,5.22,0.05,0.047,take_profit,False,5,3,6372233.85,299494.99,2023
MCX,2023-10-06,2023-10-09,406.0363,426.3381,4.22,2.1,4.38,0.05,0.047,take_profit,False,3,1,6938442.25,326106.79,2023
KAYNES,2023-10-09,2023-10-10,2632.4655,2764.0888,0.63,2.58,2.94,0.05,0.047,take_profit,False,1,1,8895953.67,418109.82,2023
LTTS,2023-10-09,2023-10-17,4621.7189,4483.0673,0.96,2.37,3.17,-0.03,-0.033,stopped_out,True,8,6,7116762.93,-234853.18,2023
CARTRADE,2023-10-10,2023-10-13,628.8142,660.255,1.06,2.28,2.2,0.05,0.047,take_profit,False,3,3,8890568.81,417856.73,2023
PRESTIGE,2023-10-10,2023-10-25,726.3304,762.6469,1.7,8.92,8.5,0.05,0.047,take_profit,False,15,10,7112455.05,334285.39,2023
TEXRAIL,2023-10-13,2023-10-16,132.4309,147.7755,6.45,1.95,6.47,0.115869,0.112869,take_profit_gap,False,3,1,8833033.9,996975.7,2023
NFL,2023-10-13,2023-10-16,71.3867,74.956,0.76,1.96,2.98,0.05,0.047,take_profit,False,3,1,7066427.12,332122.07,2023
NAVA,2023-10-16,2023-10-18,222.1609,215.496,0.66,1.96,4.12,-0.03,-0.033,stopped_out,True,2,2,9098853.46,-300262.16,2023
BEML,2023-10-16,2023-10-18,1192.5628,1156.7859,1.76,2.54,5.05,-0.03,-0.033,stopped_out,True,2,2,7279082.77,-240209.73,2023
SARDAEN,2023-10-17,2023-10-19,227.5348,220.7088,1.42,2.33,5.39,-0.03,-0.033,stopped_out,True,2,2,7199648.17,-237588.39,2023
PRICOLLTD,2023-10-18,2023-10-20,350.6841,340.1636,0.84,11.46,4.05,-0.03,-0.033,stopped_out,True,2,2,8927211.4,-294597.98,2023
RTNPOWER,2023-10-18,2023-10-20,7.2536,7.946,1.44,1.82,3.57,0.095456,0.092456,take_profit_gap,False,2,2,7141769.12,660299.41,2023
NESTLEIND,2023-10-19,2023-11-03,1172.8271,1171.953,2.3,4.11,3.76,-0.000745,-0.003745,time_exit,False,15,10,8739634.56,-32729.93,2023
MINDACORP,2023-10-19,2023-10-23,361.3761,350.5348,2.47,6.7,6.96,-0.03,-0.033,stopped_out,True,4,2,6991707.64,-230726.35,2023
ANGELONE,2023-10-20,2023-10-23,2274.1624,2205.9375,0.81,3.17,6.33,-0.03,-0.033,stopped_out,True,3,1,8880302.5,-293049.98,2023
PTC,2023-10-20,2023-10-23,133.7465,129.7341,2.24,6.77,1.62,-0.03,-0.033,stopped_out,True,3,1,7104242.0,-234439.99,2023
BSE,2023-10-23,2023-10-25,564.4332,592.6549,5.92,4.02,4.09,0.05,0.047,take_profit,False,2,1,10127000.77,475969.04,2023
BSE,2023-10-23,2023-10-25,564.4332,592.6549,5.34,4.02,4.09,0.05,0.047,take_profit,False,2,1,8101600.62,380775.23,2023
CREDITACC,2023-10-23,2023-10-26,1496.2888,1451.4001,2.32,11.47,5.78,-0.03,-0.033,stopped_out,True,3,2,6481280.49,-213882.26,2023
SHAREINDIA,2023-10-25,2023-11-01,286.3314,300.6479,0.77,2.04,4.19,0.05,0.047,take_profit,False,7,5,10491441.61,493097.76,2023
SONATSOFTW,2023-10-26,2023-10-27,549.231,576.6926,1.97,6.66,4.82,0.05,0.047,take_profit,False,1,1,7717306.35,362713.4,2023
JSWENERGY,2023-10-26,2023-11-01,388.2767,374.0461,0.54,1.81,7.64,-0.036651,-0.039651,stopped_out_gap,False,6,4,6173845.08,-244799.13,2023
NUVAMA,2023-10-26,2023-10-30,437.5727,468.7259,2.77,1.68,8.18,0.071195,0.068195,take_profit_gap,False,4,2,9646632.94,657852.13,2023
PATANJALI,2023-10-27,2023-10-31,420.0,441.0,0.72,1.51,1.98,0.05,0.047,take_profit,False,4,2,6555080.01,308088.76,2023
DBREALTY,2023-10-30,2023-11-02,167.5837,175.9629,0.6,2.14,2.29,0.05,0.047,take_profit,False,3,3,7304961.02,343333.17,2023
THOMASCOOK,2023-10-31,2023-11-02,134.3915,141.1111,1.11,7.17,3.92,0.05,0.047,take_profit,False,2,2,7216602.57,339180.32,2023
SHAREINDIA,2023-11-01,2023-11-02,304.9142,320.1599,2.91,2.93,2.78,0.05,0.047,take_profit,False,1,1,9155999.12,430331.96,2023
KARURVYSYA,2023-11-01,2023-11-10,120.8173,126.8582,0.95,2.25,2.49,0.05,0.047,take_profit,False,9,7,7324799.3,344265.57,2023
SPARC,2023-11-02,2023-11-09,238.0189,249.9199,0.69,4.53,2.34,0.05,0.047,take_profit,False,7,5,10817921.07,508442.29,2023
LUPIN,2023-11-02,2023-11-09,1157.4795,1215.3534,2.8,2.67,2.58,0.05,0.047,take_profit,False,7,5,8654336.86,406753.83,2023
NLCINDIA,2023-11-02,2023-11-08,136.389,143.2084,2.47,2.08,4.04,0.05,0.047,take_profit,False,6,4,6923469.49,325403.07,2023
BLS,2023-11-03,2023-11-09,274.2822,266.0537,3.28,1.81,4.74,-0.03,-0.033,stopped_out,True,6,4,7280156.51,-240245.16,2023
GPPL,2023-11-08,2023-11-13,117.9391,123.8361,2.7,2.88,5.42,0.05,0.047,take_profit,False,5,3,7273899.72,341873.29,2023
GABRIEL,2023-11-09,2023-11-15,359.4895,377.464,1.66,2.83,4.46,0.05,0.047,take_profit,False,6,3,9043674.29,425052.69,2023
GABRIEL,2023-11-09,2023-11-15,359.4895,377.464,2.6,2.83,4.46,0.05,0.047,take_profit,False,6,3,7234939.43,340042.15,2023
ELGIEQUIP,2023-11-09,2023-11-13,531.2504,515.3128,1.02,4.9,1.85,-0.03,-0.033,stopped_out,True,4,2,11304592.86,-373051.56,2023
KPIGREEN,2023-11-10,2023-11-16,234.3354,246.0521,7.18,6.03,6.39,0.05,0.047,take_profit,False,6,3,7321764.52,344122.93,2023
BHEL,2023-11-13,2023-11-23,136.1675,142.9759,1.01,3.51,5.85,0.05,0.047,take_profit,False,10,7,9566874.47,449643.1,2023
EICHERMOT,2023-11-13,2023-11-15,3561.0795,3739.1334,2.94,2.24,1.54,0.05,0.047,take_profit,False,2,1,7653499.58,359714.48,2023
SANDUMA,2023-11-15,2023-11-17,87.4196,84.797,2.86,2.14,6.63,-0.03,-0.033,stopped_out,True,2,2,11134184.19,-367428.08,2023
GABRIEL,2023-11-15,2023-11-22,403.3009,391.2019,6.3,9.97,10.54,-0.03,-0.033,stopped_out,True,7,5,8907347.35,-293942.46,2023
WELSPUNLIV,2023-11-15,2023-11-16,166.7682,161.7652,1.13,1.52,5.5,-0.03,-0.033,stopped_out,True,1,1,7125877.88,-235153.97,2023
HCLTECH,2023-11-16,2023-12-01,1211.1881,1233.6497,1.78,2.06,2.12,0.018545,0.015545,time_exit,False,15,10,8612024.57,133873.92,2023
POWERINDIA,2023-11-16,2023-11-22,4576.351,4805.1685,2.82,1.88,4.1,0.05,0.047,take_profit,False,6,4,6889619.66,323812.12,2023
KEI,2023-11-17,2023-11-21,2715.3431,2851.1102,1.04,2.6,2.17,0.05,0.047,take_profit,False,4,2,7665046.95,360257.21,2023
MFSL,2023-11-21,2023-12-04,979.7396,1029.485,0.54,2.17,3.16,0.050774,0.047774,take_profit_gap,False,13,8,7737098.39,369632.14,2023
VTL,2023-11-22,2023-11-30,410.9999,398.6699,5.78,11.42,9.11,-0.03,-0.033,stopped_out,True,8,5,9355046.05,-308716.52,2023
ANANDRATHI,2023-11-22,2023-11-30,1204.0434,1264.2455,1.4,1.93,5.74,0.05,0.047,take_profit,False,8,5,7484036.84,351749.73,2023
AFFLE,2023-11-23,2023-11-29,1085.1423,1139.3994,1.95,3.93,3.2,0.05,0.047,take_profit,False,6,3,7990532.98,375555.05,2023
CYIENT,2023-11-29,2023-12-04,1872.1462,1965.7535,1.85,1.55,2.26,0.05,0.047,take_profit,False,5,3,8065643.99,379085.27,2023
GRANULES,2023-11-30,2023-12-05,397.4731,385.5489,0.88,3.13,3.11,-0.03,-0.033,stopped_out,True,5,3,9828938.41,-324354.97,2023
VAIBHAVGBL,2023-11-30,2023-12-01,407.5079,427.8833,0.98,1.76,1.8,0.05,0.047,take_profit,False,1,1,7863150.73,369568.08,2023
DIXON,2023-12-01,2023-12-11,5949.8499,6247.3424,1.98,5.41,7.62,0.05,0.047,take_profit,False,10,6,9686244.05,455253.47,2023
GAIL,2023-12-01,2023-12-04,122.6347,128.7664,2.79,3.49,1.53,0.05,0.047,take_profit,False,3,1,7748995.24,364202.78,2023
GREAVESCOT,2023-12-04,2023-12-07,136.5336,132.4376,2.58,4.38,4.42,-0.03,-0.033,stopped_out,True,3,3,11132127.75,-367360.22,2023
BPCL,2023-12-04,2023-12-18,196.6095,199.341,1.2,2.6,3.71,0.013893,0.010893,time_exit,False,14,10,8905702.2,97009.81,2023
AURIONPRO,2023-12-04,2023-12-08,962.1993,1023.1215,4.95,1.69,2.4,0.063316,0.060316,take_profit_gap,False,4,4,7124561.76,429725.07,2023
ABB,2023-12-05,2023-12-07,4786.7755,4643.1722,0.8,2.95,3.94,-0.03,-0.033,stopped_out,True,2,2,7600566.1,-250818.68,2023
HOMEFIRST,2023-12-07,2023-12-13,1018.885,988.3185,3.88,3.3,7.06,-0.03,-0.033,stopped_out,True,6,4,9703355.87,-320210.74,2023
IEX,2023-12-07,2023-12-08,150.9145,146.3871,0.73,4.42,6.3,-0.03,-0.033,stopped_out,True,1,1,7762684.7,-256168.59,2023
SCHNEIDER,2023-12-08,2023-12-11,371.5357,390.1125,6.15,9.16,7.95,0.05,0.047,take_profit,False,3,1,7377846.67,346758.79,2023
SWANCORP,2023-12-08,2023-12-14,465.3583,488.6262,1.05,3.76,1.59,0.05,0.047,take_profit,False,6,4,9222308.34,433448.49,2023
AFFLE,2023-12-11,2023-12-18,1188.0437,1247.4459,2.24,2.54,5.36,0.05,0.047,take_profit,False,7,5,9475497.94,445348.4,2023
TIINDIA,2023-12-11,2023-12-12,3886.2442,3769.6568,2.39,1.77,8.07,-0.03,-0.033,stopped_out,True,1,1,7580398.35,-250153.15,2023
NETWEB,2023-12-12,2023-12-13,1195.3934,1159.5316,3.8,3.26,5.98,-0.03,-0.033,stopped_out,True,1,1,7530367.72,-248502.13,2023
CDSL,2023-12-13,2023-12-15,961.1143,932.2809,1.13,2.45,4.25,-0.03,-0.033,stopped_out,True,2,2,9357296.32,-308790.78,2023
HUDCO,2023-12-13,2023-12-14,94.4278,99.1491,0.95,2.53,3.91,0.05,0.047,take_profit,False,1,1,7485837.05,351834.34,2023
SHRIRAMFIN,2023-12-14,2023-12-18,410.6439,398.3246,2.76,2.26,5.6,-0.03,-0.033,stopped_out,True,4,2,9487355.29,-313082.72,2023
ZENSARTECH,2023-12-14,2023-12-15,518.6437,544.5759,2.23,2.32,1.95,0.05,0.047,take_profit,False,1,1,7589884.23,356724.56,2023
HEG,2023-12-15,2023-12-20,358.7957,348.0318,1.59,4.73,3.89,-0.03,-0.033,stopped_out,True,5,3,9470930.25,-312540.7,2023
SAMMAANCAP,2023-12-15,2023-12-18,194.8669,204.6102,2.98,1.85,2.69,0.05,0.047,take_profit,False,3,1,7576744.2,356106.98,2023
TORNTPHARM,2023-12-18,2023-12-26,2088.2948,2192.7096,1.75,1.87,2.3,0.05,0.047,take_profit,False,8,5,6792976.27,319269.88,2023
RATEGAIN,2023-12-18,2023-12-20,717.7587,696.226,1.7,1.94,1.9,-0.03,-0.033,stopped_out,True,2,2,8491220.34,-280210.27,2023
WEBELSOLAR,2023-12-18,2023-12-19,26.7584,28.7856,4.82,1.53,9.25,0.07576,0.07276,take_profit_gap,False,1,1,13267531.78,965345.61,2023
AARTIDRUGS,2023-12-18,2023-12-19,488.3658,512.7841,2.6,2.1,4.0,0.05,0.047,take_profit,False,1,1,10614025.42,498859.19,2023
PCJEWELLER,2023-12-19,2023-12-20,4.1671,4.3754,17.65,5.68,16.5,0.05,0.047,take_profit,False,1,1,10503533.42,493666.07,2023
GESHIP,2023-12-19,2023-12-20,920.0776,892.4753,2.17,3.74,5.0,-0.03,-0.033,stopped_out,True,1,1,8402826.74,-277293.28,2023
GALLANTT,2023-12-20,2023-12-21,123.3271,119.6273,0.57,5.51,6.82,-0.03,-0.033,stopped_out,True,1,1,14020687.9,-462682.7,2023
OIL,2023-12-20,2023-12-21,224.2885,235.5029,4.41,7.36,3.03,0.05,0.047,take_profit,False,1,1,11216550.32,527177.87,2023
VOLTAS,2023-12-20,2023-12-27,920.0023,966.0024,1.41,5.56,2.21,0.05,0.047,take_profit,False,7,4,8973240.26,421742.29,2023
SONACOMS,2023-12-21,2023-12-27,563.424,591.5952,0.73,2.4,6.21,0.05,0.047,take_profit,False,6,3,12238938.88,575230.13,2023
GALLANTT,2023-12-21,2023-12-22,131.0973,137.6522,1.75,3.28,6.56,0.05,0.047,take_profit,False,1,1,9791151.11,460184.1,2023
VMART,2023-12-21,2024-01-05,509.2295,534.691,2.48,3.44,4.78,0.05,0.047,take_profit,False,15,10,7832920.89,368147.28,2024
GLAND,2023-12-22,2023-12-27,1832.1837,1923.7929,1.31,2.21,2.6,0.05,0.047,take_profit,False,5,2,8316603.75,390880.38,2023
SUPRIYA,2023-12-26,2024-01-08,316.3137,306.8243,2.37,4.63,5.68,-0.03,-0.033,stopped_out,True,13,9,8075732.23,-266499.16,2024
LICI,2023-12-27,2024-01-01,803.5747,843.7534,0.97,1.87,4.64,0.05,0.047,take_profit,False,5,3,8092104.27,380328.9,2024
HINDALCO,2023-12-27,2024-01-04,598.0633,580.1214,1.43,2.04,4.05,-0.03,-0.033,stopped_out,True,8,6,12643912.92,-417249.13,2024
BAJAJ-AUTO,2023-12-27,2024-01-03,6494.2953,6819.0101,2.85,2.14,3.7,0.05,0.047,take_profit,False,7,5,10115130.34,475411.13,2024
SPARC,2024-01-01,2024-01-02,307.6538,323.0364,5.56,5.21,6.79,0.05,0.047,take_profit,False,1,1,8168170.05,383903.99,2024
ALLCARGO,2024-01-02,2024-01-04,87.1368,84.5227,5.96,3.73,4.77,-0.03,-0.033,stopped_out,True,2,2,8244950.85,-272083.38,2024
RELINFRA,2024-01-03,2024-01-04,215.2576,226.0204,1.77,2.5,3.46,0.05,0.047,take_profit,False,1,1,8714068.97,409561.24,2024
NIACL,2024-01-04,2024-01-08,224.2509,217.5234,1.97,1.82,3.85,-0.03,-0.033,stopped_out,True,4,2,12835887.47,-423584.29,2024
UNOMINDA,2024-01-04,2024-01-09,681.5938,715.6735,0.53,1.77,2.41,0.05,0.047,take_profit,False,5,3,10268709.98,482629.37,2024
JWL,2024-01-04,2024-01-08,329.1212,350.5527,5.17,1.51,4.06,0.065117,0.062117,take_profit_gap,False,4,2,8214967.98,510289.17,2024
CREDITACC,2024-01-05,2024-01-15,1716.3546,1664.8639,5.16,4.29,8.27,-0.03,-0.033,stopped_out,True,10,6,8212188.02,-271002.2,2024
SUZLON,2024-01-08,2024-01-12,42.6213,44.7524,2.11,1.88,2.65,0.05,0.047,take_profit,False,4,4,9887287.28,464702.5,2024
GODREJIND,2024-01-08,2024-01-09,879.0393,852.6681,0.89,3.08,3.18,-0.03,-0.033,stopped_out,True,1,1,7909829.82,-261024.38,2024
NETWORK18,2024-01-08,2024-01-10,100.6003,105.6303,1.5,4.89,7.37,0.05,0.047,take_profit,False,2,2,12359109.1,580878.13,2024
GMDCLTD,2024-01-09,2024-01-11,458.1796,444.4342,2.26,3.2,2.99,-0.03,-0.033,stopped_out,True,2,2,8006314.25,-264208.37,2024
PURVA,2024-01-09,2024-01-10,215.5431,226.3203,2.83,2.12,7.21,0.05,0.047,take_profit,False,1,1,10007892.81,470370.96,2024
YESBANK,2024-01-10,2024-01-12,25.5127,24.7474,0.59,1.85,5.59,-0.03,-0.033,stopped_out,True,2,2,11088701.6,-365927.15,2024
TRENT,2024-01-10,2024-01-25,3170.2633,3225.1754,0.93,1.74,1.51,0.017321,0.014321,time_exit,False,15,10,8870961.28,127041.04,2024
JKLAKSHMI,2024-01-11,2024-01-17,861.0413,835.2101,1.72,4.28,3.67,-0.03,-0.033,stopped_out,True,6,4,8645190.2,-285291.28,2024
IFCI,2024-01-12,2024-01-15,30.9154,32.4612,1.46,2.01,3.34,0.05,0.047,take_profit,False,3,1,11131105.01,523161.94,2024
TATACONSUM,2024-01-12,2024-01-18,1143.1671,1108.8721,0.85,2.76,2.98,-0.03,-0.033,stopped_out,True,6,4,8904884.01,-293861.17,2024
IRCON,2024-01-15,2024-01-17,195.183,204.9422,1.04,2.54,3.05,0.05,0.047,take_profit,False,2,2,11042997.76,519020.89,2024
NHPC,2024-01-15,2024-01-17,68.0373,65.9961,1.1,2.0,4.09,-0.03,-0.033,stopped_out,True,2,2,8834398.2,-291535.14,2024
ICICIGI,2024-01-17,2024-02-02,1435.6804,1478.2257,2.74,7.19,3.15,0.029634,0.026634,time_exit,False,16,10,12760474.69,339862.48,2024
WELCORP,2024-01-17,2024-01-18,562.4422,590.5643,3.52,2.2,5.82,0.05,0.047,take_profit,False,1,1,10208379.75,479793.85,2024
COCHINSHIP,2024-01-17,2024-01-18,835.2714,810.2132,1.6,3.5,7.07,-0.03,-0.033,stopped_out,True,1,1,8166703.8,-269501.23,2024
HOMEFIRST,2024-01-18,2024-01-19,977.5554,1026.4331,1.11,2.43,1.96,0.05,0.047,take_profit,False,1,1,7662491.42,360137.1,2024
FDC,2024-01-18,2024-01-23,428.3917,415.5399,3.1,4.5,4.6,-0.03,-0.033,stopped_out,True,5,2,9578114.28,-316077.77,2024
OFSS,2024-01-18,2024-01-19,6057.7017,6360.5867,20.05,9.83,16.99,0.05,0.047,take_profit,False,1,1,11972642.84,562714.21,2024
CEATLTD,2024-01-19,2024-01-23,2542.5631,2852.587,7.84,3.79,2.2,0.121934,0.118934,take_profit_gap,False,4,1,10241590.25,1218073.29,2024
MAXHEALTH,2024-01-19,2024-01-23,730.0587,766.5616,3.5,2.83,2.35,0.05,0.047,take_profit,False,4,1,8193272.2,385083.79,2024
CIPLA,2024-01-23,2024-01-25,1383.0775,1341.5852,4.54,3.95,1.73,-0.03,-0.033,stopped_out,True,2,2,12414628.97,-409682.76,2024
KARURVYSYA,2024-01-23,2024-01-29,149.2041,156.6643,2.82,7.31,3.54,0.05,0.047,take_profit,False,6,3,9931703.18,466790.05,2024
MEDANTA,2024-01-23,2024-01-29,1130.6583,1096.7386,1.26,1.66,2.77,-0.03,-0.033,stopped_out,True,6,3,7945362.54,-262196.96,2024
AMBUJACEM,2024-01-25,2024-02-09,556.7054,572.0843,5.68,2.02,5.69,0.027625,0.024625,time_exit,False,15,10,10556879.74,259963.16,2024
PARAS,2024-01-25,2024-02-01,781.7888,821.9554,0.9,2.18,1.64,0.051378,0.048378,take_profit_gap,False,7,4,8445503.79,408576.58,2024
JKIL,2024-01-29,2024-01-30,648.1459,628.7016,3.09,6.77,6.74,-0.03,-0.033,stopped_out,True,1,1,10372734.79,-342300.25,2024
LATENTVIEW,2024-01-29,2024-02-06,474.187,497.8963,1.51,4.48,3.7,0.05,0.047,take_profit,False,8,6,8298187.83,390014.83,2024
TDPOWERSYS,2024-01-30,2024-02-01,290.3874,304.9067,4.87,3.82,4.23,0.05,0.047,take_profit,False,2,2,8644637.18,406297.95,2024
RBLBANK,2024-02-01,2024-02-08,263.9856,256.066,0.54,1.69,2.13,-0.03,-0.033,stopped_out,True,7,5,8397370.27,-277113.22,2024
KPIGREEN,2024-02-01,2024-02-05,440.9081,485.6071,12.76,2.91,3.87,0.101379,0.098379,take_profit_gap,False,4,2,10496712.84,1032656.11,2024
NTPC,2024-02-02,2024-02-12,314.066,304.644,0.96,1.53,2.62,-0.03,-0.033,stopped_out,True,10,6,9337963.65,-308152.8,2024
NLCINDIA,2024-02-05,2024-02-06,264.6418,277.8739,2.16,3.23,1.66,0.05,0.047,take_profit,False,1,1,9776244.71,459483.5,2024
JINDWORLD,2024-02-06,2024-02-07,69.2067,67.1305,4.99,13.34,13.57,-0.03,-0.033,stopped_out,True,1,1,11605781.95,-382990.8,2024
LATENTVIEW,2024-02-06,2024-02-09,524.212,508.4856,3.26,5.26,6.71,-0.03,-0.033,stopped_out,True,3,3,9284625.56,-306392.64,2024
IOB,2024-02-07,2024-02-08,79.6898,77.2991,2.95,4.55,17.05,-0.03,-0.033,stopped_out,True,1,1,9672258.67,-319184.54,2024
YATHARTH,2024-02-08,2024-02-09,425.1124,446.3681,1.08,3.04,4.14,0.05,0.047,take_profit,False,1,1,11232473.18,527926.24,2024
YATHARTH,2024-02-08,2024-02-09,425.1124,446.3681,0.86,3.04,4.14,0.05,0.047,take_profit,False,1,1,8985978.54,422340.99,2024
ETERNAL,2024-02-09,2024-02-12,149.5247,157.001,1.34,3.36,1.74,0.05,0.047,take_profit,False,3,1,15381541.79,722932.46,2024
SUNPHARMA,2024-02-09,2024-02-23,1506.7636,1531.1986,1.44,2.47,2.26,0.016217,0.013217,time_exit,False,14,10,12305233.43,162638.27,2024
ACC,2024-02-09,2024-02-23,2611.3416,2659.8528,2.68,3.07,4.29,0.018577,0.015577,time_exit,False,14,10,9844186.74,153342.9,2024
GRASIM,2024-02-09,2024-02-13,2153.4451,2088.8417,0.6,2.56,5.41,-0.03,-0.033,stopped_out,True,4,2,7875349.39,-259886.53,2024
APOLLOHOSP,2024-02-12,2024-02-26,6575.1653,6544.2526,1.88,1.56,2.31,-0.004701,-0.007701,time_exit,False,14,10,9061709.23,-69784.22,2024
JINDWORLD,2024-02-12,2024-02-13,68.6367,72.0686,1.19,1.94,5.34,0.05,0.047,take_profit,False,1,1,11327136.54,532375.42,2024
360ONE,2024-02-13,2024-02-15,679.577,713.5558,2.12,2.67,6.29,0.05,0.047,take_profit,False,2,2,11144362.35,523785.03,2024
LUMAXTECH,2024-02-13,2024-02-14,410.4077,430.9281,1.0,5.37,6.63,0.05,0.047,take_profit,False,1,1,8915489.88,419028.02,2024
KPIGREEN,2024-02-14,2024-02-16,445.0088,490.1243,7.87,1.55,10.19,0.101381,0.098381,take_profit_gap,False,2,2,8999295.48,885359.69,2024
DCAL,2024-02-15,2024-02-16,205.3026,215.5677,2.0,3.65,9.44,0.05,0.047,take_profit,False,1,1,9533065.86,448054.1,2024
MAHLIFE,2024-02-16,2024-02-23,587.0161,616.3669,0.89,2.18,3.19,0.05,0.047,take_profit,False,7,5,11599607.71,545181.56,2024
GRANULES,2024-02-16,2024-02-26,453.381,476.05,4.53,2.98,4.01,0.05,0.047,take_profit,False,10,6,9279686.17,436145.25,2024
SAMMAANCAP,2024-02-23,2024-02-26,204.4849,198.3504,4.93,2.54,9.7,-0.03,-0.033,stopped_out,True,3,1,14345787.06,-473410.97,2024
JIOFIN,2024-02-23,2024-02-27,333.5968,323.5889,6.12,4.72,9.21,-0.03,-0.033,stopped_out,True,4,2,11476629.65,-378728.78,2024
RAILTEL,2024-02-23,2024-02-27,401.9388,422.0358,5.2,2.18,6.78,0.05,0.047,take_profit,False,4,2,9181303.72,431521.27,2024
CMSINFO,2024-02-26,2024-02-27,382.9541,364.31,3.66,2.8,2.58,-0.048685,-0.051685,stopped_out_gap,False,1,1,8871084.47,-458502.0,2024
SOBHA,2024-02-26,2024-02-27,1579.3206,1658.2867,3.28,1.81,8.13,0.05,0.047,take_profit,False,1,1,11088855.58,521176.21,2024
CARTRADE,2024-02-26,2024-02-29,760.6801,798.7141,7.04,3.45,8.77,0.05,0.047,take_profit,False,3,3,13861069.48,651470.27,2024
ICICIGI,2024-02-27,2024-02-29,1704.4663,1653.3323,1.36,5.22,3.7,-0.03,-0.033,stopped_out,True,2,2,15243535.6,-503036.67,2024
ABSLAMC,2024-02-27,2024-03-06,502.1635,487.0986,1.52,5.21,3.12,-0.03,-0.033,stopped_out,True,8,6,12194828.48,-402429.34,2024
ABSLAMC,2024-02-27,2024-03-06,502.1635,487.0986,1.58,5.21,3.12,-0.03,-0.033,stopped_out,True,8,6,9755862.78,-321943.47,2024
HAVELLS,2024-02-27,2024-02-28,1451.3901,1523.9596,2.8,3.15,2.12,0.05,0.047,take_profit,False,1,1,7804690.23,366820.44,2024
HAVELLS,2024-02-28,2024-03-13,1515.802,1470.3279,1.89,5.31,3.74,-0.03,-0.033,stopped_out,True,14,9,7878054.31,-259975.79,2024
ZENTEC,2024-02-29,2024-03-04,864.5471,973.4576,2.02,1.59,3.45,0.125974,0.122974,take_profit_gap,False,4,2,12153051.18,1494509.32,2024
HINDCOPPER,2024-02-29,2024-03-04,267.3499,281.6346,2.48,2.4,6.22,0.053431,0.050431,take_profit_gap,False,4,2,9722440.95,490312.42,2024
PNCINFRA,2024-03-04,2024-03-06,461.8865,448.0299,5.2,2.8,6.04,-0.03,-0.033,stopped_out,True,2,2,12550015.53,-414150.51,2024
NTPC,2024-03-04,2024-03-12,337.4958,327.371,2.6,2.5,1.68,-0.03,-0.033,stopped_out,True,8,5,10040012.43,-331320.41,2024
BAJAJ-AUTO,2024-03-06,2024-03-13,8329.5856,8079.698,1.66,1.84,2.82,-0.03,-0.033,stopped_out,True,7,4,9410845.85,-310557.91,2024
ICICIPRULI,2024-03-06,2024-03-11,575.778,604.5669,0.98,3.03,3.94,0.05,0.047,take_profit,False,5,2,11763557.31,552887.19,2024
PIDILITIND,2024-03-06,2024-03-21,1399.7419,1432.8378,3.17,4.0,4.88,0.023644,0.020644,time_exit,False,15,10,14704446.63,303558.6,2024
KPIL,2024-03-11,2024-03-12,1091.972,1059.2128,4.51,5.38,2.92,-0.03,-0.033,stopped_out,True,1,1,9991965.58,-329734.86,2024
SOLARINDS,2024-03-14,2024-03-15,8138.0162,8544.917,1.33,1.96,10.87,0.05,0.047,take_profit,False,1,1,15211430.3,714937.22,2024
SOLARINDS,2024-03-15,2024-03-18,8848.0703,8582.6282,1.02,3.21,7.08,-0.03,-0.033,stopped_out,True,3,1,15354417.74,-506695.79,2024
JAMNAAUTO,2024-03-15,2024-03-20,117.2019,123.062,3.98,2.01,5.0,0.05,0.047,take_profit,False,5,3,12283534.19,577326.11,2024
SAPPHIRE,2024-03-15,2024-03-19,288.204,302.6142,3.38,3.89,4.42,0.05,0.047,take_profit,False,4,2,9826827.36,461860.89,2024
COLPAL,2024-03-15,2024-03-19,2615.5818,2537.1143,0.57,3.59,1.51,-0.03,-0.033,stopped_out,True,4,2,7861461.88,-259428.24,2024
V2RETAIL,2024-03-18,2024-03-20,393.0464,423.688,2.77,2.16,5.0,0.077959,0.074959,take_profit_gap,False,2,2,9258713.9,694023.94,2024
SAPPHIRE,2024-03-19,2024-03-20,303.9219,319.118,1.9,1.95,4.39,0.05,0.047,take_profit,False,1,1,10985115.5,516300.43,2024
TRITURBINE,2024-03-19,2024-03-21,482.0271,506.1284,0.7,5.09,5.48,0.05,0.047,take_profit,False,2,2,8788092.4,413040.34,2024
SAREGAMA,2024-03-20,2024-03-26,366.1703,355.1852,1.29,1.77,5.3,-0.03,-0.033,stopped_out,True,6,3,8891825.11,-293430.23,2024
MARUTI,2024-03-20,2024-03-27,11708.6053,12294.0355,1.22,2.1,2.49,0.05,0.047,take_profit,False,7,4,11114781.38,522394.73,2024
SAPPHIRE,2024-03-20,2024-03-22,310.8053,326.3456,1.94,4.78,2.32,0.05,0.047,take_profit,False,2,2,13893476.73,652993.41,2024
HEG,2024-03-21,2024-03-22,377.6029,396.483,2.26,1.54,5.02,0.05,0.047,take_profit,False,1,1,11955287.68,561898.52,2024
POWERINDIA,2024-03-21,2024-03-26,7240.9732,6944.0667,4.76,3.05,8.41,-0.041004,-0.044004,stopped_out_gap,False,5,2,9564230.14,-420864.38,2024
CAMS,2024-03-22,2024-03-26,597.8948,579.958,1.51,2.28,5.11,-0.03,-0.033,stopped_out,True,4,1,13064115.38,-431115.81,2024
DMART,2024-03-22,2024-03-27,4299.7489,4514.7363,1.38,2.15,3.31,0.05,0.047,take_profit,False,5,2,10451292.31,491210.74,2024
DMART,2024-03-26,2024-04-04,4488.4433,4712.8655,1.26,3.61,3.95,0.05,0.047,take_profit,False,9,6,14435985.89,678491.34,2024
TORNTPOWER,2024-03-26,2024-03-27,1367.7858,1436.1751,4.86,1.75,9.79,0.05,0.047,take_profit,False,1,1,11548788.71,542793.07,2024
EIHOTEL,2024-03-26,2024-03-28,439.7663,461.7546,0.51,1.57,3.39,0.05,0.047,take_profit,False,2,2,9239030.97,434234.46,2024
SIEMENS,2024-03-27,2024-04-02,3095.0856,3249.8399,2.37,2.44,3.09,0.05,0.047,take_profit,False,6,3,14325476.96,673297.42,2024
JAMNAAUTO,2024-03-27,2024-04-03,127.7866,134.176,1.32,1.8,4.77,0.05,0.047,take_profit,False,7,4,11460381.57,538637.93,2024
SIEMENS,2024-03-27,2024-04-02,3095.0856,3249.8399,2.36,2.44,3.09,0.05,0.047,take_profit,False,6,3,9168305.25,430910.35,2024
GPIL,2024-03-28,2024-04-05,149.819,145.3244,4.98,2.04,1.79,-0.03,-0.033,stopped_out,True,8,5,9269297.29,-305886.81,2024
REDINGTON,2024-04-02,2024-04-04,211.3044,204.9653,3.33,5.31,4.89,-0.03,-0.033,stopped_out,True,2,2,12335035.83,-407056.18,2024
ACC,2024-04-02,2024-04-05,2631.8104,2552.8561,1.9,1.59,3.67,-0.03,-0.033,stopped_out,True,3,3,9868028.66,-325644.95,2024
AUBANK,2024-04-03,2024-04-04,603.6523,633.8349,3.36,3.04,2.55,0.05,0.047,take_profit,False,1,1,10294226.83,483828.66,2024
GVT&D,2024-04-04,2024-04-08,967.7563,938.7237,1.19,2.03,2.64,-0.03,-0.033,stopped_out,True,4,2,15799483.94,-521382.97,2024
MTARTECH,2024-04-04,2024-04-09,1954.5768,1895.9395,1.31,2.73,2.5,-0.03,-0.033,stopped_out,True,5,3,12639587.15,-417106.38,2024
DMART,2024-04-04,2024-04-22,4647.3723,4755.621,1.35,2.49,1.82,0.023292,0.020292,time_exit,False,18,10,10111669.72,205186.0,2024
AAVAS,2024-04-05,2024-04-08,1599.3493,1679.3168,7.24,8.8,6.58,0.05,0.047,take_profit,False,3,1,11790494.61,554153.25,2024
AAVAS,2024-04-05,2024-04-08,1599.3493,1679.3168,4.48,8.8,6.58,0.05,0.047,take_profit,False,3,1,9432395.69,443322.6,2024
CHOICEIN,2024-04-08,2024-04-15,304.4521,295.3186,3.35,3.5,3.19,-0.03,-0.033,stopped_out,True,7,4,15045609.98,-496505.13,2024
EICHERMOT,2024-04-08,2024-04-18,4108.4682,4313.8917,2.16,2.56,4.49,0.05,0.047,take_profit,False,10,6,12036487.98,565714.94,2024
NAUKRI,2024-04-08,2024-04-12,1236.412,1199.3196,7.05,4.56,6.78,-0.03,-0.033,stopped_out,True,4,3,9629190.38,-317763.28,2024
HINDZINC,2024-04-09,2024-04-12,370.1483,388.6557,1.06,8.71,15.11,0.05,0.047,take_profit,False,3,2,10147848.46,476948.88,2024
ACI,2024-04-12,2024-04-15,690.6118,669.8934,0.93,3.62,6.38,-0.03,-0.033,stopped_out,True,3,1,9684418.93,-319585.82,2024
QUESS,2024-04-12,2024-04-15,576.8264,559.5216,0.51,6.45,3.78,-0.03,-0.033,stopped_out,True,3,1,12105523.66,-399482.28,2024
ONGC,2024-04-15,2024-04-30,252.2356,254.6848,0.98,3.91,3.99,0.00971,0.00671,time_exit,False,15,10,14871531.01,99787.97,2024
PURVA,2024-04-15,2024-04-16,355.0774,372.8313,6.61,2.61,9.88,0.05,0.047,take_profit,False,1,1,11897224.8,559169.57,2024
SENCO,2024-04-15,2024-04-16,474.5244,498.2507,13.52,12.26,11.69,0.05,0.047,take_profit,False,1,1,9517779.84,447335.65,2024
TEGA,2024-04-16,2024-04-23,1418.8965,1489.8413,3.17,2.27,5.66,0.05,0.047,take_profit,False,7,4,12098525.85,568630.71,2024
PTC,2024-04-16,2024-04-19,190.2496,184.5421,1.96,3.07,3.97,-0.03,-0.033,stopped_out,True,3,2,9678820.68,-319401.08,2024
TECHNOE,2024-04-18,2024-04-22,907.4398,952.8118,3.24,4.51,4.16,0.05,0.047,take_profit,False,4,2,10263497.13,482384.36,2024
KSB,2024-04-19,2024-04-23,923.2073,895.5111,1.31,3.76,3.48,-0.03,-0.033,stopped_out,True,4,2,10082681.62,-332728.49,2024
ARE&M,2024-04-22,2024-04-23,1022.7779,1073.9168,1.1,1.7,2.1,0.05,0.047,take_profit,False,1,1,12278692.74,577098.56,2024
MFSL,2024-04-22,2024-04-24,1060.8302,1029.0053,1.31,1.93,2.74,-0.03,-0.033,stopped_out,True,2,2,9822954.19,-324157.49,2024
BDL,2024-04-23,2024-04-24,954.2392,1001.9512,1.87,2.33,3.73,0.05,0.047,take_profit,False,1,1,11930354.84,560726.68,2024
GRSE,2024-04-23,2024-04-24,945.4254,992.6966,8.68,4.49,10.14,0.05,0.047,take_profit,False,1,1,9544283.87,448581.34,2024
IEX,2024-04-23,2024-04-29,147.474,154.8477,1.7,1.59,2.07,0.05,0.047,take_profit,False,6,4,14912943.55,700908.35,2024
BECTORFOOD,2024-04-24,2024-04-26,229.7444,241.2316,2.52,1.99,4.96,0.05,0.047,take_profit,False,2,2,14031975.78,659502.86,2024
ORIENTCEM,2024-04-24,2024-04-25,229.1367,240.5935,1.22,5.83,11.76,0.05,0.047,take_profit,False,1,1,11225580.63,527602.29,2024
APTUS,2024-04-24,2024-04-26,337.4626,327.3387,2.52,2.47,4.86,-0.03,-0.033,stopped_out,True,2,2,8980464.5,-296355.33,2024
BHARATFORG,2024-04-25,2024-04-30,1296.8702,1257.9641,2.06,4.24,5.73,-0.03,-0.033,stopped_out,True,5,3,9535008.19,-314655.27,2024
WESTLIFE,2024-04-26,2024-04-29,886.1687,859.5836,3.05,2.65,7.45,-0.03,-0.033,stopped_out,True,3,1,12303124.11,-406003.1,2024
IRCON,2024-04-26,2024-04-29,243.689,255.8735,3.19,2.52,2.41,0.05,0.047,take_profit,False,3,1,9842499.29,462597.47,2024
UNIONBANK,2024-04-29,2024-05-03,147.7837,143.3502,0.56,1.55,3.12,-0.03,-0.033,stopped_out,True,4,3,15437213.37,-509428.04,2024
CESC,2024-04-29,2024-05-02,138.5149,145.4406,1.12,2.37,2.01,0.05,0.047,take_profit,False,3,2,12349770.69,580439.22,2024
NEWGEN,2024-04-29,2024-04-30,859.3677,902.3361,2.77,2.62,7.11,0.05,0.047,take_profit,False,1,1,9879816.55,464351.38,2024
PFC,2024-04-30,2024-05-02,415.9023,436.6974,6.09,4.89,5.28,0.05,0.047,take_profit,False,2,1,9479053.57,445515.52,2024
M&M,2024-04-30,2024-05-14,2124.6766,2230.9104,4.49,1.91,4.02,0.05,0.047,take_profit,False,14,9,14811021.21,696118.0,2024
KFINTECH,2024-04-30,2024-05-02,741.1162,778.172,3.43,4.5,2.73,0.05,0.047,take_profit,False,2,1,11848816.97,556894.4,2024
POWERGRID,2024-05-02,2024-05-06,293.6235,284.8148,1.24,2.38,3.86,-0.03,-0.033,stopped_out,True,4,2,9366618.2,-309098.4,2024
JSFB,2024-05-02,2024-05-06,665.8327,645.8578,8.36,7.2,9.46,-0.03,-0.033,stopped_out,True,4,2,14635340.93,-482966.25,2024
WELCORP,2024-05-02,2024-05-03,596.809,578.9047,1.22,5.94,7.12,-0.03,-0.033,stopped_out,True,1,1,11708272.75,-386373.0,2024
RAINBOW,2024-05-03,2024-05-06,1457.9925,1530.8922,1.15,3.71,4.87,0.05,0.047,take_profit,False,3,1,12743231.57,598931.88,2024
RAINBOW,2024-05-03,2024-05-06,1457.9925,1530.8922,2.81,3.71,4.87,0.05,0.047,take_profit,False,3,1,10194585.26,479145.51,2024
JUBLFOOD,2024-05-06,2024-05-07,471.0896,494.6441,0.96,2.07,1.86,0.05,0.047,take_profit,False,1,1,17600825.95,827238.82,2024
SWSOLAR,2024-05-06,2024-05-07,715.2074,693.7512,3.1,1.61,3.45,-0.03,-0.033,stopped_out,True,1,1,14080660.76,-464661.8,2024
ABB,2024-05-06,2024-05-13,6879.182,7475.9788,0.53,1.89,3.43,0.086754,0.083754,take_profit_gap,False,7,5,11264528.61,943449.33,2024
MARICO,2024-05-06,2024-05-07,522.5534,553.2368,7.19,2.19,1.8,0.058718,0.055718,take_profit_gap,False,1,1,9011622.88,502109.6,2024
DABUR,2024-05-07,2024-05-10,545.1104,528.7571,3.33,3.99,4.67,-0.03,-0.033,stopped_out,True,3,3,12416686.04,-409750.64,2024
HINDUNILVR,2024-05-07,2024-05-16,2288.2625,2219.6146,2.67,3.11,5.0,-0.03,-0.033,stopped_out,True,9,7,15520857.55,-512188.3,2024
SKYGOLD,2024-05-07,2024-05-08,139.7949,134.9325,1.24,3.19,2.06,-0.034782,-0.037782,stopped_out_gap,False,1,1,9933348.83,-375301.79,2024
CROMPTON,2024-05-08,2024-05-10,334.8032,324.7591,2.16,2.41,5.43,-0.03,-0.033,stopped_out,True,2,2,9858288.47,-325323.52,2024
LALPATHLAB,2024-05-10,2024-05-13,1155.0093,1212.7598,2.99,3.28,5.24,0.05,0.047,take_profit,False,3,1,12194610.85,573146.71,2024
CENTURYPLY,2024-05-10,2024-05-27,661.965,653.5767,0.86,1.56,2.05,-0.012672,-0.015672,time_exit,False,17,10,9755688.68,-152891.15,2024
ABB,2024-05-13,2024-05-17,7913.8812,8309.5753,8.84,5.99,5.75,0.05,0.047,take_profit,False,4,4,12799698.04,601585.81,2024
SHARDACROP,2024-05-13,2024-05-14,379.187,398.1463,3.61,11.3,3.83,0.05,0.047,take_profit,False,1,1,10239758.43,481268.65,2024
NATIONALUM,2024-05-14,2024-05-21,174.0222,183.1427,5.35,1.59,6.42,0.05241,0.04941,take_profit_gap,False,7,4,13437440.0,663943.91,2024
IRFC,2024-05-14,2024-05-17,153.6466,161.329,4.16,1.57,7.01,0.05,0.047,take_profit,False,3,3,10749952.0,505247.74,2024
TEXRAIL,2024-05-16,2024-05-21,187.7966,197.1865,1.26,4.17,4.76,0.05,0.047,take_profit,False,5,2,11601695.45,545279.69,2024
BRIGADE,2024-05-17,2024-05-21,1186.1249,1245.4311,5.29,1.99,8.81,0.05,0.047,take_profit,False,4,1,11370122.47,534395.76,2024
DATAPATTNS,2024-05-17,2024-05-21,3174.3752,3381.2365,6.1,2.35,6.34,0.065166,0.062166,take_profit_gap,False,4,1,14212653.08,883543.79,2024
STARCEMENT,2024-05-21,2024-05-22,242.9078,235.6206,4.66,4.85,6.41,-0.03,-0.033,stopped_out,True,1,1,15796730.24,-521292.1,2024
NBCC,2024-05-21,2024-05-24,97.7239,94.7922,0.81,2.23,2.23,-0.03,-0.033,stopped_out,True,3,3,12637384.19,-417033.68,2024
POLYMED,2024-05-21,2024-05-22,1740.2242,1827.2354,1.35,8.4,3.1,0.05,0.047,take_profit,False,1,1,19745912.8,928057.9,2024
INDIANB,2024-05-21,2024-05-28,548.6812,532.2208,2.03,2.09,7.28,-0.03,-0.033,stopped_out,True,7,5,10109907.35,-333626.94,2024
CLEAN,2024-05-22,2024-05-27,1382.3649,1340.894,3.92,3.48,4.38,-0.03,-0.033,stopped_out,True,5,3,12222246.12,-403334.12,2024
HAL,2024-05-22,2024-05-24,4818.4305,5059.352,1.44,1.74,2.31,0.05,0.047,take_profit,False,2,2,15277807.65,718056.96,2024
KPITTECH,2024-05-24,2024-05-28,1534.3562,1488.3255,2.12,1.51,2.46,-0.03,-0.033,stopped_out,True,4,2,15421039.92,-508894.32,2024
CHENNPETRO,2024-05-24,2024-05-29,923.9291,896.2113,3.09,1.61,3.45,-0.03,-0.033,stopped_out,True,5,3,12336831.94,-407115.45,2024
JBMA,2024-05-27,2024-05-30,1056.8889,1025.1822,0.55,6.11,6.93,-0.03,-0.033,stopped_out,True,3,3,14153807.46,-467075.65,2024
HDFCAMC,2024-05-27,2024-05-30,1891.2448,1834.5075,1.7,3.04,2.24,-0.03,-0.033,stopped_out,True,3,3,11323045.97,-373660.52,2024
GLENMARK,2024-05-28,2024-06-04,1156.2837,1121.5952,1.69,5.39,3.59,-0.03,-0.033,stopped_out,True,7,5,13996121.98,-461872.03,2024
COROMANDEL,2024-05-28,2024-06-04,1272.9971,1234.8072,0.78,3.24,2.79,-0.03,-0.033,stopped_out,True,7,5,11196897.58,-369497.62,2024
SUNTECK,2024-05-29,2024-05-31,478.6408,464.2816,1.66,4.79,4.62,-0.03,-0.033,stopped_out,True,2,2,11343461.36,-374334.22,2024
KNRCON,2024-05-30,2024-05-31,302.1464,317.2537,3.19,12.47,4.71,0.05,0.047,take_profit,False,1,1,14001992.54,658093.65,2024
KNRCON,2024-05-30,2024-05-31,302.1464,317.2537,2.02,12.47,4.71,0.05,0.047,take_profit,False,1,1,11201594.03,526474.92,2024
JKIL,2024-05-31,2024-06-04,747.4994,725.0744,7.05,12.07,11.81,-0.03,-0.033,stopped_out,True,4,2,10516948.28,-347059.29,2024
ADANIPOWER,2024-05-31,2024-06-03,151.2356,173.913,15.51,4.14,7.08,0.149948,0.146948,take_profit_gap,False,3,1,16432731.68,2414757.06,2024
PRAJIND,2024-05-31,2024-06-03,511.3169,536.8827,3.55,9.16,2.06,0.05,0.047,take_profit,False,3,1,13146185.35,617870.71,2024
SKIPPER,2024-06-03,2024-06-04,326.323,316.5333,3.27,4.37,4.58,-0.03,-0.033,stopped_out,True,1,1,14935867.58,-492883.63,2024
ULTRACEMCO,2024-06-03,2024-06-04,10347.937,10037.4989,1.93,2.03,1.65,-0.03,-0.033,stopped_out,True,1,1,11948694.06,-394306.9,2024
COLPAL,2024-06-04,2024-06-05,2729.661,2866.1441,3.45,2.14,3.64,0.05,0.047,take_profit,False,1,1,21664737.25,1018242.65,2024
DABUR,2024-06-04,2024-06-05,564.3887,592.6081,4.03,3.67,5.42,0.05,0.047,take_profit,False,1,1,17331789.8,814594.12,2024
UBL,2024-06-04,2024-06-05,1907.3496,2002.717,1.64,2.74,1.95,0.05,0.047,take_profit,False,1,1,13865431.84,651675.3,2024
HINDUNILVR,2024-06-04,2024-06-05,2400.6848,2520.7191,5.51,3.33,5.15,0.05,0.047,take_profit,False,1,1,11092345.47,521340.24,2024
MARICO,2024-06-04,2024-06-05,605.5727,635.8513,1.48,1.77,2.08,0.05,0.047,take_profit,False,1,1,8873876.38,417072.19,2024
NESTLEIND,2024-06-05,2024-06-20,1230.3321,1243.7448,0.58,2.16,3.29,0.010902,0.007902,time_exit,False,15,10,11442852.94,90421.42,2024
EMAMILTD,2024-06-05,2024-06-06,672.6158,652.4373,1.82,3.42,10.84,-0.03,-0.033,stopped_out,True,1,1,14303566.18,-472017.68,2024
BECTORFOOD,2024-06-05,2024-06-06,281.9951,296.0949,12.34,5.54,12.72,0.05,0.047,take_profit,False,1,1,9154282.35,430251.27,2024
NESTLEIND,2024-06-05,2024-06-20,1230.3321,1243.7448,1.69,2.16,3.29,0.010902,0.007902,time_exit,False,15,10,22349322.15,176604.34,2024
TRENT,2024-06-05,2024-06-13,4902.005,5180.9175,2.77,1.61,4.69,0.056898,0.053898,take_profit_gap,False,8,6,17879457.72,963667.01,2024
MAZDOCK,2024-06-06,2024-06-13,1555.9702,1633.7687,4.58,1.66,11.36,0.05,0.047,take_profit,False,7,5,12006642.31,564312.19,2024
TECHM,2024-06-06,2024-06-13,1246.5454,1308.8727,3.19,1.61,2.53,0.05,0.047,take_profit,False,7,5,9605313.84,451449.75,2024
OFSS,2024-06-13,2024-06-28,9219.7472,9424.3919,5.28,8.28,9.32,0.022196,0.019196,time_exit,False,15,10,15978419.64,306721.74,2024
DCMSHRIRAM,2024-06-13,2024-06-18,1041.2496,1010.0121,2.91,7.1,6.12,-0.03,-0.033,stopped_out,True,5,2,12782735.71,-421830.28,2024
NEOGEN,2024-06-13,2024-06-18,1606.5295,1558.3337,1.69,2.15,3.64,-0.03,-0.033,stopped_out,True,5,2,10226188.57,-337464.22,2024
MINDACORP,2024-06-18,2024-06-25,472.0658,495.6691,0.98,2.46,2.03,0.05,0.047,take_profit,False,7,5,12630876.81,593651.21,2024
ZENTEC,2024-06-18,2024-06-19,1215.9176,1179.4401,2.37,3.95,7.1,-0.03,-0.033,stopped_out,True,1,1,10104701.45,-333455.15,2024
PARADEEP,2024-06-19,2024-06-20,78.7919,82.7314,1.82,5.02,2.67,0.05,0.047,take_profit,False,1,1,10038010.42,471786.49,2024
NAVINFLUOR,2024-06-20,2024-06-24,3750.1236,3637.6199,1.42,4.03,2.87,-0.03,-0.033,stopped_out,True,4,2,13555366.31,-447327.09,2024
PIIND,2024-06-20,2024-07-04,3752.7578,3764.748,0.53,1.75,2.36,0.003195,0.000195,time_exit,False,14,10,10844293.05,2114.64,2024
NIACL,2024-06-20,2024-06-25,247.0154,239.605,2.9,2.25,5.81,-0.03,-0.033,stopped_out,True,5,3,16944207.89,-559158.86,2024
BORORENEW,2024-06-24,2024-06-25,507.2535,532.6162,2.46,2.26,3.38,0.05,0.047,take_profit,False,1,1,11297042.28,530960.99,2024
GODREJAGRO,2024-06-25,2024-07-01,657.6418,690.5239,5.01,4.85,6.14,0.05,0.047,take_profit,False,6,4,17325149.89,814282.04,2024
BANCOINDIA,2024-06-25,2024-06-26,321.6919,337.7765,4.66,4.92,7.4,0.05,0.047,take_profit,False,1,1,13860119.91,651425.64,2024
PGIL,2024-06-25,2024-06-27,747.2041,724.788,1.12,13.54,15.24,-0.03,-0.033,stopped_out,True,2,2,11088095.93,-365907.17,2024
POWERINDIA,2024-06-26,2024-06-28,12629.1591,12250.2843,2.07,1.85,9.59,-0.03,-0.033,stopped_out,True,2,2,11772785.85,-388501.93,2024
PRICOLLTD,2024-06-27,2024-07-11,495.0159,497.3601,0.76,1.78,2.78,0.004735,0.001735,time_exit,False,14,10,11562666.44,20061.23,2024
PERSISTENT,2024-06-28,2024-07-01,4193.9436,4403.6408,0.62,1.79,4.99,0.05,0.047,take_profit,False,3,1,14784018.21,694848.86,2024
RELIANCE,2024-06-28,2024-07-12,1554.6759,1584.2013,1.16,1.65,2.25,0.018991,0.015991,time_exit,False,14,10,11827214.57,189128.99,2024
JKTYRE,2024-07-01,2024-07-10,438.5752,460.504,0.94,3.52,2.48,0.05,0.047,take_profit,False,9,7,16185431.46,760715.28,2024
GODREJAGRO,2024-07-01,2024-07-02,732.5291,769.1556,10.52,2.52,10.81,0.05,0.047,take_profit,False,1,1,12948345.16,608572.22,2024
SEQUENT,2024-07-02,2024-07-04,125.2626,131.5257,2.02,1.63,1.79,0.05,0.047,take_profit,False,2,2,13070059.61,614292.8,2024
HCLTECH,2024-07-04,2024-07-15,1436.2686,1508.082,1.09,1.71,2.52,0.05,0.047,take_profit,False,11,7,15362199.71,722023.39,2024
SEQUENT,2024-07-04,2024-07-08,133.4467,129.4433,3.04,4.4,5.23,-0.03,-0.033,stopped_out,True,4,2,12289759.77,-405562.07,2024
ONGC,2024-07-08,2024-07-10,269.6311,261.5422,1.35,2.69,3.16,-0.03,-0.033,stopped_out,True,2,2,12208647.35,-402885.36,2024
MANINFRA,2024-07-10,2024-07-12,201.3992,195.3572,1.77,2.3,4.07,-0.03,-0.033,stopped_out,True,2,2,15517299.63,-512070.89,2024
BRITANNIA,2024-07-10,2024-07-25,5610.9071,5677.4167,0.95,2.06,1.51,0.011854,0.008854,time_exit,False,15,10,12413839.7,109912.14,2024
GPPL,2024-07-11,2024-07-15,214.976,208.5267,0.55,2.66,7.17,-0.03,-0.033,stopped_out,True,4,2,12247617.29,-404171.37,2024
SONATSOFTW,2024-07-12,2024-07-15,691.3531,670.6125,6.8,7.36,13.14,-0.03,-0.033,stopped_out,True,3,1,15202408.29,-501679.47,2024
IRFC,2024-07-12,2024-07-15,212.3801,222.9991,2.5,3.53,5.55,0.05,0.047,take_profit,False,3,1,12161926.63,571610.55,2024
PGIL,2024-07-15,2024-07-16,750.6613,788.1944,4.06,2.12,2.8,0.05,0.047,take_profit,False,1,1,20801928.31,977690.63,2024
CANBK,2024-07-15,2024-07-19,113.2509,109.8534,0.68,1.7,3.53,-0.03,-0.033,stopped_out,True,4,3,16641542.65,-549170.91,2024
INDIANB,2024-07-15,2024-07-19,564.5059,547.5707,2.28,2.3,1.7,-0.03,-0.033,stopped_out,True,4,3,13313234.12,-439336.73,2024
TANLA,2024-07-15,2024-07-19,961.1826,932.3471,3.15,12.62,2.35,-0.03,-0.033,stopped_out,True,4,3,10650587.3,-351469.38,2024
ANURAS,2024-07-16,2024-07-31,775.3204,782.279,1.3,3.17,2.86,0.008975,0.005975,time_exit,False,15,10,12876393.62,76936.45,2024
VSTIND,2024-07-19,2024-07-24,402.7689,390.6859,5.89,14.43,3.1,-0.03,-0.033,stopped_out,True,5,3,18154192.31,-599088.35,2024
VSTIND,2024-07-19,2024-07-24,402.7689,390.6859,3.88,14.43,3.1,-0.03,-0.033,stopped_out,True,5,3,14523353.85,-479270.68,2024
CHALET,2024-07-22,2024-07-23,811.3071,786.9679,0.91,3.27,6.12,-0.03,-0.033,stopped_out,True,1,1,11618683.08,-383416.54,2024
MAPMYINDIA,2024-07-23,2024-07-29,2449.4128,2375.9304,3.29,4.02,7.8,-0.03,-0.033,stopped_out,True,6,4,11541999.77,-380885.99,2024
PPLPHARMA,2024-07-24,2024-07-26,166.5254,161.5296,4.23,3.79,5.75,-0.03,-0.033,stopped_out,True,2,2,15553437.24,-513263.43,2024
ELECTCAST,2024-07-24,2024-07-30,205.981,216.28,2.62,3.25,6.05,0.05,0.047,take_profit,False,6,4,12442749.79,584809.24,2024
PETRONET,2024-07-25,2024-08-05,345.6821,334.6083,2.24,2.77,6.02,-0.032035,-0.035035,stopped_out_gap,False,11,7,12458950.2,-436499.32,2024
SRF,2024-07-26,2024-07-31,2443.1927,2565.3523,2.2,2.26,2.12,0.05,0.047,take_profit,False,5,3,12975194.92,609834.16,2024
PGIL,2024-07-29,2024-08-01,1008.6194,978.3608,4.05,2.04,4.07,-0.03,-0.033,stopped_out,True,3,3,12612378.7,-416208.5,2024
CAMS,2024-07-30,2024-07-31,912.7257,885.344,3.49,4.74,9.39,-0.03,-0.033,stopped_out,True,1,1,12695414.76,-418948.69,2024
AJANTPHARM,2024-07-31,2024-08-02,2642.5428,2774.6699,3.11,3.98,6.06,0.05,0.047,take_profit,False,2,2,17919296.86,842206.95,2024
GRANULES,2024-07-31,2024-08-07,628.4937,659.9183,5.11,5.8,5.72,0.05,0.047,take_profit,False,7,5,14335437.49,673765.56,2024
KEC,2024-07-31,2024-08-02,915.6946,888.2237,1.08,1.69,4.0,-0.03,-0.033,stopped_out,True,2,2,11468349.99,-378455.55,2024
NAZARA,2024-08-01,2024-08-02,237.4562,249.329,2.32,2.3,4.4,0.05,0.047,take_profit,False,1,1,11613914.03,545853.96,2024
ETERNAL,2024-08-02,2024-08-05,262.4712,253.873,4.19,6.77,7.3,-0.032759,-0.035759,stopped_out_gap,False,3,1,11323753.26,-404926.09,2024
GHCL,2024-08-02,2024-08-05,616.7697,598.2666,2.56,11.32,11.23,-0.03,-0.033,stopped_out,True,3,1,17693364.47,-583881.03,2024
AWL,2024-08-02,2024-08-05,383.3416,368.8155,1.25,6.53,11.38,-0.037893,-0.040893,stopped_out_gap,False,3,1,14154691.58,-578827.8,2024
GRAVITA,2024-08-06,2024-08-08,1706.5502,1791.8777,3.26,3.19,4.87,0.05,0.047,take_profit,False,2,2,19784327.67,929863.4,2024
PATANJALI,2024-08-06,2024-08-21,582.6116,611.7422,3.43,3.18,2.44,0.05,0.047,take_profit,False,15,10,15827462.13,743890.72,2024
BLS,2024-08-06,2024-08-09,381.0727,400.1263,3.51,7.38,1.76,0.05,0.047,take_profit,False,3,3,12661969.71,595112.58,2024
BIKAJI,2024-08-06,2024-08-07,735.2417,772.0038,0.84,1.63,2.64,0.05,0.047,take_profit,False,1,1,10129575.76,476090.06,2024
SAMHI,2024-08-07,2024-08-09,190.095,199.5998,2.05,2.52,2.41,0.05,0.047,take_profit,False,2,2,13226634.39,621651.82,2024
RKFORGE,2024-08-07,2024-08-22,929.59,954.0279,5.12,3.85,5.88,0.026289,0.023289,time_exit,False,15,10,10581307.51,246428.07,2024
HONASA,2024-08-08,2024-08-09,496.5982,481.7002,2.27,8.37,9.1,-0.03,-0.033,stopped_out,True,1,1,12607884.22,-416060.18,2024
AFFLE,2024-08-09,2024-08-13,1595.9976,1548.1176,2.92,6.24,5.8,-0.03,-0.033,stopped_out,True,4,2,11485277.36,-379014.15,2024
WOCKPHARMA,2024-08-09,2024-08-14,957.0783,907.546,2.43,1.65,2.86,-0.051754,-0.054754,stopped_out_gap,False,5,3,17945745.88,-982601.37,2024
IMAGICAA,2024-08-09,2024-08-13,94.8874,92.0408,2.51,4.76,5.38,-0.03,-0.033,stopped_out,True,4,2,14356596.71,-473767.69,2024
HEG,2024-08-13,2024-08-14,432.6256,407.3541,2.09,1.93,2.36,-0.058414,-0.061414,stopped_out_gap,False,1,1,11348832.27,-696977.18,2024
TRITURBINE,2024-08-13,2024-08-14,776.8597,753.5539,5.94,8.36,11.91,-0.03,-0.033,stopped_out,True,1,1,14186040.34,-468139.33,2024
POLICYBZR,2024-08-14,2024-08-16,1574.8371,1653.5789,1.46,7.47,6.06,0.05,0.047,take_profit,False,2,1,17345645.94,815245.36,2024
MARKSANS,2024-08-14,2024-08-16,213.2464,206.849,4.14,6.52,7.17,-0.03,-0.033,stopped_out,True,2,1,13876516.75,-457925.05,2024
UNOMINDA,2024-08-14,2024-08-19,1104.2561,1160.9507,5.75,2.29,5.64,0.051342,0.048342,take_profit_gap,False,5,2,11101213.4,536654.86,2024
LTTS,2024-08-16,2024-08-22,5125.5595,5381.8375,5.24,2.9,4.46,0.05,0.047,take_profit,False,6,4,15196867.32,714252.76,2024
LTTS,2024-08-16,2024-08-22,5125.5595,5381.8375,2.06,2.9,4.46,0.05,0.047,take_profit,False,6,4,12157493.85,571402.21,2024
PGEL,2024-08-19,2024-08-22,519.7113,545.6969,3.32,1.81,3.97,0.05,0.047,take_profit,False,3,3,12053568.73,566517.73,2024
DCAL,2024-08-21,2024-08-26,188.2141,197.6248,6.0,2.05,9.25,0.05,0.047,take_profit,False,5,3,12957125.56,608984.9,2024
ABDL,2024-08-22,2024-08-26,330.3116,320.4023,3.91,3.8,7.39,-0.03,-0.033,stopped_out,True,4,2,16626614.47,-548678.28,2024
DEVYANI,2024-08-22,2024-08-23,181.4807,190.5547,2.45,1.61,2.77,0.05,0.047,take_profit,False,1,1,13301291.57,625160.7,2024
JYOTICNC,2024-08-22,2024-08-26,1222.8611,1284.0042,4.63,2.76,7.8,0.05,0.047,take_profit,False,4,2,20783268.08,976813.6,2024
AARTIPHARM,2024-08-22,2024-08-29,661.2743,694.338,0.88,1.84,2.52,0.05,0.047,take_profit,False,7,5,10641033.26,500128.56,2024
TATAELXSI,2024-08-23,2024-08-26,7012.3682,7362.9866,0.89,2.61,1.62,0.05,0.047,take_profit,False,3,1,11298117.06,531011.5,2024
ELGIEQUIP,2024-08-26,2024-08-30,717.4973,695.9724,1.44,3.7,2.89,-0.03,-0.033,stopped_out,True,4,4,21685145.03,-715609.79,2024
POLYMED,2024-08-26,2024-09-03,2322.9925,2439.1421,2.23,4.7,3.5,0.05,0.047,take_profit,False,8,6,17348116.02,815361.45,2024
TI,2024-08-26,2024-08-30,254.9631,267.7113,1.47,1.62,2.53,0.05,0.047,take_profit,False,4,4,13878492.82,652289.16,2024
NETWEB,2024-08-26,2024-08-27,2685.8396,2605.2644,2.16,2.44,5.32,-0.03,-0.033,stopped_out,True,1,1,11102794.26,-366392.21,2024
ECLERX,2024-08-27,2024-09-02,2808.9844,2949.4336,1.39,4.91,1.61,0.05,0.047,take_profit,False,6,4,11029515.81,518387.24,2024
CHOICEIN,2024-08-29,2024-09-10,439.7698,461.7583,2.05,1.53,1.94,0.05,0.047,take_profit,False,12,8,11051845.02,519436.72,2024
RADICO,2024-08-30,2024-09-02,1940.2073,2037.2177,5.76,8.15,6.79,0.05,0.047,take_profit,False,3,1,15941539.46,749252.35,2024
PRESTIGE,2024-08-30,2024-09-04,1810.235,1755.9279,1.02,9.95,3.31,-0.03,-0.033,stopped_out,True,5,3,12753231.57,-420856.64,2024
GAEL,2024-09-02,2024-09-06,146.8832,142.4767,0.53,3.91,2.19,-0.03,-0.033,stopped_out,True,4,4,15850324.23,-523060.7,2024
THANGAMAYL,2024-09-02,2024-09-03,2213.5317,2324.2083,7.34,7.33,9.39,0.05,0.047,take_profit,False,1,1,12680259.38,595972.19,2024
AEGISLOG,2024-09-03,2024-09-09,827.9794,803.14,1.72,1.56,2.62,-0.03,-0.033,stopped_out,True,6,4,13145719.45,-433808.74,2024
CHALET,2024-09-03,2024-09-05,875.518,919.2939,1.54,1.67,2.46,0.05,0.047,take_profit,False,2,2,16432149.31,772311.02,2024
REFEX,2024-09-04,2024-09-05,380.3855,399.4047,12.4,4.45,15.71,0.05,0.047,take_profit,False,1,1,12983050.55,610203.38,2024
PVRINOX,2024-09-05,2024-09-13,1580.9401,1659.9871,0.6,3.19,3.39,0.05,0.047,take_profit,False,8,6,16545983.29,777661.21,2024
AAVAS,2024-09-05,2024-09-06,1816.6579,1907.4908,0.69,2.46,3.64,0.05,0.047,take_profit,False,1,1,13236786.63,622128.97,2024
GODFRYPHLP,2024-09-06,2024-09-09,2362.6402,2291.761,2.66,2.38,12.87,-0.03,-0.033,stopped_out,True,3,1,16426665.13,-542079.95,2024
TATATECH,2024-09-06,2024-09-09,1095.921,1063.0433,0.66,2.92,2.74,-0.03,-0.033,stopped_out,True,3,1,13141332.1,-433663.96,2024
BALUFORGE,2024-09-09,2024-09-11,854.4122,828.7798,3.89,2.3,10.78,-0.03,-0.033,stopped_out,True,2,2,18773898.49,-619538.65,2024
UNITDSPR,2024-09-09,2024-09-20,1484.9344,1559.1811,0.68,2.1,2.76,0.05,0.047,take_profit,False,11,9,15019118.79,705898.58,2024
DABUR,2024-09-09,2024-09-23,649.2975,647.3755,1.31,2.73,2.69,-0.00296,-0.00596,time_exit,False,14,10,12015295.03,-71611.16,2024
AETHER,2024-09-10,2024-09-11,1059.8797,1028.0833,0.84,7.91,6.04,-0.03,-0.033,stopped_out,True,1,1,11926492.37,-393574.25,2024
PRSMJOHNSN,2024-09-11,2024-09-12,232.7263,225.7445,3.13,11.32,11.4,-0.03,-0.033,stopped_out,True,1,1,15478649.49,-510795.43,2024
CYIENT,2024-09-11,2024-09-18,2018.281,1957.7325,1.33,1.76,1.99,-0.03,-0.033,stopped_out,True,7,5,12382919.59,-408636.35,2024
ABREL,2024-09-12,2024-09-13,2781.9963,2921.0961,1.58,2.34,6.39,0.05,0.047,take_profit,False,1,1,12899906.49,606295.6,2024
WIPRO,2024-09-13,2024-09-18,258.1954,250.4495,0.87,2.28,3.15,-0.03,-0.033,stopped_out,True,5,3,16485894.51,-544034.52,2024
NEWGEN,2024-09-13,2024-09-19,1186.284,1245.5982,4.45,4.14,9.24,0.05,0.047,take_profit,False,6,4,13188715.61,619869.63,2024
SHRIRAMFIN,2024-09-18,2024-09-25,699.6391,678.65,0.93,1.83,3.78,-0.03,-0.033,stopped_out,True,7,5,16134201.13,-532428.64,2024
BAJFINANCE,2024-09-18,2024-10-03,758.8093,736.045,1.38,1.88,3.3,-0.03,-0.033,stopped_out,True,15,10,12907360.91,-425942.91,2024
JUBLFOOD,2024-09-19,2024-10-01,694.5867,673.7491,1.1,1.68,2.32,-0.03,-0.033,stopped_out,True,12,8,13087605.77,-431890.99,2024
MANKIND,2024-09-20,2024-09-23,2536.0181,2662.819,5.57,3.12,1.8,0.05,0.047,take_profit,False,3,1,13615088.09,639909.14,2024
KARURVYSYA,2024-09-23,2024-09-30,181.4961,176.0512,1.65,3.33,3.23,-0.03,-0.033,stopped_out,True,7,5,16131806.7,-532349.62,2024
NAM-INDIA,2024-09-23,2024-09-26,671.5275,651.3817,1.45,2.03,3.48,-0.03,-0.033,stopped_out,True,3,3,12905445.36,-425879.7,2024
SENCO,2024-09-25,2024-10-01,725.2788,761.5428,3.27,1.91,3.84,0.05,0.047,take_profit,False,6,4,13444710.78,631901.41,2024
NATIONALUM,2024-09-26,2024-09-30,188.1596,197.5676,2.78,2.25,4.27,0.05,0.047,take_profit,False,4,2,13251681.76,622829.04,2024
RELIGARE,2024-09-30,2024-10-04,292.0459,283.2846,2.43,2.31,6.49,-0.03,-0.033,stopped_out,True,4,3,13196911.19,-435498.07,2024
TIINDIA,2024-09-30,2024-10-03,4329.4102,4199.5279,0.91,1.54,4.26,-0.03,-0.033,stopped_out,True,3,2,16496138.98,-544372.59,2024
TEGA,2024-10-01,2024-10-07,1973.5233,1914.3176,1.34,4.61,4.82,-0.03,-0.033,stopped_out,True,6,3,15903994.34,-524831.81,2024
POLYCAB,2024-10-01,2024-10-07,7289.4217,7070.739,1.79,2.78,4.85,-0.03,-0.033,stopped_out,True,6,3,12723195.48,-419865.45,2024
KITEX,2024-10-03,2024-10-04,185.0794,179.527,2.66,2.42,2.12,-0.03,-0.033,stopped_out,True,1,1,15865193.26,-523551.38,2024
PETRONET,2024-10-03,2024-10-07,344.8306,334.4857,2.91,4.79,7.19,-0.03,-0.033,stopped_out,True,4,2,12692154.61,-418841.1,2024
JKPAPER,2024-10-04,2024-10-08,483.462,468.9582,1.98,7.06,5.28,-0.03,-0.033,stopped_out,True,4,2,15774334.69,-520553.04,2024
APTUS,2024-10-04,2024-10-07,352.2778,369.8917,2.1,3.44,5.74,0.05,0.047,take_profit,False,3,1,12619467.75,593114.98,2024
CGPOWER,2024-10-07,2024-10-09,756.3518,794.1694,0.72,2.55,5.73,0.05,0.047,take_profit,False,2,2,20729251.96,974274.84,2024
PAYTM,2024-10-08,2024-10-09,750.9753,728.446,1.67,2.4,14.2,-0.03,-0.033,stopped_out,True,1,1,10052688.84,-331738.73,2024
SKIPPER,2024-10-08,2024-10-09,501.2081,526.2685,3.06,3.96,11.37,0.05,0.047,take_profit,False,1,1,19634157.89,922805.42,2024
M&M,2024-10-08,2024-10-16,3142.1885,3047.9228,2.47,1.56,2.99,-0.03,-0.033,stopped_out,True,8,6,15707326.31,-518341.77,2024
TRITURBINE,2024-10-08,2024-10-11,722.9739,759.1226,4.57,4.45,11.12,0.05,0.047,take_profit,False,3,3,12565861.05,590595.47,2024
IPCALAB,2024-10-09,2024-10-14,1608.7137,1689.1494,2.46,1.95,4.35,0.05,0.047,take_profit,False,5,3,14750751.29,693285.31,2024
MTARTECH,2024-10-09,2024-10-17,1784.4418,1730.9086,1.91,2.15,2.24,-0.03,-0.033,stopped_out,True,8,6,11800601.04,-389419.83,2024
AIIL,2024-10-09,2024-10-14,364.2873,353.3587,4.49,2.03,5.77,-0.03,-0.033,stopped_out,True,5,3,18438439.12,-608468.49,2024
BANDHANBNK,2024-10-11,2024-10-14,208.4608,202.207,3.73,6.29,4.09,-0.03,-0.033,stopped_out,True,3,1,12071772.13,-398368.48,2024
TIMETECHNO,2024-10-14,2024-10-15,208.1084,218.5139,6.04,1.63,4.94,0.05,0.047,take_profit,False,1,1,18646899.88,876404.29,2024
HIKAL,2024-10-14,2024-10-21,362.377,380.4958,3.64,3.04,7.13,0.05,0.047,take_profit,False,7,5,14917519.91,701123.44,2024
BSE,2024-10-14,2024-10-16,1598.9253,1519.4453,4.16,2.08,6.03,-0.049708,-0.052708,stopped_out_gap,False,2,2,11934015.93,-629018.11,2024
HINDPETRO,2024-10-15,2024-10-22,408.0528,395.8112,4.08,2.16,2.15,-0.03,-0.033,stopped_out,True,7,5,13451873.58,-443911.83,2024
HDFCAMC,2024-10-16,2024-10-18,2370.6679,2299.5479,1.27,5.3,5.87,-0.03,-0.033,stopped_out,True,2,2,16060295.33,-529989.75,2024
BEML,2024-10-16,2024-10-18,1921.7717,2017.8603,0.94,5.9,2.7,0.05,0.047,take_profit,False,2,2,12848236.27,603867.1,2024
LATENTVIEW,2024-10-17,2024-10-22,484.9424,470.3941,0.89,5.39,2.93,-0.03,-0.033,stopped_out,True,5,3,12560825.25,-414507.23,2024
WIPRO,2024-10-18,2024-10-30,257.281,270.1451,1.64,4.34,3.13,0.05,0.047,take_profit,False,12,8,15845141.99,744721.67,2024
AXISBANK,2024-10-18,2024-10-23,1196.4259,1160.5331,2.86,1.98,3.35,-0.03,-0.033,stopped_out,True,5,3,12676113.6,-418311.75,2024
TATACHEM,2024-10-21,2024-10-22,1175.9687,1140.6896,0.85,5.37,4.3,-0.03,-0.033,stopped_out,True,1,1,13264619.54,-437732.44,2024
POLYMED,2024-10-22,2024-10-28,2521.0849,2647.1391,0.92,3.93,2.82,0.05,0.047,take_profit,False,6,4,11653074.57,547694.5,2024
CUB,2024-10-22,2024-10-29,167.0207,175.3717,2.97,13.78,2.75,0.05,0.047,take_profit,False,7,5,18207929.01,855772.66,2024
CUB,2024-10-22,2024-10-29,167.0207,175.3717,4.04,13.78,2.75,0.05,0.047,take_profit,False,7,5,14566343.21,684618.13,2024
COFORGE,2024-10-23,2024-11-06,1494.9961,1547.1926,7.82,5.8,8.76,0.034914,0.031914,time_exit,False,14,10,11774020.02,375756.07,2024
LAURUSLABS,2024-10-28,2024-10-29,490.9675,476.2385,0.55,1.8,6.16,-0.03,-0.033,stopped_out,True,1,1,11859369.83,-391359.2,2024
FIRSTCRY,2024-10-29,2024-10-30,694.5971,673.7592,2.54,1.73,11.36,-0.03,-0.033,stopped_out,True,1,1,18644030.59,-615253.01,2024
ICICIBANK,2024-10-29,2024-10-31,1322.3128,1282.6434,2.35,1.53,2.34,-0.03,-0.033,stopped_out,True,2,2,14915224.47,-492202.41,2024
SHARDACROP,2024-10-29,2024-10-31,699.1485,734.1059,2.79,4.44,8.94,0.05,0.047,take_profit,False,2,2,11932179.58,560812.44,2024
BEL,2024-10-30,2024-11-05,286.4396,277.8464,1.45,2.09,1.8,-0.03,-0.033,stopped_out,True,6,4,16469471.91,-543492.57,2024
SUPRIYA,2024-10-30,2024-11-04,624.718,655.9539,1.49,3.33,2.52,0.05,0.047,take_profit,False,5,3,13175577.53,619252.14,2024
POLYMED,2024-10-31,2024-11-01,2870.6961,3014.2309,3.46,3.89,3.02,0.05,0.047,take_profit,False,1,1,15923664.84,748412.25,2024
BLS,2024-10-31,2024-11-06,394.133,413.6808,4.2,1.62,4.56,0.049597,0.046597,take_profit_gap,False,6,4,12738931.87,593596.01,2024
WOCKPHARMA,2024-11-04,2024-11-05,1310.6049,1271.2868,2.93,2.53,4.88,-0.03,-0.033,stopped_out,True,1,1,13027621.48,-429911.51,2024
RATEGAIN,2024-11-04,2024-11-07,795.4475,835.2199,1.71,1.77,3.65,0.05,0.047,take_profit,False,3,3,16284526.85,765372.76,2024
PARADEEP,2024-11-05,2024-11-07,108.607,114.0374,2.57,2.02,5.87,0.05,0.047,take_profit,False,2,2,16126835.05,757961.25,2024
HCG,2024-11-05,2024-11-11,474.8873,460.6407,2.95,5.97,7.1,-0.03,-0.033,stopped_out,True,6,4,12901468.04,-425748.45,2024
KALYANKJIL,2024-11-06,2024-11-13,698.3066,677.3574,3.39,1.8,7.86,-0.03,-0.033,stopped_out,True,7,5,15417635.23,-508781.96,2024
IFCI,2024-11-06,2024-11-07,65.2526,68.5152,10.2,2.99,13.41,0.05,0.047,take_profit,False,1,1,12334108.18,579703.08,2024
AVALON,2024-11-07,2024-11-08,707.9538,743.3515,7.04,11.53,6.41,0.05,0.047,take_profit,False,1,1,19236987.98,904138.44,2024
JSWENERGY,2024-11-07,2024-11-11,712.3424,747.9595,3.22,2.76,3.44,0.05,0.047,take_profit,False,4,2,15389590.38,723310.75,2024
KEC,2024-11-07,2024-11-08,1044.635,1013.2959,3.16,8.85,7.65,-0.03,-0.033,stopped_out,True,1,1,12311672.31,-406285.19,2024
INDHOTEL,2024-11-08,2024-11-13,731.1166,709.1831,4.65,6.62,3.23,-0.03,-0.033,stopped_out,True,5,3,16258640.55,-536535.14,2024
VIJAYA,2024-11-08,2024-11-11,1117.7584,1084.2257,2.26,6.75,9.21,-0.03,-0.033,stopped_out,True,3,1,13006912.44,-429228.11,2024
PFC,2024-11-11,2024-11-12,458.7217,444.9601,0.71,3.29,6.08,-0.03,-0.033,stopped_out,True,1,1,11928826.22,-393651.27,2024
ZAGGLE,2024-11-11,2024-11-13,433.2165,420.22,0.61,1.72,2.36,-0.03,-0.033,stopped_out,True,2,2,14911032.77,-492064.08,2024
JSWENERGY,2024-11-11,2024-11-12,736.7083,773.5437,2.39,2.37,4.14,0.05,0.047,take_profit,False,1,1,18638790.96,876023.18,2024
ERIS,2024-11-12,2024-11-13,1362.3997,1321.5277,0.5,3.54,3.22,-0.03,-0.033,stopped_out,True,1,1,15753058.79,-519850.94,2024
JUBLFOOD,2024-11-12,2024-11-13,636.0594,616.9777,0.91,7.52,1.68,-0.03,-0.033,stopped_out,True,1,1,12602447.03,-415880.75,2024
DCMSHRIRAM,2024-11-14,2024-11-19,1287.8111,1352.2016,2.24,2.86,9.43,0.05,0.047,take_profit,False,5,2,24575897.93,1155067.2,2024
EICHERMOT,2024-11-14,2024-12-02,4823.5966,4678.8887,2.93,4.42,3.35,-0.03,-0.033,stopped_out,True,18,10,19660718.34,-648803.71,2024
BANCOINDIA,2024-11-14,2024-11-18,403.0156,423.1663,3.15,10.18,6.49,0.05,0.047,take_profit,False,4,1,15728574.67,739243.01,2024
BANCOINDIA,2024-11-14,2024-11-18,403.0156,423.1663,16.48,10.18,6.49,0.05,0.047,take_profit,False,4,1,12582859.74,591394.41,2024
AEGISLOG,2024-11-14,2024-11-18,796.9927,836.8423,4.91,2.07,2.63,0.05,0.047,take_profit,False,4,1,10066287.79,473115.53,2024
NATIONALUM,2024-11-18,2024-11-21,222.3679,233.4863,2.77,4.77,6.16,0.05,0.047,take_profit,False,3,2,16089325.26,756198.29,2024
PREMIERENE,2024-11-18,2024-11-19,1084.2959,1051.767,3.76,2.11,10.16,-0.03,-0.033,stopped_out,True,1,1,12871460.21,-424758.19,2024
WEBELSOLAR,2024-11-18,2024-11-21,128.6643,135.0975,6.24,2.2,8.89,0.05,0.047,take_profit,False,3,2,10297168.17,483966.9,2024
MTARTECH,2024-11-19,2024-12-04,1744.1717,1786.0066,1.2,5.08,7.3,0.023986,0.020986,time_exit,False,15,10,15873267.97,333116.4,2024
HDFCBANK,2024-11-19,2024-11-28,859.9368,902.9337,0.88,1.74,1.65,0.05,0.047,take_profit,False,9,6,12698614.37,596834.88,2024
INDHOTEL,2024-11-21,2024-12-05,784.8853,817.2866,2.49,2.86,3.53,0.041282,0.038282,time_exit,False,14,10,15684223.22,600423.43,2024
WEBELSOLAR,2024-11-21,2024-11-22,137.9139,133.7765,0.76,1.52,2.49,-0.03,-0.033,stopped_out,True,1,1,12547378.58,-414063.49,2024
CCL,2024-11-22,2024-11-27,734.6408,771.3729,3.17,1.65,3.65,0.05,0.047,take_profit,False,5,3,12464565.88,585834.6,2024
HCC,2024-11-27,2024-11-28,40.9805,43.0295,6.64,2.53,6.81,0.05,0.047,take_profit,False,1,1,12581732.8,591341.44,2024
SUDARSCHEM,2024-11-28,2024-12-03,1041.0347,1093.0864,3.55,1.79,5.41,0.05,0.047,take_profit,False,5,3,15359090.94,721877.27,2024
STAR,2024-11-28,2024-12-04,1588.9658,1541.2969,0.95,2.03,3.86,-0.03,-0.033,stopped_out,True,6,4,12287272.75,-405480.0,2024
VAIBHAVGBL,2024-12-02,2024-12-10,285.6169,299.8977,1.72,1.83,4.79,0.05,0.047,take_profit,False,8,6,13632201.13,640713.45,2024
GALLANTT,2024-12-03,2024-12-05,381.8683,370.4123,4.15,1.77,5.0,-0.03,-0.033,stopped_out,True,2,2,14121954.54,-466024.5,2024
IOB,2024-12-04,2024-12-10,58.9995,57.2295,3.44,5.77,8.0,-0.03,-0.033,stopped_out,True,6,4,16915199.06,-558201.57,2024
IOB,2024-12-04,2024-12-10,58.9995,57.2295,0.73,5.77,8.0,-0.03,-0.033,stopped_out,True,6,4,13532159.25,-446561.26,2024
BORORENEW,2024-12-05,2024-12-06,512.306,537.9213,6.29,5.29,2.82,0.05,0.047,take_profit,False,1,1,16813842.74,790250.61,2024
FINCABLES,2024-12-05,2024-12-13,1291.5791,1252.8317,1.44,7.36,7.28,-0.03,-0.033,stopped_out,True,8,6,13451074.19,-443885.45,2024
IRFC,2024-12-06,2024-12-11,155.7766,163.5654,3.64,3.04,4.75,0.05,0.047,take_profit,False,5,3,14281678.02,671238.87,2024
SYRMA,2024-12-10,2024-12-12,577.8697,606.7631,3.84,2.2,3.76,0.05,0.047,take_profit,False,2,2,16134755.54,758333.51,2024
ELECON,2024-12-10,2024-12-17,658.8414,639.0762,2.13,2.39,5.53,-0.03,-0.033,stopped_out,True,7,5,12907804.43,-425957.55,2024
CIEINDIA,2024-12-10,2024-12-13,499.9093,484.912,3.5,4.35,3.91,-0.03,-0.033,stopped_out,True,3,3,20168444.43,-665558.67,2024
IXIGO,2024-12-11,2024-12-13,156.9885,152.2788,5.67,7.63,8.21,-0.03,-0.033,stopped_out,True,2,2,13316826.92,-439455.29,2024
WAAREEENER,2024-12-12,2024-12-13,3292.0495,3193.288,0.79,3.01,1.77,-0.03,-0.033,stopped_out,True,1,1,14032079.35,-463058.62,2024
V2RETAIL,2024-12-13,2024-12-17,1461.4804,1596.2015,2.14,1.85,5.08,0.092181,0.089181,take_profit_gap,False,4,2,23016956.85,2052675.23,2024
SHAKTIPUMP,2024-12-13,2024-12-17,898.7763,982.3894,7.09,1.55,6.06,0.09303,0.09003,take_profit_gap,False,4,2,18413565.48,1657773.3,2024
LUMAXTECH,2024-12-13,2024-12-16,603.4156,633.5864,2.32,3.36,3.61,0.05,0.047,take_profit,False,3,1,14730852.39,692350.06,2024
SUNFLAG,2024-12-13,2024-12-18,274.3761,266.1448,2.22,4.55,8.28,-0.03,-0.033,stopped_out,True,5,3,11784681.91,-388894.5,2024
SHAREINDIA,2024-12-16,2024-12-17,310.4943,326.0191,0.73,3.81,3.42,0.05,0.047,take_profit,False,1,1,12512386.02,588082.14,2024
FIVESTAR,2024-12-17,2024-12-19,740.5547,709.1363,2.07,2.87,5.65,-0.042426,-0.045426,stopped_out_gap,False,2,2,24154566.0,-1097245.31,2024
BLUEJET,2024-12-17,2024-12-18,543.3161,570.4819,5.35,5.26,3.62,0.05,0.047,take_profit,False,1,1,19323652.8,908211.68,2024
MAZDOCK,2024-12-17,2024-12-18,2637.5427,2558.4164,0.53,2.36,5.07,-0.03,-0.033,stopped_out,True,1,1,15458922.24,-510144.43,2024
EDELWEISS,2024-12-17,2024-12-18,136.9005,132.7935,1.84,3.06,7.54,-0.03,-0.033,stopped_out,True,1,1,12367137.79,-408115.55,2024
RADICO,2024-12-18,2024-12-20,2550.7772,2474.2539,1.39,6.28,2.79,-0.03,-0.033,stopped_out,True,2,2,11059609.92,-364967.13,2024
KFINTECH,2024-12-18,2024-12-19,1320.5231,1386.5492,2.94,3.7,6.89,0.05,0.047,take_profit,False,1,1,13824512.4,649752.08,2024
SUPREMEIND,2024-12-18,2024-12-20,5065.4944,4913.5295,0.65,1.97,2.45,-0.03,-0.033,stopped_out,True,2,2,21600800.62,-712826.42,2024
BLUEJET,2024-12-18,2024-12-19,572.7292,601.3656,1.26,4.47,4.84,0.05,0.047,take_profit,False,1,1,17280640.5,812190.1,2024
DRREDDY,2024-12-19,2024-12-27,1317.9045,1383.7997,2.75,3.23,3.97,0.05,0.047,take_profit,False,8,5,19972571.09,938710.84,2024
KFINTECH,2024-12-19,2024-12-23,1420.2557,1377.648,3.65,4.99,9.75,-0.03,-0.033,stopped_out,True,4,2,15978056.87,-527275.88,2024
ANANTRAJ,2024-12-19,2024-12-26,837.0613,811.9495,2.42,1.53,7.39,-0.03,-0.033,stopped_out,True,7,4,12782445.49,-421820.7,2024
NEWGEN,2024-12-20,2024-12-26,1567.1594,1645.5174,0.7,3.14,2.55,0.05,0.047,take_profit,False,6,3,16542479.79,777496.55,2024
MTARTECH,2024-12-20,2024-12-23,1723.0611,1671.3692,1.06,5.3,3.12,-0.03,-0.033,stopped_out,True,3,1,13233983.83,-436721.47,2024
DEVYANI,2024-12-23,2024-12-27,177.3887,186.2581,1.19,3.28,2.49,0.05,0.047,take_profit,False,4,3,16236795.74,763129.4,2024
INTELLECT,2024-12-23,2024-12-24,956.9055,928.1983,5.41,15.04,16.33,-0.03,-0.033,stopped_out,True,1,1,12989436.59,-428651.41,2024
KFINTECH,2024-12-24,2024-12-26,1467.8608,1541.2538,1.76,2.7,4.05,0.05,0.047,take_profit,False,2,1,12903706.31,606474.2,2024
J&KBANK,2024-12-26,2024-12-30,99.9899,96.9902,1.53,4.42,3.03,-0.03,-0.033,stopped_out,True,4,2,15168897.1,-500573.6,2024
AARTIPHARM,2024-12-26,2024-12-27,627.4861,658.8604,7.31,7.59,8.09,0.05,0.047,take_profit,False,1,1,12135117.68,570350.53,2024
HSCL,2024-12-26,2025-01-03,565.3674,593.6358,1.71,2.2,1.95,0.05,0.047,take_profit,False,8,6,18961121.38,891172.7,2025
SAGILITY,2024-12-27,2024-12-30,53.8331,52.2181,0.86,1.5,3.2,-0.03,-0.033,stopped_out,True,3,1,19831429.2,-654437.16,2024
CAMPUS,2024-12-27,2024-12-30,314.7873,330.5267,3.21,4.07,3.24,0.05,0.047,take_profit,False,3,1,15865143.36,745661.74,2024
SAGILITY,2024-12-27,2024-12-30,53.8331,52.2181,1.17,1.5,3.2,-0.03,-0.033,stopped_out,True,3,1,12692114.69,-418839.78,2024
INOXGREEN,2024-12-30,2025-01-06,175.2776,170.0193,1.97,1.58,8.14,-0.03,-0.033,stopped_out,True,7,5,22699570.86,-749085.84,2025
HAPPSTMNDS,2024-12-30,2025-01-01,741.9372,719.6791,3.37,8.63,6.98,-0.03,-0.033,stopped_out,True,2,2,18159656.69,-599268.67,2025
KNRCON,2024-12-30,2025-01-06,340.8352,330.6102,4.63,4.19,7.47,-0.03,-0.033,stopped_out,True,7,5,14527725.35,-479414.94,2025
ASHOKA,2024-12-30,2025-01-01,313.3466,303.9462,4.2,1.8,6.71,-0.03,-0.033,stopped_out,True,2,2,11622180.28,-383531.95,2025
PARKHOTELS,2025-01-01,2025-01-02,189.8184,199.3093,2.37,1.77,1.5,0.05,0.047,take_profit,False,1,1,12046041.19,566163.94,2025
JINDWORLD,2025-01-01,2025-01-07,84.6623,88.8954,4.03,1.68,5.22,0.05,0.047,take_profit,False,6,4,15057551.49,707704.92,2025
BAJFINANCE,2025-01-02,2025-01-13,734.7556,712.713,5.57,2.97,5.86,-0.03,-0.033,stopped_out,True,11,7,12159273.98,-401256.04,2025
QUESS,2025-01-03,2025-01-06,655.3061,635.6469,1.14,3.58,1.68,-0.03,-0.033,stopped_out,True,3,1,13697878.0,-452029.97,2025
RBLBANK,2025-01-06,2025-01-08,166.2688,161.2807,1.08,1.63,1.77,-0.03,-0.033,stopped_out,True,2,2,20807231.09,-686638.63,2025
AEGISLOG,2025-01-06,2025-01-07,837.8298,879.7213,2.38,10.68,4.79,0.05,0.047,take_profit,False,1,1,16645784.87,782351.89,2025
EQUITASBNK,2025-01-06,2025-01-10,69.4147,67.3322,1.66,4.18,4.17,-0.03,-0.033,stopped_out,True,4,4,13316627.9,-439448.72,2025
NAVINFLUOR,2025-01-07,2025-01-09,3471.3283,3644.8947,1.21,2.09,3.83,0.05,0.047,take_profit,False,2,2,17291980.95,812723.1,2025
VIJAYA,2025-01-07,2025-01-08,1207.7722,1171.539,0.69,6.04,4.91,-0.03,-0.033,stopped_out,True,1,1,13833584.76,-456508.3,2025
CREDITACC,2025-01-08,2025-01-09,1029.6145,998.7261,6.97,10.87,12.47,-0.03,-0.033,stopped_out,True,1,1,17766401.6,-586291.25,2025
REFEX,2025-01-08,2025-01-10,501.3854,486.3438,1.47,2.82,2.42,-0.03,-0.033,stopped_out,True,2,2,14213121.28,-469033.0,2025
NAVINFLUOR,2025-01-09,2025-01-10,3816.8841,3639.0433,2.38,11.43,6.52,-0.046593,-0.049593,stopped_out_gap,False,1,1,18427459.9,-913873.02,2025
NAVINFLUOR,2025-01-09,2025-01-10,3816.8841,3639.0433,1.91,11.43,6.52,-0.046593,-0.049593,stopped_out_gap,False,1,1,14741967.92,-731098.42,2025
TCS,2025-01-10,2025-01-21,4050.684,3929.1635,1.09,3.46,1.56,-0.03,-0.033,stopped_out,True,11,7,11992432.18,-395750.26,2025
LTIM,2025-01-10,2025-01-14,6048.7851,5867.3215,1.68,2.64,4.12,-0.03,-0.033,stopped_out,True,4,2,14990540.23,-494687.83,2025
TCS,2025-01-10,2025-01-21,4050.684,3929.1635,2.1,3.46,1.56,-0.03,-0.033,stopped_out,True,11,7,23422719.11,-772949.73,2025
HCLTECH,2025-01-10,2025-01-14,1909.1455,1850.8357,1.05,1.9,3.05,-0.030542,-0.033542,stopped_out_gap,False,4,2,18738175.29,-628515.88,2025
KITEX,2025-01-13,2025-01-16,236.8996,229.7927,2.15,1.74,2.78,-0.03,-0.033,stopped_out,True,3,3,11945549.33,-394203.13,2025
IOB,2025-01-14,2025-01-15,53.7969,51.7741,2.6,4.57,17.89,-0.0376,-0.0406,stopped_out_gap,False,1,1,16077541.83,-652748.2,2025
MINDACORP,2025-01-14,2025-01-15,540.1751,567.1839,2.82,2.91,5.86,0.05,0.047,take_profit,False,1,1,12862033.46,604515.57,2025
ANANTRAJ,2025-01-15,2025-01-21,894.6208,867.7822,4.23,1.78,7.14,-0.03,-0.033,stopped_out,True,6,4,16067895.3,-530240.55,2025
ADANIPOWER,2025-01-15,2025-01-16,109.9449,116.9415,3.01,4.54,1.76,0.063637,0.060637,take_profit_gap,False,1,1,12854316.24,779447.17,2025
IDBI,2025-01-16,2025-01-17,78.0011,81.9011,3.77,5.69,7.25,0.05,0.047,take_profit,False,1,1,15320474.92,720062.32,2025
JWL,2025-01-16,2025-01-17,493.777,478.9637,5.82,11.48,12.96,-0.03,-0.033,stopped_out,True,1,1,12256379.94,-404460.54,2025
BDL,2025-01-17,2025-01-20,1267.4839,1330.8581,4.24,4.13,6.23,0.05,0.047,take_profit,False,3,1,12306876.22,578423.18,2025
GODREJCP,2025-01-17,2025-01-22,1163.6802,1128.7698,0.53,1.7,3.01,-0.03,-0.033,stopped_out,True,5,3,15383595.28,-507658.64,2025
KRN,2025-01-20,2025-01-21,829.1644,870.6226,0.64,2.28,9.2,0.05,0.047,take_profit,False,1,1,12422560.86,583860.36,2025
CENTURYPLY,2025-01-21,2025-01-24,818.0228,793.4821,0.72,3.95,3.89,-0.03,-0.033,stopped_out,True,3,3,17996923.31,-593898.47,2025
PARADEEP,2025-01-21,2025-01-24,124.0142,120.2937,2.03,2.65,7.82,-0.03,-0.033,stopped_out,True,3,3,22496154.14,-742373.09,2025
STARCEMENT,2025-01-22,2025-01-23,228.0406,220.3765,0.7,2.84,6.92,-0.033608,-0.036608,stopped_out_gap,False,1,1,17372725.98,-635980.75,2025
JSFB,2025-01-22,2025-01-23,437.6687,418.8405,5.39,15.15,16.31,-0.043019,-0.046019,stopped_out_gap,False,1,1,13898180.78,-639580.38,2025
WIPRO,2025-01-22,2025-02-04,289.8954,304.3902,1.55,2.51,3.26,0.05,0.047,take_profit,False,13,10,11118544.63,522571.6,2025
GODIGIT,2025-01-23,2025-01-24,327.5137,317.6883,4.38,8.73,8.04,-0.03,-0.033,stopped_out,True,1,1,14893904.83,-491498.86,2025
KEI,2025-01-23,2025-01-24,4473.3283,4339.1285,1.64,4.5,8.83,-0.03,-0.033,stopped_out,True,1,1,11915123.86,-393199.09,2025
CGCL,2025-01-24,2025-01-27,200.4868,192.4986,3.69,17.3,6.76,-0.039844,-0.042844,stopped_out_gap,False,3,1,22548326.42,-966060.5,2025
MAZDOCK,2025-01-28,2025-01-31,2306.885,2422.2293,1.66,1.93,3.69,0.05,0.047,take_profit,False,3,3,22355114.32,1050690.37,2025
BANKINDIA,2025-01-28,2025-02-03,105.7288,102.2378,1.94,4.1,5.48,-0.033019,-0.036019,stopped_out_gap,False,6,5,17884091.45,-644167.09,2025
BAJFINANCE,2025-01-28,2025-01-30,756.3731,794.1918,1.24,2.26,2.93,0.05,0.047,take_profit,False,2,2,14307273.16,672441.84,2025
BANKINDIA,2025-01-28,2025-02-03,105.7288,102.2378,2.68,4.1,5.48,-0.033019,-0.036019,stopped_out_gap,False,6,5,11445818.53,-412266.94,2025
UJJIVANSFB,2025-01-30,2025-02-03,35.3977,37.1676,2.36,1.8,4.06,0.05,0.047,take_profit,False,4,3,12152597.82,571172.1,2025
TATACONSUM,2025-01-31,2025-02-13,1017.6204,1014.7678,3.88,2.57,5.63,-0.002803,-0.005803,time_exit,False,13,10,14403239.2,-83582.0,2025
GREENPANEL,2025-02-03,2025-02-06,375.97,364.6909,3.85,6.07,4.78,-0.03,-0.033,stopped_out,True,3,3,19722040.53,-650827.34,2025
GREENPANEL,2025-02-03,2025-02-06,375.97,364.6909,1.31,6.07,4.78,-0.03,-0.033,stopped_out,True,3,3,15777632.43,-520661.87,2025
DEVYANI,2025-02-03,2025-02-05,185.1025,179.5494,3.82,3.19,4.53,-0.03,-0.033,stopped_out,True,2,2,12622105.94,-416529.5,2025
GODREJAGRO,2025-02-04,2025-02-07,772.1807,749.0153,0.64,2.77,2.66,-0.03,-0.033,stopped_out,True,3,3,12425908.0,-410054.96,2025
DATAMATICS,2025-02-05,2025-02-06,680.5971,660.1792,3.95,3.46,9.69,-0.03,-0.033,stopped_out,True,1,1,12381841.69,-408600.78,2025
RPOWER,2025-02-06,2025-02-10,42.4112,41.1389,1.32,3.78,2.49,-0.03,-0.033,stopped_out,True,4,2,19165758.28,-632470.02,2025
ACMESOLAR,2025-02-06,2025-02-07,241.5567,234.31,6.8,1.76,5.27,-0.03,-0.033,stopped_out,True,1,1,15332606.63,-505976.02,2025
JKLAKSHMI,2025-02-06,2025-02-10,833.3977,808.3958,3.65,3.31,6.71,-0.03,-0.033,stopped_out,True,4,2,12266085.3,-404780.81,2025
GODFRYPHLP,2025-02-07,2025-02-10,1804.3905,1750.2588,7.67,10.82,15.77,-0.03,-0.033,stopped_out,True,3,1,15181364.97,-500985.04,2025
CHAMBLFERT,2025-02-07,2025-02-11,544.9295,528.5816,2.09,5.78,6.79,-0.03,-0.033,stopped_out,True,4,2,12145091.98,-400788.04,2025
PGIL,2025-02-12,2025-02-17,1397.3713,1355.4502,0.59,4.33,11.62,-0.03,-0.033,stopped_out,True,5,3,16863943.12,-556510.12,2025
ASHOKLEY,2025-02-12,2025-02-14,107.097,103.8841,3.14,4.58,7.52,-0.03,-0.033,stopped_out,True,2,2,21079928.9,-695637.65,2025
REDINGTON,2025-02-13,2025-02-17,239.3456,232.1653,3.31,2.82,7.21,-0.03,-0.033,stopped_out,True,4,2,10467255.0,-345419.41,2025
BAJAJFINSV,2025-02-13,2025-02-28,1849.2737,1870.4526,1.31,1.98,2.51,0.011453,0.008453,time_exit,False,15,10,13084068.75,110599.63,2025
SBICARD,2025-02-13,2025-02-21,857.7172,831.9857,4.0,3.35,4.22,-0.03,-0.033,stopped_out,True,8,6,16355085.94,-539717.84,2025
GODFRYPHLP,2025-02-14,2025-02-17,1978.8941,1919.5273,1.69,6.16,9.08,-0.03,-0.033,stopped_out,True,3,1,12450662.25,-410871.85,2025
GODFRYPHLP,2025-02-17,2025-02-18,2321.4363,2251.7932,7.58,4.85,20.31,-0.03,-0.033,stopped_out,True,1,1,17654341.6,-582593.27,2025
SANDUMA,2025-02-17,2025-02-18,137.8948,144.7895,1.77,10.67,9.11,0.05,0.047,take_profit,False,1,1,14123473.28,663803.24,2025
SANDUMA,2025-02-17,2025-02-18,137.8948,144.7895,13.17,10.67,9.11,0.05,0.047,take_profit,False,1,1,11298778.62,531042.6,2025
NH,2025-02-18,2025-02-25,1365.2686,1433.532,0.67,1.73,3.62,0.05,0.047,take_profit,False,7,5,17776792.11,835509.23,2025
KRN,2025-02-19,2025-02-20,854.8772,829.2309,2.6,2.03,14.85,-0.03,-0.033,stopped_out,True,1,1,14221433.69,-469307.31,2025
MINDACORP,2025-02-19,2025-02-20,546.764,530.3611,1.71,4.71,10.81,-0.03,-0.033,stopped_out,True,1,1,11377146.95,-375445.85,2025
GODREJIND,2025-02-20,2025-02-21,1012.2559,981.8882,0.82,10.98,17.73,-0.03,-0.033,stopped_out,True,1,1,14052483.05,-463731.94,2025
MEDANTA,2025-02-20,2025-02-28,1206.5689,1170.3719,2.65,2.01,5.55,-0.03,-0.033,stopped_out,True,8,5,11241986.44,-370985.55,2025
ANANDRATHI,2025-02-21,2025-03-04,1991.9794,2091.5783,0.62,3.75,3.2,0.05,0.047,take_profit,False,11,6,14874413.0,699097.41,2025
SAIL,2025-02-21,2025-02-24,111.4199,108.0773,1.42,2.31,3.17,-0.03,-0.033,stopped_out,True,3,1,11899530.4,-392684.5,2025
HAPPSTMNDS,2025-02-24,2025-02-27,714.0291,692.6083,0.87,5.72,7.99,-0.03,-0.033,stopped_out,True,3,2,11820993.5,-390092.79,2025
NH,2025-02-25,2025-03-03,1462.8376,1535.9795,2.39,9.18,5.19,0.05,0.047,take_profit,False,6,3,13179255.07,619424.99,2025
CREDITACC,2025-02-27,2025-02-28,971.9357,939.3301,0.79,10.07,10.48,-0.033547,-0.036547,stopped_out_gap,False,1,1,12829584.2,-468882.81,2025
AETHER,2025-02-28,2025-03-03,855.7777,898.5665,2.01,4.66,7.72,0.05,0.047,take_profit,False,3,1,17548941.49,824800.25,2025
HOMEFIRST,2025-02-28,2025-03-03,1016.0148,985.5344,1.19,13.48,11.76,-0.03,-0.033,stopped_out,True,3,1,14039153.19,-463292.06,2025
BLUESTARCO,2025-03-03,2025-03-04,2023.7947,2124.9845,1.58,5.01,4.91,0.05,0.047,take_profit,False,1,1,20380979.14,957906.02,2025
DBL,2025-03-03,2025-03-05,437.3271,459.1935,3.16,1.82,5.66,0.05,0.047,take_profit,False,2,2,16304783.31,766324.82,2025
NH,2025-03-03,2025-03-04,1612.6099,1535.6134,1.9,9.97,11.42,-0.047746,-0.050746,stopped_out_gap,False,1,1,13043826.65,-661922.03,2025
ANURAS,2025-03-03,2025-03-04,709.1918,687.9161,2.78,3.25,11.0,-0.03,-0.033,stopped_out,True,1,1,10435061.32,-344357.02,2025
KRN,2025-03-04,2025-03-05,923.5615,969.7396,3.0,1.92,7.01,0.05,0.047,take_profit,False,1,1,20225049.95,950577.35,2025
NLCINDIA,2025-03-04,2025-03-05,222.1519,214.7487,2.7,1.72,11.87,-0.033325,-0.036325,stopped_out_gap,False,1,1,16180039.96,-587739.95,2025
INDIGO,2025-03-05,2025-03-19,4692.5194,4927.1454,2.51,1.62,1.69,0.05,0.047,take_profit,False,14,9,9712369.28,456481.36,2025
QUESS,2025-03-05,2025-03-07,599.9414,631.0169,6.51,3.34,5.33,0.051797,0.048797,take_profit_gap,False,2,2,12140461.6,592418.1,2025
INDIGO,2025-03-05,2025-03-19,4692.5194,4927.1454,1.02,1.62,1.69,0.05,0.047,take_profit,False,14,9,18969471.24,891565.15,2025
REDINGTON,2025-03-05,2025-03-11,241.7337,234.4817,3.76,1.82,7.5,-0.03,-0.033,stopped_out,True,6,4,23711839.05,-782490.69,2025
TATASTEEL,2025-03-05,2025-03-10,142.8419,149.984,3.6,1.91,5.11,0.05,0.047,take_profit,False,5,3,15175577.0,713252.12,2025
INOXWIND,2025-03-07,2025-03-10,170.8354,165.7103,2.66,6.65,10.52,-0.03,-0.033,stopped_out,True,3,1,10316471.36,-340443.55,2025
SOLARINDS,2025-03-10,2025-03-20,9836.1305,10327.937,0.52,3.06,3.77,0.05,0.047,take_profit,False,10,7,13426148.47,631028.98,2025
SARDAEN,2025-03-11,2025-03-19,526.3926,559.2659,1.61,4.0,7.56,0.06245,0.05945,take_profit_gap,False,8,5,15326788.45,911177.57,2025
THANGAMAYL,2025-03-11,2025-03-12,1843.5083,1788.2031,0.68,3.21,13.24,-0.03,-0.033,stopped_out,True,1,1,12261430.76,-404627.22,2025
BALRAMCHIN,2025-03-12,2025-03-13,483.5304,469.0245,2.55,4.84,7.49,-0.03,-0.033,stopped_out,True,1,1,12180505.32,-401956.68,2025
DMART,2025-03-13,2025-03-25,3798.9986,3988.9486,0.82,4.09,3.15,0.05,0.047,take_profit,False,12,7,12100113.98,568705.36,2025
GICRE,2025-03-19,2025-03-21,407.4201,427.7911,2.06,1.92,3.55,0.05,0.047,take_profit,False,2,2,12117543.55,569524.55,2025
FEDERALBNK,2025-03-19,2025-03-24,185.1622,194.4203,4.46,1.71,2.41,0.05,0.047,take_profit,False,5,3,18933661.8,889882.1,2025
FEDERALBNK,2025-03-19,2025-03-24,185.1622,194.4203,1.3,1.71,2.41,0.05,0.047,take_profit,False,5,3,15146929.44,711905.68,2025
PARAS,2025-03-20,2025-03-28,497.2157,482.2992,3.25,5.11,2.02,-0.03,-0.033,stopped_out,True,8,6,12505470.33,-412680.52,2025
POONAWALLA,2025-03-21,2025-03-24,334.9674,351.7158,3.17,3.02,5.25,0.05,0.047,take_profit,False,3,1,12541789.88,589464.12,2025
CONCOR,2025-03-24,2025-03-26,563.2852,546.3867,1.84,1.74,2.57,-0.03,-0.033,stopped_out,True,2,2,19796158.51,-653273.23,2025
BHEL,2025-03-24,2025-03-26,217.1924,210.6766,2.28,1.56,1.65,-0.03,-0.033,stopped_out,True,2,2,15836926.81,-522618.58,2025
CHOLAHLDNG,2025-03-24,2025-03-26,1774.4645,1721.2306,0.97,1.65,3.25,-0.03,-0.033,stopped_out,True,2,2,12669541.45,-418094.87,2025
BLUEDART,2025-03-25,2025-03-26,6491.3779,6296.6365,0.76,14.44,7.96,-0.03,-0.033,stopped_out,True,1,1,12669397.03,-418090.1,2025
AUBANK,2025-03-26,2025-03-27,573.3298,556.1299,1.43,2.7,1.55,-0.03,-0.033,stopped_out,True,1,1,21927507.02,-723607.73,2025
RELINFRA,2025-03-26,2025-03-28,253.9069,266.6022,1.54,3.09,6.68,0.05,0.047,take_profit,False,2,2,17542005.62,824474.26,2025
AIIL,2025-03-27,2025-03-28,330.0905,346.595,2.97,2.43,6.28,0.05,0.047,take_profit,False,1,1,18274384.35,858896.06,2025
GRAVITA,2025-03-27,2025-03-28,1868.6895,1812.6288,1.42,1.62,5.1,-0.03,-0.033,stopped_out,True,1,1,14619507.48,-482443.75,2025
ACE,2025-03-27,2025-04-07,1256.9484,1062.2018,1.77,1.68,5.53,-0.154936,-0.157936,stopped_out_gap,False,11,6,11695605.99,-1847157.23,2025
ASTERDM,2025-03-28,2025-04-02,482.9368,468.4487,0.82,12.86,6.25,-0.03,-0.033,stopped_out,True,5,2,11316432.67,-373442.28,2025
ASTERDM,2025-03-28,2025-04-02,482.9368,468.4487,2.66,12.86,6.25,-0.03,-0.033,stopped_out,True,5,2,14145540.84,-466802.85,2025
SUMICHEM,2025-03-28,2025-04-07,558.4933,500.7301,2.53,3.96,5.54,-0.103427,-0.106427,stopped_out_gap,False,10,5,17681926.05,-1881834.34,2025
BSE,2025-03-28,2025-04-03,1821.7675,1912.8559,6.68,3.13,9.6,0.05,0.047,take_profit,False,6,3,22102407.56,1038813.16,2025
SUPRIYA,2025-04-02,2025-04-03,785.6053,824.8856,3.83,2.61,7.11,0.05,0.047,take_profit,False,1,1,13977491.81,656942.12,2025
SHYAMMETL,2025-04-02,2025-04-04,911.0359,883.7048,2.52,4.1,4.3,-0.03,-0.033,stopped_out,True,2,2,11181993.45,-369005.78,2025
INDIAGLYCO,2025-04-03,2025-04-04,626.1948,607.409,1.19,3.37,6.25,-0.03,-0.033,stopped_out,True,1,1,16500725.69,-544523.95,2025
RBA,2025-04-03,2025-04-04,72.2361,70.069,2.83,3.58,9.39,-0.03,-0.033,stopped_out,True,1,1,13200580.55,-435619.16,2025
VIJAYA,2025-04-08,2025-04-09,1014.5646,984.1276,5.27,8.83,10.47,-0.03,-0.033,stopped_out,True,1,1,23597002.69,-778701.09,2025
FIVESTAR,2025-04-08,2025-04-09,711.1419,689.8076,0.53,7.06,4.54,-0.03,-0.033,stopped_out,True,1,1,18877602.15,-622960.87,2025
CHOLAHLDNG,2025-04-08,2025-04-09,1718.1251,1666.5814,0.64,6.35,8.15,-0.03,-0.033,stopped_out,True,1,1,15102081.72,-498368.7,2025
ASIANPAINT,2025-04-08,2025-04-25,2369.8003,2404.4134,1.54,1.69,1.62,0.014606,0.011606,time_exit,False,17,10,12081665.38,140219.81,2025
BERGEPAINT,2025-04-08,2025-04-22,532.2457,558.8579,3.75,2.95,2.99,0.05,0.047,take_profit,False,14,7,9665332.3,454270.62,2025
NESTLEIND,2025-04-09,2025-04-24,1161.8271,1219.9184,1.67,2.81,2.7,0.05,0.047,take_profit,False,15,8,15094077.62,709421.65,2025
UJJIVANSFB,2025-04-09,2025-04-17,39.0495,41.002,3.2,2.42,5.49,0.05,0.047,take_profit,False,8,4,12075262.1,567537.32,2025
UJJIVANSFB,2025-04-09,2025-04-17,39.0495,41.002,3.2,2.42,5.49,0.05,0.047,take_profit,False,8,4,18867597.03,886777.06,2025
EMCURE,2025-04-17,2025-04-22,1097.0809,1064.1684,4.58,2.7,8.68,-0.03,-0.033,stopped_out,True,5,2,16139644.38,-532608.26,2025
SUBROS,2025-04-17,2025-04-24,618.5362,599.9801,3.41,3.05,3.31,-0.03,-0.033,stopped_out,True,7,4,12911715.5,-426086.61,2025
BALRAMCHIN,2025-04-22,2025-04-23,587.4454,569.8221,0.83,2.43,3.52,-0.03,-0.033,stopped_out,True,1,1,15474700.21,-510665.11,2025
BALRAMCHIN,2025-04-22,2025-04-23,587.4454,569.8221,1.08,2.43,3.52,-0.03,-0.033,stopped_out,True,1,1,12379760.17,-408532.09,2025
NIVABUPA,2025-04-23,2025-04-24,83.8119,88.0025,4.95,13.84,6.04,0.05,0.047,take_profit,False,1,1,15290860.77,718670.46,2025
REDINGTON,2025-04-23,2025-04-25,233.0231,244.6743,1.81,1.7,5.82,0.05,0.047,take_profit,False,2,2,12232688.62,574936.36,2025
NEWGEN,2025-04-24,2025-04-25,1096.5785,1063.6812,2.54,11.73,10.69,-0.03,-0.033,stopped_out,True,1,1,18645882.77,-615314.13,2025
MMTC,2025-04-24,2025-04-25,61.8809,60.0245,1.68,10.11,10.84,-0.03,-0.033,stopped_out,True,1,1,14916706.22,-492251.31,2025
THYROCARE,2025-04-24,2025-04-25,276.369,290.1875,2.07,13.75,2.35,0.05,0.047,take_profit,False,1,1,11933364.97,560868.15,2025
MFSL,2025-04-25,2025-05-12,1267.0332,1292.3535,0.62,1.79,1.95,0.019984,0.016984,time_exit,False,17,10,18833956.28,319875.91,2025
RBA,2025-04-25,2025-04-29,82.2611,79.7933,3.32,2.57,5.42,-0.03,-0.033,stopped_out,True,4,2,23542445.35,-776900.7,2025
COCHINSHIP,2025-04-28,2025-04-29,1493.8504,1568.543,1.92,3.04,6.12,0.05,0.047,take_profit,False,1,1,9642985.61,453220.32,2025
RBLBANK,2025-04-28,2025-04-30,206.4528,200.2592,0.56,5.14,6.81,-0.03,-0.033,stopped_out,True,2,2,15067165.02,-497216.45,2025
RELIANCE,2025-04-28,2025-05-05,1364.0367,1432.2385,3.27,2.2,2.15,0.05,0.047,take_profit,False,7,4,12053732.02,566525.4,2025
SONATSOFTW,2025-04-29,2025-04-30,368.1359,386.5427,0.99,1.96,3.13,0.05,0.047,take_profit,False,1,1,14286738.61,671476.71,2025
HAL,2025-04-29,2025-04-30,4558.2516,4421.5041,0.57,2.06,3.05,-0.03,-0.033,stopped_out,True,1,1,11429390.89,-377169.9,2025
RRKABEL,2025-04-30,2025-05-02,1039.4941,1008.3093,2.08,10.6,5.79,-0.03,-0.033,stopped_out,True,2,1,17259589.69,-569566.46,2025
BALKRISIND,2025-04-30,2025-05-08,2659.3212,2792.2872,1.11,1.83,2.04,0.05,0.047,take_profit,False,8,5,13807671.75,648960.57,2025
VMM,2025-04-30,2025-05-05,118.5392,124.4662,4.95,7.07,5.88,0.05,0.047,take_profit,False,5,2,11046137.4,519168.46,2025
JUBLINGREA,2025-05-02,2025-05-07,688.8739,668.2077,3.1,3.83,2.25,-0.03,-0.033,stopped_out,True,5,3,12174914.56,-401772.18,2025
SWIGGY,2025-05-05,2025-05-06,344.122,333.7983,4.27,5.68,10.95,-0.03,-0.033,stopped_out,True,1,1,14577044.31,-481042.46,2025
GRAVITA,2025-05-05,2025-05-06,1930.1148,1872.2114,1.88,3.51,1.75,-0.03,-0.033,stopped_out,True,1,1,11661635.45,-384833.97,2025
BLUEDART,2025-05-06,2025-05-13,6602.7016,6932.8366,2.75,2.87,2.33,0.05,0.047,take_profit,False,7,5,11523095.22,541585.48,2025
RRKABEL,2025-05-06,2025-05-07,1207.453,1171.2294,7.11,8.59,5.11,-0.03,-0.033,stopped_out,True,1,1,14403869.02,-475327.68,2025
VMART,2025-05-07,2025-05-09,852.1008,819.565,1.0,1.83,8.21,-0.038183,-0.041183,stopped_out_gap,False,2,2,11487050.34,-473071.19,2025
KPRMILL,2025-05-07,2025-05-08,1096.3961,1151.2159,1.52,8.84,3.98,0.05,0.047,take_profit,False,1,1,14358812.92,674864.21,2025
SHRIPISTON,2025-05-08,2025-05-09,2114.7189,2220.4549,9.71,12.86,6.37,0.05,0.047,take_profit,False,1,1,15087702.16,709122.0,2025
KPRMILL,2025-05-08,2025-05-09,1183.6638,1143.8389,1.04,8.18,8.08,-0.033645,-0.036645,stopped_out_gap,False,1,1,12070161.73,-442311.08,2025
UNIONBANK,2025-05-09,2025-05-13,118.9326,124.8792,4.56,4.4,6.87,0.05,0.047,take_profit,False,4,2,17343860.17,815161.43,2025
EPL,2025-05-09,2025-05-12,203.2906,213.4551,3.08,3.75,4.82,0.05,0.047,take_profit,False,3,1,13875088.14,652129.14,2025
IIFL,2025-05-09,2025-05-12,369.9489,388.4464,1.05,2.27,7.6,0.05,0.047,take_profit,False,3,1,11100070.51,521703.31,2025
ZENSARTECH,2025-05-12,2025-05-14,738.5333,775.46,4.2,1.51,2.96,0.05,0.047,take_profit,False,2,2,17940621.07,843209.19,2025
LTTS,2025-05-12,2025-05-26,4392.9864,4449.163,5.33,1.56,4.7,0.012788,0.009788,time_exit,False,14,10,14352496.85,140482.24,2025
HINDCOPPER,2025-05-12,2025-05-23,223.6587,234.8417,6.53,2.18,6.01,0.05,0.047,take_profit,False,11,9,11481997.48,539653.88,2025
TANLA,2025-05-13,2025-05-19,552.1787,579.7876,5.54,9.65,10.64,0.05,0.047,take_profit,False,6,4,15230338.44,715825.91,2025
GPIL,2025-05-13,2025-05-21,198.0154,192.0749,4.91,2.94,4.68,-0.03,-0.033,stopped_out,True,8,6,12184270.76,-402080.93,2025
JSL,2025-05-14,2025-05-28,651.282,644.2586,2.52,1.71,3.9,-0.010784,-0.013784,time_exit,False,14,10,13504182.66,-186141.65,2025
KPIGREEN,2025-05-19,2025-05-21,485.0543,470.5027,5.14,1.71,9.48,-0.03,-0.033,stopped_out,True,2,2,13992578.99,-461755.11,2025
EDELWEISS,2025-05-21,2025-05-26,96.8988,101.7437,2.35,2.02,2.75,0.05,0.047,take_profit,False,5,3,16256665.94,764063.3,2025
PGIL,2025-05-21,2025-05-22,1308.836,1269.5709,3.61,3.09,3.24,-0.03,-0.033,stopped_out,True,1,1,13005332.75,-429175.98,2025
FORTIS,2025-05-22,2025-05-26,723.3065,701.6073,3.45,5.85,7.79,-0.03,-0.033,stopped_out,True,4,2,12919497.55,-426343.42,2025
RELIGARE,2025-05-23,2025-05-27,239.8799,232.6835,1.65,3.45,2.97,-0.03,-0.033,stopped_out,True,4,2,12739928.32,-420417.63,2025
SUZLON,2025-05-26,2025-05-28,64.4022,67.6223,1.64,1.87,2.45,0.05,0.047,take_profit,False,2,2,18993315.15,892685.81,2025
V2RETAIL,2025-05-26,2025-05-28,1988.5938,1875.6617,2.02,1.78,5.0,-0.05679,-0.05979,stopped_out_gap,False,2,2,15194652.12,-908488.25,2025
SHILPAMED,2025-05-26,2025-05-27,444.8086,426.27,4.84,10.69,11.28,-0.041678,-0.044678,stopped_out_gap,False,1,1,12155721.69,-543093.33,2025
TRANSRAILL,2025-05-27,2025-06-02,614.625,645.3562,1.41,2.92,2.66,0.05,0.047,take_profit,False,6,4,14511005.16,682017.24,2025
SEQUENT,2025-05-27,2025-05-28,196.178,190.2927,0.52,2.07,5.28,-0.03,-0.033,stopped_out,True,1,1,11608804.13,-383090.54,2025
DEEPAKFERT,2025-05-28,2025-05-29,1435.1448,1506.9021,2.94,3.49,6.0,0.05,0.047,take_profit,False,1,1,10767476.32,506071.39,2025
PGIL,2025-05-28,2025-06-02,1409.0307,1366.7598,6.46,2.3,7.89,-0.03,-0.033,stopped_out,True,5,3,13459345.4,-444158.4,2025
TRIVENI,2025-05-28,2025-05-30,446.6183,433.2197,0.95,12.92,4.01,-0.03,-0.033,stopped_out,True,2,2,16824181.75,-555198.0,2025
CDSL,2025-05-28,2025-06-02,1507.7663,1583.1546,1.97,1.52,3.35,0.05,0.047,take_profit,False,5,3,21030227.19,988420.68,2025
PRESTIGE,2025-05-29,2025-06-03,1499.924,1574.9202,1.66,4.19,1.69,0.05,0.047,take_profit,False,5,3,10868690.6,510828.46,2025
ELGIEQUIP,2025-05-30,2025-06-12,533.3397,560.0066,2.39,8.62,6.76,0.05,0.047,take_profit,False,13,9,11948749.23,561591.21,2025
DBREALTY,2025-06-02,2025-06-05,203.2516,213.4141,1.31,3.62,5.81,0.05,0.047,take_profit,False,3,3,19604370.84,921405.43,2025
KFINTECH,2025-06-02,2025-06-05,1117.4805,1173.3545,1.78,1.58,4.24,0.05,0.047,take_profit,False,3,3,15683496.67,737124.34,2025
FEDERALBNK,2025-06-02,2025-06-16,205.1115,204.2706,1.86,1.55,2.0,-0.004099,-0.007099,time_exit,False,14,10,12546797.34,-89069.71,2025
SOBHA,2025-06-03,2025-06-05,1530.7441,1607.2813,1.34,4.07,4.58,0.05,0.047,take_profit,False,2,2,12313341.68,578727.06,2025
SJVN,2025-06-05,2025-06-13,102.2144,97.1312,2.73,2.68,3.44,-0.049731,-0.052731,stopped_out_gap,False,8,6,19818366.55,-1045042.29,2025
DRREDDY,2025-06-05,2025-06-10,1283.1077,1347.263,2.25,2.03,2.09,0.05,0.047,take_profit,False,5,3,15854693.24,745170.58,2025
DRREDDY,2025-06-05,2025-06-10,1283.1077,1347.263,0.86,2.03,2.09,0.05,0.047,take_profit,False,5,3,12683754.59,596136.47,2025
RPOWER,2025-06-10,2025-06-11,71.2756,74.8394,3.25,2.59,8.45,0.05,0.047,take_profit,False,1,1,12898363.72,606223.09,2025
BSOFT,2025-06-10,2025-06-13,422.114,403.931,1.04,1.86,2.07,-0.043076,-0.046076,stopped_out_gap,False,3,3,16122954.65,-742881.26,2025
JKCEMENT,2025-06-11,2025-06-19,5960.1378,5781.3336,1.02,1.62,3.56,-0.03,-0.033,stopped_out,True,8,6,13019608.34,-429647.08,2025
AJANTPHARM,2025-06-12,2025-06-13,2701.3639,2620.323,2.23,4.78,2.64,-0.03,-0.033,stopped_out,True,1,1,12917754.76,-426285.91,2025
SCI,2025-06-13,2025-06-16,215.0127,225.7633,6.52,7.93,14.22,0.05,0.047,take_profit,False,3,1,19663177.11,924169.32,2025
JUBLINGREA,2025-06-13,2025-06-16,788.5408,764.8846,6.37,15.36,14.67,-0.03,-0.033,stopped_out,True,3,1,15730541.69,-519107.88,2025
FDC,2025-06-13,2025-06-16,470.0934,493.598,2.96,1.94,4.61,0.05,0.047,take_profit,False,3,1,12584433.35,591468.37,2025
PIIND,2025-06-16,2025-06-30,4138.4173,4092.6045,0.76,3.14,2.23,-0.01107,-0.01407,time_exit,False,14,10,22354028.59,-314521.18,2025
GLAND,2025-06-16,2025-06-19,1755.333,1702.673,2.57,3.59,4.66,-0.03,-0.033,stopped_out,True,3,3,17883222.88,-590146.35,2025
IGL,2025-06-16,2025-06-18,206.9761,200.7668,3.98,5.57,6.81,-0.03,-0.033,stopped_out,True,2,2,14306578.3,-472117.08,2025
VIPIND,2025-06-16,2025-06-18,423.7618,411.0489,1.2,2.32,4.19,-0.03,-0.033,stopped_out,True,2,2,11445262.64,-377693.67,2025
INDUSINDBK,2025-06-18,2025-06-24,850.9252,825.3975,1.7,2.53,3.97,-0.03,-0.033,stopped_out,True,6,4,11309292.92,-373206.67,2025
OPTIEMUS,2025-06-18,2025-06-19,684.9423,664.394,2.72,15.3,10.97,-0.03,-0.033,stopped_out,True,1,1,14136616.15,-466508.33,2025
RBA,2025-06-19,2025-06-26,79.5698,83.5483,2.82,13.39,4.23,0.05,0.047,take_profit,False,7,5,11365160.61,534162.55,2025
EICHERMOT,2025-06-19,2025-07-03,5425.8918,5697.1864,0.58,1.89,1.54,0.05,0.047,take_profit,False,14,10,17758063.46,834628.98,2025
SWIGGY,2025-06-19,2025-06-20,374.3371,393.0539,1.1,2.4,2.63,0.05,0.047,take_profit,False,1,1,14206450.76,667703.19,2025
INDUSTOWER,2025-06-20,2025-07-01,404.5021,424.6376,1.66,2.19,3.76,0.049778,0.046778,take_profit_gap,False,11,7,12066959.28,564468.22,2025
EDELWEISS,2025-06-24,2025-06-27,107.5732,112.9518,4.87,1.83,4.75,0.05,0.047,take_profit,False,3,3,11840784.67,556516.88,2025
KIMS,2025-06-26,2025-07-09,677.0884,710.9428,0.86,1.78,3.01,0.05,0.047,take_profit,False,13,9,11852492.37,557067.14,2025
ONESOURCE,2025-06-27,2025-07-01,2195.097,2129.2441,6.47,1.86,8.89,-0.03,-0.033,stopped_out,True,4,2,11961454.21,-394727.99,2025
KAYNES,2025-06-30,2025-07-14,6098.0475,6019.9885,1.41,2.69,3.29,-0.012801,-0.015801,time_exit,False,14,10,13977064.85,-220851.6,2025
PNB,2025-07-01,2025-07-10,113.1265,109.7327,1.55,1.74,2.19,-0.03,-0.033,stopped_out,True,9,7,16021282.62,-528702.33,2025
ENDURANCE,2025-07-01,2025-07-03,2874.6324,2788.3934,2.54,3.87,3.76,-0.03,-0.033,stopped_out,True,2,2,12817026.1,-422961.86,2025
KAJARIACER,2025-07-03,2025-07-10,1130.0564,1186.5593,0.52,1.75,2.02,0.05,0.047,take_profit,False,7,5,16450972.21,773195.69,2025
AIIL,2025-07-03,2025-07-04,536.9883,520.8787,0.57,2.59,7.51,-0.03,-0.033,stopped_out,True,1,1,13160777.77,-434305.67,2025
HCG,2025-07-04,2025-07-09,566.5831,549.5856,1.05,2.79,3.45,-0.03,-0.033,stopped_out,True,5,3,13073916.64,-431439.25,2025
AHLUCONT,2025-07-09,2025-07-14,998.2928,1048.2075,2.83,2.56,5.52,0.05,0.047,take_profit,False,5,3,12375632.55,581654.73,2025
TARIL,2025-07-09,2025-07-11,517.3085,501.7893,2.26,3.65,4.67,-0.03,-0.033,stopped_out,True,2,2,15469540.69,-510494.84,2025
GODIGIT,2025-07-10,2025-07-23,342.171,359.2796,1.52,2.69,2.09,0.05,0.047,take_profit,False,13,9,16443855.68,772861.22,2025
ABSLAMC,2025-07-10,2025-07-22,827.9734,870.6287,2.18,3.17,3.82,0.051518,0.048518,take_profit_gap,False,12,8,13155084.55,638258.39,2025
TARC,2025-07-11,2025-07-14,202.021,195.9603,2.94,1.54,3.15,-0.03,-0.033,stopped_out,True,3,1,13515876.81,-446023.93,2025
UJJIVANSFB,2025-07-14,2025-07-21,49.2946,47.8158,2.54,1.77,4.72,-0.03,-0.033,stopped_out,True,7,5,18769372.13,-619389.28,2025
RRKABEL,2025-07-14,2025-07-17,1365.9661,1434.2644,0.79,3.64,3.65,0.05,0.047,take_profit,False,3,3,15015497.7,705728.39,2025
AHLUCONT,2025-07-14,2025-07-15,1037.5885,1089.4679,3.85,4.23,5.46,0.05,0.047,take_profit,False,1,1,12012398.16,564582.71,2025
TEGA,2025-07-15,2025-07-16,1832.4396,1924.0615,1.96,7.67,2.25,0.05,0.047,take_profit,False,1,1,12125314.7,569889.79,2025
GLAND,2025-07-16,2025-07-29,1953.6853,2051.3696,1.23,3.91,4.06,0.05,0.047,take_profit,False,13,9,12239292.66,575246.76,2025
BALKRISIND,2025-07-17,2025-07-25,2730.0685,2648.1664,0.94,2.71,3.75,-0.03,-0.033,stopped_out,True,8,6,12935679.35,-426877.42,2025
INOXGREEN,2025-07-21,2025-07-24,168.034,176.4357,1.28,4.67,1.79,0.05,0.047,take_profit,False,3,3,13978540.05,656991.38,2025
POWERINDIA,2025-07-22,2025-07-25,20119.2226,19515.6459,1.07,1.52,3.79,-0.03,-0.033,stopped_out,True,3,3,13941500.63,-460069.52,2025
IGIL,2025-07-23,2025-07-29,399.0154,387.0449,0.54,1.67,2.12,-0.03,-0.033,stopped_out,True,6,4,14596543.88,-481685.95,2025
OLECTRA,2025-07-24,2025-07-25,1532.7978,1486.8138,7.84,11.05,14.36,-0.03,-0.033,stopped_out,True,1,1,14604341.39,-481943.27,2025
CIPLA,2025-07-25,2025-08-06,1533.2662,1487.2683,1.99,3.39,3.2,-0.03,-0.033,stopped_out,True,12,8,19705999.34,-650297.98,2025
SHARDACROP,2025-07-25,2025-07-28,1075.8748,1043.5986,12.21,9.94,19.59,-0.03,-0.033,stopped_out,True,3,1,15764799.48,-520238.38,2025
GRAVITA,2025-07-25,2025-07-28,1887.5433,1830.917,4.2,4.35,3.6,-0.03,-0.033,stopped_out,True,3,1,12611839.58,-416190.71,2025
CARTRADE,2025-07-28,2025-07-31,2067.9334,2171.33,4.66,8.15,9.95,0.05,0.047,take_profit,False,3,3,15577513.66,732143.14,2025
ADVENZYMES,2025-07-28,2025-07-30,341.4206,358.4917,3.53,4.41,3.72,0.05,0.047,take_profit,False,2,2,12462010.93,585714.51,2025
NETWEB,2025-07-29,2025-08-01,1971.3978,2089.3219,1.22,2.73,8.69,0.059818,0.056818,take_profit_gap,False,3,3,15355488.21,872468.13,2025
RALLIS,2025-07-29,2025-07-31,380.3901,368.9784,1.96,1.64,5.33,-0.03,-0.033,stopped_out,True,2,2,12284390.57,-405384.89,2025
COROMANDEL,2025-07-30,2025-08-04,2643.6058,2564.2976,2.96,2.44,5.27,-0.03,-0.033,stopped_out,True,5,3,12437057.54,-410422.9,2025
HINDUNILVR,2025-07-31,2025-08-01,2502.7862,2627.9255,3.33,3.08,4.18,0.05,0.047,take_profit,False,1,1,15587378.53,732606.79,2025
KAYNES,2025-07-31,2025-08-01,6175.086,6483.8403,6.11,8.1,10.41,0.05,0.047,take_profit,False,1,1,12469902.82,586085.43,2025
CCL,2025-08-01,2025-08-06,886.9656,847.3298,3.42,3.99,4.32,-0.044687,-0.047687,stopped_out_gap,False,5,3,12221893.28,-582825.42,2025
JSL,2025-08-01,2025-08-07,703.7075,682.5962,1.19,1.83,1.74,-0.03,-0.033,stopped_out,True,6,4,15277366.59,-504153.1,2025
HBLENGINE,2025-08-01,2025-08-11,597.9035,657.2008,1.18,1.78,1.7,0.099175,0.096175,take_profit_gap,False,10,6,19096708.24,1836625.92,2025
TVSMOTOR,2025-08-04,2025-08-18,2943.9712,3154.322,0.98,2.49,1.82,0.071451,0.068451,take_profit_gap,False,14,9,12182841.55,833927.69,2025
TRANSRAILL,2025-08-06,2025-08-08,794.23,770.4031,3.55,8.31,4.56,-0.03,-0.033,stopped_out,True,2,2,15885227.08,-524212.49,2025
TRANSRAILL,2025-08-06,2025-08-08,794.23,770.4031,2.28,8.31,4.56,-0.03,-0.033,stopped_out,True,2,2,12708181.67,-419369.99,2025
FSL,2025-08-07,2025-08-14,370.0349,358.9339,0.59,3.16,5.76,-0.03,-0.033,stopped_out,True,7,5,13121188.03,-432999.21,2025
MEDANTA,2025-08-08,2025-08-12,1423.3992,1380.6972,0.75,10.73,5.03,-0.03,-0.033,stopped_out,True,4,2,16026915.68,-528888.22,2025
RATEGAIN,2025-08-08,2025-08-14,474.237,497.9488,0.51,9.08,7.0,0.05,0.047,take_profit,False,6,4,12821532.54,602612.03,2025
HCG,2025-08-11,2025-08-14,651.8758,684.4696,3.34,3.21,5.43,0.05,0.047,take_profit,False,3,3,14443892.87,678862.96,2025
STARCEMENT,2025-08-12,2025-08-22,288.4325,279.7796,5.96,7.29,10.5,-0.03,-0.033,stopped_out,True,10,7,14654719.78,-483605.75,2025
IMFA,2025-08-14,2025-08-22,819.8997,860.8947,3.17,4.13,2.4,0.05,0.047,take_profit,False,8,5,15976634.94,750901.84,2025
UNOMINDA,2025-08-14,2025-08-18,1149.5341,1207.0108,1.76,2.36,3.17,0.05,0.047,take_profit,False,4,1,12781307.95,600721.47,2025
SENCO,2025-08-14,2025-08-18,360.1199,378.1259,0.55,3.94,5.99,0.05,0.047,take_profit,False,4,1,19970793.67,938627.3,2025
ASAHIINDIA,2025-08-18,2025-08-29,866.2755,840.2872,1.94,2.1,2.71,-0.03,-0.033,stopped_out,True,11,8,19686690.29,-649660.78,2025
NIVABUPA,2025-08-18,2025-08-25,86.3331,83.7432,2.05,5.76,1.88,-0.03,-0.033,stopped_out,True,7,5,15749352.23,-519728.62,2025
BIKAJI,2025-08-18,2025-09-02,771.814,810.4047,1.23,3.49,3.07,0.05,0.047,take_profit,False,15,10,12599481.78,592175.64,2025
SHAILY,2025-08-22,2025-08-29,2102.6846,2207.8188,1.9,1.5,4.13,0.05,0.047,take_profit,False,7,4,16259315.59,764187.83,2025
ABFRL,2025-08-22,2025-08-28,81.2906,78.8519,4.87,8.13,7.4,-0.03,-0.033,stopped_out,True,6,3,13007452.47,-429245.93,2025
JKPAPER,2025-08-25,2025-08-26,409.5046,397.2195,5.08,17.07,8.87,-0.03,-0.033,stopped_out,True,1,1,13451886.7,-443912.26,2025
MARUTI,2025-08-26,2025-09-10,14721.357,15100.446,1.0,2.0,1.81,0.025751,0.022751,time_exit,False,15,10,13363104.25,304023.98,2025
OLAELEC,2025-08-28,2025-09-01,54.8674,57.6108,3.48,4.27,7.21,0.05,0.047,take_profit,False,4,2,13206124.71,620687.86,2025
RBLBANK,2025-08-29,2025-09-05,260.2342,273.2459,0.96,4.88,3.8,0.05,0.047,take_profit,False,7,5,17777006.35,835519.3,2025
GRANULES,2025-08-29,2025-09-01,492.4961,517.1209,2.75,6.93,4.73,0.05,0.047,take_profit,False,3,1,14221605.08,668415.44,2025
HEMIPROP,2025-09-01,2025-09-03,138.5492,145.4767,2.39,2.65,4.41,0.05,0.047,take_profit,False,2,2,17120650.68,804670.58,2025
ZYDUSWELL,2025-09-01,2025-09-03,443.7818,465.9709,7.95,12.66,7.14,0.05,0.047,take_profit,False,2,2,13696520.55,643736.47,2025
IGL,2025-09-02,2025-09-09,211.4016,205.0595,2.58,1.99,1.7,-0.03,-0.033,stopped_out,True,7,5,13595547.92,-448653.08,2025
RATEGAIN,2025-09-03,2025-09-05,590.345,619.8623,4.27,1.6,6.32,0.05,0.047,take_profit,False,2,2,17329553.99,814489.04,2025
HCG,2025-09-03,2025-09-11,694.5971,673.7592,1.03,2.42,3.69,-0.03,-0.033,stopped_out,True,8,6,13863643.19,-457500.23,2025
AVALON,2025-09-05,2025-09-10,923.4115,969.5821,4.69,1.99,6.74,0.05,0.047,take_profit,False,5,3,18442228.29,866784.73,2025
GMDCLTD,2025-09-05,2025-09-08,499.8635,524.8567,7.34,6.28,11.82,0.05,0.047,take_profit,False,3,1,14753782.63,693427.78,2025
MSUMI,2025-09-08,2025-09-09,47.2836,49.6478,2.01,3.14,3.23,0.05,0.047,take_profit,False,1,1,14892468.19,699946.0,2025
CHENNPETRO,2025-09-09,2025-09-11,723.5616,759.7397,0.83,1.99,2.89,0.05,0.047,take_profit,False,2,2,17661836.36,830106.31,2025
PRICOLLTD,2025-09-09,2025-09-18,517.9993,543.8993,0.87,1.93,3.31,0.05,0.047,take_profit,False,9,7,14129469.09,664085.05,2025
PREMIERENE,2025-09-10,2025-09-23,1042.3209,1011.0513,2.45,1.88,3.93,-0.03,-0.033,stopped_out,True,13,9,17898803.52,-590660.52,2025
MOTILALOFS,2025-09-10,2025-09-24,913.0899,958.7444,0.53,1.79,3.38,0.05,0.047,take_profit,False,14,10,14319042.82,672995.01,2025
GAEL,2025-09-11,2025-09-15,112.7063,109.3251,1.78,5.77,4.6,-0.03,-0.033,stopped_out,True,4,2,17834851.38,-588550.1,2025
MTARTECH,2025-09-11,2025-09-12,1532.866,1609.5093,3.5,5.13,2.56,0.05,0.047,take_profit,False,1,1,14267881.1,670590.41,2025
MIDHANI,2025-09-12,2025-09-26,400.7503,388.7278,0.94,3.04,2.72,-0.03,-0.033,stopped_out,True,14,10,14401999.19,-475265.97,2025
RAILTEL,2025-09-15,2025-09-22,398.8183,386.8538,3.37,6.58,4.63,-0.03,-0.033,stopped_out,True,7,5,14970859.61,-494038.37,2025
ZENTEC,2025-09-18,2025-09-19,1622.1107,1573.4474,3.66,3.71,4.07,-0.03,-0.033,stopped_out,True,1,1,14935398.51,-492868.15,2025
ASTERDM,2025-09-19,2025-09-26,650.8753,631.349,3.6,3.1,5.79,-0.03,-0.033,stopped_out,True,7,5,14836824.88,-489615.22,2025
NETWEB,2025-09-22,2025-09-23,3537.1676,3431.0526,1.43,2.03,5.85,-0.03,-0.033,stopped_out,True,1,1,14764824.15,-487239.2,2025
RELIGARE,2025-09-23,2025-09-24,263.5817,255.6743,0.79,3.12,5.91,-0.03,-0.033,stopped_out,True,1,1,18129004.91,-598257.16,2025
CANBK,2025-09-23,2025-09-26,121.961,118.3021,2.08,2.36,2.64,-0.03,-0.033,stopped_out,True,3,3,14503203.93,-478605.73,2025
DEEPAKNTR,2025-09-24,2025-10-07,1870.3347,1814.2247,0.64,2.2,2.15,-0.03,-0.033,stopped_out,True,13,8,18107120.26,-597534.97,2025
SCI,2025-09-24,2025-09-26,226.8796,220.0732,1.11,5.38,2.41,-0.03,-0.033,stopped_out,True,2,2,14485696.21,-478027.97,2025
MRPL,2025-09-29,2025-10-03,134.1771,140.8859,0.81,7.15,4.62,0.05,0.047,take_profit,False,4,3,22849798.83,1073940.54,2025
IOC,2025-09-29,2025-10-09,144.9429,152.19,1.86,2.08,2.94,0.05,0.047,take_profit,False,10,7,18279839.06,859152.44,2025
V2RETAIL,2025-09-29,2025-09-30,2075.037,2178.7888,5.42,3.2,8.08,0.05,0.047,take_profit,False,1,1,14623871.25,687321.95,2025
FORTIS,2025-09-29,2025-10-06,971.2354,1019.7971,1.42,2.83,3.49,0.05,0.047,take_profit,False,7,4,11699097.0,549857.56,2025
J&KBANK,2025-09-30,2025-10-08,105.0825,101.93,1.32,4.27,4.38,-0.03,-0.033,stopped_out,True,8,5,12421516.24,-409910.04,2025
INDIANB,2025-10-03,2025-10-16,766.333,804.6496,0.75,1.51,3.23,0.05,0.047,take_profit,False,13,9,14721960.87,691932.16,2025
ASTERDM,2025-10-06,2025-10-09,672.8863,706.5306,1.38,2.62,4.06,0.05,0.047,take_profit,False,3,3,14227359.61,668685.9,2025
IRCON,2025-10-07,2025-10-09,181.2594,175.8216,1.34,2.37,5.84,-0.03,-0.033,stopped_out,True,2,2,14883804.74,-491165.56,2025
ITI,2025-10-08,2025-10-09,356.8283,346.1235,1.21,16.74,4.9,-0.03,-0.033,stopped_out,True,1,1,14309365.03,-472209.05,2025
IMFA,2025-10-09,2025-10-10,1238.6206,1201.462,1.63,3.34,6.12,-0.03,-0.033,stopped_out,True,1,1,23900458.46,-788715.13,2025
FEDERALBNK,2025-10-09,2025-10-20,207.4437,217.8158,1.46,2.21,1.89,0.05,0.047,take_profit,False,11,7,19120366.77,898657.24,2025
AUROPHARMA,2025-10-09,2025-10-24,1120.46,1086.8462,1.21,3.1,2.09,-0.03,-0.033,stopped_out,True,15,10,15296293.42,-504777.68,2025
JINDWORLD,2025-10-09,2025-10-13,38.5393,37.3831,5.45,12.69,9.37,-0.03,-0.033,stopped_out,True,4,2,12237034.73,-403822.15,2025
REDINGTON,2025-10-10,2025-10-13,290.2451,281.5377,0.93,2.04,7.56,-0.03,-0.033,stopped_out,True,3,1,14411976.45,-475595.22,2025
FEDERALBNK,2025-10-13,2025-10-20,213.1265,223.7828,0.85,2.35,2.36,0.05,0.047,take_profit,False,7,5,16683499.93,784124.5,2025
INOXGREEN,2025-10-13,2025-10-15,242.4912,256.6716,1.48,2.04,1.84,0.058478,0.055478,take_profit_gap,False,2,2,13346799.94,740453.77,2025
ICICIGI,2025-10-15,2025-10-30,2014.7638,2013.0929,2.04,7.49,6.61,-0.000829,-0.003829,time_exit,False,15,10,13494890.69,-51671.94,2025
SHAREINDIA,2025-10-16,2025-10-17,177.8466,186.7389,18.47,11.09,17.53,0.05,0.047,take_profit,False,1,1,13878691.16,652298.48,2025
BECTORFOOD,2025-10-17,2025-10-20,271.9112,263.7538,1.86,3.22,5.42,-0.03,-0.033,stopped_out,True,3,1,14009150.86,-462301.98,2025
UCOBANK,2025-10-20,2025-10-31,31.956,33.5538,1.72,2.51,3.17,0.05,0.047,take_profit,False,11,8,21414020.15,1006458.95,2025
CANFINHOME,2025-10-20,2025-10-31,832.4111,874.0316,2.75,5.56,2.36,0.05,0.047,take_profit,False,11,8,17131216.12,805167.16,2025
CIPLA,2025-10-20,2025-10-24,1639.9195,1590.7219,3.66,2.43,3.09,-0.03,-0.033,stopped_out,True,4,3,13704972.9,-452264.11,2025
CREDITACC,2025-10-24,2025-10-29,1423.2112,1380.5149,4.96,7.32,6.77,-0.03,-0.033,stopped_out,True,5,3,16572823.22,-546903.17,2025
PNBHOUSING,2025-10-24,2025-11-10,907.7536,898.5005,2.13,1.73,2.42,-0.010193,-0.013193,time_exit,False,17,10,13258258.58,-174916.21,2025
SANSERA,2025-10-29,2025-11-13,1521.7605,1597.8485,0.92,3.38,2.91,0.05,0.047,take_profit,False,15,10,13811790.87,649154.17,2025
JISLJALEQS,2025-10-30,2025-10-31,52.8864,51.2998,0.89,4.45,1.65,-0.03,-0.033,stopped_out,True,1,1,13738076.45,-453356.52,2025
CANBK,2025-10-31,2025-11-12,137.0585,143.9114,2.23,2.48,4.26,0.05,0.047,take_profit,False,12,7,21718777.62,1020782.55,2025
FDC,2025-10-31,2025-11-04,455.0772,441.4249,1.51,2.11,1.97,-0.03,-0.033,stopped_out,True,4,2,17375022.1,-573375.73,2025
PNB,2025-10-31,2025-11-07,122.9514,119.2629,0.65,1.83,2.07,-0.03,-0.033,stopped_out,True,7,4,13900017.68,-458700.58,2025
BANCOINDIA,2025-11-04,2025-11-06,813.2253,788.8286,5.18,11.44,11.32,-0.03,-0.033,stopped_out,True,2,1,14480343.41,-477851.33,2025
ASTRAL,2025-11-06,2025-11-14,1565.3845,1518.4229,3.58,7.64,5.64,-0.03,-0.033,stopped_out,True,8,6,14384773.15,-474697.51,2025
LTF,2025-11-07,2025-11-11,303.7518,294.6393,6.41,6.87,11.62,-0.03,-0.033,stopped_out,True,4,2,14196081.94,-468470.7,2025
NATIONALUM,2025-11-10,2025-11-13,250.518,263.0439,7.06,5.79,6.72,0.05,0.047,take_profit,False,3,3,13973534.02,656756.1,2025
BHARATFORG,2025-11-11,2025-11-25,1401.1989,1407.3859,3.04,4.54,5.12,0.004416,0.001416,time_exit,False,14,10,13924349.47,19716.88,2025
KIRLOSENG,2025-11-12,2025-11-17,1059.1793,1112.1383,8.89,11.6,4.82,0.05,0.047,take_profit,False,5,3,15687391.61,737307.41,2025
VIJAYA,2025-11-13,2025-11-19,1041.7206,1010.4689,0.77,1.96,1.77,-0.03,-0.033,stopped_out,True,6,4,18368160.32,-606149.29,2025
PARAS,2025-11-13,2025-11-14,719.1094,755.0648,0.72,2.16,1.95,0.05,0.047,take_profit,False,1,1,14694528.25,690642.83,2025
PARAS,2025-11-14,2025-11-18,766.283,743.2945,2.1,7.7,6.05,-0.03,-0.033,stopped_out,True,4,2,17614671.95,-581284.17,2025
MUTHOOTFIN,2025-11-14,2025-11-24,3727.4629,3615.639,5.62,6.15,2.07,-0.03,-0.033,stopped_out,True,10,6,14091737.56,-465027.34,2025
IOB,2025-11-17,2025-11-21,40.2701,39.062,1.61,1.98,3.74,-0.03,-0.033,stopped_out,True,4,4,14558329.85,-480424.89,2025
GAEL,2025-11-18,2025-11-20,108.2841,113.6983,3.6,6.68,4.77,0.05,0.047,take_profit,False,2,2,15053341.43,707507.05,2025
M&MFIN,2025-11-19,2025-11-20,330.0149,346.5157,2.33,1.66,1.7,0.05,0.047,take_profit,False,1,1,15595075.35,732968.54,2025
M&MFIN,2025-11-20,2025-11-27,346.7733,364.112,2.03,3.37,4.41,0.05,0.047,take_profit,False,7,5,15115071.01,710408.34,2025
EICHERMOT,2025-11-20,2025-12-04,7129.0628,7096.45,2.48,1.73,3.18,-0.004575,-0.007575,time_exit,False,14,10,18893838.76,-143120.83,2025
KTKBANK,2025-11-21,2025-11-24,188.8544,198.2971,7.66,8.72,7.37,0.05,0.047,take_profit,False,3,1,14907637.8,700658.98,2025
JYOTICNC,2025-11-24,2025-11-28,1039.9197,1008.7221,1.76,2.62,4.04,-0.03,-0.033,stopped_out,True,4,4,17773111.64,-586512.68,2025
BLACKBUCK,2025-11-24,2025-12-05,662.5811,642.7037,0.74,2.75,3.64,-0.03,-0.033,stopped_out,True,11,9,14218489.31,-469210.15,2025
SANSERA,2025-11-25,2025-11-27,1661.4303,1744.5018,0.97,2.98,1.53,0.05,0.047,take_profit,False,2,2,14163604.72,665689.42,2025
SHAREINDIA,2025-11-27,2025-12-02,168.952,163.8834,0.67,5.47,2.23,-0.03,-0.033,stopped_out,True,5,3,17461838.47,-576240.67,2025
AZAD,2025-11-27,2025-12-02,1697.5483,1646.6219,0.71,1.5,3.46,-0.03,-0.033,stopped_out,True,5,3,13969470.78,-460992.54,2025
EUREKAFORB,2025-11-28,2025-12-04,651.4255,631.8828,4.04,8.64,6.04,-0.03,-0.033,stopped_out,True,6,4,14612896.41,-482225.58,2025
BSOFT,2025-12-02,2025-12-04,405.1525,425.4101,4.49,3.99,4.64,0.05,0.047,take_profit,False,2,2,17769132.34,835149.22,2025
BALKRISIND,2025-12-02,2025-12-05,2442.5783,2369.301,2.76,8.23,5.99,-0.03,-0.033,stopped_out,True,3,3,14215305.87,-469105.09,2025
COFORGE,2025-12-04,2025-12-09,1962.4939,1903.6191,1.17,2.17,2.3,-0.03,-0.033,stopped_out,True,5,3,17335503.01,-572071.6,2025
BSOFT,2025-12-04,2025-12-09,436.1179,423.0344,0.86,2.74,3.29,-0.03,-0.033,stopped_out,True,5,3,13868402.4,-457657.28,2025
INDIACEM,2025-12-04,2025-12-05,412.3561,399.9854,0.81,8.69,10.2,-0.03,-0.033,stopped_out,True,1,1,21669378.76,-715089.5,2025
SHRIPISTON,2025-12-05,2025-12-08,2834.6454,2976.3776,7.28,16.39,4.03,0.05,0.047,take_profit,False,3,1,20784675.76,976879.76,2025
SHRIPISTON,2025-12-08,2025-12-10,3041.0085,3193.0589,2.72,8.25,6.08,0.05,0.047,take_profit,False,2,2,20980051.72,986062.43,2025
LATENTVIEW,2025-12-08,2025-12-09,497.5987,482.6707,2.89,11.08,10.3,-0.03,-0.033,stopped_out,True,1,1,16784041.37,-553873.37,2025
ERIS,2025-12-09,2025-12-10,1702.1507,1651.0862,1.8,14.29,10.62,-0.03,-0.033,stopped_out,True,1,1,22708102.01,-749367.37,2025
BALUFORGE,2025-12-09,2025-12-18,641.6707,622.4205,2.88,2.86,9.63,-0.03,-0.033,stopped_out,True,9,7,18166481.6,-599493.89,2025
WELSPUNLIV,2025-12-10,2025-12-12,140.8804,136.654,2.99,3.13,6.8,-0.03,-0.033,stopped_out,True,2,2,23318155.04,-769499.12,2025
NAVINFLUOR,2025-12-10,2025-12-22,5952.975,5774.3857,2.02,3.86,3.84,-0.03,-0.033,stopped_out,True,12,8,18654524.03,-615599.29,2025
RRKABEL,2025-12-10,2025-12-19,1413.9066,1484.6019,0.51,2.1,1.68,0.05,0.047,take_profit,False,9,7,14923619.23,701410.1,2025
RAYMONDLSL,2025-12-10,2025-12-12,1182.1908,1146.7251,6.01,2.71,4.04,-0.03,-0.033,stopped_out,True,2,2,11938895.38,-393983.55,2025
EPL,2025-12-12,2025-12-17,216.6182,210.1197,0.86,1.64,3.1,-0.03,-0.033,stopped_out,True,5,3,13095863.88,-432163.51,2025
VEDL,2025-12-12,2025-12-16,543.8718,571.0654,0.89,1.96,1.61,0.05,0.047,take_profit,False,4,2,16369829.86,769382.0,2025
KIRLOSENG,2025-12-16,2025-12-17,1227.7135,1289.0992,4.07,6.89,8.01,0.05,0.047,take_profit,False,1,1,13904533.48,653513.07,2025
PRICOLLTD,2025-12-17,2025-12-24,651.5256,631.9798,0.94,2.38,2.55,-0.03,-0.033,stopped_out,True,7,5,16567976.17,-546743.21,2025
INDIACEM,2025-12-17,2025-12-18,441.2705,428.0324,1.42,5.46,8.13,-0.03,-0.033,stopped_out,True,1,1,13254380.94,-437394.57,2025
LLOYDSENT,2025-12-18,2025-12-19,67.1636,70.5217,1.52,1.53,7.24,0.05,0.047,take_profit,False,1,1,16680299.56,783974.08,2025
HINDCOPPER,2025-12-18,2025-12-22,387.0232,406.3744,1.51,1.79,5.17,0.05,0.047,take_profit,False,4,2,13344239.65,627179.26,2025
SAILIFE,2025-12-19,2025-12-29,918.0588,890.517,2.13,2.21,4.5,-0.03,-0.033,stopped_out,True,10,5,17293252.32,-570677.33,2025
SHRIRAMFIN,2025-12-19,2025-12-22,902.1509,947.2584,4.23,4.0,3.76,0.05,0.047,take_profit,False,3,1,13834601.85,650226.29,2025
IKS,2025-12-22,2025-12-29,1740.87,1688.6439,1.32,2.36,1.99,-0.03,-0.033,stopped_out,True,7,4,20366715.84,-672101.62,2025
SHRIRAMFIN,2025-12-22,2025-12-24,935.3174,982.0833,1.95,3.18,1.72,0.05,0.047,take_profit,False,2,2,16293372.67,765788.52,2025
AKUMS,2025-12-22,2025-12-23,443.3716,465.5401,3.41,2.29,1.87,0.05,0.047,take_profit,False,1,1,13034698.14,612630.81,2025
DCBBANK,2025-12-23,2025-12-26,176.2481,170.9606,0.85,2.81,2.42,-0.03,-0.033,stopped_out,True,3,2,13157224.3,-434188.4,2025
MANAPPURAM,2025-12-24,2025-12-30,314.1734,308.8704,4.29,7.0,6.09,-0.016879,-0.019879,time_exit,False,6,3,13713486.62,-272610.4,2025
IIFL,2025-12-24,2025-12-30,598.0262,598.4206,2.75,4.71,4.9,0.000659,-0.002341,time_exit,False,6,3,17141858.27,-40129.09,2025
TARC,2025-12-26,2025-12-30,160.4902,161.919,5.44,3.04,6.17,0.008903,0.005903,time_exit,False,4,2,13515396.47,79781.39,2025
HUDCO,2025-12-29,2025-12-30,225.5237,222.5559,1.07,2.94,1.7,-0.013159,-0.016159,time_exit,False,1,1,18095755.02,-292409.31,2025
HBLENGINE,2025-12-29,2025-12-30,922.4316,930.2826,0.6,2.57,2.48,0.008511,0.005511,time_exit,False,1,1,14476604.02,79780.56,2025
