symbol,entry_date,exit_date,entry_price,exit_price,gap_size_pct,volume_ratio,body_pct,pnl_gross,pnl_net,exit_reason,stopped_out,hold_days,hold_bars,allocated_capital,trade_pnl_rupees,year
NFL,2010-02-01,2010-02-02,103.1587,108.3166,3.78,1.9,6.0,0.05,0.047,take_profit,False,1,1,200000.0,9400.0,2010
SUBROS,2010-02-01,2010-02-02,41.542,39.4649,6.73,2.19,15.28,-0.05,-0.053,stopped_out,True,1,1,160000.0,-8480.0,2010
COLPAL,2010-02-01,2010-02-05,261.785,248.6958,2.61,1.96,5.02,-0.05,-0.053,stopped_out,True,4,4,128000.0,-6784.0,2010
KNRCON,2010-02-01,2010-02-02,12.385,13.0043,4.68,2.13,5.0,0.05,0.047,take_profit,False,1,1,102400.0,4812.8,2010
KNRCON,2010-02-01,2010-02-02,12.385,13.0043,1.12,2.13,5.0,0.05,0.047,take_profit,False,1,1,81920.0,3850.24,2010
ZYDUSWELL,2010-02-02,2010-02-03,59.6431,56.6609,0.84,9.11,15.17,-0.05,-0.053,stopped_out,True,1,1,112842.63,-5980.66,2010
EMAMILTD,2010-02-02,2010-02-05,73.8098,70.1193,1.54,10.53,4.91,-0.05,-0.053,stopped_out,True,3,3,90274.1,-4784.53,2010
DRREDDY,2010-02-02,2010-02-08,209.0239,198.5727,0.62,1.58,3.43,-0.05,-0.053,stopped_out,True,6,4,176316.61,-9344.78,2010
ZYDUSWELL,2010-02-02,2010-02-03,59.6431,56.6609,6.4,9.11,15.17,-0.05,-0.053,stopped_out,True,1,1,141053.29,-7475.82,2010
JKTYRE,2010-02-03,2010-02-05,26.9903,25.6408,1.86,5.08,7.69,-0.05,-0.053,stopped_out,True,2,2,120307.17,-6376.28,2010
OIL,2010-02-03,2010-02-18,72.5495,70.9122,1.03,2.03,2.18,-0.022568,-0.025568,time_exit,False,15,10,96245.74,-2460.81,2010
GODREJCP,2010-02-05,2010-02-08,72.8648,76.5081,1.63,1.5,4.56,0.05,0.047,take_profit,False,3,1,141123.88,6632.82,2010
ASIANPAINT,2010-02-05,2010-02-19,168.0691,159.6657,1.01,4.48,3.82,-0.05,-0.053,stopped_out,True,14,9,112899.1,-5983.65,2010
KANSAINER,2010-02-08,2010-02-10,30.5364,32.0633,3.0,1.74,4.81,0.05,0.047,take_profit,False,2,2,153264.99,7203.45,2010
CHAMBLFERT,2010-02-08,2010-02-10,47.4523,45.0797,7.23,1.7,6.51,-0.05,-0.053,stopped_out,True,2,2,122611.99,-6498.44,2010
STAR,2010-02-09,2010-02-10,88.4779,84.054,3.94,2.25,13.31,-0.05,-0.053,stopped_out,True,1,1,98089.59,-5198.75,2010
COFORGE,2010-02-10,2010-02-22,24.8263,26.0676,4.06,1.97,5.72,0.05,0.047,take_profit,False,12,7,121893.0,5728.97,2010
UNOMINDA,2010-02-10,2010-02-11,9.4172,9.888,2.83,3.2,4.02,0.05,0.047,take_profit,False,1,1,97514.4,4583.18,2010
NATCOPHARM,2010-02-10,2010-02-15,21.6772,20.5933,7.71,3.34,9.32,-0.05,-0.053,stopped_out,True,5,2,152366.24,-8075.41,2010
HEROMOTOCO,2010-02-11,2010-02-26,976.4696,1025.293,1.39,1.67,3.23,0.05,0.047,take_profit,False,15,10,98431.03,4626.26,2010
JISLJALEQS,2010-02-15,2010-02-16,138.2181,145.129,2.59,2.78,4.91,0.05,0.047,take_profit,False,1,1,107602.99,5057.34,2010
CENTRALBK,2010-02-16,2010-02-19,123.7333,117.5466,2.34,1.9,2.98,-0.05,-0.053,stopped_out,True,3,3,108614.46,-5756.57,2010
AXISBANK,2010-02-18,2010-03-02,200.0998,210.1047,2.23,2.53,2.95,0.05,0.047,take_profit,False,12,7,105648.55,4965.48,2010
LUMAXTECH,2010-02-19,2010-02-22,14.4498,13.7273,2.54,1.55,5.9,-0.05,-0.053,stopped_out,True,3,1,126473.51,-6703.1,2010
GALLANTT,2010-02-19,2010-02-25,30.5017,28.9767,1.02,3.91,9.15,-0.05,-0.053,stopped_out,True,6,4,101178.81,-5362.48,2010
PATANJALI,2010-02-22,2010-02-24,3026.6806,3178.0146,1.31,2.17,2.3,0.05,0.047,take_profit,False,2,2,130421.52,6129.81,2010
PATANJALI,2010-02-23,2010-02-25,3146.925,3304.2712,1.26,1.91,3.43,0.05,0.047,take_profit,False,2,2,104337.22,4903.85,2010
DIVISLAB,2010-02-24,2010-02-26,262.5461,275.6734,1.49,2.19,5.61,0.05,0.047,take_profit,False,2,2,110780.04,5206.66,2010
EIDPARRY,2010-02-25,2010-03-04,140.0985,147.1034,0.64,3.08,2.51,0.05,0.047,take_profit,False,7,4,129635.51,6092.87,2010
ADANIPORTS,2010-02-25,2010-03-03,122.7253,128.8616,0.84,2.85,3.99,0.05,0.047,take_profit,False,6,3,103708.41,4874.3,2010
SHRIRAMFIN,2010-02-26,2010-03-09,73.4378,77.1097,3.37,4.49,6.87,0.05,0.047,take_profit,False,11,6,126775.53,5958.45,2010
MARUTI,2010-02-26,2010-03-15,1289.3177,1275.8099,3.74,3.16,4.37,-0.010477,-0.013477,time_exit,False,17,10,101420.42,-1366.84,2010
TVSMOTOR,2010-03-02,2010-03-04,32.3811,30.7621,3.5,4.52,5.75,-0.05,-0.053,stopped_out,True,2,2,103259.14,-5472.73,2010
ASIANPAINT,2010-03-03,2010-03-11,171.9709,160.7429,2.14,2.1,5.39,-0.06529,-0.06829,stopped_out_gap,False,8,6,104323.86,-7124.28,2010
CANBK,2010-03-04,2010-03-11,61.2922,58.2275,2.09,2.86,3.82,-0.05,-0.053,stopped_out,True,7,5,130162.04,-6898.59,2010
JINDALSAW,2010-03-04,2010-03-08,81.738,85.8249,1.83,1.76,2.4,0.05,0.047,take_profit,False,4,2,104129.64,4894.09,2010
ANANTRAJ,2010-03-08,2010-03-09,48.1663,50.5746,1.06,1.75,2.85,0.05,0.047,take_profit,False,1,1,105108.45,4940.1,2010
JKIL,2010-03-09,2010-03-15,86.9235,82.5773,0.87,4.53,5.36,-0.05,-0.053,stopped_out,True,6,4,106114.62,-5624.07,2010
SHRIRAMFIN,2010-03-09,2010-03-23,80.4451,78.8357,2.1,1.58,5.11,-0.020007,-0.023007,time_exit,False,14,10,132643.27,-3051.72,2010
AARTIIND,2010-03-11,2010-03-12,8.9367,9.3836,1.97,13.71,3.99,0.05,0.047,take_profit,False,1,1,128984.3,6062.26,2010
PIDILITIND,2010-03-11,2010-03-15,53.1512,50.4937,1.44,2.93,2.67,-0.05,-0.053,stopped_out,True,4,2,103187.44,-5468.93,2010
OLECTRA,2010-03-12,2010-03-15,28.5948,27.1651,1.01,5.85,3.67,-0.05,-0.053,stopped_out,True,3,1,109559.26,-5806.64,2010
WIPRO,2010-03-15,2010-03-30,67.1754,64.6169,0.73,1.62,1.91,-0.038086,-0.041086,time_exit,False,15,10,168050.46,-6904.52,2010
ZENSARTECH,2010-03-15,2010-03-25,22.1878,21.0784,1.22,1.53,2.08,-0.05,-0.053,stopped_out,True,10,7,134440.37,-7125.34,2010
SAREGAMA,2010-03-15,2010-03-17,6.2863,5.972,3.34,6.86,4.71,-0.05,-0.053,stopped_out,True,2,2,107552.29,-5700.27,2010
CHENNPETRO,2010-03-15,2010-03-18,182.6105,191.741,1.55,3.03,2.92,0.05,0.047,take_profit,False,3,3,86041.84,4043.97,2010
JSWENERGY,2010-03-17,2010-03-26,89.0214,93.4724,0.68,2.3,2.59,0.05,0.047,take_profit,False,9,6,89203.87,4192.58,2010
WELCORP,2010-03-18,2010-04-05,225.8633,230.1172,1.65,2.9,3.4,0.018834,0.015834,time_exit,False,18,10,89380.26,1415.25,2010
TATAELXSI,2010-03-23,2010-03-29,128.4376,122.0157,3.86,3.31,6.59,-0.05,-0.053,stopped_out,True,6,3,97422.52,-5163.39,2010
AJANTPHARM,2010-03-25,2010-03-26,14.5228,15.2489,8.42,11.89,12.53,0.05,0.047,take_profit,False,1,1,103401.02,4859.85,2010
BAJAJ-AUTO,2010-03-26,2010-04-05,660.569,693.5975,3.58,2.37,3.99,0.05,0.047,take_profit,False,10,5,123052.28,5783.46,2010
HSCL,2010-03-26,2010-03-29,46.8219,44.4808,1.26,5.12,14.95,-0.05,-0.053,stopped_out,True,3,1,98441.82,-5217.42,2010
VTL,2010-03-29,2010-03-30,41.2242,43.2854,7.36,3.83,10.58,0.05,0.047,take_profit,False,1,1,115850.17,5444.96,2010
GABRIEL,2010-03-29,2010-03-30,13.8931,15.0689,4.71,8.59,4.63,0.084629,0.081629,take_profit_gap,False,1,1,92680.13,7565.39,2010
NATIONALUM,2010-03-30,2010-04-15,48.8659,48.1994,1.87,1.8,2.7,-0.013641,-0.016641,time_exit,False,16,10,120545.14,-2005.99,2010
GSFC,2010-03-30,2010-04-07,29.8794,31.3734,1.83,1.81,2.74,0.05,0.047,take_profit,False,8,5,96436.11,4532.5,2010
ELECTCAST,2010-03-30,2010-03-31,36.6866,38.521,5.29,5.95,5.15,0.05,0.047,take_profit,False,1,1,150681.42,7082.03,2010
GRAPHITE,2010-03-31,2010-04-05,54.4263,57.1476,4.85,1.82,5.6,0.05,0.047,take_profit,False,5,2,108701.58,5108.97,2010
LUMAXTECH,2010-04-05,2010-04-06,16.8029,17.643,8.05,2.1,8.09,0.05,0.047,take_profit,False,1,1,153649.62,7221.53,2010
SAREGAMA,2010-04-05,2010-04-07,6.4964,6.8212,3.85,2.03,6.47,0.05,0.047,take_profit,False,2,2,122919.7,5777.23,2010
MARKSANS,2010-04-05,2010-04-07,5.1807,5.4397,1.87,2.77,4.9,0.05,0.047,take_profit,False,2,2,98335.76,4621.78,2010
REFEX,2010-04-06,2010-04-08,4.8995,4.6095,4.84,4.81,4.67,-0.059194,-0.062194,stopped_out_gap,False,2,2,110842.84,-6893.76,2010
CENTRALBK,2010-04-07,2010-04-13,121.4371,115.3652,4.8,6.06,6.26,-0.05,-0.053,stopped_out,True,6,4,99327.29,-5264.35,2010
JKLAKSHMI,2010-04-07,2010-04-12,63.4347,66.6064,1.92,2.68,2.3,0.05,0.047,take_profit,False,5,3,155198.88,7294.35,2010
THOMASCOOK,2010-04-07,2010-04-21,21.503,22.5782,2.0,8.0,4.49,0.05,0.047,take_profit,False,14,9,124159.11,5835.48,2010
MOTHERSON,2010-04-08,2010-04-12,4.148,4.3554,1.49,1.6,2.92,0.05,0.047,take_profit,False,4,2,100251.64,4711.83,2010
BANCOINDIA,2010-04-12,2010-04-19,22.397,21.2772,0.98,3.65,2.16,-0.05,-0.053,stopped_out,True,7,4,133692.66,-7085.71,2010
KNRCON,2010-04-12,2010-04-16,16.9189,16.0729,0.61,1.68,2.15,-0.05,-0.053,stopped_out,True,4,3,106954.12,-5668.57,2010
NATCOPHARM,2010-04-13,2010-04-16,29.0179,30.4688,3.72,4.39,10.1,0.05,0.047,take_profit,False,3,2,104375.89,4905.67,2010
NAVA,2010-04-15,2010-04-22,76.5294,80.3559,2.26,2.86,4.03,0.05,0.047,take_profit,False,7,5,107208.54,5038.8,2010
GODREJCP,2010-04-16,2010-04-26,91.2969,86.7321,2.23,5.15,3.93,-0.05,-0.053,stopped_out,True,10,6,127880.25,-6777.65,2010
TITAN,2010-04-16,2010-04-30,94.9132,98.1917,1.71,4.06,4.37,0.034542,0.031542,time_exit,False,14,10,102304.2,3226.88,2010
SUBROS,2010-04-19,2010-04-22,38.6224,40.5535,0.86,3.53,2.32,0.05,0.047,take_profit,False,3,3,107164.75,5036.74,2010
CYIENT,2010-04-21,2010-05-05,139.1176,137.4478,1.06,3.4,6.4,-0.012003,-0.015003,time_exit,False,14,10,111730.72,-1676.3,2010
UCOBANK,2010-04-22,2010-04-23,52.2887,54.9031,2.67,5.78,4.08,0.05,0.047,take_profit,False,1,1,107419.47,5048.72,2010
SBIN,2010-04-22,2010-05-06,184.128,191.2666,4.14,4.27,6.77,0.03877,0.03577,time_exit,False,14,10,134274.34,4802.99,2010
IOB,2010-04-23,2010-04-29,83.0862,78.9319,1.0,2.31,2.15,-0.05,-0.053,stopped_out,True,6,4,108429.22,-5746.75,2010
INDIANB,2010-04-26,2010-04-28,147.8654,140.4721,8.71,7.57,13.97,-0.05,-0.053,stopped_out,True,2,2,110963.89,-5881.09,2010
AJANTPHARM,2010-04-28,2010-04-30,15.3996,14.6296,2.0,2.69,1.5,-0.05,-0.053,stopped_out,True,2,2,109787.68,-5818.75,2010
CUMMINSIND,2010-04-29,2010-05-12,302.9143,287.7686,3.31,4.38,7.26,-0.05,-0.053,stopped_out,True,13,9,108366.63,-5743.43,2010
RTNPOWER,2010-04-30,2010-05-06,30.1651,31.6733,0.83,1.82,3.43,0.05,0.047,take_profit,False,6,4,128593.31,6043.89,2010
ASHOKLEY,2010-04-30,2010-05-06,10.9013,11.4463,4.08,7.51,7.42,0.05,0.047,take_profit,False,6,4,102874.65,4835.11,2010
GODREJCP,2010-05-05,2010-05-13,90.5011,95.0261,4.55,2.3,10.66,0.05,0.047,take_profit,False,8,6,104310.6,4902.6,2010
KARURVYSYA,2010-05-06,2010-05-20,30.4178,29.3536,0.58,5.56,7.11,-0.034985,-0.037985,time_exit,False,14,10,127786.67,-4853.98,2010
ENGINERSIN,2010-05-06,2010-05-07,147.0077,155.361,16.73,2.69,15.32,0.056822,0.053822,take_profit_gap,False,1,1,159733.34,8597.17,2010
GRAPHITE,2010-05-10,2010-05-12,66.729,63.3926,6.76,2.1,13.16,-0.05,-0.053,stopped_out,True,2,2,135895.44,-7202.46,2010
RELIANCE,2010-05-10,2010-05-17,221.1191,210.0632,2.36,1.66,2.7,-0.05,-0.053,stopped_out,True,7,5,108716.35,-5761.97,2010
OIL,2010-05-12,2010-05-20,71.9786,75.5775,0.86,2.3,3.02,0.05,0.047,take_profit,False,8,6,133236.32,6262.11,2010
BAJAJFINSV,2010-05-12,2010-05-13,45.2948,47.5596,3.09,2.59,7.25,0.05,0.047,take_profit,False,1,1,106589.05,5009.69,2010
LICHSGFIN,2010-05-13,2010-05-17,153.4054,145.7351,2.04,1.57,3.06,-0.05,-0.053,stopped_out,True,4,2,129433.63,-6859.98,2010
TATAINVEST,2010-05-13,2010-05-19,35.2808,33.5167,1.21,1.58,1.93,-0.05,-0.053,stopped_out,True,6,4,103546.9,-5487.99,2010
ABB,2010-05-17,2010-05-28,708.6248,744.056,12.56,6.81,21.03,0.05,0.047,take_profit,False,11,9,127943.13,6013.33,2010
IOC,2010-05-17,2010-05-27,23.8262,25.0175,1.47,1.76,2.72,0.05,0.047,take_profit,False,10,8,102354.5,4810.66,2010
BERGEPAINT,2010-05-19,2010-05-21,17.1616,16.3036,1.93,6.75,6.34,-0.05,-0.053,stopped_out,True,2,2,101495.39,-5379.26,2010
ONGC,2010-05-20,2010-05-21,90.5296,83.5955,0.76,4.95,5.07,-0.076596,-0.079596,stopped_out_gap,False,1,1,133682.53,-10640.59,2010
OIL,2010-05-20,2010-06-03,77.8895,81.7839,3.77,5.27,3.19,0.05,0.047,take_profit,False,14,10,106946.03,5026.46,2010
RECLTD,2010-05-21,2010-05-31,37.6406,39.5226,1.47,2.26,5.28,0.05,0.047,take_profit,False,10,6,129388.43,6081.26,2010
SURYAROSNI,2010-05-24,2010-05-25,17.2613,16.3983,1.81,9.89,2.32,-0.05,-0.053,stopped_out,True,1,1,103510.75,-5486.07,2010
AARTIIND,2010-05-26,2010-05-28,9.0757,8.6219,1.43,6.21,4.48,-0.05,-0.053,stopped_out,True,2,2,102413.53,-5427.92,2010
ACE,2010-05-27,2010-05-31,40.8666,42.91,1.4,2.93,4.63,0.05,0.047,take_profit,False,4,2,103363.86,4858.1,2010
INDUSINDBK,2010-05-28,2010-06-02,174.4067,165.6864,0.91,2.29,2.62,-0.05,-0.053,stopped_out,True,5,3,128879.5,-6830.61,2010
SUDARSCHEM,2010-05-28,2010-05-31,38.1683,40.0767,4.86,13.66,4.65,0.05,0.047,take_profit,False,3,1,103103.6,4845.87,2010
RCF,2010-05-31,2010-06-07,53.5204,50.1356,3.73,1.88,5.26,-0.063245,-0.066245,stopped_out_gap,False,7,5,97799.11,-6478.7,2010
NFL,2010-05-31,2010-06-07,84.2971,79.6953,6.42,1.79,5.46,-0.054591,-0.057591,stopped_out_gap,False,7,5,152811.11,-8800.54,2010
JMFINANCIL,2010-05-31,2010-06-01,26.0948,27.3995,2.83,8.8,12.06,0.05,0.047,take_profit,False,1,1,122248.89,5745.7,2010
CHAMBLFERT,2010-06-01,2010-06-09,40.956,38.9082,3.22,3.26,5.25,-0.05,-0.053,stopped_out,True,8,6,103838.2,-5503.42,2010
EIDPARRY,2010-06-02,2010-06-11,154.3472,146.5362,0.82,1.64,4.63,-0.050606,-0.053606,stopped_out_gap,False,9,7,107480.34,-5761.59,2010
ZENSARTECH,2010-06-03,2010-06-08,24.2696,23.0561,4.57,2.61,8.02,-0.05,-0.053,stopped_out,True,5,3,108378.77,-5744.07,2010
OFSS,2010-06-07,2010-06-21,1206.0559,1184.9055,4.02,6.09,7.41,-0.017537,-0.020537,time_exit,False,14,10,133769.21,-2747.22,2010
ASIANPAINT,2010-06-07,2010-06-10,189.6827,199.2702,1.51,2.22,2.48,0.050545,0.047545,take_profit_gap,False,3,3,107015.37,5088.05,2010
M&MFIN,2010-06-08,2010-06-22,45.9792,44.3183,3.84,8.55,8.43,-0.036123,-0.039123,time_exit,False,14,10,106139.23,-4152.49,2010
AKZOINDIA,2010-06-09,2010-06-11,402.9131,423.0588,0.65,2.2,3.27,0.05,0.047,take_profit,False,2,2,104578.34,4915.18,2010
DIVISLAB,2010-06-10,2010-06-24,332.2425,328.4462,1.04,1.92,3.5,-0.011426,-0.014426,time_exit,False,14,10,106083.36,-1530.36,2010
EICHERMOT,2010-06-11,2010-06-14,82.5857,75.458,4.01,16.26,15.06,-0.086306,-0.089306,stopped_out_gap,False,3,1,127109.14,-11351.61,2010
IOB,2010-06-11,2010-06-15,81.6541,85.7368,0.9,1.73,1.73,0.05,0.047,take_profit,False,4,2,101687.31,4779.3,2010
RPOWER,2010-06-14,2010-06-15,164.6152,172.8459,1.28,2.6,6.3,0.05,0.047,take_profit,False,1,1,104501.36,4911.56,2010
JBCHEPHARM,2010-06-15,2010-06-23,22.8429,23.985,4.03,2.42,6.34,0.05,0.047,take_profit,False,8,6,126776.99,5958.52,2010
NFL,2010-06-15,2010-06-18,88.7806,84.3416,4.88,4.43,6.34,-0.05,-0.053,stopped_out,True,3,3,101421.59,-5375.34,2010
JPPOWER,2010-06-18,2010-06-30,69.1345,65.3673,1.09,1.76,2.37,-0.054492,-0.057492,stopped_out_gap,False,12,8,100346.52,-5769.12,2010
VOLTAS,2010-06-21,2010-07-05,172.0915,178.1624,1.07,1.62,2.55,0.035277,0.032277,time_exit,False,14,10,106481.62,3436.91,2010
ARVIND,2010-06-22,2010-06-28,9.4545,9.9273,0.59,5.0,4.95,0.05,0.047,take_profit,False,6,4,105582.64,4962.38,2010
WELENT,2010-06-23,2010-07-07,156.3327,149.4451,0.81,2.76,3.62,-0.044057,-0.047057,time_exit,False,14,10,111013.22,-5223.95,2010
TITAN,2010-06-24,2010-06-29,103.5824,108.7616,0.71,1.57,2.2,0.05,0.047,take_profit,False,5,3,109721.17,5156.9,2010
AUROPHARMA,2010-06-28,2010-06-30,80.1234,84.1296,1.51,2.27,3.28,0.05,0.047,take_profit,False,2,2,109885.94,5164.64,2010
GPIL,2010-06-29,2010-07-02,57.6606,54.7776,5.07,2.41,3.67,-0.05,-0.053,stopped_out,True,3,3,110884.37,-5876.87,2010
KSB,2010-06-30,2010-07-01,45.2443,47.5065,4.27,8.08,5.72,0.05,0.047,take_profit,False,1,1,130633.09,6139.76,2010
ASTRAMICRO,2010-06-30,2010-07-01,38.4157,40.3365,3.9,5.92,9.27,0.05,0.047,take_profit,False,1,1,104506.47,4911.8,2010
NLCINDIA,2010-07-01,2010-07-15,80.2224,80.7931,1.09,1.87,3.32,0.007115,0.004115,time_exit,False,14,10,132843.4,546.65,2010
ASTRAMICRO,2010-07-01,2010-07-05,39.7712,41.7597,1.6,7.75,4.31,0.05,0.047,take_profit,False,4,2,106274.72,4994.91,2010
DEEPAKFERT,2010-07-02,2010-07-06,96.1715,101.2055,2.68,2.09,4.38,0.052344,0.049344,take_profit_gap,False,4,2,106021.28,5231.51,2010
ASHOKLEY,2010-07-05,2010-07-08,11.8906,12.4852,3.51,2.04,3.8,0.05,0.047,take_profit,False,3,3,103243.72,4852.46,2010
GSPL,2010-07-05,2010-07-19,87.5255,87.3125,0.77,1.68,3.57,-0.002433,-0.005433,time_exit,False,14,10,129054.65,-701.15,2010
BEL,2010-07-06,2010-07-20,13.9492,13.9395,0.57,1.67,1.95,-0.000693,-0.003693,time_exit,False,14,10,104845.54,-387.19,2010
TRENT,2010-07-07,2010-07-08,89.1869,105.9314,6.79,6.38,6.96,0.187745,0.184745,take_profit_gap,False,1,1,105034.28,19404.56,2010
GODREJIND,2010-07-08,2010-07-16,167.2266,175.5879,2.44,2.98,4.04,0.05,0.047,take_profit,False,8,6,130534.43,6135.12,2010
TITAN,2010-07-08,2010-07-13,114.9775,120.7263,0.52,2.3,2.76,0.05,0.047,take_profit,False,5,3,104427.55,4908.09,2010
VTL,2010-07-13,2010-07-19,44.8963,47.1411,1.44,2.55,2.07,0.05,0.047,take_profit,False,6,4,105409.16,4954.23,2010
GODREJCP,2010-07-15,2010-07-26,110.1452,104.638,2.82,1.97,8.57,-0.05,-0.053,stopped_out,True,11,7,111005.34,-5883.28,2010
BANCOINDIA,2010-07-16,2010-07-21,26.5063,27.9435,3.74,5.11,4.7,0.054223,0.051223,take_profit_gap,False,5,3,116138.18,5948.95,2010
EIHOTEL,2010-07-19,2010-08-02,99.8034,97.881,1.36,9.77,5.37,-0.019262,-0.022262,time_exit,False,14,10,112523.14,-2504.99,2010
UCOBANK,2010-07-19,2010-07-23,73.4453,77.1176,2.79,3.26,4.02,0.05,0.047,take_profit,False,4,4,140653.93,6610.73,2010
VIPIND,2010-07-20,2010-07-26,65.4052,68.6755,5.78,1.69,5.82,0.05,0.047,take_profit,False,6,4,110910.18,5212.78,2010
CIEINDIA,2010-07-21,2010-07-28,104.7621,99.524,0.55,4.4,5.14,-0.05,-0.053,stopped_out,True,7,5,113145.57,-5996.72,2010
M&MFIN,2010-07-23,2010-07-27,52.2484,54.8608,1.35,1.73,2.07,0.05,0.047,take_profit,False,4,2,119969.39,5638.56,2010
TITAGARH,2010-07-26,2010-07-30,67.6494,71.0318,0.81,2.42,2.25,0.05,0.047,take_profit,False,4,4,140224.51,6590.55,2010
FORTIS,2010-07-26,2010-08-09,155.3494,155.6411,1.41,7.16,2.46,0.001877,-0.001123,time_exit,False,14,10,112179.61,-125.98,2010
DBREALTY,2010-07-27,2010-07-28,402.8013,422.9414,4.52,9.36,5.68,0.05,0.047,take_profit,False,1,1,114865.28,5398.67,2010
RALLIS,2010-07-28,2010-08-05,108.1438,102.7366,5.73,1.73,4.35,-0.05,-0.053,stopped_out,True,8,6,109899.83,-5824.69,2010
VIPIND,2010-07-28,2010-08-03,70.925,74.4713,4.12,1.85,4.58,0.05,0.047,take_profit,False,6,4,137374.78,6456.61,2010
M&MFIN,2010-07-30,2010-08-04,56.2759,59.0897,1.6,1.74,3.88,0.05,0.047,take_profit,False,5,3,117282.88,5512.3,2010
BANKINDIA,2010-08-02,2010-08-12,342.0041,359.1043,4.7,2.97,5.2,0.05,0.047,take_profit,False,10,8,115829.93,5444.01,2010
PATANJALI,2010-08-03,2010-08-17,3430.1329,3387.1896,2.35,2.68,4.43,-0.012519,-0.015519,time_exit,False,14,10,121430.22,-1884.48,2010
ARVIND,2010-08-04,2010-08-09,10.3191,10.8351,3.24,3.28,5.71,0.05,0.047,take_profit,False,5,3,121703.21,5720.05,2010
SCI,2010-08-05,2010-08-16,145.2574,137.9945,1.93,6.02,5.42,-0.05,-0.053,stopped_out,True,11,7,118177.6,-6263.41,2010
V2RETAIL,2010-08-09,2010-08-10,62.031,58.9294,3.79,5.46,5.44,-0.05,-0.053,stopped_out,True,1,1,142437.46,-7549.19,2010
ARVIND,2010-08-09,2010-08-10,10.8072,11.3475,3.35,3.02,4.17,0.05,0.047,take_profit,False,1,1,113949.97,5355.65,2010
PRSMJOHNSN,2010-08-10,2010-08-20,53.2538,55.9165,1.94,3.86,6.45,0.05,0.047,take_profit,False,10,8,141998.75,6673.94,2010
JAIBALAJI,2010-08-10,2010-08-12,51.4586,54.0315,7.04,3.76,11.36,0.05,0.047,take_profit,False,2,2,113599.0,5339.15,2010
RECLTD,2010-08-12,2010-08-26,45.2764,45.0572,2.02,5.85,4.23,-0.00484,-0.00784,time_exit,False,14,10,138921.62,-1089.15,2010
NLCINDIA,2010-08-12,2010-08-23,83.3801,87.5492,2.61,7.73,4.03,0.05,0.047,take_profit,False,11,7,111137.3,5223.45,2010
GRASIM,2010-08-16,2010-08-18,273.7348,287.4215,3.83,6.51,4.9,0.05,0.047,take_profit,False,2,2,111292.67,5230.76,2010
SAREGAMA,2010-08-17,2010-08-18,10.4843,11.0085,17.42,11.54,16.43,0.05,0.047,take_profit,False,1,1,112943.29,5308.33,2010
NFL,2010-08-18,2010-08-24,92.3365,96.9533,0.56,3.51,1.66,0.05,0.047,take_profit,False,6,4,137309.64,6453.55,2010
SRF,2010-08-18,2010-08-24,42.5364,44.6632,1.88,1.74,1.6,0.05,0.047,take_profit,False,6,4,109847.71,5162.84,2010
SAREGAMA,2010-08-20,2010-08-24,13.4945,12.8198,8.25,5.32,6.17,-0.05,-0.053,stopped_out,True,4,2,117612.71,-6233.47,2010
PCBL,2010-08-23,2010-08-24,13.8282,14.5196,2.74,2.39,5.13,0.05,0.047,take_profit,False,1,1,117362.32,5516.03,2010
BAJAJELEC,2010-08-24,2010-08-25,238.1739,250.0826,4.12,6.85,5.27,0.05,0.047,take_profit,False,1,1,98558.01,4632.23,2010
ASTRAMICRO,2010-08-24,2010-08-30,38.2715,36.3579,2.26,2.36,3.35,-0.05,-0.053,stopped_out,True,6,4,123197.52,-6529.47,2010
THANGAMAYL,2010-08-24,2010-08-27,67.4761,64.1023,1.97,1.63,2.88,-0.05,-0.053,stopped_out,True,3,3,192496.12,-10202.29,2010
NAVINFLUOR,2010-08-24,2010-08-30,37.724,35.8378,2.28,11.9,7.02,-0.05,-0.053,stopped_out,True,6,4,153996.9,-8161.84,2010
PGIL,2010-08-25,2010-08-26,38.6956,40.6304,2.34,4.34,3.28,0.05,0.047,take_profit,False,1,1,99484.46,4675.77,2010
CGPOWER,2010-08-26,2010-09-09,92.337,91.6568,2.21,4.95,5.19,-0.007367,-0.010367,time_exit,False,14,10,127986.11,-1326.83,2010
SURYAROSNI,2010-08-26,2010-09-09,20.7297,20.6929,1.16,4.82,6.95,-0.001775,-0.004775,time_exit,False,14,10,102388.89,-488.91,2010
ONGC,2010-08-27,2010-09-13,106.6787,112.8169,2.03,1.94,1.75,0.057538,0.054538,take_profit_gap,False,17,10,118369.87,6455.66,2010
POWERGRID,2010-08-30,2010-09-14,34.4138,33.5199,0.92,3.77,3.18,-0.025974,-0.028974,time_exit,False,15,10,147196.52,-4264.87,2010
RADICO,2010-08-31,2010-09-01,148.1986,155.6085,2.45,6.1,3.61,0.05,0.047,take_profit,False,1,1,117757.22,5534.59,2010
GALLANTT,2010-09-01,2010-09-02,39.2095,41.17,10.92,12.51,17.9,0.05,0.047,take_profit,False,1,1,118864.13,5586.61,2010
AARTIIND,2010-09-02,2010-09-17,10.9741,10.6873,2.7,2.82,3.04,-0.026135,-0.029135,time_exit,False,15,10,119981.46,-3495.66,2010
SBIN,2010-09-09,2010-09-13,249.3372,261.804,2.85,2.06,2.9,0.05,0.047,take_profit,False,4,1,141697.02,6659.76,2010
M&M,2010-09-09,2010-09-20,279.475,293.4487,2.08,1.61,2.44,0.05,0.047,take_profit,False,11,6,113357.61,5327.81,2010
SBIN,2010-09-13,2010-09-27,263.0822,265.4987,2.79,3.05,5.27,0.009185,0.006185,time_exit,False,14,10,145322.55,898.82,2010
CANBK,2010-09-13,2010-09-27,84.2093,84.4524,1.52,2.09,1.8,0.002888,-0.000112,time_exit,False,14,10,116258.04,-13.02,2010
EXIDEIND,2010-09-14,2010-09-16,139.3546,132.3869,1.15,1.52,2.7,-0.05,-0.053,stopped_out,True,2,2,121592.76,-6444.42,2010
THANGAMAYL,2010-09-16,2010-09-29,69.9358,66.439,3.34,6.03,8.49,-0.05,-0.053,stopped_out,True,13,9,120303.88,-6376.11,2010
CHOLAFIN,2010-09-17,2010-10-01,32.1629,32.067,1.22,2.29,3.98,-0.002981,-0.005981,time_exit,False,14,10,119540.26,-714.97,2010
SOUTHBANK,2010-09-20,2010-09-24,15.9771,16.7759,2.0,3.81,3.5,0.05,0.047,take_profit,False,4,4,119369.29,5610.36,2010
COLPAL,2010-09-24,2010-09-28,338.9938,322.0441,1.54,2.37,3.57,-0.05,-0.053,stopped_out,True,4,2,120491.37,-6386.04,2010
RENUKA,2010-09-27,2010-10-01,80.2063,84.2166,3.22,1.88,2.22,0.05,0.047,take_profit,False,4,4,119109.1,5598.13,2010
TRIVENI,2010-09-27,2010-09-30,58.1978,61.1077,1.18,2.74,3.66,0.05,0.047,take_profit,False,3,3,148886.37,6997.66,2010
PRICOLLTD,2010-09-28,2010-10-05,23.1683,22.0099,4.36,6.41,9.56,-0.05,-0.053,stopped_out,True,7,5,118108.34,-6259.74,2010
ECLERX,2010-09-29,2010-09-30,229.694,241.1787,4.73,7.72,2.9,0.05,0.047,take_profit,False,1,1,117272.23,5511.79,2010
REDINGTON,2010-09-30,2010-10-04,30.4907,28.9662,1.1,3.23,4.14,-0.05,-0.053,stopped_out,True,4,2,149551.39,-7926.22,2010
REDINGTON,2010-09-30,2010-10-04,30.4907,28.9662,0.65,3.23,4.14,-0.05,-0.053,stopped_out,True,4,2,119641.11,-6340.98,2010
JSWSTEEL,2010-10-01,2010-10-15,115.6477,110.8998,2.2,1.67,1.9,-0.041054,-0.044054,time_exit,False,14,10,144419.4,-6362.25,2010
FSL,2010-10-01,2010-10-12,22.8215,23.9626,2.95,3.6,3.6,0.05,0.047,take_profit,False,11,7,115535.52,5430.17,2010
MAHABANK,2010-10-04,2010-10-05,53.1187,55.7746,1.79,1.89,1.68,0.05,0.047,take_profit,False,1,1,143413.47,6740.43,2010
HAVELLS,2010-10-04,2010-10-15,75.2602,71.4972,3.2,3.55,2.38,-0.05,-0.053,stopped_out,True,11,9,114730.78,-6080.73,2010
SJVN,2010-10-05,2010-10-19,11.532,11.0624,1.02,2.67,1.82,-0.040721,-0.043721,time_exit,False,14,10,115348.1,-5043.13,2010
SRF,2010-10-05,2010-10-06,48.7231,51.1592,3.58,1.97,3.62,0.05,0.047,take_profit,False,1,1,144185.12,6776.7,2010
SONATSOFTW,2010-10-06,2010-10-08,10.7364,10.1996,0.95,2.47,4.96,-0.05,-0.053,stopped_out,True,2,2,122470.84,-6490.95,2010
IFCI,2010-10-08,2010-10-13,60.4978,63.5227,0.55,2.74,4.8,0.05,0.047,take_profit,False,5,3,121172.65,5695.11,2010
SRF,2010-10-12,2010-10-22,56.6374,59.4692,4.7,2.4,6.19,0.05,0.047,take_profit,False,10,8,121131.26,5693.17,2010
MARUTI,2010-10-13,2010-10-19,1382.9256,1313.7793,0.79,2.17,2.19,-0.05,-0.053,stopped_out,True,6,4,122278.56,-6480.76,2010
WEBELSOLAR,2010-10-15,2010-10-19,13.0565,12.4037,3.18,8.43,7.94,-0.05,-0.053,stopped_out,True,4,2,147164.29,-7799.71,2010
ICIL,2010-10-15,2010-10-18,3.7693,3.9578,2.76,2.03,2.23,0.05,0.047,take_profit,False,3,1,117731.43,5533.38,2010
JINDALSAW,2010-10-18,2010-10-25,86.9554,91.3032,1.28,1.55,2.5,0.05,0.047,take_profit,False,7,5,118838.11,5585.39,2010
COROMANDEL,2010-10-19,2010-10-20,254.1645,266.8727,1.44,4.18,4.21,0.05,0.047,take_profit,False,1,1,107624.93,5058.37,2010
BIOCON,2010-10-19,2010-10-26,68.2212,60.7527,2.05,8.31,4.85,-0.109474,-0.112474,stopped_out_gap,False,7,5,168163.95,-18914.07,2010
BIOCON,2010-10-19,2010-10-26,68.2212,60.7527,6.69,8.31,4.85,-0.109474,-0.112474,stopped_out_gap,False,7,5,134531.16,-15131.26,2010
CARBORUNIV,2010-10-20,2010-10-21,105.5936,110.8733,0.64,2.07,3.57,0.05,0.047,take_profit,False,1,1,108636.6,5105.92,2010
MAHABANK,2010-10-21,2010-10-25,60.4138,57.3931,2.85,2.4,3.97,-0.05,-0.053,stopped_out,True,4,2,109657.79,-5811.86,2010
INDIAGLYCO,2010-10-22,2010-10-28,80.8021,76.762,6.06,3.03,11.77,-0.05,-0.053,stopped_out,True,6,4,113091.12,-5993.83,2010
EPL,2010-10-25,2010-10-28,18.8027,19.7428,2.57,1.81,3.51,0.05,0.047,take_profit,False,3,3,136126.78,6397.96,2010
HSCL,2010-10-25,2010-11-08,48.7626,51.2007,1.12,2.25,2.19,0.05,0.047,take_profit,False,14,9,108901.42,5118.37,2010
WELSPUNLIV,2010-10-26,2010-10-29,5.8391,5.5472,5.31,9.45,10.83,-0.05,-0.053,stopped_out,True,3,3,140851.09,-7465.11,2010
GOKEX,2010-10-26,2010-10-29,138.3881,145.3075,1.64,13.71,1.91,0.05,0.047,take_profit,False,3,3,112680.88,5296.0,2010
AVANTIFEED,2010-10-28,2010-10-29,1.9709,2.1339,7.46,3.21,6.41,0.082687,0.079687,take_profit_gap,False,1,1,140069.11,11161.69,2010
EPL,2010-10-28,2010-11-01,19.7496,20.737,2.54,4.1,6.79,0.05,0.047,take_profit,False,4,2,112055.28,5266.6,2010
CARBORUNIV,2010-10-29,2010-11-02,116.0362,110.2344,1.65,2.11,2.11,-0.05,-0.053,stopped_out,True,4,2,170162.96,-9018.64,2010
SONATSOFTW,2010-10-29,2010-11-02,12.0556,12.6619,5.22,5.02,5.41,0.050296,0.047296,take_profit_gap,False,4,2,136130.37,6438.42,2010
RAMCOCEM,2010-10-29,2010-11-02,106.1604,111.4684,0.6,2.55,6.47,0.05,0.047,take_profit,False,4,2,108904.29,5118.5,2010
M&M,2010-11-01,2010-11-10,326.7504,343.0879,0.61,1.89,3.02,0.05,0.047,take_profit,False,9,6,110587.81,5197.63,2010
PRSMJOHNSN,2010-11-02,2010-11-08,59.3688,62.3373,2.76,1.7,3.61,0.05,0.047,take_profit,False,6,3,137613.94,6467.86,2010
LT,2010-11-02,2010-11-16,767.2593,728.8963,1.13,1.81,2.37,-0.05,-0.053,stopped_out,True,14,9,110091.16,-5834.83,2010
KTKBANK,2010-11-02,2010-11-12,88.5736,84.1449,3.45,6.0,5.37,-0.05,-0.053,stopped_out,True,10,7,172017.43,-9116.92,2010
JKIL,2010-11-08,2010-11-16,109.3073,103.842,2.89,2.97,4.7,-0.05,-0.053,stopped_out,True,8,6,111754.59,-5922.99,2010
HFCL,2010-11-08,2010-11-09,11.1071,11.6625,3.54,2.23,2.73,0.05,0.047,take_profit,False,1,1,139693.24,6565.58,2010
GPIL,2010-11-09,2010-11-16,51.2311,48.6695,0.65,2.7,2.0,-0.05,-0.053,stopped_out,True,7,5,118655.44,-6288.74,2010
BATAINDIA,2010-11-10,2010-11-15,160.2036,152.1934,2.52,3.72,5.94,-0.05,-0.053,stopped_out,True,5,3,118081.44,-6258.32,2010
MARKSANS,2010-11-12,2010-11-15,5.0354,5.9977,1.92,11.75,19.54,0.191116,0.188116,take_profit_gap,False,3,1,127045.25,23899.24,2010
BATAINDIA,2010-11-16,2010-11-18,162.2452,170.3575,1.12,2.02,4.12,0.05,0.047,take_profit,False,2,1,218680.65,10277.99,2010
DATAMATICS,2010-11-16,2010-11-26,28.3243,26.9081,1.98,6.48,5.85,-0.05,-0.053,stopped_out,True,10,7,174944.52,-9272.06,2010
HEROMOTOCO,2010-11-18,2010-11-30,1168.5954,1227.0251,2.93,2.45,2.39,0.05,0.047,take_profit,False,12,8,185747.35,8730.13,2010
IDEA,2010-11-19,2010-11-23,43.8923,41.6977,0.68,4.65,4.9,-0.05,-0.053,stopped_out,True,4,2,148597.88,-7875.69,2010
ECLERX,2010-11-22,2010-11-23,309.1727,324.6314,1.34,2.34,4.37,0.05,0.047,take_profit,False,1,1,95102.64,4469.82,2010
MANAPPURAM,2010-11-22,2010-11-24,51.7023,49.1172,1.29,3.16,8.06,-0.05,-0.053,stopped_out,True,2,2,118878.3,-6300.55,2010
TVSMOTOR,2010-11-24,2010-11-26,70.6523,67.1197,3.75,3.67,7.84,-0.05,-0.053,stopped_out,True,2,2,146656.59,-7772.8,2010
TCS,2010-11-29,2010-12-13,384.1891,385.5246,0.8,1.83,1.55,0.003476,0.000476,time_exit,False,14,10,178236.53,84.84,2010
CANBK,2010-11-30,2010-12-06,107.983,102.5838,1.09,3.26,3.42,-0.05,-0.053,stopped_out,True,6,4,181484.72,-9618.69,2010
SHRIRAMFIN,2010-11-30,2010-12-03,130.8125,137.3531,3.69,1.94,5.25,0.05,0.047,take_profit,False,3,3,145187.77,6823.83,2010
PIDILITIND,2010-11-30,2010-12-07,68.2955,71.7103,2.33,1.78,5.04,0.05,0.047,take_profit,False,7,5,116150.22,5459.06,2010
CANBK,2010-11-30,2010-12-06,107.983,102.5838,1.21,3.26,3.42,-0.05,-0.053,stopped_out,True,6,4,92920.17,-4924.77,2010
MANAPPURAM,2010-12-03,2010-12-06,45.9529,43.6552,2.29,1.77,3.23,-0.05,-0.053,stopped_out,True,3,1,104738.46,-5551.14,2010
GRAPHITE,2010-12-07,2010-12-09,61.5607,58.4827,1.8,3.06,4.35,-0.05,-0.053,stopped_out,True,2,2,179922.37,-9535.89,2010
ACC,2010-12-10,2010-12-27,872.6476,876.7213,1.77,4.41,8.07,0.004668,0.001668,time_exit,False,17,10,178015.2,296.93,2010
PETRONET,2010-12-13,2010-12-14,39.5807,41.5598,3.72,1.5,5.91,0.05,0.047,take_profit,False,1,1,178076.43,8369.59,2010
CARBORUNIV,2010-12-14,2010-12-22,111.1855,116.7447,1.21,4.55,6.27,0.05,0.047,take_profit,False,8,5,179750.35,8448.27,2010
BERGEPAINT,2010-12-14,2010-12-23,27.457,28.8298,4.34,2.49,3.82,0.05,0.047,take_profit,False,9,6,143800.28,6758.61,2010
GRAPHITE,2010-12-14,2010-12-16,66.1596,62.8516,0.91,3.07,4.3,-0.05,-0.053,stopped_out,True,2,2,115040.22,-6097.13,2010
GSPL,2010-12-14,2010-12-16,101.0046,95.9544,0.84,2.27,4.14,-0.05,-0.053,stopped_out,True,2,2,92032.18,-4877.71,2010
DCMSHRIRAM,2010-12-16,2010-12-31,39.3431,39.6925,2.08,3.21,6.76,0.008882,0.005882,time_exit,False,15,10,112845.26,663.76,2010
OFSS,2010-12-16,2010-12-31,1226.7288,1272.5482,1.13,1.91,2.36,0.037351,0.034351,time_exit,False,15,10,90276.2,3101.08,2010
AKZOINDIA,2010-12-22,2010-12-23,532.6706,502.7832,4.14,2.71,3.27,-0.056109,-0.059109,stopped_out_gap,False,1,1,109860.69,-6493.76,2010
BERGEPAINT,2010-12-23,2010-12-27,29.4509,27.9784,1.92,3.17,6.12,-0.05,-0.053,stopped_out,True,4,2,110938.97,-5879.77,2010
JINDWORLD,2010-12-23,2010-12-24,4.7918,4.5296,1.96,2.74,7.52,-0.054727,-0.057727,stopped_out_gap,False,1,1,138673.71,-8005.22,2010
SUNPHARMA,2010-12-24,2011-01-05,212.5927,223.2224,1.66,1.9,6.84,0.05,0.047,take_profit,False,12,8,114884.88,5399.59,2011
PERSISTENT,2010-12-27,2011-01-04,89.1365,93.5934,0.58,1.96,1.72,0.05,0.047,take_profit,False,8,6,148582.17,6983.36,2011
PRAJIND,2010-12-27,2010-12-30,58.7944,61.7341,7.87,6.81,9.22,0.05,0.047,take_profit,False,3,3,118865.73,5586.69,2010
TATAPOWER,2010-12-30,2011-01-13,107.1071,105.8402,0.57,2.03,1.77,-0.011829,-0.014829,time_exit,False,14,10,119983.07,-1779.23,2011
NATIONALUM,2010-12-31,2011-01-10,46.4175,44.0966,1.53,2.09,3.3,-0.05,-0.053,stopped_out,True,10,6,137363.72,-7280.28,2011
ARVIND,2010-12-31,2011-01-03,19.8713,20.8648,5.05,3.41,6.5,0.05,0.047,take_profit,False,3,1,109890.97,5164.88,2011
GODREJIND,2011-01-03,2011-01-06,194.8056,185.0653,2.6,3.23,6.54,-0.05,-0.053,stopped_out,True,3,3,110923.95,-5878.97,2011
AVANTIFEED,2011-01-04,2011-01-07,1.9735,1.8748,1.23,6.32,3.38,-0.05,-0.053,stopped_out,True,3,3,119852.26,-6352.17,2011
ADANIPORTS,2011-01-05,2011-01-07,145.1033,137.8481,2.22,3.85,5.0,-0.05,-0.053,stopped_out,True,2,2,119938.7,-6356.75,2011
RAIN,2011-01-12,2011-01-17,28.9627,27.5146,1.39,1.69,3.54,-0.05,-0.053,stopped_out,True,5,3,188393.06,-9984.83,2011
SUZLON,2011-01-12,2011-01-19,49.2868,46.8225,3.17,2.15,10.39,-0.05,-0.053,stopped_out,True,7,5,150714.45,-7987.87,2011
GRASIM,2011-01-12,2011-01-27,335.5908,327.328,1.66,1.71,4.22,-0.024622,-0.027622,time_exit,False,15,10,120571.56,-3330.43,2011
SUDARSCHEM,2011-01-12,2011-01-17,52.4131,49.7925,3.76,2.61,3.81,-0.05,-0.053,stopped_out,True,5,3,96457.24,-5112.23,2011
REFEX,2011-01-17,2011-01-19,7.7726,8.1735,2.08,1.54,3.68,0.051579,0.048579,take_profit_gap,False,2,2,154757.21,7517.95,2011
TCS,2011-01-18,2011-01-31,431.2576,409.6947,3.2,2.82,2.43,-0.05,-0.053,stopped_out,True,13,8,123805.77,-6561.71,2011
BSOFT,2011-01-18,2011-01-19,39.4193,37.4483,2.12,2.56,9.54,-0.05,-0.053,stopped_out,True,1,1,99044.62,-5249.36,2011
MARICO,2011-01-19,2011-01-25,54.0542,51.3515,1.89,2.99,3.28,-0.05,-0.053,stopped_out,True,6,4,127196.07,-6741.39,2011
PATANJALI,2011-01-19,2011-01-24,3621.2199,3440.1589,1.58,1.98,4.59,-0.05,-0.053,stopped_out,True,5,3,158995.09,-8426.74,2011
ZYDUSLIFE,2011-01-20,2011-01-31,145.7334,138.4468,3.62,3.44,4.35,-0.05,-0.053,stopped_out,True,11,6,101756.86,-5393.11,2011
APOLLOHOSP,2011-01-24,2011-01-28,482.1974,445.814,1.99,5.58,7.48,-0.075453,-0.078453,stopped_out_gap,False,4,3,111519.16,-8749.01,2011
NTPC,2011-01-25,2011-02-01,96.2931,91.4784,1.06,1.81,1.76,-0.05,-0.053,stopped_out,True,7,4,113306.26,-6005.23,2011
SIEMENS,2011-01-31,2011-02-14,422.1883,416.1606,8.67,9.7,2.89,-0.014277,-0.017277,time_exit,False,14,10,177368.83,-3064.4,2011
SIEMENS,2011-01-31,2011-02-14,422.1883,416.1606,11.54,9.7,2.89,-0.014277,-0.017277,time_exit,False,14,10,141895.06,-2451.52,2011
WOCKPHARMA,2011-02-02,2011-02-04,325.8201,342.1111,2.18,2.53,2.77,0.05,0.047,take_profit,False,2,2,134976.25,6343.88,2011
MOTHERSON,2011-02-03,2011-02-08,5.3487,5.0813,0.86,3.78,6.66,-0.05,-0.053,stopped_out,True,5,3,86384.8,-4578.39,2011
NFL,2011-02-03,2011-02-08,85.1745,80.9158,4.62,4.29,8.12,-0.05,-0.053,stopped_out,True,5,3,107981.0,-5722.99,2011
BRIGADE,2011-02-04,2011-02-07,62.6808,59.5468,2.67,16.43,11.55,-0.05,-0.053,stopped_out,True,3,1,97371.87,-5160.71,2011
FORTIS,2011-02-08,2011-02-14,146.3516,153.6692,1.53,3.63,4.25,0.05,0.047,take_profit,False,6,4,133152.61,6258.17,2011
MFSL,2011-02-11,2011-02-18,139.3267,132.3604,1.35,1.6,3.22,-0.05,-0.053,stopped_out,True,7,5,106522.09,-5645.67,2011
REDINGTON,2011-02-14,2011-02-15,26.1469,24.8396,2.38,2.29,9.21,-0.05,-0.053,stopped_out,True,1,1,175849.42,-9320.02,2011
NFL,2011-02-14,2011-02-15,86.3835,90.7027,9.66,2.11,10.86,0.05,0.047,take_profit,False,1,1,140679.54,6611.94,2011
NFL,2011-02-14,2011-02-15,86.3835,90.7027,1.18,2.11,10.86,0.05,0.047,take_profit,False,1,1,112543.63,5289.55,2011
HINDZINC,2011-02-14,2011-02-28,44.9653,44.1924,1.37,2.07,3.1,-0.017188,-0.020188,time_exit,False,14,10,90034.9,-1817.62,2011
MARICO,2011-02-15,2011-02-24,51.6827,49.0985,2.04,2.75,3.18,-0.05,-0.053,stopped_out,True,9,7,158358.73,-8393.01,2011
FEDERALBNK,2011-02-15,2011-02-21,31.9179,30.2501,0.52,1.67,1.7,-0.052253,-0.055253,stopped_out_gap,False,6,4,126686.99,-6999.84,2011
NMDC,2011-02-15,2011-03-01,24.5173,24.5291,0.98,1.53,1.79,0.000482,-0.002518,time_exit,False,14,10,101349.59,-255.2,2011
MANAPPURAM,2011-02-18,2011-02-21,36.6456,34.8133,10.61,1.58,2.63,-0.05,-0.053,stopped_out,True,3,1,101254.96,-5366.51,2011
TITAN,2011-02-22,2011-02-24,161.4282,153.3568,0.78,1.61,4.35,-0.05,-0.053,stopped_out,True,2,2,124119.08,-6578.31,2011
GRAVITA,2011-02-22,2011-02-24,44.0744,41.8707,2.23,2.47,6.56,-0.05,-0.053,stopped_out,True,2,2,99295.27,-5262.65,2011
NATIONALUM,2011-02-24,2011-02-28,50.4651,47.9419,2.82,4.04,3.18,-0.05,-0.053,stopped_out,True,4,2,151744.04,-8042.43,2011
COALINDIA,2011-02-28,2011-03-08,110.2586,115.7715,5.39,5.82,9.6,0.05,0.047,take_profit,False,8,5,167779.0,7885.61,2011
VAIBHAVGBL,2011-02-28,2011-03-01,4.2406,4.4526,9.88,4.18,29.84,0.05,0.047,take_profit,False,1,1,134223.2,6308.49,2011
ITC,2011-02-28,2011-03-15,68.684,69.0619,8.11,3.64,8.3,0.005503,0.002503,time_exit,False,15,10,107378.56,268.77,2011
GODFRYPHLP,2011-02-28,2011-03-07,105.6773,99.5974,1.79,3.01,8.68,-0.057532,-0.060532,stopped_out_gap,False,7,4,85902.85,-5199.87,2011
MARUTI,2011-03-01,2011-03-14,1145.4128,1088.1421,3.34,2.47,6.75,-0.05,-0.053,stopped_out,True,13,8,117047.5,-6203.52,2011
ITC,2011-03-01,2011-03-16,70.5534,69.5085,0.69,1.75,1.64,-0.01481,-0.01781,time_exit,False,15,10,93638.0,-1667.69,2011
JINDWORLD,2011-03-08,2011-03-15,5.8139,5.0522,9.0,13.22,22.47,-0.131014,-0.134014,stopped_out_gap,False,7,5,100947.13,-13528.33,2011
NESTLEIND,2011-03-08,2011-03-17,159.6543,151.6716,1.68,1.72,1.51,-0.05,-0.053,stopped_out,True,9,7,126183.92,-6687.75,2011
V2RETAIL,2011-03-14,2011-03-15,37.3687,39.2371,9.91,10.83,18.38,0.05,0.047,take_profit,False,1,1,102926.5,4837.55,2011
VIPIND,2011-03-15,2011-03-16,101.868,106.9614,5.54,5.62,10.76,0.05,0.047,take_profit,False,1,1,142907.24,6716.64,2011
RELIANCE,2011-03-15,2011-03-21,212.4846,201.8603,1.67,2.27,3.94,-0.05,-0.053,stopped_out,True,6,4,114325.79,-6059.27,2011
JBCHEPHARM,2011-03-16,2011-03-29,38.819,36.8781,3.69,1.78,5.53,-0.05,-0.053,stopped_out,True,13,9,139779.47,-7408.31,2011
CENTRALBK,2011-03-16,2011-03-17,131.6418,138.2239,2.5,4.01,6.43,0.05,0.047,take_profit,False,1,1,111823.58,5255.71,2011
PRSMJOHNSN,2011-03-16,2011-03-30,50.8526,53.3953,0.96,2.14,1.86,0.05,0.047,take_profit,False,14,10,89458.86,4204.57,2011
HAVELLS,2011-03-17,2011-03-23,62.8081,65.9485,1.48,2.21,1.6,0.05,0.047,take_profit,False,6,4,95105.74,4469.97,2011
MAHLIFE,2011-03-17,2011-03-21,99.0111,94.0605,1.67,8.34,11.12,-0.05,-0.053,stopped_out,True,4,2,118882.18,-6300.76,2011
RAMCOCEM,2011-03-21,2011-03-30,89.0083,93.4587,0.57,2.98,4.06,0.05,0.047,take_profit,False,9,7,120254.18,5651.95,2011
ESCORTS,2011-03-21,2011-04-04,127.5685,129.2744,3.96,2.4,5.52,0.013372,0.010372,time_exit,False,14,10,96203.35,997.82,2011
KOTAKBANK,2011-03-23,2011-03-25,42.8128,44.9535,2.31,1.97,2.97,0.05,0.047,take_profit,False,2,2,96877.82,4553.26,2011
DLF,2011-03-25,2011-03-30,214.6901,225.4247,2.89,2.23,4.66,0.05,0.047,take_profit,False,5,3,97788.47,4596.06,2011
BHARTIARTL,2011-03-29,2011-04-08,300.5757,315.6045,1.23,2.45,3.92,0.05,0.047,take_profit,False,10,8,104705.01,4921.14,2011
RAMCOCEM,2011-03-30,2011-04-07,94.7714,99.51,2.12,5.1,5.28,0.05,0.047,take_profit,False,8,6,94819.09,4456.5,2011
HSCL,2011-03-30,2011-03-31,44.1706,41.9621,2.64,6.48,10.85,-0.05,-0.053,stopped_out,True,1,1,148154.83,-7852.21,2011
FEDERALBNK,2011-03-30,2011-04-15,34.8613,36.6044,0.97,1.9,3.81,0.05,0.047,take_profit,False,16,10,118523.86,5570.62,2011
MANAPPURAM,2011-03-31,2011-04-11,37.7984,35.9084,1.7,3.05,3.95,-0.05,-0.053,stopped_out,True,11,7,103915.79,-5507.54,2011
ACE,2011-04-04,2011-04-05,42.1571,44.265,2.47,2.16,2.53,0.05,0.047,take_profit,False,1,1,102572.87,4820.92,2011
ECLERX,2011-04-05,2011-04-06,298.9809,313.93,6.66,1.59,6.28,0.05,0.047,take_profit,False,1,1,103537.05,4866.24,2011
TI,2011-04-06,2011-04-08,63.6021,60.422,3.13,2.9,10.0,-0.05,-0.053,stopped_out,True,2,2,104510.3,-5539.05,2011
GMRAIRPORT,2011-04-07,2011-04-08,38.3443,36.4271,0.72,2.31,4.52,-0.05,-0.053,stopped_out,True,1,1,103463.36,-5483.56,2011
VSTIND,2011-04-08,2011-04-13,37.3418,39.2089,3.18,10.29,3.59,0.05,0.047,take_profit,False,5,2,144086.13,6772.05,2011
HINDZINC,2011-04-08,2011-04-21,50.2196,52.7306,2.92,3.41,2.72,0.05,0.047,take_profit,False,13,7,115268.9,5417.64,2011
CASTROLIND,2011-04-08,2011-04-27,70.0453,71.2851,1.59,5.24,2.78,0.0177,0.0147,time_exit,False,19,10,92215.12,1355.56,2011
AARTIDRUGS,2011-04-11,2011-04-13,14.9787,14.2298,4.35,18.17,14.83,-0.05,-0.053,stopped_out,True,2,1,93453.75,-4953.05,2011
CCL,2011-04-13,2011-04-15,22.6348,21.503,0.79,11.05,18.82,-0.05,-0.053,stopped_out,True,2,1,98107.82,-5199.71,2011
FINCABLES,2011-04-13,2011-04-28,46.2893,43.9749,3.29,2.39,3.3,-0.05,-0.053,stopped_out,True,15,9,122634.77,-6499.64,2011
SUDARSCHEM,2011-04-15,2011-04-20,59.1186,55.1663,1.48,2.57,1.96,-0.066853,-0.069853,stopped_out_gap,False,5,3,121886.77,-8514.16,2011
FEDERALBNK,2011-04-15,2011-04-29,36.8886,35.0442,1.29,2.31,2.65,-0.05,-0.053,stopped_out,True,14,9,97509.42,-5168.0,2011
SUZLON,2011-04-20,2011-04-26,52.7318,50.0952,2.87,1.61,3.61,-0.05,-0.053,stopped_out,True,6,3,100682.06,-5336.15,2011
BSOFT,2011-04-21,2011-04-29,42.7278,40.5914,4.0,1.95,4.45,-0.05,-0.053,stopped_out,True,8,5,104682.95,-5548.2,2011
TITAGARH,2011-04-26,2011-04-29,68.373,64.9544,1.59,3.01,3.44,-0.05,-0.053,stopped_out,True,3,3,102815.55,-5449.22,2011
CIEINDIA,2011-04-27,2011-04-28,74.8711,78.6147,5.63,8.36,6.47,0.05,0.047,take_profit,False,1,1,100966.57,4745.43,2011
OLECTRA,2011-04-28,2011-05-06,19.447,18.4746,1.09,5.61,4.71,-0.05,-0.053,stopped_out,True,8,6,100114.15,-5306.05,2011
EXIDEIND,2011-04-28,2011-05-11,127.5193,133.8953,2.66,7.0,5.21,0.05,0.047,take_profit,False,13,9,125142.69,5881.71,2011
SURYAROSNI,2011-04-29,2011-05-02,21.4827,20.4085,2.14,17.35,10.26,-0.05,-0.053,stopped_out,True,3,1,110287.85,-5845.26,2011
SURYAROSNI,2011-04-29,2011-05-02,21.4827,20.4085,2.72,17.35,10.26,-0.05,-0.053,stopped_out,True,3,1,88230.28,-4676.21,2011
SUNPHARMA,2011-04-29,2011-05-04,209.2015,198.7414,2.39,1.74,3.6,-0.05,-0.053,stopped_out,True,5,3,137859.82,-7306.57,2011
VAIBHAVGBL,2011-05-04,2011-05-05,6.5062,6.8315,0.79,7.25,14.78,0.05,0.047,take_profit,False,1,1,134294.21,6311.83,2011
UBL,2011-05-04,2011-05-06,495.7145,470.9288,2.81,6.57,8.18,-0.05,-0.053,stopped_out,True,2,2,107435.37,-5694.07,2011
UPL,2011-05-05,2011-05-12,88.0387,92.4406,0.64,2.11,4.27,0.05,0.047,take_profit,False,7,5,114069.5,5361.27,2011
APOLLOHOSP,2011-05-05,2011-05-19,456.3469,448.9542,1.03,1.68,5.1,-0.0162,-0.0192,time_exit,False,14,10,91255.6,-1752.11,2011
BATAINDIA,2011-05-09,2011-05-17,201.414,211.4847,3.79,2.3,6.03,0.05,0.047,take_profit,False,8,6,112314.36,5278.77,2011
JUBLFOOD,2011-05-09,2011-05-10,77.3415,73.4745,1.32,2.91,10.89,-0.05,-0.053,stopped_out,True,1,1,89851.49,-4762.13,2011
ASHOKA,2011-05-10,2011-05-19,57.2089,54.3484,1.49,2.75,2.96,-0.05,-0.053,stopped_out,True,9,7,88899.06,-4711.65,2011
FORTIS,2011-05-11,2011-05-13,156.5425,148.3904,1.24,1.72,3.25,-0.052076,-0.055076,stopped_out_gap,False,2,2,97324.13,-5360.22,2011
PRICOLLTD,2011-05-12,2011-05-26,14.8217,14.3208,3.79,3.75,7.03,-0.033795,-0.036795,time_exit,False,14,10,101745.46,-3743.72,2011
LUPIN,2011-05-13,2011-05-27,405.0881,409.2803,2.59,2.28,3.76,0.010349,0.007349,time_exit,False,14,10,99789.15,733.35,2011
ASIANPAINT,2011-05-17,2011-05-25,250.0399,262.5419,0.61,2.99,1.56,0.05,0.047,take_profit,False,8,6,103349.94,4857.45,2011
GPIL,2011-05-20,2011-05-24,44.0132,41.8126,1.48,2.19,4.4,-0.05,-0.053,stopped_out,True,4,2,117418.14,-6223.16,2011
DIVISLAB,2011-05-20,2011-05-30,315.7573,331.5452,1.92,6.49,2.13,0.05,0.047,take_profit,False,10,6,93934.51,4414.92,2011
ARVIND,2011-05-24,2011-06-01,22.3116,23.4272,1.44,2.96,5.54,0.05,0.047,take_profit,False,8,6,97386.6,4577.17,2011
VSTIND,2011-05-25,2011-05-26,48.1884,50.5979,2.58,2.42,3.78,0.05,0.047,take_profit,False,1,1,99550.76,4678.89,2011
VIPIND,2011-05-26,2011-05-27,122.906,129.0513,5.62,3.43,6.93,0.05,0.047,take_profit,False,1,1,120086.88,5644.08,2011
VIPIND,2011-05-26,2011-05-27,122.906,129.0513,3.33,3.43,6.93,0.05,0.047,take_profit,False,1,1,96069.51,4515.27,2011
DEEPAKFERT,2011-05-27,2011-06-02,114.7345,120.4712,1.85,1.95,7.07,0.05,0.047,take_profit,False,6,4,91022.88,4278.08,2011
KTKBANK,2011-05-27,2011-05-30,53.2888,55.9533,1.98,1.54,4.17,0.05,0.047,take_profit,False,3,1,113778.6,5347.59,2011
KNRCON,2011-05-27,2011-05-30,10.23,10.7415,3.33,3.95,4.9,0.05,0.047,take_profit,False,3,1,142223.25,6684.49,2011
HAVELLS,2011-05-30,2011-06-08,71.6818,75.2593,2.16,2.52,2.54,0.049909,0.046909,take_profit_gap,False,9,7,146094.98,6853.17,2011
DABUR,2011-05-30,2011-05-31,97.1,101.955,1.11,2.51,3.72,0.05,0.047,take_profit,False,1,1,116875.99,5493.17,2011
KTKBANK,2011-05-30,2011-06-07,55.9233,58.7195,2.7,2.37,4.71,0.05,0.047,take_profit,False,8,6,93500.79,4394.54,2011
KNRCON,2011-05-31,2011-06-02,11.4781,10.9042,2.28,4.8,8.3,-0.05,-0.053,stopped_out,True,2,2,99274.46,-5261.55,2011
PATELENG,2011-06-01,2011-06-14,107.4475,112.8199,0.95,2.34,6.18,0.05,0.047,take_profit,False,13,9,99812.32,4691.18,2011
TTML,2011-06-02,2011-06-10,14.6134,13.8827,0.62,8.57,8.13,-0.05,-0.053,stopped_out,True,8,6,117712.63,-6238.77,2011
TTML,2011-06-02,2011-06-10,14.6134,13.8827,1.16,8.57,8.13,-0.05,-0.053,stopped_out,True,8,6,94170.11,-4991.02,2011
KTKBANK,2011-06-07,2011-06-13,57.8872,60.7816,3.68,9.88,6.95,0.05,0.047,take_profit,False,6,4,94915.15,4461.01,2011
VGUARD,2011-06-08,2011-06-20,14.7414,14.0043,1.39,1.68,1.94,-0.05,-0.053,stopped_out,True,12,8,106521.75,-5645.65,2011
ASTRAL,2011-06-10,2011-06-15,16.2805,17.0945,1.68,2.86,2.17,0.05,0.047,take_profit,False,5,3,125347.99,5891.36,2011
GRAVITA,2011-06-10,2011-06-20,64.4441,61.2219,0.97,3.18,3.13,-0.05,-0.053,stopped_out,True,10,6,100278.39,-5314.75,2011
WELENT,2011-06-13,2011-06-14,61.5165,64.5924,17.43,11.68,20.81,0.05,0.047,take_profit,False,1,1,100097.95,4704.6,2011
HAVELLS,2011-06-14,2011-06-20,77.2268,73.3654,1.05,2.17,3.11,-0.05,-0.053,stopped_out,True,6,4,121939.57,-6462.8,2011
TORNTPOWER,2011-06-14,2011-06-20,187.6828,177.9115,1.04,2.6,5.58,-0.052063,-0.055063,stopped_out_gap,False,6,4,97551.66,-5371.49,2011
TIMETECHNO,2011-06-15,2011-06-20,28.3858,26.9666,1.53,11.93,3.99,-0.05,-0.053,stopped_out,True,5,3,104289.19,-5527.33,2011
BHARTIARTL,2011-06-20,2011-07-04,324.9569,320.0105,1.59,2.47,2.59,-0.015221,-0.018221,time_exit,False,14,10,183883.06,-3350.53,2011
HINDPETRO,2011-06-24,2011-06-27,30.3856,31.9049,3.68,5.54,3.74,0.05,0.047,take_profit,False,3,1,75318.5,3539.97,2011
GODFRYPHLP,2011-06-24,2011-06-30,146.9931,154.3427,7.17,9.45,13.37,0.05,0.047,take_profit,False,6,4,94148.13,4424.96,2011
ICICIBANK,2011-06-24,2011-07-08,165.9117,165.1384,0.74,2.17,2.8,-0.004661,-0.007661,time_exit,False,14,10,147106.45,-1126.98,2011
MARKSANS,2011-06-24,2011-06-27,2.5661,2.4378,5.66,4.96,23.26,-0.05,-0.053,stopped_out,True,3,1,117685.16,-6237.31,2011
POWERGRID,2011-06-27,2011-07-11,34.7898,34.6428,3.65,4.69,5.97,-0.004227,-0.007227,time_exit,False,14,10,98316.07,-710.53,2011
M&M,2011-06-27,2011-07-08,295.5461,310.3234,1.48,2.28,3.57,0.05,0.047,take_profit,False,11,9,78652.85,3696.68,2011
TATACONSUM,2011-06-30,2011-07-04,79.5754,83.5541,0.93,1.75,3.37,0.05,0.047,take_profit,False,4,2,82636.9,3883.93,2011
VIPIND,2011-07-04,2011-07-06,144.341,151.5581,7.07,3.93,8.74,0.05,0.047,take_profit,False,2,2,119520.19,5617.45,2011
WEBELSOLAR,2011-07-04,2011-07-08,6.4882,6.1638,1.85,1.57,3.84,-0.05,-0.053,stopped_out,True,4,4,95616.15,-5067.66,2011
PRAJIND,2011-07-06,2011-07-12,57.8688,54.9753,0.58,1.69,2.09,-0.05,-0.053,stopped_out,True,6,4,101520.45,-5380.58,2011
TANLA,2011-07-08,2011-07-11,14.5755,15.3043,1.65,6.12,5.9,0.05,0.047,take_profit,False,3,1,92794.79,4361.36,2011
JSL,2011-07-08,2011-07-22,102.3152,105.3579,5.87,2.94,6.18,0.029739,0.026739,time_exit,False,14,10,115993.49,3101.55,2011
PHOENIXLTD,2011-07-08,2011-07-11,99.2749,104.2386,1.12,1.62,3.85,0.05,0.047,take_profit,False,3,1,144991.86,6814.62,2011
KRBL,2011-07-11,2011-07-12,27.4779,26.104,1.58,1.7,3.0,-0.05,-0.053,stopped_out,True,1,1,143549.47,-7608.12,2011
MOTHERSON,2011-07-11,2011-07-13,6.9473,6.5999,0.54,1.57,3.97,-0.05,-0.053,stopped_out,True,2,2,114839.57,-6086.5,2011
GODREJPROP,2011-07-11,2011-07-20,365.2333,329.4691,1.13,3.25,5.24,-0.097921,-0.100921,stopped_out_gap,False,9,7,91871.66,-9271.78,2011
WOCKPHARMA,2011-07-12,2011-07-26,358.1664,376.0747,3.78,7.31,7.18,0.05,0.047,take_profit,False,14,10,119913.57,5635.94,2011
ANANTRAJ,2011-07-12,2011-07-14,31.2857,32.85,6.62,4.64,11.38,0.05,0.047,take_profit,False,2,2,95930.86,4508.75,2011
COFORGE,2011-07-13,2011-07-15,31.3402,32.9072,2.13,7.01,7.13,0.05,0.047,take_profit,False,2,2,98495.3,4629.28,2011
PGIL,2011-07-14,2011-07-28,30.5775,28.4173,1.1,2.08,6.37,-0.070648,-0.073648,stopped_out_gap,False,14,10,98884.16,-7282.62,2011
EXIDEIND,2011-07-15,2011-07-21,143.5554,136.3777,0.8,1.64,2.83,-0.05,-0.053,stopped_out,True,6,4,99732.24,-5285.81,2011
PIIND,2011-07-20,2011-07-22,82.5595,86.6875,1.49,5.21,3.33,0.05,0.047,take_profit,False,2,2,96305.77,4526.37,2011
AJANTPHARM,2011-07-21,2011-08-02,27.9909,26.5914,1.29,2.49,2.98,-0.05,-0.053,stopped_out,True,12,8,95933.9,-5084.5,2011
SUNFLAG,2011-07-22,2011-07-26,29.6469,28.1646,7.07,12.51,11.27,-0.05,-0.053,stopped_out,True,4,2,120732.56,-6398.83,2011
ELECTCAST,2011-07-22,2011-08-05,22.5728,21.4442,1.02,2.39,2.98,-0.05,-0.053,stopped_out,True,14,10,96586.05,-5119.06,2011
GLENMARK,2011-07-26,2011-08-05,320.514,302.3363,1.56,5.55,1.99,-0.056714,-0.059714,stopped_out_gap,False,10,8,125245.49,-7478.91,2011
WOCKPHARMA,2011-07-26,2011-07-28,372.3046,390.9199,2.21,3.57,3.7,0.05,0.047,take_profit,False,2,2,100196.39,4709.23,2011
TECHNOE,2011-07-28,2011-08-11,97.8073,96.4566,2.02,3.72,4.73,-0.01381,-0.01681,time_exit,False,14,10,119458.54,-2008.1,2011
FACT,2011-07-28,2011-07-29,40.5864,38.5571,0.74,7.87,8.97,-0.05,-0.053,stopped_out,True,1,1,95566.83,-5065.04,2011
IDEA,2011-07-29,2011-08-02,56.0384,58.8403,3.87,3.66,4.95,0.05,0.047,take_profit,False,4,2,94553.83,4444.03,2011
CHAMBLFERT,2011-08-02,2011-08-08,62.6075,65.7378,1.84,2.44,3.36,0.05,0.047,take_profit,False,6,4,90890.01,4271.83,2011
CHAMBLFERT,2011-08-02,2011-08-08,62.6075,65.7378,1.85,2.44,3.36,0.05,0.047,take_profit,False,6,4,113612.51,5339.79,2011
HINDPETRO,2011-08-05,2011-08-12,31.3028,29.7376,1.16,3.75,2.63,-0.05,-0.053,stopped_out,True,7,5,114558.72,-6071.61,2011
AVANTIFEED,2011-08-08,2011-08-09,2.2824,2.3965,9.27,7.48,7.88,0.05,0.047,take_profit,False,1,1,134469.81,6320.08,2011
MARICO,2011-08-09,2011-08-19,66.67,63.3365,2.09,1.7,8.62,-0.05,-0.053,stopped_out,True,10,7,135733.82,-7193.89,2011
AVANTIFEED,2011-08-09,2011-08-10,2.5944,2.7242,6.52,7.44,9.0,0.05,0.047,take_profit,False,1,1,108587.06,5103.59,2011
M&M,2011-08-09,2011-08-10,300.2681,315.2815,3.5,2.97,8.94,0.05,0.047,take_profit,False,1,1,86869.65,4082.87,2011
M&M,2011-08-10,2011-08-23,316.4274,300.606,1.96,2.24,2.87,-0.05,-0.053,stopped_out,True,13,8,110424.35,-5852.49,2011
RCF,2011-08-10,2011-08-11,54.6683,57.4017,4.59,3.97,8.87,0.05,0.047,take_profit,False,1,1,88339.48,4151.96,2011
GALLANTT,2011-08-11,2011-08-12,16.776,17.6148,6.45,2.83,15.59,0.05,0.047,take_profit,False,1,1,90127.97,4236.01,2011
JISLJALEQS,2011-08-11,2011-08-16,143.796,136.6062,3.29,1.81,5.93,-0.05,-0.053,stopped_out,True,5,2,112659.96,-5970.98,2011
ELECTCAST,2011-08-12,2011-08-18,24.0341,22.8324,3.52,2.53,1.79,-0.05,-0.053,stopped_out,True,6,3,112672.59,-5971.65,2011
JUBLFOOD,2011-08-12,2011-08-16,83.2511,87.4137,3.53,2.13,7.3,0.05,0.047,take_profit,False,4,1,90138.07,4236.49,2011
ALLCARGO,2011-08-16,2011-08-19,16.3557,15.3913,0.75,8.3,1.6,-0.058961,-0.061961,stopped_out_gap,False,3,3,112323.17,-6959.66,2011
JUBLFOOD,2011-08-16,2011-08-17,88.5116,92.9372,2.91,1.61,4.88,0.05,0.047,take_profit,False,1,1,89858.54,4223.35,2011
HEROMOTOCO,2011-08-17,2011-08-30,1233.4655,1295.1388,0.93,1.51,2.59,0.05,0.047,take_profit,False,13,9,90703.21,4263.05,2011
AKZOINDIA,2011-08-23,2011-09-08,596.2663,604.6469,2.21,2.99,1.6,0.014055,0.011055,time_exit,False,16,10,103422.6,1143.34,2011
GMDCLTD,2011-08-23,2011-09-05,120.3504,126.3679,4.61,4.92,7.72,0.05,0.047,take_profit,False,13,7,82738.08,3888.69,2011
BAJAJ-AUTO,2011-08-23,2011-09-02,1079.7132,1144.3705,1.05,1.76,4.03,0.059884,0.056884,take_profit_gap,False,10,6,161597.81,9192.33,2011
PATANJALI,2011-08-23,2011-09-06,3279.7455,3443.7328,3.02,1.89,5.36,0.05,0.047,take_profit,False,14,8,129278.25,6076.08,2011
PCBL,2011-08-30,2011-09-05,10.3093,8.4166,2.89,5.34,9.63,-0.183594,-0.186594,stopped_out_gap,False,6,2,85183.72,-15894.77,2011
MANAPPURAM,2011-09-02,2011-09-05,32.3374,33.9542,4.45,2.93,10.31,0.05,0.047,take_profit,False,3,1,102305.0,4808.34,2011
GSFC,2011-09-05,2011-09-06,56.5747,59.4034,1.73,1.61,2.02,0.05,0.047,take_profit,False,1,1,134449.81,6319.14,2011
HEROMOTOCO,2011-09-05,2011-09-19,1413.6918,1423.7929,1.3,2.06,6.5,0.007145,0.004145,time_exit,False,14,10,107559.85,445.84,2011
TVSMOTOR,2011-09-05,2011-09-15,51.4702,54.0438,1.42,2.23,4.44,0.05,0.047,take_profit,False,10,8,86047.88,4044.25,2011
BBTC,2011-09-06,2011-09-07,85.3393,89.6063,6.57,3.17,3.26,0.05,0.047,take_profit,False,1,1,99250.37,4664.77,2011
BBTC,2011-09-06,2011-09-07,85.3393,89.6063,0.59,3.17,3.26,0.05,0.047,take_profit,False,1,1,124062.96,5830.96,2011
JKLAKSHMI,2011-09-07,2011-09-08,37.3078,39.1732,6.63,3.1,5.63,0.05,0.047,take_profit,False,1,1,100929.68,4743.7,2011
ACC,2011-09-07,2011-09-09,892.6234,847.9922,3.0,3.17,4.1,-0.05,-0.053,stopped_out,True,2,2,126162.11,-6686.59,2011
VIPIND,2011-09-08,2011-09-12,169.6764,161.1926,2.74,2.21,7.45,-0.05,-0.053,stopped_out,True,4,2,122791.61,-6507.96,2011
TATAINVEST,2011-09-08,2011-09-22,37.3261,35.7493,1.0,4.92,2.79,-0.042243,-0.045243,time_exit,False,14,10,98233.29,-4444.37,2011
ARVIND,2011-09-09,2011-09-21,25.7141,26.9998,1.41,4.48,7.71,0.05,0.047,take_profit,False,12,8,102481.73,4816.64,2011
HINDUNILVR,2011-09-12,2011-09-23,266.6609,253.3278,0.62,1.61,4.98,-0.05,-0.053,stopped_out,True,11,9,105242.12,-5577.83,2011
GOKEX,2011-09-15,2011-09-16,96.7718,91.9332,6.97,18.7,14.62,-0.05,-0.053,stopped_out,True,1,1,102212.12,-5417.24,2011
OIL,2011-09-16,2011-09-21,88.1695,83.7611,0.52,5.12,3.27,-0.05,-0.053,stopped_out,True,5,3,101128.67,-5359.82,2011
GRAVITA,2011-09-19,2011-09-20,67.392,64.0224,10.05,8.72,20.58,-0.05,-0.053,stopped_out,True,1,1,102504.07,-5432.72,2011
KIRLOSENG,2011-09-20,2011-09-23,97.645,102.5273,1.92,2.48,3.17,0.05,0.047,take_profit,False,3,3,101417.53,4766.62,2011
SAREGAMA,2011-09-21,2011-09-22,6.9509,6.6034,0.74,10.92,16.03,-0.05,-0.053,stopped_out,True,1,1,121747.47,-6452.62,2011
AURIONPRO,2011-09-21,2011-09-23,54.8162,52.0754,0.76,8.82,2.52,-0.05,-0.053,stopped_out,True,2,2,97397.98,-5162.09,2011
ASTRAL,2011-09-22,2011-09-23,19.0976,18.1427,3.77,16.89,13.67,-0.05,-0.053,stopped_out,True,1,1,119735.14,-6345.96,2011
KIRLOSENG,2011-09-23,2011-09-26,100.4992,105.5242,3.03,17.73,5.98,0.05,0.047,take_profit,False,3,1,178082.81,8369.89,2011
IRB,2011-09-26,2011-10-03,13.0409,12.3889,1.19,1.56,1.73,-0.05,-0.053,stopped_out,True,7,5,179756.79,-9527.11,2011
PATANJALI,2011-09-27,2011-09-29,3862.0956,4055.2004,0.69,3.32,2.28,0.05,0.047,take_profit,False,2,2,143805.43,6758.86,2011
PATANJALI,2011-09-27,2011-09-29,3862.0956,4055.2004,2.89,3.32,2.28,0.05,0.047,take_profit,False,2,2,115044.34,5407.08,2011
CANBK,2011-09-28,2011-10-04,67.1778,63.4202,1.46,1.97,1.55,-0.055935,-0.058935,stopped_out_gap,False,6,4,73628.38,-4339.29,2011
DLF,2011-09-28,2011-10-03,195.1129,185.3572,3.53,1.98,3.05,-0.05,-0.053,stopped_out,True,5,3,92035.48,-4877.88,2011
TORNTPOWER,2011-09-29,2011-10-10,168.7612,160.3231,0.5,1.67,3.92,-0.05,-0.053,stopped_out,True,11,6,90484.68,-4795.69,2011
COLPAL,2011-09-29,2011-10-14,373.4484,374.8666,0.53,1.91,2.44,0.003798,0.000798,time_exit,False,15,10,113105.85,90.26,2011
COLPAL,2011-10-04,2011-10-19,371.7685,378.751,1.05,1.93,1.56,0.018782,0.015782,time_exit,False,15,10,137723.01,2173.54,2011
JBMA,2011-10-04,2011-10-05,2.7999,2.6599,7.04,3.58,3.9,-0.05,-0.053,stopped_out,True,1,1,110178.41,-5839.46,2011
GALLANTT,2011-10-04,2011-10-05,20.6625,22.8043,20.48,5.85,15.07,0.103658,0.100658,take_profit_gap,False,1,1,88142.73,8872.27,2011
GALLANTT,2011-10-05,2011-10-07,23.4667,22.2933,6.29,13.05,2.8,-0.05,-0.053,stopped_out,True,2,1,110784.97,-5871.6,2011
GODFRYPHLP,2011-10-07,2011-10-17,185.9327,195.2293,2.29,2.41,11.71,0.05,0.047,take_profit,False,10,6,109610.65,5151.7,2011
ASTRAMICRO,2011-10-07,2011-10-11,27.4627,25.1748,0.97,2.04,4.92,-0.083308,-0.086308,stopped_out_gap,False,4,2,87688.52,-7568.22,2011
SOLARINDS,2011-10-10,2011-10-24,146.1281,147.6619,0.64,3.08,1.65,0.010496,0.007496,time_exit,False,14,10,87288.62,654.32,2011
NAVINFLUOR,2011-10-11,2011-10-17,50.2206,52.7316,1.13,2.25,3.58,0.05,0.047,take_profit,False,6,4,85854.95,4035.18,2011
TCS,2011-10-14,2011-10-18,411.3084,384.7236,0.56,1.59,4.12,-0.064635,-0.067635,stopped_out_gap,False,4,2,91323.18,-6176.64,2011
COFORGE,2011-10-17,2011-10-18,36.8718,35.0282,3.22,5.53,9.59,-0.05,-0.053,stopped_out,True,1,1,113989.05,-6041.42,2011
BSOFT,2011-10-17,2011-10-18,42.0824,39.9782,2.06,7.77,10.07,-0.05,-0.053,stopped_out,True,1,1,91191.24,-4833.14,2011
GMDCLTD,2011-10-18,2011-10-19,119.9605,125.9585,6.05,2.89,7.67,0.05,0.047,take_profit,False,1,1,128843.44,6055.64,2011
AJANTPHARM,2011-10-18,2011-10-24,25.0096,26.26,1.65,15.04,4.38,0.05,0.047,take_profit,False,6,4,103074.75,4844.51,2011
HSCL,2011-10-18,2011-10-21,51.8063,49.216,3.57,3.86,8.57,-0.05,-0.053,stopped_out,True,3,3,82459.8,-4370.37,2011
TIPSMUSIC,2011-10-19,2011-10-21,2.2036,2.3219,2.49,3.25,1.69,0.053672,0.050672,take_profit_gap,False,2,2,120926.97,6127.61,2011
APLLTD,2011-10-19,2011-11-02,38.4147,36.4321,5.51,2.12,15.67,-0.05161,-0.05461,stopped_out_gap,False,14,8,96741.58,-5283.06,2011
GSFC,2011-10-21,2011-10-31,63.8196,67.0106,4.84,3.89,6.12,0.05,0.047,take_profit,False,10,4,94737.65,4452.67,2011
EPL,2011-10-21,2011-11-09,14.8331,14.7201,0.66,3.26,4.28,-0.007615,-0.010615,time_exit,False,19,10,118422.06,-1257.05,2011
DBREALTY,2011-10-24,2011-10-25,67.3837,64.0145,8.24,7.36,19.2,-0.05,-0.053,stopped_out,True,1,1,114962.56,-6093.02,2011
ZENSARTECH,2011-10-24,2011-10-31,19.7001,20.6851,4.33,2.94,1.64,0.05,0.047,take_profit,False,7,3,91970.05,4322.59,2011
KEI,2011-10-25,2011-10-31,15.5224,16.2985,4.22,7.5,4.06,0.050001,0.047001,take_profit_gap,False,6,2,95349.95,4481.54,2011
HINDUNILVR,2011-10-31,2011-11-09,289.6276,304.109,0.95,3.1,7.07,0.05,0.047,take_profit,False,9,6,135342.85,6361.11,2011
INDIANB,2011-10-31,2011-11-15,153.72,146.034,2.53,3.52,5.49,-0.05,-0.053,stopped_out,True,15,9,108274.28,-5738.54,2011
HSCL,2011-10-31,2011-11-01,51.9524,54.55,1.87,3.42,8.88,0.05,0.047,take_profit,False,1,1,86619.42,4071.11,2011
NESTLEIND,2011-11-01,2011-11-08,184.0027,193.2029,0.57,1.78,4.62,0.05,0.047,take_profit,False,7,4,87433.65,4109.38,2011
CYIENT,2011-11-02,2011-11-14,89.3541,93.8219,1.04,3.47,3.82,0.05,0.047,take_profit,False,12,6,88238.62,4147.22,2011
CARBORUNIV,2011-11-08,2011-11-16,152.2914,130.8968,2.53,9.45,4.32,-0.140485,-0.143485,stopped_out_gap,False,8,5,88899.5,-12755.75,2011
JAMNAAUTO,2011-11-09,2011-11-14,10.1017,9.5966,2.76,2.43,7.94,-0.05,-0.053,stopped_out,True,5,2,122893.4,-6513.35,2011
BERGEPAINT,2011-11-09,2011-11-11,30.579,32.108,0.89,4.68,2.94,0.05,0.047,take_profit,False,2,1,98314.72,4620.79,2011
BANKINDIA,2011-11-11,2011-11-24,262.706,275.8413,0.71,2.02,2.88,0.05,0.047,take_profit,False,13,9,99238.88,4664.23,2011
BSOFT,2011-11-14,2011-11-18,41.8471,39.7548,4.44,4.46,7.99,-0.05,-0.053,stopped_out,True,4,4,121144.28,-6420.65,2011
SUNTECK,2011-11-14,2011-11-17,184.4793,175.2553,1.16,2.0,3.28,-0.05,-0.053,stopped_out,True,3,3,96915.42,-5136.52,2011
CIPLA,2011-11-15,2011-11-25,282.3017,296.4168,1.46,4.27,4.02,0.05,0.047,take_profit,False,10,8,98039.49,4607.86,2011
KEI,2011-11-16,2011-11-18,15.7089,14.5756,0.59,5.47,12.33,-0.072145,-0.075145,stopped_out_gap,False,2,2,93660.34,-7038.11,2011
DBREALTY,2011-11-23,2011-11-24,64.5322,74.2629,3.1,2.66,22.86,0.150787,0.147787,take_profit_gap,False,1,1,133553.23,19737.43,2011
BAJAJ-AUTO,2011-11-24,2011-12-08,1156.5583,1214.3863,1.12,2.0,3.31,0.05,0.047,take_profit,False,14,9,126625.07,5951.38,2011
APOLLOHOSP,2011-11-24,2011-11-25,569.4211,597.8922,2.89,2.33,5.04,0.05,0.047,take_profit,False,1,1,158281.33,7439.22,2011
CESC,2011-11-25,2011-11-28,15.7643,14.9761,0.51,8.7,6.17,-0.05,-0.053,stopped_out,True,3,1,154973.63,-8213.6,2011
V2RETAIL,2011-11-25,2011-11-28,22.7114,21.5758,5.73,8.25,9.66,-0.05,-0.053,stopped_out,True,3,1,123978.91,-6570.88,2011
CEATLTD,2011-11-25,2011-11-30,64.6362,61.4044,3.67,2.05,2.83,-0.05,-0.053,stopped_out,True,5,3,99183.12,-5256.71,2011
DBREALTY,2011-11-28,2011-11-29,71.1355,74.6923,2.32,1.56,7.89,0.05,0.047,take_profit,False,1,1,132180.11,6212.47,2011
CGCL,2011-11-28,2011-11-29,19.159,22.823,1.16,1.8,18.56,0.191246,0.188246,take_profit_gap,False,1,1,105744.09,19905.9,2011
CYIENT,2011-11-28,2011-11-30,90.4784,95.0023,0.89,2.93,6.89,0.05,0.047,take_profit,False,2,2,84595.27,3975.98,2011
ZEEL,2011-11-29,2011-12-13,111.3901,105.8206,1.98,2.69,1.8,-0.05,-0.053,stopped_out,True,14,9,120484.73,-6385.69,2011
WOCKPHARMA,2011-11-29,2011-12-05,355.1675,372.9258,2.69,2.85,6.91,0.05,0.047,take_profit,False,6,4,96387.78,4530.23,2011
KPRMILL,2011-11-30,2011-12-02,8.5121,8.0865,1.0,10.76,5.56,-0.05,-0.053,stopped_out,True,2,2,90887.81,-4817.05,2011
M&MFIN,2011-11-30,2011-12-08,69.1538,72.6676,2.58,3.8,6.5,0.050811,0.047811,take_profit_gap,False,8,5,113609.76,5431.8,2011
TATACONSUM,2011-12-02,2011-12-12,77.1016,73.2465,1.42,1.64,3.56,-0.05,-0.053,stopped_out,True,10,5,89924.4,-4765.99,2011
CEATLTD,2011-12-05,2011-12-09,68.6177,65.1868,2.96,2.71,5.19,-0.05,-0.053,stopped_out,True,4,3,92123.12,-4882.53,2011
UBL,2011-12-08,2011-12-09,461.2263,438.165,0.5,11.64,9.56,-0.05,-0.053,stopped_out,True,1,1,124022.1,-6573.17,2011
GAEL,2011-12-12,2011-12-13,5.0354,4.7836,1.69,4.49,14.01,-0.05,-0.053,stopped_out,True,1,1,157187.26,-8330.92,2011
COLPAL,2011-12-13,2011-12-27,389.5868,387.9889,1.16,1.5,2.79,-0.004102,-0.007102,time_exit,False,14,10,178340.89,-1266.58,2011
DATAMATICS,2011-12-13,2011-12-15,22.2195,23.474,1.48,7.2,7.8,0.056457,0.053457,take_profit_gap,False,2,2,142672.71,7626.85,2011
PGEL,2011-12-13,2011-12-15,22.8339,21.6922,5.43,4.94,6.23,-0.05,-0.053,stopped_out,True,2,2,114138.17,-6049.32,2011
JYOTHYLAB,2011-12-15,2011-12-29,32.0315,31.5041,2.94,5.91,4.8,-0.016466,-0.019466,time_exit,False,14,10,142988.21,-2783.41,2011
IPCALAB,2011-12-21,2011-12-23,128.4318,134.8534,3.17,3.34,4.96,0.05,0.047,take_profit,False,2,2,114390.57,5376.36,2011
JWL,2011-12-21,2011-12-22,54.2835,56.9977,3.75,7.07,12.68,0.05,0.047,take_profit,False,1,1,91512.46,4301.09,2011
HINDUNILVR,2011-12-22,2012-01-05,317.6609,305.6489,0.94,1.54,1.85,-0.037814,-0.040814,time_exit,False,14,10,92372.67,-3770.1,2012
AMBUJACEM,2011-12-27,2011-12-30,131.9896,125.3901,1.44,1.53,1.72,-0.05,-0.053,stopped_out,True,3,3,133266.39,-7063.12,2011
DIVISLAB,2011-12-28,2012-01-02,343.7533,326.5656,0.51,2.17,1.93,-0.05,-0.053,stopped_out,True,5,3,106613.11,-5650.49,2012
SHAKTIPUMP,2012-01-02,2012-01-03,7.5751,7.1964,5.36,6.99,16.72,-0.05,-0.053,stopped_out,True,1,1,158764.63,-8414.53,2012
SHAKTIPUMP,2012-01-02,2012-01-03,7.5751,7.1964,3.48,6.99,16.72,-0.05,-0.053,stopped_out,True,1,1,127011.7,-6731.62,2012
COALINDIA,2012-01-03,2012-01-13,110.203,115.7131,4.29,2.03,3.64,0.05,0.047,take_profit,False,10,8,79736.52,3747.62,2012
JSWSTEEL,2012-01-03,2012-01-06,50.3842,47.865,5.69,1.86,9.24,-0.05,-0.053,stopped_out,True,3,3,99670.65,-5282.54,2012
COALINDIA,2012-01-03,2012-01-13,110.203,115.7131,2.61,2.03,3.64,0.05,0.047,take_profit,False,10,8,124588.32,5855.65,2012
MMTC,2012-01-03,2012-01-04,395.308,415.0734,9.18,10.07,19.44,0.05,0.047,take_profit,False,1,1,155735.4,7319.56,2012
NFL,2012-01-04,2012-01-05,49.5945,52.0743,9.63,7.5,13.04,0.05,0.047,take_profit,False,1,1,96400.21,4530.81,2012
TIPSMUSIC,2012-01-05,2012-01-09,3.2378,3.3997,1.58,1.7,5.73,0.05,0.047,take_profit,False,4,2,115026.89,5406.26,2012
NFL,2012-01-05,2012-01-06,51.9224,54.5185,0.61,5.0,4.44,0.05,0.047,take_profit,False,1,1,92021.51,4325.01,2012
TIPSMUSIC,2012-01-06,2012-01-09,3.2963,3.4611,1.77,2.43,2.62,0.05,0.047,take_profit,False,3,1,111764.13,5252.91,2012
HINDCOPPER,2012-01-06,2012-01-09,248.9905,270.853,7.89,3.6,2.87,0.087805,0.084805,take_profit_gap,False,3,1,89411.31,7582.53,2012
ITI,2012-01-09,2012-01-18,23.8119,22.6213,7.98,6.08,3.93,-0.05,-0.053,stopped_out,True,9,7,110734.28,-5868.92,2012
FACT,2012-01-09,2012-01-10,34.653,32.9204,13.67,10.07,5.62,-0.05,-0.053,stopped_out,True,1,1,88587.43,-4695.13,2012
CIPLA,2012-01-09,2012-01-23,317.0778,314.0036,1.32,1.93,2.74,-0.009695,-0.012695,time_exit,False,14,10,138417.85,-1757.21,2012
JKTYRE,2012-01-10,2012-01-11,10.8144,11.3552,5.16,2.98,3.59,0.05,0.047,take_profit,False,1,1,87648.4,4119.47,2012
ABB,2012-01-11,2012-01-12,548.4061,575.8264,1.8,2.39,2.19,0.05,0.047,take_profit,False,1,1,88472.29,4158.2,2012
CUMMINSIND,2012-01-12,2012-01-18,288.3806,302.7996,2.38,1.51,2.87,0.05,0.047,take_profit,False,6,4,89303.93,4197.28,2012
TATASTEEL,2012-01-13,2012-01-17,27.4402,28.8122,3.78,2.25,6.05,0.05,0.047,take_profit,False,4,2,114228.77,5368.75,2012
TATASTEEL,2012-01-13,2012-01-17,27.4402,28.8122,1.93,2.25,6.05,0.05,0.047,take_profit,False,4,2,91383.01,4295.0,2012
ADANIENT,2012-01-17,2012-01-18,48.4353,50.8571,3.61,1.75,3.76,0.05,0.047,take_profit,False,1,1,116161.52,5459.59,2012
GRAVITA,2012-01-17,2012-01-20,89.0686,93.522,2.37,1.96,2.48,0.05,0.047,take_profit,False,3,3,92929.22,4367.67,2012
BAJFINANCE,2012-01-18,2012-01-24,6.1538,6.4614,1.88,10.77,2.0,0.05,0.047,take_profit,False,6,4,88538.18,4161.29,2012
RPOWER,2012-01-18,2012-01-24,89.4381,93.91,1.59,1.68,1.84,0.05,0.047,take_profit,False,6,4,138340.91,6502.02,2012
TITAGARH,2012-01-18,2012-01-24,75.5038,71.7286,0.56,1.56,2.61,-0.05,-0.053,stopped_out,True,6,4,110672.73,-5865.65,2012
ICICIBANK,2012-01-20,2012-01-24,131.3526,137.9202,4.02,2.18,3.5,0.05,0.047,take_profit,False,4,2,90289.92,4243.63,2012
CIEINDIA,2012-01-23,2012-01-24,61.5064,58.4311,1.56,17.01,12.63,-0.05,-0.053,stopped_out,True,1,1,99564.07,-5276.9,2012
IDEA,2012-01-24,2012-02-02,55.5335,52.7569,1.43,2.15,7.47,-0.05,-0.053,stopped_out,True,9,6,95173.27,-5044.18,2012
NCC,2012-01-24,2012-01-25,28.6598,30.0927,4.68,1.6,9.0,0.05,0.047,take_profit,False,1,1,185885.29,8736.61,2012
TIPSMUSIC,2012-01-24,2012-02-02,3.5046,3.3294,1.67,3.48,4.24,-0.05,-0.053,stopped_out,True,9,6,148708.24,-7881.54,2012
SBIN,2012-01-24,2012-02-06,172.754,181.3917,3.57,2.15,5.63,0.05,0.047,take_profit,False,13,8,118966.59,5591.43,2012
BAJFINANCE,2012-01-24,2012-01-31,6.5499,6.8774,0.74,1.94,3.36,0.05,0.047,take_profit,False,7,4,76138.62,3578.51,2012
LUPIN,2012-01-25,2012-02-02,425.2093,446.4698,0.7,1.71,2.63,0.05,0.047,take_profit,False,8,5,99835.27,4692.26,2012
ABREL,2012-01-31,2012-02-01,250.7915,263.3311,2.88,3.62,5.57,0.05,0.047,take_profit,False,1,1,95811.65,4503.15,2012
ITI,2012-02-01,2012-02-02,27.6138,28.9855,17.93,4.65,17.45,0.049674,0.046674,take_profit_gap,False,1,1,96712.28,4513.95,2012
SARDAEN,2012-02-02,2012-02-06,10.8923,11.437,1.31,4.04,9.0,0.05,0.047,take_profit,False,4,2,164711.73,7741.45,2012
AMBUJACEM,2012-02-02,2012-02-06,137.5751,144.4539,2.29,2.32,2.38,0.05,0.047,take_profit,False,4,2,131769.38,6193.16,2012
MOIL,2012-02-02,2012-02-10,87.8376,83.239,2.7,2.8,2.0,-0.052353,-0.055353,stopped_out_gap,False,8,6,105415.51,-5835.06,2012
HCLTECH,2012-02-02,2012-02-16,81.7757,84.2787,1.82,1.91,4.88,0.030608,0.027608,time_exit,False,14,10,84332.41,2328.25,2012
ACC,2012-02-06,2012-02-10,1116.7835,1172.6226,0.62,2.47,4.23,0.05,0.047,take_profit,False,4,4,123568.54,5807.72,2012
ACC,2012-02-06,2012-02-10,1116.7835,1172.6226,1.88,2.47,4.23,0.05,0.047,take_profit,False,4,4,98854.83,4646.18,2012
IIFL,2012-02-06,2012-02-07,24.9688,23.7204,1.22,13.48,18.73,-0.05,-0.053,stopped_out,True,1,1,154460.67,-8186.42,2012
SOUTHBANK,2012-02-07,2012-02-09,18.5811,19.5102,6.96,4.7,8.87,0.05,0.047,take_profit,False,2,2,108338.72,5091.92,2012
TATAINVEST,2012-02-09,2012-02-15,34.907,33.1616,2.22,10.8,5.33,-0.05,-0.053,stopped_out,True,6,4,109357.1,-5795.93,2012
MOTHERSON,2012-02-10,2012-02-13,5.2349,5.4967,5.77,2.29,9.69,0.05,0.047,take_profit,False,3,1,153977.22,7236.93,2012
USHAMART,2012-02-10,2012-02-13,33.3519,35.0195,5.3,3.8,6.08,0.05,0.047,take_profit,False,3,1,123181.78,5789.54,2012
THOMASCOOK,2012-02-10,2012-02-15,19.3753,20.3441,2.63,1.73,1.76,0.05,0.047,take_profit,False,5,3,98545.42,4631.63,2012
SURYAROSNI,2012-02-13,2012-02-14,12.5417,13.1688,0.84,2.45,1.53,0.05,0.047,take_profit,False,1,1,136873.43,6433.05,2012
BRITANNIA,2012-02-13,2012-02-21,216.2208,227.0318,2.2,7.23,3.36,0.05,0.047,take_profit,False,8,5,109498.75,5146.44,2012
HCC,2012-02-14,2012-02-15,26.1653,27.4736,2.74,1.93,9.79,0.05,0.047,take_profit,False,1,1,116260.29,5464.23,2012
TTML,2012-02-15,2012-02-17,14.4867,15.211,2.92,2.67,5.54,0.05,0.047,take_profit,False,2,2,101568.5,4773.72,2012
PIDILITIND,2012-02-15,2012-03-01,68.563,69.4589,2.04,1.83,4.3,0.013066,0.010066,time_exit,False,15,10,126960.63,1277.99,2012
MANINFRA,2012-02-15,2012-02-17,14.0892,14.7936,4.43,3.63,12.2,0.05,0.047,take_profit,False,2,2,158700.79,7458.94,2012
IRB,2012-02-16,2012-02-22,15.8098,15.0193,5.41,2.98,2.81,-0.05,-0.053,stopped_out,True,6,3,98586.93,-5225.11,2012
BEML,2012-02-17,2012-02-28,236.4501,248.2726,1.51,1.82,3.42,0.05,0.047,take_profit,False,11,6,133369.94,6268.39,2012
TANLA,2012-02-17,2012-02-21,8.3072,8.7226,9.34,5.04,4.6,0.05,0.047,take_profit,False,4,1,106695.95,5014.71,2012
TANLA,2012-02-21,2012-02-22,9.1288,8.6724,4.0,3.75,5.26,-0.05,-0.053,stopped_out,True,1,1,130627.93,-6923.28,2012
WABAG,2012-02-21,2012-02-23,211.036,200.4842,0.55,2.3,3.71,-0.05,-0.053,stopped_out,True,2,2,104502.34,-5538.62,2012
HEG,2012-02-23,2012-02-27,36.8628,35.0196,2.85,2.13,3.95,-0.05,-0.053,stopped_out,True,4,2,146807.91,-7780.82,2012
BPCL,2012-02-23,2012-03-01,26.1871,24.8778,1.1,3.42,5.69,-0.05,-0.053,stopped_out,True,7,5,117446.33,-6224.66,2012
HEG,2012-02-23,2012-02-27,36.8628,35.0196,0.51,2.13,3.95,-0.05,-0.053,stopped_out,True,4,2,93957.06,-4979.72,2012
CHOLAHLDNG,2012-02-27,2012-03-05,81.0911,85.1457,5.23,8.77,7.76,0.05,0.047,take_profit,False,7,5,120766.54,5676.03,2012
GMDCLTD,2012-02-28,2012-03-02,141.7529,134.6653,1.09,2.42,6.74,-0.05,-0.053,stopped_out,True,3,3,124540.89,-6600.67,2012
APLAPOLLO,2012-02-28,2012-03-02,16.0023,15.2022,2.75,1.6,9.04,-0.05,-0.053,stopped_out,True,3,3,99632.72,-5280.53,2012
NAVINFLUOR,2012-03-01,2012-03-16,48.7382,47.2399,0.86,3.5,3.8,-0.030741,-0.033741,time_exit,False,15,10,127598.23,-4305.29,2012
CYIENT,2012-03-01,2012-03-02,119.0582,113.1053,3.17,12.88,2.25,-0.05,-0.053,stopped_out,True,1,1,102078.58,-5410.16,2012
CENTURYPLY,2012-03-02,2012-03-09,56.1494,53.3419,1.25,2.18,5.26,-0.05,-0.053,stopped_out,True,7,4,91811.22,-4865.99,2012
ZEEL,2012-03-02,2012-03-16,122.1626,116.0545,2.93,2.34,3.52,-0.05,-0.053,stopped_out,True,14,9,114764.03,-6082.49,2012
ZEEL,2012-03-02,2012-03-16,122.1626,116.0545,2.04,2.34,3.52,-0.05,-0.053,stopped_out,True,14,9,143455.03,-7603.12,2012
CASTROLIND,2012-03-05,2012-03-20,77.5565,76.9072,0.84,3.31,2.23,-0.008373,-0.011373,time_exit,False,15,10,98737.49,-1122.94,2012
HCLTECH,2012-03-09,2012-03-22,89.8301,85.3386,1.15,2.18,1.95,-0.05,-0.053,stopped_out,True,13,9,96379.04,-5108.09,2012
ITC,2012-03-16,2012-03-27,89.9788,94.4777,1.09,4.4,3.79,0.05,0.047,take_profit,False,11,7,150668.51,7081.42,2012
BLUESTARCO,2012-03-16,2012-03-22,81.2434,85.3056,1.26,1.66,2.31,0.05,0.047,take_profit,False,6,4,120534.81,5665.14,2012
GODFRYPHLP,2012-03-16,2012-03-19,168.6776,191.0169,1.14,2.3,4.64,0.132437,0.129437,take_profit_gap,False,3,1,96427.84,12481.33,2012
KAJARIACER,2012-03-19,2012-03-26,74.1147,70.409,2.48,3.67,6.49,-0.05,-0.053,stopped_out,True,7,5,98924.11,-5242.98,2012
AJANTPHARM,2012-03-20,2012-03-26,37.4024,35.5323,2.52,1.54,3.39,-0.05,-0.053,stopped_out,True,6,4,98662.2,-5229.1,2012
TECHM,2012-03-22,2012-03-28,126.9352,118.9971,1.17,5.94,5.05,-0.062537,-0.065537,stopped_out_gap,False,6,4,122423.94,-8023.3,2012
SUNDRMFAST,2012-03-23,2012-03-26,46.8224,49.1635,3.02,1.58,4.26,0.05,0.047,take_profit,False,3,1,97939.15,4603.14,2012
INDIACEM,2012-03-27,2012-03-29,104.7393,99.5023,1.45,2.76,7.64,-0.05,-0.053,stopped_out,True,2,2,167832.61,-8895.13,2012
HINDUNILVR,2012-03-27,2012-04-12,323.6111,327.2895,1.33,1.99,2.78,0.011367,0.008367,time_exit,False,16,10,134266.09,1123.4,2012
FDC,2012-03-27,2012-03-29,73.7576,70.0697,1.31,1.61,8.96,-0.05,-0.053,stopped_out,True,2,2,107412.87,-5692.88,2012
BAJAJELEC,2012-03-28,2012-03-29,164.1589,155.9509,0.54,1.65,7.73,-0.05,-0.053,stopped_out,True,1,1,108810.42,-5766.95,2012
SOBHA,2012-03-29,2012-03-30,268.488,281.9124,2.57,2.12,5.6,0.05,0.047,take_profit,False,1,1,127830.82,6008.05,2012
PETRONET,2012-03-29,2012-04-10,54.0819,51.3778,1.59,2.57,1.65,-0.05,-0.053,stopped_out,True,12,6,102264.66,-5420.03,2012
KAJARIACER,2012-03-29,2012-04-02,73.0512,76.7037,0.76,1.79,4.34,0.05,0.047,take_profit,False,4,2,159788.53,7510.06,2012
JUBLPHARMA,2012-03-29,2012-03-30,115.4538,121.2265,3.26,3.24,3.95,0.05,0.047,take_profit,False,1,1,81811.73,3845.15,2012
PIIND,2012-03-30,2012-04-03,99.26,104.223,0.95,5.56,4.43,0.05,0.047,take_profit,False,4,2,87478.82,4111.5,2012
ELECON,2012-03-30,2012-04-10,26.0931,24.6472,0.67,2.62,5.13,-0.055416,-0.058416,stopped_out_gap,False,11,5,109348.53,-6387.7,2012
JKCEMENT,2012-04-02,2012-04-11,148.35,137.0035,1.51,1.97,5.74,-0.076485,-0.079485,stopped_out_gap,False,9,5,103442.78,-8222.15,2012
TATACONSUM,2012-04-03,2012-04-10,99.959,94.961,3.03,1.73,2.19,-0.05,-0.053,stopped_out,True,7,3,101072.29,-5356.83,2012
MANINFRA,2012-04-10,2012-04-11,20.8898,19.8453,1.61,5.03,11.36,-0.05,-0.053,stopped_out,True,1,1,89575.69,-4747.51,2012
JKPAPER,2012-04-10,2012-04-23,28.8031,30.2432,0.95,3.42,4.52,0.05,0.047,take_profit,False,13,9,139962.01,6578.21,2012
ICIL,2012-04-10,2012-04-12,1.2869,1.3512,0.78,1.77,2.17,0.05,0.047,take_profit,False,2,2,111969.61,5262.57,2012
INDIAGLYCO,2012-04-11,2012-04-12,59.1248,62.081,0.92,1.83,2.95,0.05,0.047,take_profit,False,1,1,107670.31,5060.5,2012
SHILPAMED,2012-04-11,2012-04-13,39.5734,37.5948,1.22,4.13,1.63,-0.05,-0.053,stopped_out,True,2,2,86136.25,-4565.22,2012
GODFRYPHLP,2012-04-12,2012-04-18,204.3961,214.6159,1.64,1.53,6.99,0.05,0.047,take_profit,False,6,4,141979.5,6673.04,2012
GODFRYPHLP,2012-04-12,2012-04-18,204.3961,214.6159,3.16,1.53,6.99,0.05,0.047,take_profit,False,6,4,113583.6,5338.43,2012
DIVISLAB,2012-04-12,2012-04-19,350.9643,368.5125,2.48,3.27,2.6,0.05,0.047,take_profit,False,7,5,90866.88,4270.74,2012
BLUEDART,2012-04-13,2012-04-25,1972.0723,1873.4687,0.73,3.12,2.24,-0.05,-0.053,stopped_out,True,12,8,89007.71,-4717.41,2012
SUBROS,2012-04-18,2012-04-20,33.1789,31.52,0.78,4.19,4.79,-0.05,-0.053,stopped_out,True,2,2,99776.86,-5288.17,2012
ASTRAMICRO,2012-04-18,2012-04-20,33.9402,35.6372,2.43,1.59,2.0,0.05,0.047,take_profit,False,2,2,124721.08,5861.89,2012
ASAHIINDIA,2012-04-19,2012-04-20,64.195,67.4047,4.14,2.61,7.34,0.05,0.047,take_profit,False,1,1,98849.01,4645.9,2012
AJANTPHARM,2012-04-20,2012-04-27,43.4083,45.5787,4.0,2.19,5.85,0.05,0.047,take_profit,False,7,5,144792.53,6805.25,2012
JBMA,2012-04-20,2012-04-23,2.6378,2.7697,5.15,10.04,5.15,0.05,0.047,take_profit,False,3,1,115834.02,5444.2,2012
M&M,2012-04-20,2012-05-04,314.7161,298.9803,1.45,2.08,3.04,-0.05,-0.053,stopped_out,True,14,9,92667.22,-4911.36,2012
ASIANPAINT,2012-04-23,2012-05-04,307.8548,323.2476,2.16,2.25,3.77,0.05,0.047,take_profit,False,11,8,127697.46,6001.78,2012
TCS,2012-04-24,2012-05-02,435.4539,457.2266,5.45,5.16,6.43,0.05,0.047,take_profit,False,8,5,102157.97,4801.42,2012
FINPIPE,2012-04-25,2012-04-30,8.1025,8.5076,0.96,3.2,5.38,0.05,0.047,take_profit,False,5,3,98584.44,4633.47,2012
TRENT,2012-04-27,2012-05-07,87.6047,83.2245,0.76,3.51,4.98,-0.05,-0.053,stopped_out,True,10,5,109187.1,-5786.92,2012
IPCALAB,2012-04-30,2012-05-03,172.4812,163.8572,2.31,1.92,4.77,-0.05,-0.053,stopped_out,True,3,2,107993.26,-5723.64,2012
MMTC,2012-05-02,2012-05-04,513.9227,488.2266,9.55,7.75,2.65,-0.05,-0.053,stopped_out,True,2,2,107786.49,-5712.68,2012
SONATSOFTW,2012-05-03,2012-05-07,4.7599,4.5219,0.68,6.93,9.68,-0.05,-0.053,stopped_out,True,4,2,106683.12,-5654.21,2012
CIPLA,2012-05-04,2012-05-18,299.9197,284.9237,0.95,3.54,2.15,-0.05,-0.053,stopped_out,True,14,10,150052.27,-7952.77,2012
BPCL,2012-05-07,2012-05-15,27.3761,28.7449,0.75,2.93,4.68,0.05,0.047,take_profit,False,8,6,160927.64,7563.6,2012
EMAMILTD,2012-05-09,2012-05-23,126.9291,124.6553,2.98,3.19,6.06,-0.017914,-0.020914,time_exit,False,14,10,128742.11,-2692.51,2012
BERGEPAINT,2012-05-09,2012-05-11,33.6247,35.3059,2.23,1.55,4.32,0.05,0.047,take_profit,False,2,2,102993.69,4840.7,2012
GLENMARK,2012-05-09,2012-05-10,324.7379,340.9748,0.91,1.98,1.77,0.05,0.047,take_profit,False,1,1,82394.95,3872.56,2012
AVANTIFEED,2012-05-10,2012-05-11,7.1142,7.7676,1.56,4.04,6.75,0.091845,0.088845,take_profit_gap,False,1,1,83169.46,7389.19,2012
BERGEPAINT,2012-05-11,2012-05-15,35.4684,37.2418,1.69,2.1,1.76,0.05,0.047,take_profit,False,4,2,84971.34,3993.65,2012
JUBLFOOD,2012-05-11,2012-05-17,110.398,115.9179,2.32,3.53,7.64,0.05,0.047,take_profit,False,6,4,106214.18,4992.07,2012
BPCL,2012-05-15,2012-05-16,29.0757,30.5295,1.8,2.59,1.96,0.05,0.047,take_profit,False,1,1,119468.32,5615.01,2012
EPL,2012-05-15,2012-05-17,15.2653,16.0286,2.45,1.51,7.47,0.05,0.047,take_profit,False,2,2,95574.66,4492.01,2012
BAJAJELEC,2012-05-16,2012-05-22,183.1438,192.301,0.8,5.03,3.07,0.05,0.047,take_profit,False,6,4,101476.39,4769.39,2012
DATAMATICS,2012-05-17,2012-05-18,26.9602,25.6122,5.2,16.84,19.56,-0.05,-0.053,stopped_out,True,1,1,123435.7,-6542.09,2012
GODREJCP,2012-05-17,2012-05-29,164.5453,172.7726,1.02,2.33,2.34,0.05,0.047,take_profit,False,12,8,98748.56,4641.18,2012
HFCL,2012-05-21,2012-05-22,12.4832,11.8591,8.96,6.13,5.83,-0.05,-0.053,stopped_out,True,1,1,130797.47,-6932.27,2012
FDC,2012-05-21,2012-05-28,70.0675,74.9127,1.44,4.61,3.1,0.06915,0.06615,take_profit_gap,False,7,5,104637.97,6921.8,2012
BERGEPAINT,2012-05-22,2012-05-25,36.124,37.9302,1.02,2.0,3.32,0.05,0.047,take_profit,False,3,3,103786.06,4877.94,2012
BERGEPAINT,2012-05-22,2012-05-25,36.124,37.9302,3.63,2.0,3.32,0.05,0.047,take_profit,False,3,3,129732.58,6097.43,2012
HAVELLS,2012-05-23,2012-05-28,100.1834,105.1925,2.19,2.89,7.1,0.05,0.047,take_profit,False,5,3,108238.77,5087.22,2012
EMAMILTD,2012-05-25,2012-05-28,133.4837,140.1579,3.01,1.98,2.24,0.05,0.047,take_profit,False,3,1,135489.82,6368.02,2012
WABAG,2012-05-25,2012-05-28,206.4411,216.7631,2.69,9.95,5.89,0.05,0.047,take_profit,False,3,1,108391.85,5094.42,2012
HERITGFOOD,2012-05-28,2012-05-29,17.7929,16.9033,1.35,1.73,10.64,-0.05,-0.053,stopped_out,True,1,1,182759.46,-9686.25,2012
DCMSHRIRAM,2012-05-28,2012-06-01,35.0868,36.8411,2.68,2.24,3.59,0.05,0.047,take_profit,False,4,4,146207.57,6871.76,2012
JKCEMENT,2012-05-28,2012-05-30,130.8791,123.3119,10.44,12.05,16.08,-0.057818,-0.060818,stopped_out_gap,False,2,2,116966.05,-7113.64,2012
BATAINDIA,2012-05-28,2012-06-01,412.2211,391.6101,0.69,1.59,2.25,-0.05,-0.053,stopped_out,True,4,4,93572.84,-4959.36,2012
SUBROS,2012-05-29,2012-06-04,28.9286,27.4821,3.13,2.46,4.22,-0.05,-0.053,stopped_out,True,6,4,104120.69,-5518.4,2012
HCLTECH,2012-05-29,2012-06-04,89.9113,85.4157,2.05,1.72,1.93,-0.05,-0.053,stopped_out,True,6,4,130150.86,-6898.0,2012
GPPL,2012-05-30,2012-06-04,37.8766,35.564,2.65,6.21,3.51,-0.061058,-0.064058,stopped_out_gap,False,5,3,105267.04,-6743.2,2012
GSPL,2012-06-01,2012-06-04,60.2471,55.3736,0.85,4.29,12.05,-0.080891,-0.083891,stopped_out_gap,False,3,1,132552.19,-11119.94,2012
NLCINDIA,2012-06-01,2012-06-04,42.7369,40.6001,3.46,6.19,10.6,-0.05,-0.053,stopped_out,True,3,1,106041.75,-5620.21,2012
NFL,2012-06-04,2012-06-07,62.9302,66.0767,0.88,3.96,5.21,0.05,0.047,take_profit,False,3,3,193279.96,9084.16,2012
ZYDUSWELL,2012-06-04,2012-06-05,76.1258,72.3195,2.92,7.42,15.46,-0.05,-0.053,stopped_out,True,1,1,154623.97,-8195.07,2012
HINDPETRO,2012-06-04,2012-06-07,24.9099,23.6644,1.45,1.51,4.81,-0.05,-0.053,stopped_out,True,3,3,123699.17,-6556.06,2012
WOCKPHARMA,2012-06-05,2012-06-14,746.3657,709.0474,1.27,1.82,5.19,-0.05,-0.053,stopped_out,True,9,7,128245.12,-6796.99,2012
DABUR,2012-06-06,2012-06-20,93.0682,95.6242,1.54,4.6,5.42,0.027463,0.024463,time_exit,False,14,10,82076.88,2007.85,2012
HDFCBANK,2012-06-06,2012-06-11,115.8036,121.5938,1.0,2.06,2.98,0.05,0.047,take_profit,False,5,3,102596.1,4822.02,2012
PIDILITIND,2012-06-07,2012-06-13,80.0783,76.0744,1.72,2.36,3.08,-0.05,-0.053,stopped_out,True,6,4,129562.95,-6866.84,2012
GRAVITA,2012-06-07,2012-06-12,162.3681,154.2497,2.27,2.46,5.49,-0.05,-0.053,stopped_out,True,5,3,103650.36,-5493.47,2012
JWL,2012-06-11,2012-06-15,72.0635,75.6667,0.9,7.25,2.04,0.05,0.047,take_profit,False,4,4,104403.91,4906.98,2012
IIFL,2012-06-12,2012-06-14,22.7163,21.5805,0.83,4.01,9.55,-0.05,-0.053,stopped_out,True,2,2,103154.51,-5467.19,2012
GRANULES,2012-06-13,2012-06-14,9.2218,9.6829,3.59,3.25,2.25,0.05,0.047,take_profit,False,1,1,107062.83,5031.95,2012
ALLCARGO,2012-06-14,2012-06-15,12.0325,12.6341,1.95,3.64,1.82,0.05,0.047,take_profit,False,1,1,151896.31,7139.13,2012
JKTYRE,2012-06-14,2012-06-22,13.4125,14.0831,5.05,6.39,4.21,0.05,0.047,take_profit,False,8,6,121517.05,5711.3,2012
KTKBANK,2012-06-14,2012-06-18,42.3556,40.2378,2.14,2.65,5.43,-0.05,-0.053,stopped_out,True,4,2,97213.64,-5152.32,2012
GMDCLTD,2012-06-15,2012-06-29,124.353,126.6779,0.54,3.79,2.64,0.018696,0.015696,time_exit,False,14,10,131440.17,2063.08,2012
FINCABLES,2012-06-15,2012-06-18,34.8895,37.0411,7.01,3.71,7.26,0.061669,0.058669,take_profit_gap,False,3,1,105152.14,6169.17,2012
KEC,2012-06-18,2012-06-22,49.2737,51.7373,1.21,2.33,4.58,0.05,0.047,take_profit,False,4,4,124798.24,5865.52,2012
EPL,2012-06-18,2012-06-22,14.4205,13.6995,1.77,6.46,5.01,-0.05,-0.053,stopped_out,True,4,4,99838.59,-5291.45,2012
HINDZINC,2012-06-20,2012-07-04,43.4238,45.2736,0.7,4.34,3.62,0.042598,0.039598,time_exit,False,14,10,96687.82,3828.64,2012
JKTYRE,2012-06-22,2012-06-26,14.3927,15.1123,2.66,3.71,6.24,0.05,0.047,take_profit,False,4,2,147838.1,6948.39,2012
ASHOKA,2012-06-22,2012-06-29,43.8275,46.0189,6.81,4.62,2.93,0.05,0.047,take_profit,False,7,5,118270.48,5558.71,2012
TRIVENI,2012-06-22,2012-06-25,13.9171,14.809,9.77,4.16,8.87,0.064082,0.061082,take_profit_gap,False,3,1,94616.38,5779.36,2012
VAIBHAVGBL,2012-06-25,2012-06-27,8.199,7.7891,4.09,6.95,2.24,-0.05,-0.053,stopped_out,True,2,2,95772.26,-5075.93,2012
ZENSARTECH,2012-06-26,2012-06-27,39.6545,41.6372,5.37,4.94,5.63,0.05,0.047,take_profit,False,1,1,107575.1,5056.03,2012
GAEL,2012-06-27,2012-06-29,4.5827,4.3535,1.52,2.73,4.75,-0.05,-0.053,stopped_out,True,2,2,101380.46,-5373.16,2012
STAR,2012-06-27,2012-07-11,213.3232,215.8955,0.68,3.14,1.83,0.012058,0.009058,time_exit,False,14,10,126725.57,1147.88,2012
DCBBANK,2012-06-29,2012-07-04,40.6001,42.6301,2.69,2.04,4.26,0.05,0.047,take_profit,False,5,3,151772.32,7133.3,2012
FSL,2012-06-29,2012-07-03,6.8544,7.1971,2.31,2.85,2.37,0.05,0.047,take_profit,False,4,2,121417.85,5706.64,2012
GVT&D,2012-06-29,2012-07-13,184.6662,184.3871,1.15,2.78,4.89,-0.001511,-0.004511,time_exit,False,14,10,97134.28,-438.17,2012
MOIL,2012-07-03,2012-07-17,95.8565,93.323,1.1,2.68,2.72,-0.02643,-0.02943,time_exit,False,14,10,103132.33,-3035.18,2012
AVANTIFEED,2012-07-04,2012-07-10,7.2332,7.6276,3.07,1.51,2.36,0.054521,0.051521,take_profit_gap,False,6,4,134390.28,6923.92,2012
JMFINANCIL,2012-07-04,2012-07-05,9.8333,10.3249,1.09,1.95,4.94,0.05,0.047,take_profit,False,1,1,107512.22,5053.07,2012
TRENT,2012-07-05,2012-07-06,97.7836,102.6727,2.55,11.86,3.25,0.05,0.047,take_profit,False,1,1,108522.84,5100.57,2012
JINDWORLD,2012-07-06,2012-07-09,1.9924,1.8928,3.03,2.61,2.04,-0.05,-0.053,stopped_out,True,3,1,109542.95,-5805.78,2012
HSCL,2012-07-09,2012-07-12,36.1281,34.3217,4.23,5.83,2.63,-0.05,-0.053,stopped_out,True,3,3,108381.79,-5744.24,2012
ITI,2012-07-10,2012-07-12,25.1126,26.3682,1.59,3.47,11.06,0.05,0.047,take_profit,False,2,2,114968.27,5403.51,2012
GESHIP,2012-07-11,2012-07-23,169.2802,160.8162,0.57,1.85,3.26,-0.05,-0.053,stopped_out,True,12,8,117549.31,-6230.11,2012
POONAWALLA,2012-07-12,2012-07-13,62.3737,65.4923,4.66,2.76,7.09,0.05,0.047,take_profit,False,1,1,138641.32,6516.14,2012
ZYDUSLIFE,2012-07-12,2012-07-17,138.0275,144.9288,0.78,2.31,1.96,0.05,0.047,take_profit,False,5,3,110913.05,5212.91,2012
SURYAROSNI,2012-07-13,2012-07-17,11.7749,11.1862,1.78,5.33,5.75,-0.05,-0.053,stopped_out,True,4,2,137101.16,-7266.36,2012
GRAVITA,2012-07-13,2012-07-18,173.6641,164.9809,2.1,2.38,2.93,-0.05,-0.053,stopped_out,True,5,3,109680.93,-5813.09,2012
ZYDUSLIFE,2012-07-17,2012-07-19,147.3709,154.7394,2.25,7.64,3.48,0.05,0.047,take_profit,False,2,2,100452.05,4721.25,2012
ZYDUSLIFE,2012-07-17,2012-07-19,147.3709,154.7394,3.46,7.64,3.48,0.05,0.047,take_profit,False,2,2,125565.06,5901.56,2012
CHOLAFIN,2012-07-17,2012-07-19,39.5478,37.5704,0.75,5.5,2.77,-0.05,-0.053,stopped_out,True,2,2,156956.32,-8318.69,2012
BAJAJ-AUTO,2012-07-18,2012-07-27,1094.0715,1148.7751,0.85,4.75,5.25,0.05,0.047,take_profit,False,9,7,101135.2,4753.35,2012
BSOFT,2012-07-19,2012-07-23,60.6866,57.6522,4.35,1.67,4.61,-0.05,-0.053,stopped_out,True,4,2,157963.67,-8372.07,2012
HAVELLS,2012-07-19,2012-07-26,106.9861,101.6368,2.25,2.74,2.58,-0.05,-0.053,stopped_out,True,7,5,126370.94,-6697.66,2012
TIPSMUSIC,2012-07-19,2012-07-20,4.474,4.6977,2.38,1.7,2.08,0.05,0.047,take_profit,False,1,1,101096.75,4751.55,2012
SRF,2012-07-20,2012-07-26,40.6603,37.2968,2.11,2.52,4.17,-0.082721,-0.085721,stopped_out_gap,False,6,4,102047.06,-8747.58,2012
BALRAMCHIN,2012-07-23,2012-07-24,49.7049,52.1902,2.1,1.84,3.92,0.05,0.047,take_profit,False,1,1,133819.81,6289.53,2012
ULTRACEMCO,2012-07-23,2012-08-06,1509.1607,1546.3635,1.2,1.98,2.03,0.024651,0.021651,time_exit,False,14,10,107055.85,2317.87,2012
BSOFT,2012-07-24,2012-07-26,62.912,59.7664,0.72,2.0,2.03,-0.05,-0.053,stopped_out,True,2,2,113666.54,-6024.33,2012
AMBUJACEM,2012-07-26,2012-08-07,147.0075,154.3579,1.89,4.18,2.16,0.05,0.047,take_profit,False,12,8,155056.23,7287.64,2012
JKIL,2012-07-26,2012-07-27,69.4997,66.0248,1.28,15.14,10.72,-0.05,-0.053,stopped_out,True,1,1,124044.98,-6574.38,2012
JWL,2012-07-27,2012-08-01,88.6019,93.032,0.56,2.73,3.72,0.05,0.047,take_profit,False,5,3,143907.82,6763.67,2012
DCMSHRIRAM,2012-07-27,2012-07-31,39.1056,41.5181,0.75,1.85,2.92,0.06169,0.05869,take_profit_gap,False,4,2,115126.26,6756.76,2012
ABB,2012-07-27,2012-08-10,667.3217,662.9583,1.68,2.68,2.59,-0.006539,-0.009539,time_exit,False,14,10,92101.0,-878.55,2012
AUROPHARMA,2012-07-31,2012-08-02,50.6152,53.1459,3.44,2.28,4.81,0.05,0.047,take_profit,False,2,2,98057.41,4608.7,2012
PFC,2012-08-01,2012-08-08,33.9796,35.6786,0.92,1.5,3.13,0.05,0.047,take_profit,False,7,5,108580.22,5103.27,2012
HIKAL,2012-08-02,2012-08-06,41.0447,38.9925,3.97,2.4,5.45,-0.05,-0.053,stopped_out,True,4,2,107397.4,-5692.06,2012
BALRAMCHIN,2012-08-06,2012-08-10,53.6663,56.3496,5.22,2.49,3.79,0.05,0.047,take_profit,False,4,4,128133.73,6022.29,2012
WOCKPHARMA,2012-08-06,2012-08-08,904.7559,949.9937,1.72,4.56,3.52,0.05,0.047,take_profit,False,2,2,102506.98,4817.83,2012
PGIL,2012-08-07,2012-08-09,40.6983,38.6633,0.53,3.62,1.61,-0.05,-0.053,stopped_out,True,2,2,114474.36,-6067.14,2012
VGUARD,2012-08-08,2012-08-14,26.9763,28.3251,2.09,4.59,4.32,0.05,0.047,take_profit,False,6,4,135781.15,6381.71,2012
HINDCOPPER,2012-08-08,2012-08-09,259.9422,246.9451,5.13,13.79,11.93,-0.05,-0.053,stopped_out,True,1,1,108624.92,-5757.12,2012
BALRAMCHIN,2012-08-09,2012-08-10,54.8339,57.5756,1.14,2.03,3.87,0.05,0.047,take_profit,False,1,1,129154.94,6070.28,2012
MARICO,2012-08-09,2012-08-27,79.9923,79.9123,0.62,2.2,4.46,-0.001,-0.004,time_exit,False,18,10,103323.95,-413.3,2012
ECLERX,2012-08-10,2012-08-16,348.06,365.463,1.33,2.97,3.04,0.05,0.047,take_profit,False,6,3,154779.9,7274.66,2012
MAHLIFE,2012-08-10,2012-08-28,98.5791,96.31,1.52,5.74,8.47,-0.023019,-0.026019,time_exit,False,18,10,123823.92,-3221.77,2012
HINDZINC,2012-08-10,2012-08-21,44.7081,46.9435,2.89,3.86,3.28,0.05,0.047,take_profit,False,11,5,99059.14,4655.78,2012
VAIBHAVGBL,2012-08-14,2012-08-16,8.6778,9.1117,0.93,10.64,2.53,0.05,0.047,take_profit,False,2,1,107679.88,5060.95,2012
JKTYRE,2012-08-16,2012-08-17,16.3993,17.2192,6.89,4.43,11.27,0.05,0.047,take_profit,False,1,1,141102.98,6631.84,2012
RELIANCE,2012-08-16,2012-08-30,170.964,162.4158,0.94,1.57,1.76,-0.05,-0.053,stopped_out,True,14,9,112882.39,-5982.77,2012
MOTHERSON,2012-08-17,2012-08-21,5.2394,5.5013,0.61,1.88,3.4,0.05,0.047,take_profit,False,4,1,119852.87,5633.09,2012
JKTYRE,2012-08-21,2012-08-22,18.9606,19.9087,3.8,6.2,5.9,0.05,0.047,take_profit,False,1,1,141722.47,6660.96,2012
CEATLTD,2012-08-21,2012-08-29,102.2391,97.1271,1.17,6.89,8.1,-0.05,-0.053,stopped_out,True,8,6,113377.98,-6009.03,2012
NMDC,2012-08-22,2012-09-05,17.4714,16.9651,2.13,3.3,2.77,-0.028979,-0.031979,time_exit,False,14,10,120379.07,-3849.6,2012
INDIAGLYCO,2012-08-27,2012-08-28,65.3066,62.0413,0.58,13.8,11.6,-0.05,-0.053,stopped_out,True,1,1,116885.39,-6194.93,2012
UBL,2012-08-28,2012-09-03,608.5008,638.9259,5.4,3.46,9.13,0.05,0.047,take_profit,False,6,4,111813.46,5255.23,2012
NMDC,2012-08-28,2012-09-04,18.0353,17.1335,1.83,2.42,3.2,-0.05,-0.053,stopped_out,True,7,5,139766.83,-7407.64,2012
JUBLPHARMA,2012-08-29,2012-08-30,109.512,114.9876,2.48,1.8,2.55,0.05,0.047,take_profit,False,1,1,110924.56,5213.45,2012
PHOENIXLTD,2012-08-30,2012-09-03,85.605,81.3247,2.25,6.88,9.82,-0.05,-0.053,stopped_out,True,4,2,133347.18,-7067.4,2012
IPCALAB,2012-08-30,2012-09-11,207.1949,217.5546,1.76,3.35,3.99,0.05,0.047,take_profit,False,12,8,106677.74,5013.85,2012
SHAKTIPUMP,2012-09-03,2012-09-12,7.5238,7.9,3.22,1.55,4.69,0.05,0.047,take_profit,False,9,7,134011.89,6298.56,2012
PIDILITIND,2012-09-03,2012-09-10,92.7384,97.3753,0.78,2.84,4.78,0.05,0.047,take_profit,False,7,5,107209.51,5038.85,2012
EXIDEIND,2012-09-04,2012-09-18,123.1757,124.8584,2.66,1.77,3.14,0.013661,0.010661,time_exit,False,14,10,112239.45,1196.58,2012
SUNFLAG,2012-09-05,2012-09-06,20.9742,19.9255,0.93,8.72,14.59,-0.05,-0.053,stopped_out,True,1,1,113097.45,-5994.16,2012
JUBLPHARMA,2012-09-06,2012-09-07,113.7192,119.4051,0.72,1.86,1.55,0.05,0.047,take_profit,False,1,1,111898.62,5259.23,2012
HIKAL,2012-09-07,2012-09-10,46.3742,50.2094,15.16,11.36,16.59,0.082702,0.079702,take_profit_gap,False,3,1,112950.46,9002.38,2012
AVANTIFEED,2012-09-10,2012-09-11,10.4047,12.4698,11.17,3.14,7.49,0.198482,0.195482,take_profit_gap,False,1,1,137200.61,26820.25,2012
AVANTIFEED,2012-09-10,2012-09-11,10.4047,12.4698,6.74,3.14,7.49,0.198482,0.195482,take_profit_gap,False,1,1,109760.49,21456.2,2012
FDC,2012-09-11,2012-09-18,82.8522,78.7096,0.76,2.23,2.28,-0.05,-0.053,stopped_out,True,7,5,169194.22,-8967.29,2012
BATAINDIA,2012-09-11,2012-09-17,414.8338,435.5755,0.78,1.51,1.54,0.05,0.047,take_profit,False,6,4,135355.38,6361.7,2012
ACE,2012-09-11,2012-09-12,25.8797,27.7005,15.92,11.04,15.23,0.070358,0.067358,take_profit_gap,False,1,1,108284.3,7293.81,2012
GSPL,2012-09-12,2012-09-27,66.3443,68.3923,2.25,2.56,5.14,0.030869,0.027869,time_exit,False,15,10,110244.12,3072.39,2012
COALINDIA,2012-09-12,2012-09-26,130.5996,124.0696,1.99,1.7,2.83,-0.05,-0.053,stopped_out,True,14,9,137805.15,-7303.67,2012
MAHABANK,2012-09-17,2012-09-18,36.3067,38.1221,1.35,3.85,1.77,0.05,0.047,take_profit,False,1,1,116538.71,5477.32,2012
WELSPUNLIV,2012-09-18,2012-09-27,4.5613,4.3332,1.91,5.71,2.32,-0.05,-0.053,stopped_out,True,9,6,137893.41,-7308.35,2012
WELSPUNLIV,2012-09-18,2012-09-27,4.5613,4.3332,1.9,5.71,2.32,-0.05,-0.053,stopped_out,True,9,6,172366.77,-9135.44,2012
MOTILALOFS,2012-09-18,2012-09-24,98.9432,103.8903,2.37,1.74,6.13,0.05,0.047,take_profit,False,6,3,110314.73,5184.79,2012
RALLIS,2012-09-24,2012-09-26,119.733,125.7197,1.1,3.41,1.66,0.05,0.047,take_profit,False,2,2,111351.69,5233.53,2012
JKLAKSHMI,2012-09-26,2012-09-28,95.7336,100.5203,6.8,4.07,6.92,0.05,0.047,take_profit,False,2,2,138498.69,6509.44,2012
ASTRAL,2012-09-26,2012-10-11,26.3746,26.4762,2.18,2.07,1.62,0.003851,0.000851,time_exit,False,15,10,110798.95,94.29,2012
TITAN,2012-09-27,2012-10-04,239.3483,251.3158,2.69,1.73,3.14,0.05,0.047,take_profit,False,7,4,170065.74,7993.09,2012
CARBORUNIV,2012-09-27,2012-09-28,141.1458,148.2031,1.92,14.41,4.84,0.05,0.047,take_profit,False,1,1,136052.6,6394.47,2012
NLCINDIA,2012-09-27,2012-10-12,46.7787,45.4167,0.69,4.65,1.81,-0.029116,-0.032116,time_exit,False,15,10,108842.08,-3495.57,2012
TITAN,2012-09-28,2012-10-12,245.8439,258.1361,1.23,1.57,2.03,0.05,0.047,take_profit,False,14,9,144564.7,6794.54,2012
HERITGFOOD,2012-09-28,2012-10-05,34.9483,33.2008,1.65,6.73,4.3,-0.05,-0.053,stopped_out,True,7,4,115651.76,-6129.54,2012
EDELWEISS,2012-10-04,2012-10-08,15.7586,16.5466,8.11,6.62,2.01,0.05,0.047,take_profit,False,4,2,128133.18,6022.26,2012
NETWORK18,2012-10-05,2012-10-10,33.0665,31.4132,0.91,2.83,5.59,-0.05,-0.053,stopped_out,True,5,3,124410.98,-6593.78,2012
SUNPHARMA,2012-10-08,2012-10-22,322.598,317.9324,1.31,1.87,2.85,-0.014462,-0.017462,time_exit,False,14,10,126359.87,-2206.5,2012
IIFL,2012-10-10,2012-10-11,25.0916,26.3462,0.53,3.25,4.8,0.05,0.047,take_profit,False,1,1,124651.34,5858.61,2012
TATACONSUM,2012-10-11,2012-10-25,136.7289,129.8925,1.62,2.36,2.46,-0.05,-0.053,stopped_out,True,14,9,148001.71,-7844.09,2012
AUROPHARMA,2012-10-11,2012-10-29,74.0653,73.3882,2.1,1.83,4.76,-0.009142,-0.012142,time_exit,False,18,10,118401.37,-1437.63,2012
SURYAROSNI,2012-10-12,2012-10-16,13.319,13.985,1.58,2.74,4.79,0.05,0.047,take_profit,False,4,2,146062.24,6864.93,2012
INDIACEM,2012-10-12,2012-10-29,92.7155,87.1717,4.3,2.74,5.37,-0.059793,-0.062793,stopped_out_gap,False,17,9,116849.79,-7337.35,2012
AARTIDRUGS,2012-10-16,2012-10-22,18.0566,18.9595,4.85,7.31,3.15,0.05,0.047,take_profit,False,6,4,124065.27,5831.07,2012
THANGAMAYL,2012-10-22,2012-10-25,112.486,106.8617,1.58,9.04,8.87,-0.05,-0.053,stopped_out,True,3,2,120049.73,-6362.64,2012
DCMSHRIRAM,2012-10-22,2012-10-23,54.4233,57.1445,0.95,5.06,6.59,0.05,0.047,take_profit,False,1,1,150062.16,7052.92,2012
LTF,2012-10-23,2012-11-07,45.5268,47.8031,2.51,2.49,2.29,0.05,0.047,take_profit,False,15,9,127462.8,5990.75,2012
NAVA,2012-10-25,2012-10-31,36.5325,34.7059,2.27,11.84,6.89,-0.05,-0.053,stopped_out,True,6,3,152739.18,-8095.18,2012
AJANTPHARM,2012-10-25,2012-10-30,65.4856,62.2113,2.95,5.34,5.76,-0.05,-0.053,stopped_out,True,5,2,122191.34,-6476.14,2012
UBL,2012-10-29,2012-10-30,750.5931,713.0635,2.0,5.01,4.87,-0.05,-0.053,stopped_out,True,1,1,143048.31,-7581.56,2012
UBL,2012-10-29,2012-10-30,750.5931,713.0635,1.34,5.01,4.87,-0.05,-0.053,stopped_out,True,1,1,114438.65,-6065.25,2012
MARUTI,2012-10-30,2012-11-01,1250.1542,1312.6619,0.6,2.12,2.95,0.05,0.047,take_profit,False,2,2,104615.67,4916.94,2012
TRITURBINE,2012-10-30,2012-10-31,47.2692,49.6326,4.58,4.03,4.17,0.05,0.047,take_profit,False,1,1,163461.99,7682.71,2012
COLPAL,2012-10-30,2012-11-15,498.3332,513.2945,2.28,3.07,1.98,0.030023,0.027023,time_exit,False,16,10,130769.59,3533.79,2012
GLENMARK,2012-10-31,2012-11-16,409.2552,413.4282,0.58,6.14,4.98,0.010197,0.007197,time_exit,False,16,10,146850.28,1056.88,2012
MARUTI,2012-10-31,2012-11-16,1292.491,1291.3788,1.33,2.74,3.82,-0.000861,-0.003861,time_exit,False,16,10,117480.22,-453.59,2012
GOKEX,2012-11-01,2012-11-02,69.194,72.6538,0.51,1.69,8.88,0.05,0.047,take_profit,False,1,1,115890.7,5446.86,2012
SHAKTIPUMP,2012-11-02,2012-11-05,9.7496,9.2621,1.69,3.09,11.45,-0.05,-0.053,stopped_out,True,3,1,116980.07,-6199.94,2012
SARDAEN,2012-11-05,2012-11-08,11.5138,12.0895,5.5,6.65,6.02,0.05,0.047,take_profit,False,3,3,115740.09,5439.78,2012
DIACABS,2012-11-07,2012-11-09,804.4542,844.6769,1.64,1.67,9.0,0.05,0.047,take_profit,False,2,2,119282.78,5606.29,2012
EMAMILTD,2012-11-08,2012-11-15,164.2203,172.4314,0.83,3.3,4.65,0.05,0.047,take_profit,False,7,3,119662.2,5624.12,2012
RADICO,2012-11-09,2012-11-15,119.504,135.03,2.02,4.37,4.14,0.129921,0.126921,take_profit_gap,False,6,2,120707.57,15320.33,2012
BHARTIARTL,2012-11-15,2012-11-19,243.5242,255.7005,2.04,2.49,1.77,0.05,0.047,take_profit,False,4,2,140551.66,6605.93,2012
SUNTV,2012-11-15,2012-11-22,256.3615,269.1796,4.07,2.29,7.24,0.05,0.047,take_profit,False,7,5,112441.33,5284.74,2012
CCL,2012-11-15,2012-11-16,30.8403,29.2983,3.71,12.13,14.38,-0.05,-0.053,stopped_out,True,1,1,175689.58,-9311.55,2012
WELCORP,2012-11-16,2012-11-20,87.0167,82.6659,2.0,8.49,3.14,-0.05,-0.053,stopped_out,True,4,2,176215.43,-9339.42,2012
BHARTIARTL,2012-11-16,2012-11-27,252.8357,265.4775,2.49,2.57,3.17,0.05,0.047,take_profit,False,11,7,140972.34,6625.7,2012
KAJARIACER,2012-11-16,2012-11-27,106.6666,111.9999,2.18,2.44,3.31,0.05,0.047,take_profit,False,11,7,112777.87,5300.56,2012
BHARTIARTL,2012-11-19,2012-11-27,259.6305,272.6121,0.5,1.75,1.91,0.05,0.047,take_profit,False,8,6,119653.82,5623.73,2012
SUNTV,2012-11-20,2012-11-27,261.5381,274.615,0.82,2.15,2.17,0.05,0.047,take_profit,False,7,5,129098.26,6067.62,2012
BAJAJFINSV,2012-11-22,2012-12-03,84.5614,88.7895,2.55,1.73,3.28,0.05,0.047,take_profit,False,11,6,126823.82,5960.72,2012
IDEA,2012-11-27,2012-12-05,59.4536,56.3681,1.31,1.76,4.82,-0.051898,-0.054898,stopped_out_gap,False,8,5,105821.71,-5809.4,2012
INDUSINDBK,2012-11-27,2012-11-29,366.5782,384.9072,2.03,2.76,2.19,0.05,0.047,take_profit,False,2,1,132277.14,6217.03,2012
FINCABLES,2012-11-27,2012-11-30,45.0557,47.3085,3.3,2.0,2.9,0.05,0.047,take_profit,False,3,2,165346.43,7771.28,2012
BRIGADE,2012-11-27,2012-11-30,41.7069,43.7922,3.2,1.57,4.61,0.05,0.047,take_profit,False,3,2,206683.03,9714.1,2012
DIACABS,2012-11-29,2012-12-05,825.0153,866.2661,0.89,2.98,3.03,0.05,0.047,take_profit,False,6,4,112356.2,5280.74,2012
SCHNEIDER,2012-11-30,2012-12-05,99.0995,94.1446,6.87,9.48,14.05,-0.05,-0.053,stopped_out,True,5,3,167787.93,-8892.76,2012
DCBBANK,2012-11-30,2012-12-07,44.4419,46.664,3.31,4.51,4.58,0.05,0.047,take_profit,False,7,5,134230.35,6308.83,2012
PTC,2012-12-03,2012-12-10,37.9511,33.9894,2.44,2.66,6.38,-0.10439,-0.10739,stopped_out_gap,False,7,5,133941.18,-14383.94,2012
IIFL,2012-12-05,2012-12-18,31.7462,33.3335,0.59,1.7,3.82,0.05,0.047,take_profit,False,13,9,182461.83,8575.71,2012
BANKINDIA,2012-12-05,2012-12-10,234.5352,246.262,0.74,2.28,2.15,0.05,0.047,take_profit,False,5,3,145969.47,6860.56,2012
PHOENIXLTD,2012-12-05,2012-12-06,110.7019,116.2369,4.72,2.66,4.11,0.05,0.047,take_profit,False,1,1,116775.57,5488.45,2012
ADANIPOWER,2012-12-06,2012-12-10,11.5258,12.102,2.26,3.32,6.86,0.05,0.047,take_profit,False,4,2,117873.26,5540.04,2012
MOTHERSON,2012-12-07,2012-12-13,8.9386,9.3855,2.18,2.97,6.14,0.05,0.047,take_profit,False,6,4,122406.45,5753.1,2012
NATCOPHARM,2012-12-10,2012-12-19,85.2797,89.5437,2.88,3.25,2.58,0.05,0.047,take_profit,False,9,7,177085.27,8323.01,2012
TITAGARH,2012-12-10,2012-12-12,66.764,70.1022,2.6,2.15,2.68,0.05,0.047,take_profit,False,2,2,141668.22,6658.41,2012
ADANIPOWER,2012-12-10,2012-12-11,12.1661,12.7744,2.3,2.84,4.02,0.05,0.047,take_profit,False,1,1,113334.57,5326.73,2012
KITEX,2012-12-11,2012-12-18,14.0543,14.757,0.92,2.58,3.09,0.05,0.047,take_profit,False,7,5,114399.92,5376.8,2012
BAJAJ-AUTO,2012-12-12,2012-12-26,1479.3956,1553.3654,1.5,3.28,2.27,0.05,0.047,take_profit,False,14,9,121185.26,5695.71,2012
DCMSHRIRAM,2012-12-13,2012-12-17,56.442,59.2641,0.63,2.81,2.59,0.05,0.047,take_profit,False,4,2,122580.12,5761.27,2012
SAIL,2012-12-17,2012-12-19,65.3151,68.5809,0.9,1.86,2.76,0.05,0.047,take_profit,False,2,2,123732.37,5815.42,2012
IMFA,2012-12-18,2012-12-28,103.1315,97.9749,3.91,4.14,6.67,-0.05,-0.053,stopped_out,True,10,7,128919.0,-6832.71,2012
IIFL,2012-12-18,2012-12-21,33.3863,31.717,1.36,5.15,4.18,-0.05,-0.053,stopped_out,True,3,3,161148.75,-8540.88,2012
JINDALSTEL,2012-12-19,2013-01-03,449.1578,454.2612,0.88,1.62,2.02,0.011362,0.008362,time_exit,False,15,10,166126.41,1389.15,2013
ALOKINDS,2012-12-19,2012-12-21,11.3653,10.797,5.91,2.78,12.32,-0.05,-0.053,stopped_out,True,2,2,132901.13,-7043.76,2012
CGCL,2012-12-21,2012-12-26,30.9485,32.4959,4.26,2.17,3.78,0.05,0.047,take_profit,False,5,2,162013.95,7614.66,2012
CGCL,2012-12-21,2012-12-26,30.9485,32.4959,2.53,2.17,3.78,0.05,0.047,take_profit,False,5,2,129611.16,6091.72,2012
BERGEPAINT,2012-12-26,2013-01-08,44.203,41.9929,3.44,5.43,6.03,-0.05,-0.053,stopped_out,True,13,9,190131.42,-10076.97,2013
BERGEPAINT,2012-12-26,2013-01-08,44.203,41.9929,0.7,5.43,6.03,-0.05,-0.053,stopped_out,True,13,9,152105.14,-8061.57,2013
M&MFIN,2012-12-26,2013-01-02,115.3006,104.7341,0.89,3.85,1.65,-0.091643,-0.094643,stopped_out_gap,False,7,5,121684.11,-11516.55,2013
BALKRISIND,2012-12-28,2013-01-01,127.7192,134.1398,1.71,6.25,3.6,0.050271,0.047271,take_profit_gap,False,4,2,121764.55,5755.93,2013
INDIANB,2013-01-01,2013-01-15,155.1497,159.1298,2.02,2.54,3.4,0.025653,0.022653,time_exit,False,14,10,122915.73,2784.41,2013
SAIL,2013-01-02,2013-01-07,73.1651,76.8234,1.46,2.03,2.62,0.05,0.047,take_profit,False,5,3,120366.1,5657.21,2013
MUTHOOTFIN,2013-01-03,2013-01-04,167.3721,175.7407,6.1,12.45,8.08,0.05,0.047,take_profit,False,1,1,129795.99,6100.41,2013
TEXRAIL,2013-01-04,2013-01-07,59.302,62.2671,4.42,4.57,5.33,0.05,0.047,take_profit,False,3,1,131016.07,6157.76,2013
AJANTPHARM,2013-01-07,2013-01-15,65.2632,62.0001,1.47,2.35,5.64,-0.05,-0.053,stopped_out,True,8,6,157452.29,-8344.97,2013
JSL,2013-01-07,2013-01-08,71.6206,75.2017,2.75,1.64,3.48,0.05,0.047,take_profit,False,1,1,125961.83,5920.21,2013
SCI,2013-01-08,2013-01-11,54.7424,52.0053,0.51,4.66,3.41,-0.05,-0.053,stopped_out,True,3,3,191965.47,-10174.17,2013
POLYMED,2013-01-08,2013-01-22,54.7941,54.1407,4.3,14.76,9.82,-0.011925,-0.014925,time_exit,False,14,10,153572.38,-2292.07,2013
MANAPPURAM,2013-01-08,2013-01-11,27.098,25.7431,0.78,1.87,2.5,-0.05,-0.053,stopped_out,True,3,3,122857.9,-6511.47,2013
INFY,2013-01-11,2013-01-25,243.0869,252.0263,15.1,7.83,7.58,0.036774,0.033774,time_exit,False,14,10,126331.1,4266.71,2013
WIPRO,2013-01-11,2013-01-18,67.0194,63.6684,0.92,3.33,3.44,-0.05,-0.053,stopped_out,True,7,5,157913.87,-8369.44,2013
BHARTIARTL,2013-01-15,2013-01-23,289.5782,304.0572,3.13,2.49,5.08,0.05,0.047,take_profit,False,8,6,156026.37,7333.24,2013
AXISBANK,2013-01-15,2013-01-29,269.1598,282.6178,0.86,2.43,2.17,0.05,0.047,take_profit,False,14,10,124821.09,5866.59,2013
OIL,2013-01-18,2013-01-21,93.4962,88.2481,0.73,7.25,8.3,-0.056133,-0.059133,stopped_out_gap,False,3,1,129765.76,-7673.44,2013
NLCINDIA,2013-01-21,2013-01-25,46.6982,44.3632,1.38,4.22,4.64,-0.05,-0.053,stopped_out,True,4,4,128231.08,-6796.25,2013
ASIANPAINT,2013-01-22,2013-02-04,395.5197,415.2957,1.38,3.01,1.92,0.05,0.047,take_profit,False,13,9,132840.92,6243.52,2013
BHARTIARTL,2013-01-23,2013-01-29,308.1592,292.7513,1.28,1.98,4.66,-0.05,-0.053,stopped_out,True,6,4,138944.66,-7364.07,2013
CANFINHOME,2013-01-25,2013-02-05,27.6132,26.2326,1.53,2.58,3.65,-0.05,-0.053,stopped_out,True,11,7,161562.25,-8562.8,2013
SUZLON,2013-01-25,2013-01-31,19.384,20.3532,8.06,2.84,13.75,0.05,0.047,take_profit,False,6,4,129249.8,6074.74,2013
ADANIPORTS,2013-01-29,2013-01-31,136.2511,143.0637,1.65,8.67,6.42,0.05,0.047,take_profit,False,2,2,124682.8,5860.09,2013
SUNTV,2013-01-29,2013-02-04,330.3702,346.8888,1.78,3.09,2.99,0.05,0.047,take_profit,False,6,4,155853.5,7325.11,2013
SJVN,2013-01-31,2013-02-07,11.2044,10.6442,1.33,2.31,3.69,-0.05,-0.053,stopped_out,True,7,5,152919.73,-8104.75,2013
GRAPHITE,2013-01-31,2013-02-07,57.9132,55.0175,1.09,3.61,1.81,-0.05,-0.053,stopped_out,True,7,5,122335.78,-6483.8,2013
PFC,2013-02-04,2013-02-08,42.1525,44.2601,2.0,3.2,6.79,0.05,0.047,take_profit,False,4,4,158321.24,7441.1,2013
ASIANPAINT,2013-02-04,2013-02-18,416.1245,403.2766,1.3,2.06,2.09,-0.030875,-0.033875,time_exit,False,14,10,126656.99,-4290.51,2013
SUNPHARMA,2013-02-05,2013-02-15,341.1941,358.2538,0.95,2.74,1.97,0.05,0.047,take_profit,False,10,8,131925.48,6200.5,2013
TCS,2013-02-08,2013-02-22,529.1623,540.7102,1.56,2.24,2.64,0.021823,0.018823,time_exit,False,14,10,122128.8,2298.83,2013
ASTRAL,2013-02-08,2013-02-19,34.11,35.8155,2.45,7.18,8.01,0.05,0.047,take_profit,False,11,7,190826.25,8968.83,2013
TCS,2013-02-08,2013-02-22,529.1623,540.7102,0.66,2.24,2.64,0.021823,0.018823,time_exit,False,14,10,152661.0,2873.54,2013
BALRAMCHIN,2013-02-15,2013-02-18,42.366,44.4843,5.41,2.53,9.13,0.05,0.047,take_profit,False,3,1,125328.23,5890.43,2013
SOLARINDS,2013-02-18,2013-02-25,196.2179,186.407,0.79,2.29,2.22,-0.05,-0.053,stopped_out,True,7,5,150979.62,-8001.92,2013
TATACOMM,2013-02-18,2013-02-25,118.7991,112.8591,0.94,1.66,3.89,-0.05,-0.053,stopped_out,True,7,5,120783.69,-6401.54,2013
BERGEPAINT,2013-02-19,2013-02-21,54.7637,57.5019,1.69,1.91,3.79,0.05,0.047,take_profit,False,2,2,136585.97,6419.54,2013
DEEPAKNTR,2013-02-22,2013-02-27,24.7728,23.5341,1.08,3.18,6.3,-0.05,-0.053,stopped_out,True,5,3,193862.31,-10274.7,2013
PERSISTENT,2013-02-22,2013-03-04,119.7906,113.801,2.17,1.56,1.72,-0.05,-0.053,stopped_out,True,10,6,155089.85,-8219.76,2013
GPPL,2013-02-22,2013-03-04,29.6021,28.122,1.95,2.76,7.33,-0.05,-0.053,stopped_out,True,10,6,124071.88,-6575.81,2013
POWERGRID,2013-02-25,2013-02-28,37.6867,35.8024,0.62,2.02,2.33,-0.05,-0.053,stopped_out,True,3,3,150729.47,-7988.66,2013
INFY,2013-02-26,2013-03-12,265.2883,261.2893,2.09,1.61,1.5,-0.015074,-0.018074,time_exit,False,14,10,120583.58,-2179.43,2013
APLLTD,2013-02-27,2013-03-05,72.026,75.6273,0.66,2.62,3.94,0.05,0.047,take_profit,False,6,4,133184.38,6259.67,2013
TECHM,2013-03-01,2013-03-15,194.2238,193.8538,0.75,2.3,4.85,-0.001905,-0.004905,time_exit,False,14,10,135095.67,-662.64,2013
WIPRO,2013-03-05,2013-03-08,69.4583,72.9313,2.0,1.71,3.09,0.05,0.047,take_profit,False,3,3,188838.58,8875.41,2013
GMRAIRPORT,2013-03-05,2013-03-13,16.9885,17.838,4.27,1.98,2.37,0.05,0.047,take_profit,False,8,6,151070.86,7100.33,2013
GMRAIRPORT,2013-03-05,2013-03-13,16.9885,17.838,1.29,1.98,2.37,0.05,0.047,take_profit,False,8,6,120856.69,5680.26,2013
GODREJCP,2013-03-08,2013-03-13,245.2443,232.9821,0.69,2.09,4.11,-0.05,-0.053,stopped_out,True,5,3,136228.15,-7220.09,2013
J&KBANK,2013-03-12,2013-03-20,114.465,108.7418,0.84,1.74,3.03,-0.05,-0.053,stopped_out,True,8,6,132663.35,-7031.16,2013
RAIN,2013-03-13,2013-03-14,35.5532,37.3309,2.75,4.91,1.9,0.05,0.047,take_profit,False,1,1,188873.92,8877.07,2013
RAIN,2013-03-13,2013-03-14,35.5532,37.3309,1.87,4.91,1.9,0.05,0.047,take_profit,False,1,1,151099.14,7101.66,2013
JUBLFOOD,2013-03-14,2013-03-22,123.0565,116.9036,5.31,2.08,6.23,-0.05,-0.053,stopped_out,True,8,6,192069.67,-10179.69,2013
VGUARD,2013-03-14,2013-03-19,34.2145,32.5038,3.95,4.62,7.18,-0.05,-0.053,stopped_out,True,5,3,153655.73,-8143.75,2013
ASIANPAINT,2013-03-14,2013-04-01,438.8445,443.6437,0.63,1.98,2.41,0.010936,0.007936,time_exit,False,18,10,122924.59,975.53,2013
DABUR,2013-03-15,2013-03-25,120.7489,114.7114,1.09,1.61,2.81,-0.05,-0.053,stopped_out,True,10,6,125226.27,-6636.99,2013
PATANJALI,2013-03-21,2013-03-22,2230.9191,2119.3731,5.11,5.85,5.45,-0.05,-0.053,stopped_out,True,1,1,154409.85,-8183.72,2013
GMRAIRPORT,2013-03-25,2013-03-26,19.0848,18.1306,1.83,3.45,8.44,-0.05,-0.053,stopped_out,True,1,1,212868.96,-11282.05,2013
RELIGARE,2013-03-26,2013-03-28,291.0955,305.6503,2.41,2.1,9.3,0.05,0.047,take_profit,False,2,1,210612.55,9898.79,2013
RAIN,2013-03-26,2013-03-28,37.4223,39.2934,0.55,1.6,11.23,0.05,0.047,take_profit,False,2,1,168490.04,7919.03,2013
IPCALAB,2013-03-28,2013-04-08,254.5492,241.8218,0.76,1.6,2.9,-0.05,-0.053,stopped_out,True,11,6,137072.71,-7264.85,2013
IGL,2013-03-28,2013-04-02,22.8637,24.0069,1.28,1.72,4.07,0.05,0.047,take_profit,False,5,2,109658.17,5153.93,2013
TATACOMM,2013-03-28,2013-04-08,118.8753,112.7412,4.98,4.02,10.88,-0.051601,-0.054601,stopped_out_gap,False,11,6,214176.11,-11694.23,2013
PIIND,2013-03-28,2013-04-01,119.757,126.083,1.1,2.57,1.58,0.052824,0.049824,take_profit_gap,False,4,1,171340.89,8536.89,2013
SPARC,2013-04-01,2013-04-04,121.0374,114.9855,1.4,3.02,5.5,-0.05,-0.053,stopped_out,True,3,3,148482.12,-7869.55,2013
CONCOR,2013-04-01,2013-04-02,194.7684,204.5069,1.18,3.03,2.5,0.05,0.047,take_profit,False,1,1,118785.69,5582.93,2013
SURYAROSNI,2013-04-02,2013-04-09,17.0182,16.1673,2.19,2.89,2.64,-0.05,-0.053,stopped_out,True,7,5,142864.7,-7571.83,2013
FINCABLES,2013-04-02,2013-04-04,45.9314,43.6349,5.95,2.53,3.55,-0.05,-0.053,stopped_out,True,2,2,114291.76,-6057.46,2013
BALRAMCHIN,2013-04-04,2013-04-05,39.9057,42.6985,4.91,1.87,3.8,0.069985,0.066985,take_profit_gap,False,1,1,141202.78,9458.47,2013
DRREDDY,2013-04-04,2013-04-18,347.0099,349.6624,1.49,1.81,3.0,0.007644,0.004644,time_exit,False,14,10,112962.22,524.6,2013
TANLA,2013-04-05,2013-04-08,4.108,4.5142,17.78,2.65,13.92,0.0989,0.0959,take_profit_gap,False,3,1,120502.03,11556.14,2013
TVSMOTOR,2013-04-08,2013-04-09,35.8831,34.089,6.22,10.85,6.85,-0.05,-0.053,stopped_out,True,1,1,151416.96,-8025.1,2013
KPRMILL,2013-04-08,2013-04-12,10.7828,10.2437,2.74,3.29,8.56,-0.05,-0.053,stopped_out,True,4,4,189271.21,-10031.37,2013
MAHSEAMLES,2013-04-09,2013-04-11,94.6059,89.8756,1.6,14.5,3.98,-0.05,-0.053,stopped_out,True,2,2,176870.52,-9374.14,2013
VGUARD,2013-04-09,2013-04-12,33.389,31.7196,3.21,3.7,8.98,-0.05,-0.053,stopped_out,True,3,3,141496.42,-7499.31,2013
VGUARD,2013-04-09,2013-04-12,33.389,31.7196,2.31,3.7,8.98,-0.05,-0.053,stopped_out,True,3,3,113197.13,-5999.45,2013
LUPIN,2013-04-11,2013-04-17,601.7356,631.8224,2.36,1.78,3.2,0.05,0.047,take_profit,False,6,4,124056.98,5830.68,2013
AUROPHARMA,2013-04-12,2013-04-17,81.6588,85.7417,4.28,2.12,3.49,0.05,0.047,take_profit,False,5,3,183332.51,8616.63,2013
AUROPHARMA,2013-04-12,2013-04-17,81.6588,85.7417,2.29,2.12,3.49,0.05,0.047,take_profit,False,5,3,146666.01,6893.3,2013
DCBBANK,2013-04-12,2013-04-16,41.4064,43.4767,0.8,5.56,1.51,0.05,0.047,take_profit,False,4,2,117332.81,5514.64,2013
KITEX,2013-04-16,2013-04-18,12.0342,12.6359,1.17,2.99,2.96,0.05,0.047,take_profit,False,2,2,118435.73,5566.48,2013
TI,2013-04-17,2013-04-26,64.1617,60.9536,2.7,2.42,6.39,-0.05,-0.053,stopped_out,True,9,5,121489.8,-6438.96,2013
M&M,2013-04-17,2013-04-30,388.2712,407.6848,2.53,2.53,4.25,0.05,0.047,take_profit,False,13,7,151862.25,7137.53,2013
ITI,2013-04-17,2013-04-18,20.3101,21.3257,1.64,7.61,4.91,0.05,0.047,take_profit,False,1,1,189827.81,8921.91,2013
TITAN,2013-04-18,2013-04-22,244.0552,256.258,3.26,1.63,6.25,0.05,0.047,take_profit,False,4,1,184439.59,8668.66,2013
DEEPAKFERT,2013-04-18,2013-04-25,75.7565,79.8438,1.13,3.68,1.77,0.053952,0.050952,take_profit_gap,False,7,3,147551.67,7518.05,2013
DIACABS,2013-04-18,2013-04-23,625.2786,656.5425,1.43,3.36,3.21,0.05,0.047,take_profit,False,5,2,118041.34,5547.94,2013
CEATLTD,2013-04-22,2013-04-25,85.3348,89.6015,5.42,3.72,6.18,0.05,0.047,take_profit,False,3,2,133054.72,6253.57,2013
NAVINFLUOR,2013-04-23,2013-05-02,39.555,37.4831,0.89,3.85,3.13,-0.052381,-0.055381,stopped_out_gap,False,9,5,131161.63,-7263.86,2013
GRASIM,2013-04-25,2013-05-10,423.9517,428.426,0.53,2.86,3.22,0.010554,0.007554,time_exit,False,15,10,163804.91,1237.38,2013
BAJAJELEC,2013-04-25,2013-05-10,153.4871,149.7628,1.99,1.82,3.98,-0.024264,-0.027264,time_exit,False,15,10,131043.93,-3572.78,2013
CASTROLIND,2013-04-26,2013-05-13,102.6557,104.5997,3.14,5.41,3.26,0.018937,0.015937,time_exit,False,17,10,127845.31,2037.47,2013
SHRIRAMFIN,2013-04-30,2013-05-15,122.9065,126.9096,1.52,1.91,5.62,0.032571,0.029571,time_exit,False,15,10,134076.2,3964.77,2013
APLLTD,2013-05-02,2013-05-03,101.8671,106.9605,1.45,4.14,2.35,0.05,0.047,take_profit,False,1,1,132040.52,6205.9,2013
MCX,2013-05-03,2013-05-08,165.6696,157.3861,1.81,3.31,6.56,-0.05,-0.053,stopped_out,True,5,3,133281.7,-7063.93,2013
DBREALTY,2013-05-08,2013-05-13,72.4862,77.6611,2.83,2.73,5.77,0.071392,0.068392,take_profit_gap,False,5,3,131868.91,9018.78,2013
MPHASIS,2013-05-10,2013-05-14,304.4733,319.697,1.74,3.09,7.72,0.05,0.047,take_profit,False,4,2,163997.81,7707.9,2013
ACE,2013-05-10,2013-05-13,13.9238,13.2276,2.68,9.25,9.52,-0.05,-0.053,stopped_out,True,3,1,131198.25,-6953.51,2013
BERGEPAINT,2013-05-13,2013-05-14,67.3951,64.0254,2.09,3.8,6.06,-0.05,-0.053,stopped_out,True,1,1,147169.32,-7799.97,2013
GRANULES,2013-05-13,2013-05-21,13.2937,12.6291,4.84,1.89,2.62,-0.05,-0.053,stopped_out,True,8,6,117735.45,-6239.98,2013
AJANTPHARM,2013-05-13,2013-05-15,149.2661,156.7294,1.47,1.98,1.94,0.05,0.047,take_profit,False,2,2,183961.64,8646.2,2013
ZYDUSLIFE,2013-05-14,2013-05-21,148.5244,141.0982,0.54,1.59,3.35,-0.05,-0.053,stopped_out,True,7,5,156403.37,-8289.38,2013
SONATSOFTW,2013-05-14,2013-05-15,6.4403,6.7624,6.57,6.01,15.14,0.05,0.047,take_profit,False,1,1,125122.7,5880.77,2013
SPARC,2013-05-15,2013-05-17,162.4266,154.3052,4.19,10.55,6.27,-0.05,-0.053,stopped_out,True,2,2,192428.61,-10198.72,2013
BAJFINANCE,2013-05-15,2013-05-16,13.2772,13.9411,1.44,2.97,2.26,0.05,0.047,take_profit,False,1,1,153942.89,7235.32,2013
NCC,2013-05-15,2013-05-21,19.3451,18.3778,3.43,1.53,6.11,-0.05,-0.053,stopped_out,True,6,4,123154.31,-6527.18,2013
APLLTD,2013-05-16,2013-05-17,119.1915,113.2319,4.71,2.77,6.25,-0.05,-0.053,stopped_out,True,1,1,130759.09,-6930.23,2013
BAJFINANCE,2013-05-17,2013-05-20,14.3016,15.0167,0.99,2.05,1.7,0.05,0.047,take_profit,False,3,1,132655.22,6234.8,2013
ABB,2013-05-17,2013-05-20,571.0673,542.5139,11.4,13.46,19.89,-0.05,-0.053,stopped_out,True,3,1,165819.02,-8788.41,2013
JKPAPER,2013-05-20,2013-05-22,26.6653,27.9986,2.89,3.68,5.97,0.05,0.047,take_profit,False,2,2,132246.64,6215.59,2013
BSOFT,2013-05-20,2013-06-03,54.5104,55.555,1.06,2.5,2.83,0.019164,0.016164,time_exit,False,14,10,165308.3,2672.04,2013
AJANTPHARM,2013-05-21,2013-05-23,157.0955,149.2407,0.57,1.51,6.35,-0.05,-0.053,stopped_out,True,2,2,181044.63,-9595.37,2013
ASTRAL,2013-05-21,2013-05-22,45.6111,43.3306,3.54,13.67,15.23,-0.05,-0.053,stopped_out,True,1,1,144835.71,-7676.29,2013
ADANIPOWER,2013-05-21,2013-05-22,12.1461,11.5388,0.66,6.43,11.17,-0.05,-0.053,stopped_out,True,1,1,115868.57,-6141.03,2013
OFSS,2013-05-23,2013-06-06,1449.5547,1522.0325,5.08,5.61,3.78,0.05,0.047,take_profit,False,14,10,204054.54,9590.56,2013
KIRLOSENG,2013-05-23,2013-05-27,148.0933,140.6886,1.95,15.12,11.88,-0.05,-0.053,stopped_out,True,4,2,163243.63,-8651.91,2013
OFSS,2013-05-23,2013-06-06,1449.5547,1522.0325,2.68,5.61,3.78,0.05,0.047,take_profit,False,14,10,130594.91,6137.96,2013
ABB,2013-05-24,2013-06-03,574.4447,545.7225,2.29,1.72,3.8,-0.05,-0.053,stopped_out,True,10,6,104475.93,-5537.22,2013
PCBL,2013-05-27,2013-05-29,5.1564,4.8986,4.38,3.23,11.78,-0.05,-0.053,stopped_out,True,2,2,114499.08,-6068.45,2013
M&MFIN,2013-05-29,2013-06-03,134.2648,127.5515,2.86,1.63,1.72,-0.05,-0.053,stopped_out,True,5,3,113285.39,-6004.13,2013
TORNTPHARM,2013-06-03,2013-06-17,169.9114,172.094,1.85,5.8,4.59,0.012846,0.009846,time_exit,False,14,10,165468.38,1629.2,2013
PCBL,2013-06-03,2013-06-07,5.1419,4.8848,2.13,1.9,2.25,-0.05,-0.053,stopped_out,True,4,4,132374.7,-7015.86,2013
BATAINDIA,2013-06-04,2013-06-11,391.696,372.1112,3.99,6.35,6.29,-0.05,-0.053,stopped_out,True,7,5,105899.76,-5612.69,2013
ZYDUSWELL,2013-06-06,2013-06-07,134.5689,127.8404,4.74,6.84,14.65,-0.05,-0.053,stopped_out,True,1,1,154795.4,-8204.16,2013
ESCORTS,2013-06-06,2013-06-11,68.9484,65.501,3.71,2.87,10.52,-0.05,-0.053,stopped_out,True,5,3,123836.32,-6563.33,2013
NBCC,2013-06-07,2013-06-10,5.4688,5.7423,3.64,3.4,4.53,0.05,0.047,take_profit,False,3,1,153459.08,7212.58,2013
DCBBANK,2013-06-07,2013-06-19,44.5367,46.7636,2.17,1.68,2.07,0.05,0.047,take_profit,False,12,8,122767.26,5770.06,2013
WELENT,2013-06-10,2013-06-12,14.0975,14.8024,0.93,3.43,1.85,0.05,0.047,take_profit,False,2,2,130348.14,6126.36,2013
TECHM,2013-06-11,2013-06-19,170.4521,178.9747,1.34,1.52,3.09,0.05,0.047,take_profit,False,8,6,147790.53,6946.15,2013
DCMSHRIRAM,2013-06-12,2013-06-13,52.2187,49.6078,2.0,3.54,12.33,-0.05,-0.053,stopped_out,True,1,1,145527.32,-7712.95,2013
HINDALCO,2013-06-14,2013-06-20,94.1734,89.4647,2.38,1.6,6.86,-0.05,-0.053,stopped_out,True,6,4,143984.73,-7631.19,2013
HINDALCO,2013-06-14,2013-06-20,94.1734,89.4647,3.04,1.6,6.86,-0.05,-0.053,stopped_out,True,6,4,115187.79,-6104.95,2013
COFORGE,2013-06-17,2013-06-21,44.1358,46.3426,3.37,4.57,3.31,0.05,0.047,take_profit,False,4,4,125569.74,5901.78,2013
JAIBALAJI,2013-06-19,2013-06-20,5.2226,4.9615,5.32,3.37,15.74,-0.05,-0.053,stopped_out,True,1,1,157110.6,-8326.86,2013
LTF,2013-06-19,2013-06-21,65.6157,62.335,1.09,2.69,2.68,-0.05,-0.053,stopped_out,True,2,2,125688.48,-6661.49,2013
GVT&D,2013-06-21,2013-06-25,163.8037,155.6135,6.8,12.96,15.13,-0.05,-0.053,stopped_out,True,4,2,229494.51,-12163.21,2013
MARKSANS,2013-06-24,2013-06-26,5.8585,6.4331,3.31,1.84,8.04,0.098075,0.095075,take_profit_gap,False,2,2,183595.6,17455.35,2013
TECHM,2013-06-26,2013-06-27,182.9191,192.065,1.53,1.89,2.34,0.05,0.047,take_profit,False,1,1,147553.88,6935.03,2013
AVANTIFEED,2013-06-26,2013-06-28,7.9315,8.5619,0.7,3.28,5.37,0.079492,0.076492,take_profit_gap,False,2,2,184442.35,14108.36,2013
RELAXO,2013-06-26,2013-07-09,38.1217,36.2156,1.49,1.55,2.75,-0.05,-0.053,stopped_out,True,13,9,230552.93,-12219.31,2013
HCLTECH,2013-06-27,2013-07-01,143.2589,136.096,0.73,1.84,2.64,-0.05,-0.053,stopped_out,True,4,2,148940.88,-7893.87,2013
HAVELLS,2013-06-27,2013-07-01,128.3286,134.745,4.06,1.57,4.45,0.05,0.047,take_profit,False,4,2,119152.71,5600.18,2013
BAJAJ-AUTO,2013-06-27,2013-06-28,1322.3236,1388.4397,2.65,2.33,2.86,0.05,0.047,take_profit,False,1,1,95322.17,4480.14,2013
VTL,2013-06-28,2013-07-10,45.2334,47.495,2.15,2.47,6.7,0.05,0.047,take_profit,False,12,8,135928.34,6388.63,2013
POWERGRID,2013-06-28,2013-07-08,37.4345,35.5627,2.25,2.64,4.02,-0.05,-0.053,stopped_out,True,10,6,108742.67,-5763.36,2013
UBL,2013-07-01,2013-07-02,800.1136,840.1193,8.14,2.62,13.95,0.05,0.047,take_profit,False,1,1,140154.12,6587.24,2013
FACT,2013-07-01,2013-07-02,22.5868,21.4575,5.52,5.42,13.25,-0.05,-0.053,stopped_out,True,1,1,112123.29,-5942.53,2013
POONAWALLA,2013-07-02,2013-07-04,89.1052,84.65,0.54,2.92,2.04,-0.05,-0.053,stopped_out,True,2,2,112226.45,-5948.0,2013
LUPIN,2013-07-02,2013-07-04,746.3011,783.6162,1.22,1.56,3.18,0.05,0.047,take_profit,False,2,2,140283.06,6593.3,2013
AJANTPHARM,2013-07-04,2013-07-09,153.3555,161.0233,3.01,1.51,3.94,0.05,0.047,take_profit,False,5,3,140412.12,6599.37,2013
FSL,2013-07-04,2013-07-05,9.192,10.014,12.93,17.27,18.37,0.089427,0.086427,take_profit_gap,False,1,1,112329.69,9708.32,2013
HIKAL,2013-07-05,2013-07-11,52.451,49.8284,0.52,1.96,2.7,-0.05,-0.053,stopped_out,True,6,4,114271.36,-6056.38,2013
APLLTD,2013-07-08,2013-07-11,140.2405,133.2285,4.45,3.64,10.06,-0.05,-0.053,stopped_out,True,3,3,112012.95,-5936.69,2013
BAJAJELEC,2013-07-09,2013-07-15,158.2955,166.2103,5.7,5.1,5.08,0.05,0.047,take_profit,False,6,4,162679.38,7645.93,2013
SONATSOFTW,2013-07-09,2013-07-12,6.5518,6.2242,4.25,3.97,8.89,-0.05,-0.053,stopped_out,True,3,3,130143.51,-6897.61,2013
FORTIS,2013-07-10,2013-07-11,95.1981,99.958,2.56,3.0,3.91,0.05,0.047,take_profit,False,1,1,132578.2,6231.18,2013
NATCOPHARM,2013-07-11,2013-07-15,86.8625,91.2056,2.93,2.26,3.22,0.05,0.047,take_profit,False,4,2,113076.92,5314.62,2013
CYIENT,2013-07-11,2013-07-25,136.9652,136.0769,0.56,1.66,2.27,-0.006486,-0.009486,time_exit,False,14,10,141346.14,-1340.81,2013
HEG,2013-07-11,2013-07-16,26.8641,25.5209,3.41,8.53,7.0,-0.05,-0.053,stopped_out,True,5,3,176682.68,-9364.18,2013
DCBBANK,2013-07-12,2013-07-16,49.5643,47.0861,1.72,1.68,4.5,-0.05,-0.053,stopped_out,True,4,2,115110.71,-6100.87,2013
ELGIEQUIP,2013-07-15,2013-07-17,40.2461,43.6919,1.39,2.68,5.49,0.085619,0.082619,take_profit_gap,False,2,2,149831.94,12378.96,2013
KPRMILL,2013-07-15,2013-07-26,11.6725,11.0889,1.39,4.83,4.33,-0.05,-0.053,stopped_out,True,11,9,119865.55,-6352.87,2013
BIOCON,2013-07-16,2013-07-26,48.6894,51.1239,2.21,3.88,4.95,0.05,0.047,take_profit,False,10,8,151158.11,7104.43,2013
CENTURYPLY,2013-07-16,2013-07-17,50.7684,53.3068,1.78,6.54,4.33,0.05,0.047,take_profit,False,1,1,120926.49,5683.54,2013
ITC,2013-07-17,2013-07-26,158.8363,150.8945,2.06,1.7,2.04,-0.05,-0.053,stopped_out,True,9,7,154505.38,-8188.78,2013
VSTIND,2013-07-17,2013-07-31,96.9598,96.2757,1.03,1.91,2.58,-0.007055,-0.010055,time_exit,False,14,10,123604.3,-1242.84,2013
SHAKTIPUMP,2013-07-25,2013-07-29,6.9832,6.634,5.19,10.44,1.97,-0.05,-0.053,stopped_out,True,4,2,126884.51,-6724.88,2013
BATAINDIA,2013-07-26,2013-07-31,411.8458,432.4381,1.62,1.56,1.97,0.05,0.047,take_profit,False,5,3,185125.97,8700.92,2013
CEATLTD,2013-07-26,2013-07-29,103.4802,108.6542,1.53,2.33,1.94,0.05,0.047,take_profit,False,3,1,148100.77,6960.74,2013
ARVIND,2013-07-26,2013-07-31,24.6733,23.4397,0.5,1.53,4.44,-0.05,-0.053,stopped_out,True,5,3,118480.62,-6279.47,2013
WIPRO,2013-07-29,2013-07-31,66.4023,69.7224,5.0,3.67,1.76,0.05,0.047,take_profit,False,2,2,149828.72,7041.95,2013
NATCOPHARM,2013-07-29,2013-07-30,107.2456,115.0345,6.84,3.72,9.38,0.072627,0.069627,take_profit_gap,False,1,1,119862.98,8345.7,2013
VMART,2013-07-31,2013-08-01,43.371,41.2024,6.1,16.27,15.89,-0.05,-0.053,stopped_out,True,1,1,97724.07,-5179.38,2013
WIPRO,2013-07-31,2013-08-06,71.2761,74.8399,1.03,1.86,4.29,0.05,0.047,take_profit,False,6,4,152693.86,7176.61,2013
BHARTIARTL,2013-07-31,2013-08-06,289.9201,275.4241,1.57,3.31,9.71,-0.05,-0.053,stopped_out,True,6,4,122155.09,-6474.22,2013
SUNTV,2013-07-31,2013-08-02,284.7874,299.0268,2.51,2.41,7.67,0.05,0.047,take_profit,False,2,2,238584.15,11213.46,2013
VMART,2013-07-31,2013-08-01,43.371,41.2024,0.67,16.27,15.89,-0.05,-0.053,stopped_out,True,1,1,190867.32,-10115.97,2013
TITAN,2013-08-02,2013-08-06,268.1729,254.7643,3.2,1.86,7.13,-0.05,-0.053,stopped_out,True,4,2,182797.99,-9688.29,2013
HCC,2013-08-05,2013-08-06,10.0083,9.5079,16.15,3.82,8.25,-0.05,-0.053,stopped_out,True,1,1,146238.39,-7750.63,2013
PIIND,2013-08-05,2013-08-06,131.5939,125.0142,1.11,3.05,8.07,-0.05,-0.053,stopped_out,True,1,1,116990.71,-6200.51,2013
TI,2013-08-07,2013-08-08,51.4932,55.6283,17.21,2.9,10.78,0.080304,0.077304,take_profit_gap,False,1,1,233180.37,18025.78,2013
CIPLA,2013-08-08,2013-08-26,380.8101,370.9978,4.54,2.55,4.51,-0.025767,-0.028767,time_exit,False,18,10,121234.19,-3487.54,2013
BIOCON,2013-08-08,2013-08-26,53.5568,54.3534,4.38,2.18,5.88,0.014874,0.011874,time_exit,False,18,10,96987.35,1151.63,2013
THOMASCOOK,2013-08-08,2013-08-16,19.5618,18.5837,2.39,2.04,8.98,-0.05,-0.053,stopped_out,True,8,4,151542.73,-8031.76,2013
BHARATFORG,2013-08-08,2013-08-16,105.5596,100.2817,11.5,6.95,15.99,-0.05,-0.053,stopped_out,True,8,4,189428.42,-10039.71,2013
TI,2013-08-08,2013-08-13,58.1887,61.0982,5.05,6.02,4.5,0.05,0.047,take_profit,False,5,2,236785.52,11128.92,2013
NTPC,2013-08-13,2013-08-19,75.7317,71.9451,1.81,1.57,5.35,-0.05,-0.053,stopped_out,True,6,3,127172.77,-6740.16,2013
ICIL,2013-08-16,2013-08-19,4.8463,5.0886,9.04,3.13,3.11,0.05,0.047,take_profit,False,3,1,166318.15,7816.95,2013
TRIDENT,2013-08-20,2013-08-21,0.7115,0.7471,2.08,2.57,4.35,0.05,0.047,take_profit,False,1,1,191968.06,9022.5,2013
JINDALSTEL,2013-08-22,2013-08-23,225.1883,236.4477,1.62,1.7,4.98,0.05,0.047,take_profit,False,1,1,193772.56,9107.31,2013
TATASTEEL,2013-08-22,2013-08-30,19.2039,20.1641,2.63,1.88,10.52,0.05,0.047,take_profit,False,8,6,155018.05,7285.85,2013
MOIL,2013-08-22,2013-09-05,70.9174,72.0076,1.61,1.86,5.04,0.015374,0.012374,time_exit,False,14,10,124014.44,1534.55,2013
COROMANDEL,2013-08-23,2013-08-26,159.9217,167.9178,1.06,1.84,1.67,0.05,0.047,take_profit,False,3,1,139787.53,6570.01,2013
VAIBHAVGBL,2013-08-26,2013-08-28,34.7626,33.0245,8.41,8.85,11.28,-0.05,-0.053,stopped_out,True,2,2,117938.34,-6250.73,2013
RADICO,2013-08-26,2013-08-28,103.6078,110.5987,6.99,2.99,2.8,0.067475,0.064475,take_profit_gap,False,2,2,147422.92,9505.09,2013
TITAGARH,2013-08-26,2013-08-27,17.2415,18.1036,2.59,1.56,9.52,0.05,0.047,take_profit,False,1,1,184278.65,8661.1,2013
TITAGARH,2013-08-27,2013-08-29,18.9581,20.6161,3.2,5.15,9.84,0.087456,0.084456,take_profit_gap,False,2,2,132938.62,11227.46,2013
IMFA,2013-08-28,2013-08-29,72.7603,76.3983,0.52,2.38,3.31,0.05,0.047,take_profit,False,1,1,160074.02,7523.48,2013
ALLCARGO,2013-08-28,2013-08-29,7.9601,8.3581,2.97,1.87,9.16,0.05,0.047,take_profit,False,1,1,128059.22,6018.78,2013
VEDL,2013-08-29,2013-08-30,60.7856,57.7463,4.08,4.15,12.54,-0.05,-0.053,stopped_out,True,1,1,191615.69,-10155.63,2013
NATIONALUM,2013-08-29,2013-09-02,16.6063,17.4366,5.99,3.99,12.46,0.05,0.047,take_profit,False,4,2,153292.55,7204.75,2013
HCLTECH,2013-08-29,2013-09-10,183.2882,192.4526,2.46,1.51,3.74,0.05,0.047,take_profit,False,12,7,122634.04,5763.8,2013
M&MFIN,2013-08-30,2013-09-02,132.0392,138.6412,6.13,5.52,6.15,0.05,0.047,take_profit,False,3,1,133488.02,6273.94,2013
HEROMOTOCO,2013-08-30,2013-09-03,1355.9191,1288.1231,0.82,3.94,3.82,-0.05,-0.053,stopped_out,True,4,2,166860.03,-8843.58,2013
RENUKA,2013-09-02,2013-09-03,17.7589,16.8709,0.56,3.12,16.78,-0.05,-0.053,stopped_out,True,1,1,166842.27,-8842.64,2013
M&MFIN,2013-09-02,2013-09-05,143.012,135.8614,0.8,1.52,7.29,-0.05,-0.053,stopped_out,True,3,3,133473.81,-7074.11,2013
SRF,2013-09-03,2013-09-18,26.3564,27.0414,5.47,6.09,3.53,0.025991,0.022991,time_exit,False,15,10,169982.27,3908.06,2013
GPIL,2013-09-03,2013-09-10,18.6657,19.599,3.88,2.37,5.31,0.05,0.047,take_profit,False,7,4,135985.81,6391.33,2013
TTML,2013-09-05,2013-09-06,5.9355,6.2322,5.65,2.49,3.33,0.05,0.047,take_profit,False,1,1,159178.39,7481.38,2013
SCHNEIDER,2013-09-05,2013-09-06,66.3832,74.6626,12.06,3.94,12.94,0.124722,0.121722,take_profit_gap,False,1,1,127342.71,15500.41,2013
IOC,2013-09-06,2013-09-20,19.3993,18.4294,3.93,1.77,3.13,-0.05,-0.053,stopped_out,True,14,9,163774.75,-8680.06,2013
ENGINERSIN,2013-09-06,2013-09-12,58.4381,61.36,9.47,7.28,18.66,0.05,0.047,take_profit,False,6,3,131019.8,6157.93,2013
BHARTIARTL,2013-09-10,2013-09-13,284.7444,270.5072,4.02,2.1,4.43,-0.05,-0.053,stopped_out,True,3,3,127176.67,-6740.36,2013
PRAJIND,2013-09-10,2013-09-11,29.3644,30.8326,1.23,1.51,1.67,0.05,0.047,take_profit,False,1,1,158970.84,7471.63,2013
WOCKPHARMA,2013-09-11,2013-09-12,585.9844,556.6852,2.91,3.54,3.36,-0.05,-0.053,stopped_out,True,1,1,135029.83,-7156.58,2013
JKPAPER,2013-09-12,2013-09-13,22.2388,23.3508,3.54,4.73,6.76,0.05,0.047,take_profit,False,1,1,161034.06,7568.6,2013
EIHOTEL,2013-09-12,2013-09-24,53.3833,49.8269,0.69,1.97,3.21,-0.066621,-0.069621,stopped_out_gap,False,12,8,128827.25,-8969.08,2013
NHPC,2013-09-13,2013-09-16,10.4841,11.0292,4.77,2.55,3.86,0.051998,0.048998,take_profit_gap,False,3,1,160869.59,7882.29,2013
DEEPAKFERT,2013-09-13,2013-09-26,77.2236,81.4051,0.76,2.56,3.38,0.054148,0.051148,take_profit_gap,False,13,9,128695.67,6582.53,2013
TVSMOTOR,2013-09-16,2013-09-26,30.9766,32.5254,2.37,2.88,4.32,0.05,0.047,take_profit,False,10,8,136706.91,6425.22,2013
LTF,2013-09-18,2013-09-30,56.2309,53.4194,2.42,1.71,3.57,-0.05,-0.053,stopped_out,True,12,8,144143.6,-7639.61,2013
RAMCOCEM,2013-09-20,2013-09-30,176.3134,167.4977,3.25,1.56,7.24,-0.05,-0.053,stopped_out,True,10,6,146333.81,-7755.69,2013
JUBLFOOD,2013-09-24,2013-10-07,112.7159,118.3517,1.84,1.94,3.21,0.05,0.047,take_profit,False,13,8,141038.68,6628.82,2013
GESHIP,2013-09-26,2013-09-27,199.4273,189.456,1.98,6.06,8.56,-0.05,-0.053,stopped_out,True,1,1,168513.02,-8931.19,2013
GESHIP,2013-09-26,2013-09-27,199.4273,189.456,1.17,6.06,8.56,-0.05,-0.053,stopped_out,True,1,1,134810.41,-7144.95,2013
ALLCARGO,2013-09-27,2013-09-30,10.2006,10.7107,8.46,10.94,9.07,0.05,0.047,take_profit,False,3,1,165297.79,7769.0,2013
KANSAINER,2013-09-27,2013-10-08,73.6497,69.9672,7.37,3.57,9.06,-0.05,-0.053,stopped_out,True,11,6,132238.23,-7008.63,2013
MARKSANS,2013-09-30,2013-10-01,8.5215,9.1417,10.23,1.55,6.02,0.07279,0.06979,take_profit_gap,False,1,1,195420.36,13638.39,2013
BRITANNIA,2013-09-30,2013-10-01,353.1439,370.8011,4.64,2.39,5.7,0.05,0.047,take_profit,False,1,1,156336.29,7347.81,2013
SRF,2013-09-30,2013-10-11,29.4362,30.908,1.81,3.2,4.22,0.05,0.047,take_profit,False,11,8,125069.03,5878.24,2013
CEATLTD,2013-10-01,2013-10-03,113.8399,119.5319,4.74,3.31,4.64,0.05,0.047,take_profit,False,2,1,174603.79,8206.38,2013
TVSMOTOR,2013-10-01,2013-10-04,36.7962,38.636,3.49,4.89,6.92,0.05,0.047,take_profit,False,3,2,139683.04,6565.1,2013
TATACONSUM,2013-10-03,2013-10-11,134.7296,141.4661,3.1,2.4,2.78,0.05,0.047,take_profit,False,8,6,148308.46,6970.5,2013
JUSTDIAL,2013-10-04,2013-10-07,1026.2245,974.9133,4.3,10.1,18.65,-0.05,-0.053,stopped_out,True,3,1,147896.4,-7838.51,2013
PGEL,2013-10-07,2013-10-08,15.5059,16.6689,4.64,3.22,14.04,0.075004,0.072004,take_profit_gap,False,1,1,175862.2,12662.78,2013
GRANULES,2013-10-07,2013-10-09,14.3726,15.0912,2.63,1.62,3.99,0.05,0.047,take_profit,False,2,2,140689.76,6612.42,2013
HCC,2013-10-08,2013-10-09,10.0532,10.5559,4.91,1.9,6.67,0.05,0.047,take_profit,False,1,1,175302.72,8239.23,2013
CCL,2013-10-08,2013-10-09,23.944,25.1412,0.55,3.62,5.36,0.05,0.047,take_profit,False,1,1,140242.18,6591.38,2013
BRIGADE,2013-10-09,2013-10-15,36.2908,34.4762,2.43,6.7,6.52,-0.05,-0.053,stopped_out,True,6,4,207729.28,-11009.65,2013
ADANIPOWER,2013-10-09,2013-10-21,7.0035,7.3537,0.59,4.59,3.7,0.05,0.047,take_profit,False,12,7,166183.42,7810.62,2013
KRBL,2013-10-09,2013-10-14,24.0971,25.302,1.85,5.26,4.04,0.05,0.047,take_profit,False,5,3,132946.74,6248.5,2013
NCC,2013-10-11,2013-10-17,11.8251,12.4164,3.42,4.35,7.6,0.05,0.047,take_profit,False,6,3,130882.11,6151.46,2013
ADANIPORTS,2013-10-11,2013-10-21,141.565,148.6433,1.6,3.28,4.37,0.05,0.047,take_profit,False,10,5,163602.64,7689.32,2013
CGCL,2013-10-14,2013-10-25,24.0794,22.4031,1.02,11.15,3.91,-0.069615,-0.072615,stopped_out_gap,False,11,8,132544.74,-9624.74,2013
PCBL,2013-10-15,2013-10-17,2.8173,2.9582,4.84,3.76,8.51,0.05,0.047,take_profit,False,2,1,145379.71,6832.85,2013
MCX,2013-10-17,2013-10-22,87.9718,83.5732,1.65,1.97,3.05,-0.05,-0.053,stopped_out,True,5,3,174153.0,-9230.11,2013
NESTLEIND,2013-10-17,2013-10-31,236.197,241.5079,2.25,2.76,3.07,0.022485,0.019485,time_exit,False,14,10,139322.4,2714.7,2013
ADANIENT,2013-10-21,2013-10-24,28.0318,29.4334,2.77,3.66,12.53,0.05,0.047,take_profit,False,3,3,180515.12,8484.21,2013
ACE,2013-10-21,2013-10-23,13.1639,12.5057,2.89,3.58,13.06,-0.05,-0.053,stopped_out,True,2,2,144412.1,-7653.84,2013
CEATLTD,2013-10-22,2013-10-23,137.5547,144.4324,0.76,1.5,6.33,0.05,0.047,take_profit,False,1,1,148514.25,6980.17,2013
BANKBARODA,2013-10-23,2013-10-31,98.6883,103.6228,3.57,1.58,4.71,0.05,0.047,take_profit,False,8,6,141809.55,6665.05,2013
DCMSHRIRAM,2013-10-23,2013-10-29,54.41,49.5249,0.75,2.97,3.32,-0.089783,-0.092783,stopped_out_gap,False,6,4,177261.94,-16446.89,2013
JWL,2013-10-24,2013-10-29,11.4229,10.4192,3.04,1.89,4.55,-0.087869,-0.090869,stopped_out_gap,False,5,3,151247.51,-13743.71,2013
SHAKTIPUMP,2013-10-25,2013-10-29,9.0641,8.6109,5.66,11.69,10.45,-0.05,-0.053,stopped_out,True,4,2,145582.01,-7715.85,2013
GODREJCP,2013-10-29,2013-11-13,258.3253,257.1742,1.3,2.96,2.37,-0.004456,-0.007456,time_exit,False,15,10,203702.6,-1518.81,2013
KOTAKBANK,2013-10-29,2013-11-13,72.7512,71.2112,2.36,1.69,3.83,-0.021169,-0.024169,time_exit,False,15,10,162962.08,-3938.63,2013
BHARATFORG,2013-10-29,2013-10-31,132.132,138.7386,1.43,1.92,2.9,0.05,0.047,take_profit,False,2,2,130369.67,6127.37,2013
CENTRALBK,2013-10-31,2013-11-01,53.2517,55.9143,2.38,6.51,2.92,0.05,0.047,take_profit,False,1,1,121406.39,5706.1,2013
BANKINDIA,2013-10-31,2013-11-01,175.9488,184.7463,12.74,7.3,20.81,0.05,0.047,take_profit,False,1,1,189697.48,8915.78,2013
JISLJALEQS,2013-10-31,2013-11-06,61.4297,64.8999,1.49,1.75,6.19,0.056492,0.053492,take_profit_gap,False,6,3,151757.98,8117.84,2013
SUNDRMFAST,2013-11-01,2013-11-05,35.5107,37.8811,12.45,11.65,10.19,0.06675,0.06375,take_profit_gap,False,4,1,129816.21,8275.78,2013
KEC,2013-11-01,2013-11-06,36.5675,38.3958,6.02,2.2,9.03,0.05,0.047,take_profit,False,5,2,162270.26,7626.7,2013
TORNTPOWER,2013-11-05,2013-11-06,75.2297,78.9911,10.49,4.2,15.24,0.05,0.047,take_profit,False,1,1,131471.36,6179.15,2013
BSOFT,2013-11-06,2013-11-21,75.8073,72.4191,1.64,2.25,3.1,-0.044695,-0.047695,time_exit,False,15,10,198661.75,-9475.17,2013
DCAL,2013-11-06,2013-11-07,38.9705,40.919,1.87,2.0,3.68,0.05,0.047,take_profit,False,1,1,158929.4,7469.68,2013
FSL,2013-11-06,2013-11-07,18.1067,17.2013,3.9,1.58,3.86,-0.05,-0.053,stopped_out,True,1,1,127143.52,-6738.61,2013
SAIL,2013-11-07,2013-11-13,51.4688,48.8953,1.37,1.94,2.34,-0.05,-0.053,stopped_out,True,6,4,159075.62,-8431.01,2013
TATASTEEL,2013-11-07,2013-11-11,24.2273,25.4387,1.11,1.54,4.08,0.05,0.047,take_profit,False,4,2,127260.49,5981.24,2013
TATACOMM,2013-11-11,2013-11-12,149.6938,142.2092,1.61,2.35,10.99,-0.05,-0.053,stopped_out,True,1,1,128456.74,-6808.21,2013
NATCOPHARM,2013-11-12,2013-11-14,135.4509,142.2234,3.84,4.25,5.33,0.05,0.047,take_profit,False,2,2,127095.1,5973.47,2013
M&M,2013-11-13,2013-11-18,400.4692,420.4927,2.49,1.76,2.21,0.05,0.047,take_profit,False,5,2,163237.16,7672.15,2013
ARVIND,2013-11-13,2013-11-19,37.396,39.2658,1.36,2.06,6.84,0.05,0.047,take_profit,False,6,3,204046.45,9590.18,2013
MFSL,2013-11-14,2013-11-20,194.3209,204.0369,3.74,2.85,5.55,0.05,0.047,take_profit,False,6,3,157203.44,7388.56,2013
IDEA,2013-11-14,2013-11-29,101.6381,106.72,2.06,2.03,1.97,0.05,0.047,take_profit,False,15,10,125762.76,5910.85,2013
FINPIPE,2013-11-18,2013-11-27,23.7724,24.961,2.05,1.63,3.03,0.05,0.047,take_profit,False,9,7,134792.07,6335.23,2013
JINDALSTEL,2013-11-19,2013-12-02,250.611,263.1416,1.35,2.58,4.16,0.05,0.047,take_profit,False,13,9,150560.98,7076.37,2013
CEATLTD,2013-11-20,2013-11-27,228.4762,239.9,6.35,1.69,8.17,0.05,0.047,take_profit,False,7,5,153367.19,7208.26,2013
PERSISTENT,2013-11-21,2013-11-25,182.8869,192.0313,2.61,3.08,2.89,0.05,0.047,take_profit,False,4,2,160531.06,7544.96,2013
TRIDENT,2013-11-25,2013-11-26,1.1117,1.1673,8.33,2.4,9.09,0.05,0.047,take_profit,False,1,1,162040.06,7615.88,2013
TATAELXSI,2013-11-26,2013-11-28,114.1311,120.5677,0.86,2.81,2.85,0.056397,0.053397,take_profit_gap,False,2,2,163563.23,8733.79,2013
MOTHERSON,2013-11-27,2013-12-10,13.4872,12.8128,3.36,2.53,6.68,-0.05,-0.053,stopped_out,True,13,9,152952.91,-8106.5,2013
MOTHERSON,2013-11-27,2013-12-10,13.4872,12.8128,2.49,2.53,6.68,-0.05,-0.053,stopped_out,True,13,9,191191.13,-10133.13,2013
GVT&D,2013-11-28,2013-11-29,168.1943,176.604,1.52,3.05,1.96,0.05,0.047,take_profit,False,1,1,156821.73,7370.62,2013
GESHIP,2013-11-29,2013-12-13,199.8967,193.7357,1.01,2.72,4.25,-0.030821,-0.033821,time_exit,False,14,10,184630.57,-6244.39,2013
FDC,2013-11-29,2013-12-02,98.8202,103.7612,4.87,3.76,3.84,0.05,0.047,take_profit,False,3,1,147704.46,6942.11,2013
CUMMINSIND,2013-12-02,2013-12-13,358.7578,340.8199,0.52,2.19,4.02,-0.05,-0.053,stopped_out,True,11,9,180620.35,-9572.88,2013
GOKEX,2013-12-02,2013-12-04,64.4479,69.7737,1.94,1.88,3.86,0.082638,0.079638,take_profit_gap,False,2,2,144496.28,11507.39,2013
NCC,2013-12-04,2013-12-05,14.7612,15.4992,2.92,2.03,5.38,0.05,0.047,take_profit,False,1,1,146797.76,6899.49,2013
HINDPETRO,2013-12-05,2013-12-09,19.3,20.265,1.97,1.93,4.39,0.05,0.047,take_profit,False,4,2,148177.66,6964.35,2013
SPARC,2013-12-09,2013-12-13,174.7489,166.0115,0.71,2.11,5.87,-0.05,-0.053,stopped_out,True,4,4,149570.53,-7927.24,2013
TCS,2013-12-10,2013-12-24,784.9692,794.708,0.63,1.92,4.14,0.012407,0.009407,time_exit,False,14,10,184837.3,1738.76,2013
PRICOLLTD,2013-12-10,2013-12-11,20.3725,21.3912,0.89,4.1,8.33,0.05,0.047,take_profit,False,1,1,147869.84,6949.88,2013
CANFINHOME,2013-12-11,2013-12-19,25.56,26.838,0.75,1.79,1.96,0.05,0.047,take_profit,False,8,6,149259.82,7015.21,2013
ASTRAL,2013-12-13,2013-12-17,60.8264,63.8678,1.18,2.31,2.43,0.05,0.047,take_profit,False,4,2,217623.24,10228.29,2013
INDHOTEL,2013-12-16,2013-12-17,50.5078,53.0332,5.57,2.86,5.9,0.05,0.047,take_profit,False,1,1,174098.6,8182.63,2013
BSOFT,2013-12-16,2013-12-18,78.9966,82.9464,1.73,2.71,4.98,0.05,0.047,take_profit,False,2,2,139278.88,6546.11,2013
TRENT,2013-12-17,2013-12-18,102.5615,109.0829,9.97,2.34,7.6,0.063585,0.060585,take_profit_gap,False,1,1,193449.65,11720.15,2013
WHIRLPOOL,2013-12-17,2014-01-01,207.7753,204.9858,0.87,1.63,5.89,-0.013425,-0.016425,time_exit,False,15,10,154759.72,-2541.93,2014
APLLTD,2013-12-18,2014-01-02,189.1046,184.912,2.33,5.22,4.17,-0.022171,-0.025171,time_exit,False,15,10,155205.39,-3906.67,2014
APLLTD,2013-12-18,2014-01-02,189.1046,184.912,2.77,5.22,4.17,-0.022171,-0.025171,time_exit,False,15,10,194006.74,-4883.34,2014
WELCORP,2013-12-19,2013-12-20,37.0731,38.9268,2.86,5.87,17.6,0.05,0.047,take_profit,False,1,1,155419.32,7304.71,2013
JUSTDIAL,2013-12-20,2013-12-27,1320.3003,1386.3153,2.76,2.05,4.37,0.05,0.047,take_profit,False,7,4,156880.26,7373.37,2013
IFCI,2013-12-24,2014-01-02,22.899,24.044,1.39,1.61,2.23,0.05,0.047,take_profit,False,9,6,162819.42,7652.51,2014
TATAELXSI,2013-12-27,2013-12-30,171.9047,180.4999,2.81,2.67,6.29,0.05,0.047,take_profit,False,3,1,163106.26,7665.99,2013
TITAGARH,2013-12-30,2014-01-02,21.7368,22.8236,2.66,4.41,5.62,0.05,0.047,take_profit,False,3,3,164639.46,7738.05,2014
USHAMART,2014-01-01,2014-01-03,31.0664,29.5131,2.32,3.86,6.95,-0.05,-0.053,stopped_out,True,2,2,162155.13,-8594.22,2014
ALLCARGO,2014-01-02,2014-01-03,12.8677,13.5111,3.99,8.46,6.83,0.05,0.047,take_profit,False,1,1,136385.75,6410.13,2014
RELAXO,2014-01-02,2014-01-03,58.2877,61.2021,2.07,5.13,2.44,0.05,0.047,take_profit,False,1,1,170482.19,8012.66,2014
ASHOKLEY,2014-01-02,2014-01-03,7.3578,7.7257,1.69,2.5,2.31,0.05,0.047,take_profit,False,1,1,213102.73,10015.83,2014
ARVIND,2014-01-02,2014-01-06,44.6065,46.8368,0.58,6.21,3.92,0.05,0.047,take_profit,False,4,2,266378.41,12519.79,2014
SONATSOFTW,2014-01-03,2014-01-07,11.2865,10.7222,4.8,3.59,13.97,-0.05,-0.053,stopped_out,True,4,2,248702.64,-13181.24,2014
TTML,2014-01-03,2014-01-06,7.9937,7.594,0.65,6.49,1.83,-0.05,-0.053,stopped_out,True,3,1,198962.11,-10544.99,2014
FINCABLES,2014-01-03,2014-01-08,80.5231,76.497,3.23,2.61,6.02,-0.05,-0.053,stopped_out,True,5,3,159169.69,-8435.99,2014
MCX,2014-01-03,2014-01-06,99.4553,104.428,8.41,4.73,18.16,0.05,0.047,take_profit,False,3,1,127335.75,5984.78,2014
HAVELLS,2014-01-06,2014-01-14,149.5681,142.0897,1.4,2.11,1.87,-0.05,-0.053,stopped_out,True,8,6,221995.77,-11765.78,2014
HFCL,2014-01-06,2014-01-07,9.6819,10.166,3.55,3.46,7.07,0.05,0.047,take_profit,False,1,1,177596.62,8347.04,2014
VIPIND,2014-01-06,2014-01-09,64.229,61.0175,0.98,2.65,4.63,-0.05,-0.053,stopped_out,True,3,3,142077.29,-7530.1,2014
TANLA,2014-01-07,2014-01-09,4.61,4.9246,5.94,2.42,4.12,0.068238,0.065238,take_profit_gap,False,2,2,158363.88,10331.34,2014
FSL,2014-01-07,2014-01-10,19.0972,20.052,2.9,2.9,4.33,0.05,0.047,take_profit,False,3,3,197954.84,9303.88,2014
APLLTD,2014-01-08,2014-01-09,202.1842,212.2934,4.84,4.01,7.52,0.05,0.047,take_profit,False,1,1,156837.84,7371.38,2014
AARTIDRUGS,2014-01-09,2014-01-16,25.9003,24.6053,1.16,4.97,2.24,-0.05,-0.053,stopped_out,True,7,5,218960.6,-11604.91,2014
DRREDDY,2014-01-09,2014-01-23,478.1497,492.8685,0.86,2.13,1.81,0.030783,0.027783,time_exit,False,14,10,175168.48,4866.71,2014
DRREDDY,2014-01-09,2014-01-23,478.1497,492.8685,0.68,2.13,1.81,0.030783,0.027783,time_exit,False,14,10,140134.78,3893.36,2014
MANAPPURAM,2014-01-10,2014-01-13,14.7896,15.5291,12.12,9.22,9.35,0.05,0.047,take_profit,False,3,1,153559.57,7217.3,2014
INFY,2014-01-13,2014-01-27,334.3029,340.0922,1.79,1.75,2.32,0.017318,0.014318,time_exit,False,14,10,155003.03,2219.33,2014
TTML,2014-01-14,2014-01-17,7.515,7.1393,1.91,1.52,5.37,-0.05,-0.053,stopped_out,True,3,3,166048.42,-8800.57,2014
JAMNAAUTO,2014-01-16,2014-01-21,5.8014,5.5113,1.21,4.68,6.21,-0.05,-0.053,stopped_out,True,5,3,174309.88,-9238.42,2014
HINDPETRO,2014-01-17,2014-01-31,20.4577,21.0802,1.08,1.73,4.32,0.03043,0.02743,time_exit,False,14,10,170897.47,4687.72,2014
BIOCON,2014-01-21,2014-01-23,76.7403,72.9033,3.35,1.91,5.64,-0.05,-0.053,stopped_out,True,2,2,169732.27,-8995.81,2014
RADICO,2014-01-23,2014-01-27,155.8127,148.022,1.52,2.97,1.86,-0.05,-0.053,stopped_out,True,4,2,232745.77,-12335.53,2014
HIKAL,2014-01-24,2014-01-27,66.0623,62.7591,5.09,12.22,14.77,-0.05,-0.053,stopped_out,True,3,1,186196.62,-9868.42,2014
VMART,2014-01-24,2014-02-03,63.1065,59.8412,1.59,5.08,4.06,-0.051743,-0.054743,stopped_out_gap,False,10,6,148957.29,-8154.37,2014
GLENMARK,2014-01-27,2014-01-29,513.7971,539.4869,4.92,4.12,4.3,0.05,0.047,take_profit,False,2,2,229958.0,10808.03,2014
GLENMARK,2014-01-28,2014-02-11,533.02,528.9434,1.03,2.63,2.91,-0.007648,-0.010648,time_exit,False,14,10,183966.4,-1958.87,2014
AARTIDRUGS,2014-01-28,2014-01-29,25.7739,27.0626,0.89,2.06,2.47,0.05,0.047,take_profit,False,1,1,147173.12,6917.14,2014
BPCL,2014-01-29,2014-02-12,29.8654,30.6636,0.66,1.59,2.71,0.026727,0.023727,time_exit,False,14,10,157367.8,3733.87,2014
IOC,2014-01-29,2014-02-03,19.6961,20.6809,2.55,1.6,5.18,0.05,0.047,take_profit,False,5,3,196709.75,9245.36,2014
GAIL,2014-01-31,2014-02-14,43.8606,44.6808,1.02,1.57,1.59,0.018701,0.015701,time_exit,False,14,10,161011.28,2528.04,2014
CHOLAHLDNG,2014-02-03,2014-02-06,113.4367,107.7649,1.16,2.78,5.81,-0.05,-0.053,stopped_out,True,3,3,198160.63,-10502.51,2014
LUPIN,2014-02-03,2014-02-17,862.6741,857.6273,1.64,4.28,4.51,-0.00585,-0.00885,time_exit,False,14,10,158528.5,-1402.98,2014
AVANTIFEED,2014-02-06,2014-02-07,16.1042,16.9094,4.71,8.53,5.75,0.05,0.047,take_profit,False,1,1,164354.43,7724.66,2014
DEEPAKNTR,2014-02-07,2014-02-10,29.5495,31.027,5.9,1.82,5.54,0.05,0.047,take_profit,False,3,1,165899.36,7797.27,2014
APOLLOTYRE,2014-02-10,2014-02-20,100.0992,105.1042,0.98,1.55,1.64,0.05,0.047,take_profit,False,10,8,167458.81,7870.56,2014
V2RETAIL,2014-02-11,2014-02-13,7.1536,7.8461,7.69,2.35,2.14,0.096805,0.093805,take_profit_gap,False,2,2,170368.55,15981.42,2014
WABAG,2014-02-12,2014-02-14,299.8542,284.8615,2.75,2.59,4.69,-0.05,-0.053,stopped_out,True,2,2,168515.18,-8931.3,2014
TATAELXSI,2014-02-13,2014-02-14,180.3573,189.3751,3.29,2.12,5.06,0.05,0.047,take_profit,False,1,1,172082.14,8087.86,2014
TATAELXSI,2014-02-14,2014-02-18,193.8203,203.5113,6.16,3.84,6.83,0.05,0.047,take_profit,False,4,2,238324.35,11201.24,2014
ZENSARTECH,2014-02-14,2014-02-19,64.4336,67.6553,0.52,1.81,3.06,0.05,0.047,take_profit,False,5,3,190659.48,8961.0,2014
SUNFLAG,2014-02-14,2014-02-17,19.1293,20.3712,3.3,2.37,4.23,0.064924,0.061924,take_profit_gap,False,3,1,152527.58,9445.12,2014
ALLCARGO,2014-02-17,2014-02-21,14.3271,15.0435,1.82,6.23,2.92,0.05,0.047,take_profit,False,4,4,185841.71,8734.56,2014
SHILPAMED,2014-02-17,2014-02-25,85.7731,90.1715,1.7,1.87,2.55,0.051279,0.048279,take_profit_gap,False,8,6,148673.37,7177.8,2014
GPPL,2014-02-18,2014-02-21,45.3173,43.0514,7.5,10.46,10.56,-0.05,-0.053,stopped_out,True,3,3,168843.81,-8948.72,2014
RENUKA,2014-02-19,2014-02-20,21.6608,22.7439,0.98,2.98,5.61,0.05,0.047,take_profit,False,1,1,174999.14,8224.96,2014
APOLLOTYRE,2014-02-20,2014-02-28,105.6769,110.9607,2.98,1.99,4.33,0.05,0.047,take_profit,False,8,5,169368.01,7960.3,2014
APLLTD,2014-02-20,2014-02-26,216.8934,227.738,2.03,2.46,5.64,0.05,0.047,take_profit,False,6,4,211710.01,9950.37,2014
INDIACEM,2014-02-21,2014-03-07,52.7626,55.4007,1.9,2.84,6.77,0.05,0.047,take_profit,False,14,9,206388.68,9700.27,2014
ULTRACEMCO,2014-02-21,2014-03-05,1717.0979,1802.9528,3.06,2.19,5.88,0.05,0.047,take_profit,False,12,7,165110.94,7760.21,2014
WOCKPHARMA,2014-02-25,2014-03-03,379.0923,398.0469,1.44,1.67,2.61,0.05,0.047,take_profit,False,6,3,163258.99,7673.17,2014
CESC,2014-02-26,2014-03-03,27.966,29.3643,0.7,2.22,1.73,0.05,0.047,take_profit,False,5,2,174939.27,8222.15,2014
BHARATFORG,2014-02-28,2014-03-05,175.5225,184.2986,0.52,1.5,1.53,0.05,0.047,take_profit,False,5,3,175417.08,8244.6,2014
SOBHA,2014-03-03,2014-03-10,282.5573,296.6852,4.26,5.87,9.76,0.05,0.047,take_profit,False,7,5,168921.9,7939.33,2014
JUBLPHARMA,2014-03-03,2014-03-04,90.4557,95.6965,5.24,2.13,9.03,0.057937,0.054937,take_profit_gap,False,1,1,211152.37,11600.08,2014
PETRONET,2014-03-04,2014-03-13,41.7927,43.8823,1.01,2.2,1.56,0.05,0.047,take_profit,False,9,7,179688.01,8445.34,2014
BANKBARODA,2014-03-05,2014-03-07,104.3091,109.5246,2.36,1.88,5.34,0.05,0.047,take_profit,False,2,2,172045.58,8086.14,2014
GRASIM,2014-03-05,2014-03-07,380.0817,399.0858,1.91,1.75,2.15,0.05,0.047,take_profit,False,2,2,215056.98,10107.68,2014
ICICIBANK,2014-03-07,2014-03-24,194.4598,200.7792,3.44,2.68,4.96,0.032497,0.029497,time_exit,False,17,10,261913.53,7725.66,2014
SIEMENS,2014-03-07,2014-03-18,345.3748,362.6436,0.89,2.08,1.65,0.05,0.047,take_profit,False,11,6,209530.82,9847.95,2014
TRITURBINE,2014-03-07,2014-03-10,57.6808,54.4117,2.49,2.78,1.78,-0.056676,-0.059676,stopped_out_gap,False,3,1,167624.66,-10003.17,2014
M&MFIN,2014-03-10,2014-03-20,142.9859,135.8366,1.24,1.8,5.25,-0.05,-0.053,stopped_out,True,10,7,200996.27,-10652.8,2014
BAJFINANCE,2014-03-10,2014-03-25,16.0142,15.8862,1.44,2.33,2.16,-0.00799,-0.01099,time_exit,False,15,10,160797.02,-1767.16,2014
APLLTD,2014-03-13,2014-03-14,232.5713,244.1999,0.98,2.14,1.56,0.05,0.047,take_profit,False,1,1,166264.28,7814.42,2014
REFEX,2014-03-14,2014-03-19,1.3224,1.3971,2.16,2.52,6.92,0.056497,0.053497,take_profit_gap,False,5,2,167827.17,8978.25,2014
SHRIRAMFIN,2014-03-18,2014-03-19,109.1762,114.6351,1.88,2.48,3.98,0.05,0.047,take_profit,False,1,1,178137.49,8372.46,2014
KSB,2014-03-19,2014-03-21,56.0395,58.8415,4.66,7.83,7.84,0.05,0.047,take_profit,False,2,2,215173.06,10113.13,2014
AKZOINDIA,2014-03-19,2014-03-21,570.2965,598.8113,2.09,2.33,3.93,0.05,0.047,take_profit,False,2,2,172138.45,8090.51,2014
PRAJIND,2014-03-20,2014-03-25,37.5118,39.3874,2.5,2.07,3.6,0.05,0.047,take_profit,False,5,3,175779.45,8261.63,2014
GLENMARK,2014-03-21,2014-04-04,544.7169,561.0775,1.93,1.6,3.28,0.030035,0.027035,time_exit,False,14,10,221726.59,5994.38,2014
APOLLOTYRE,2014-03-21,2014-03-25,122.2394,128.3514,3.9,1.51,4.02,0.05,0.047,take_profit,False,4,2,177381.28,8336.92,2014
ASAHIINDIA,2014-03-24,2014-04-07,56.5728,59.4014,3.07,4.29,6.83,0.05,0.047,take_profit,False,14,10,195832.86,9204.14,2014
ARVIND,2014-03-25,2014-03-26,48.1269,50.5332,3.59,1.87,5.3,0.05,0.047,take_profit,False,1,1,209939.29,9867.15,2014
VIPIND,2014-03-25,2014-03-26,83.1608,87.3188,9.14,5.58,18.32,0.05,0.047,take_profit,False,1,1,167951.43,7893.72,2014
GABRIEL,2014-03-25,2014-03-26,25.3023,26.5674,1.56,1.75,2.86,0.05,0.047,take_profit,False,1,1,262424.12,12333.93,2014
SAIL,2014-03-26,2014-03-31,51.589,54.1684,1.58,1.84,4.88,0.05,0.047,take_profit,False,5,3,214754.46,10093.46,2014
SHILPAMED,2014-03-26,2014-03-28,93.5729,98.2515,2.25,3.91,1.77,0.05,0.047,take_profit,False,2,2,171803.57,8074.77,2014
PIDILITIND,2014-03-26,2014-04-03,141.1224,148.1785,3.46,1.92,4.0,0.05,0.047,take_profit,False,8,6,268443.08,12616.82,2014
CGCL,2014-03-28,2014-03-31,23.444,24.6162,5.18,8.75,7.22,0.05,0.047,take_profit,False,3,1,173418.52,8150.67,2014
SUDARSCHEM,2014-03-31,2014-04-02,43.3859,46.4108,3.98,1.89,1.87,0.069721,0.066721,take_profit_gap,False,2,2,176014.59,11743.87,2014
HINDALCO,2014-03-31,2014-04-02,130.4957,123.9709,3.51,2.41,7.39,-0.05,-0.053,stopped_out,True,2,2,220018.24,-11660.97,2014
NBCC,2014-04-02,2014-04-03,6.7157,7.0515,1.56,1.82,7.84,0.05,0.047,take_profit,False,1,1,220034.82,10341.64,2014
JWL,2014-04-02,2014-04-04,12.4658,11.6595,1.99,2.24,8.19,-0.064681,-0.067681,stopped_out_gap,False,2,2,176027.86,-11913.74,2014
UPL,2014-04-03,2014-04-10,118.8951,124.8398,2.94,2.58,3.53,0.05,0.047,take_profit,False,7,4,243109.56,11426.15,2014
NLCINDIA,2014-04-03,2014-04-04,36.7508,38.5884,1.59,2.76,2.06,0.05,0.047,take_profit,False,1,1,194487.64,9140.92,2014
PATELENG,2014-04-04,2014-04-07,46.0772,48.381,3.31,5.96,6.92,0.05,0.047,take_profit,False,3,1,274682.85,12910.09,2014
IRB,2014-04-04,2014-04-10,9.6274,10.1088,1.07,1.51,4.7,0.05,0.047,take_profit,False,6,3,219746.28,10328.08,2014
GABRIEL,2014-04-04,2014-04-09,28.4211,29.8422,3.71,2.77,5.37,0.05,0.047,take_profit,False,5,2,175797.02,8262.46,2014
GPIL,2014-04-07,2014-04-09,20.7382,21.7752,0.94,1.71,3.78,0.05,0.047,take_profit,False,2,1,239163.61,11240.69,2014
SARDAEN,2014-04-07,2014-04-15,11.1549,10.5972,6.59,9.88,11.58,-0.05,-0.053,stopped_out,True,8,4,191330.88,-10140.54,2014
AVANTIFEED,2014-04-09,2014-04-11,35.6332,37.7733,1.02,3.68,6.0,0.060059,0.057059,take_profit_gap,False,2,2,239957.46,13691.73,2014
WELCORP,2014-04-09,2014-04-11,67.7152,64.3294,3.1,5.11,12.11,-0.05,-0.053,stopped_out,True,2,2,191965.97,-10174.2,2014
RTNPOWER,2014-04-10,2014-04-16,8.9545,8.5068,1.12,3.11,6.55,-0.05,-0.053,stopped_out,True,6,3,250494.79,-13276.22,2014
KNRCON,2014-04-10,2014-04-16,10.1815,9.6724,2.41,3.29,1.86,-0.05,-0.053,stopped_out,True,6,3,200395.83,-10620.98,2014
CANFINHOME,2014-04-11,2014-04-15,38.8111,40.7517,1.11,2.67,2.51,0.05,0.047,take_profit,False,4,1,247404.86,11628.03,2014
AURIONPRO,2014-04-11,2014-04-17,74.9557,71.2079,3.98,1.77,2.04,-0.05,-0.053,stopped_out,True,6,3,197923.89,-10489.97,2014
RAMCOCEM,2014-04-15,2014-04-25,212.1494,201.542,1.89,2.25,1.83,-0.05,-0.053,stopped_out,True,10,7,197107.01,-10446.67,2014
KSB,2014-04-15,2014-04-28,64.1078,60.9024,2.85,2.74,7.47,-0.05,-0.053,stopped_out,True,13,8,246383.76,-13058.34,2014
FORTIS,2014-04-16,2014-04-17,99.3242,104.2904,2.55,2.72,3.42,0.05,0.047,take_profit,False,1,1,243084.29,11424.96,2014
IMFA,2014-04-16,2014-04-17,107.5974,112.9773,1.78,2.48,3.38,0.05,0.047,take_profit,False,1,1,194467.43,9139.97,2014
HERITGFOOD,2014-04-17,2014-04-21,65.5736,68.8522,6.57,2.07,7.73,0.05,0.047,take_profit,False,4,1,284684.06,13380.15,2014
BERGEPAINT,2014-04-17,2014-05-05,68.3001,66.4117,1.68,2.01,2.31,-0.027648,-0.030648,time_exit,False,18,10,227747.25,-6980.0,2014
TATACONSUM,2014-04-17,2014-04-30,136.6828,129.8487,1.02,1.89,4.27,-0.05,-0.053,stopped_out,True,13,8,182197.8,-9656.48,2014
CANFINHOME,2014-04-21,2014-05-06,41.2379,39.5221,1.52,3.82,3.54,-0.041606,-0.044606,time_exit,False,15,10,205371.08,-9160.78,2014
BAJAJELEC,2014-04-25,2014-04-30,263.2355,250.0737,6.43,4.66,8.0,-0.05,-0.053,stopped_out,True,5,3,201628.93,-10686.33,2014
SAMMAANCAP,2014-04-28,2014-04-29,178.8212,187.7623,6.1,2.69,10.53,0.05,0.047,take_profit,False,1,1,207968.23,9774.51,2014
TVSMOTOR,2014-04-29,2014-04-30,85.7596,90.0476,6.23,6.37,4.47,0.05,0.047,take_profit,False,1,1,209923.13,9866.39,2014
DEEPAKFERT,2014-04-30,2014-05-05,99.8587,104.8517,1.7,2.74,1.93,0.05,0.047,take_profit,False,5,2,284593.19,13375.88,2014
IOB,2014-04-30,2014-05-06,61.4934,58.4188,4.77,11.93,8.13,-0.05,-0.053,stopped_out,True,6,3,227674.55,-12066.75,2014
BALKRISIND,2014-04-30,2014-05-06,233.7839,245.4731,1.89,2.66,5.2,0.05,0.047,take_profit,False,6,3,182139.64,8560.56,2014
MARICO,2014-05-05,2014-05-08,96.2985,101.1135,1.48,2.91,3.85,0.05,0.047,take_profit,False,3,3,249458.98,11724.57,2014
AARTIIND,2014-05-05,2014-05-06,33.1582,34.8161,1.71,4.04,4.43,0.05,0.047,take_profit,False,1,1,199567.18,9379.66,2014
SUDARSCHEM,2014-05-06,2014-05-12,53.6323,49.9346,2.25,2.45,9.37,-0.068946,-0.071946,stopped_out_gap,False,6,4,257557.42,-18530.23,2014
DEEPAKFERT,2014-05-06,2014-05-07,107.6301,102.2486,1.59,2.55,3.18,-0.05,-0.053,stopped_out,True,1,1,206045.93,-10920.43,2014
GPPL,2014-05-06,2014-05-07,57.6007,60.4807,5.62,2.33,4.42,0.05,0.047,take_profit,False,1,1,321946.77,15131.5,2014
DEEPAKNTR,2014-05-06,2014-05-19,56.368,59.1864,1.39,5.12,7.73,0.05,0.047,take_profit,False,13,9,164836.75,7747.33,2014
TARIL,2014-05-07,2014-05-08,7.3931,7.0235,4.09,4.76,6.52,-0.05,-0.053,stopped_out,True,1,1,190648.12,-10104.35,2014
KAJARIACER,2014-05-07,2014-05-08,220.1225,231.1286,1.89,7.24,3.32,0.05,0.047,take_profit,False,1,1,238310.15,11200.58,2014
FINCABLES,2014-05-08,2014-05-09,124.9543,131.202,8.61,3.22,8.87,0.05,0.047,take_profit,False,1,1,290766.11,13666.01,2014
IIFL,2014-05-08,2014-05-09,38.2459,40.1582,3.34,1.52,5.59,0.05,0.047,take_profit,False,1,1,232612.89,10932.81,2014
BAJAJELEC,2014-05-08,2014-05-16,278.9098,264.9643,1.59,1.71,1.84,-0.05,-0.053,stopped_out,True,8,6,186090.31,-9862.79,2014
GSPL,2014-05-09,2014-05-12,64.5974,67.8273,0.68,2.47,3.9,0.05,0.047,take_profit,False,3,1,258467.81,12147.99,2014
MMTC,2014-05-09,2014-05-12,37.0365,38.8883,4.92,1.84,8.73,0.05,0.047,take_profit,False,3,1,206774.25,9718.39,2014
HINDPETRO,2014-05-12,2014-05-16,32.5223,34.1485,2.31,1.83,3.71,0.05,0.047,take_profit,False,4,4,310646.52,14600.39,2014
JISLJALEQS,2014-05-12,2014-05-15,82.549,78.4215,0.78,1.65,2.98,-0.05,-0.053,stopped_out,True,3,3,248517.22,-13171.41,2014
HINDPETRO,2014-05-12,2014-05-16,32.5223,34.1485,3.28,1.83,3.71,0.05,0.047,take_profit,False,4,4,198813.77,9344.25,2014
TATAPOWER,2014-05-15,2014-05-16,73.7888,77.4783,3.2,3.38,2.34,0.05,0.047,take_profit,False,1,1,206120.18,9687.65,2014
SHRIRAMFIN,2014-05-16,2014-05-19,141.9708,149.0693,4.94,2.64,3.24,0.05,0.047,take_profit,False,3,1,349984.2,16449.26,2014
OIL,2014-05-16,2014-05-19,105.0737,110.3274,1.76,1.98,2.17,0.05,0.047,take_profit,False,3,1,279987.36,13159.41,2014
ACE,2014-05-16,2014-05-19,22.0507,23.1532,4.53,2.33,1.98,0.05,0.047,take_profit,False,3,1,223989.89,10527.52,2014
JPPOWER,2014-05-16,2014-05-19,18.3091,19.2246,3.56,3.85,4.87,0.05,0.047,take_profit,False,3,1,179191.91,8422.02,2014
SAIL,2014-05-19,2014-05-20,70.1269,73.6332,0.52,1.75,7.81,0.05,0.047,take_profit,False,1,1,201836.88,9486.33,2014
SAIL,2014-05-19,2014-05-20,70.1269,73.6332,2.56,1.75,7.81,0.05,0.047,take_profit,False,1,1,252296.1,11857.92,2014
HSCL,2014-05-19,2014-05-20,21.0264,22.0777,3.26,2.88,7.25,0.05,0.047,take_profit,False,1,1,161469.5,7589.07,2014
HINDCOPPER,2014-05-19,2014-05-20,88.4475,92.8699,12.2,5.23,14.44,0.05,0.047,take_profit,False,1,1,394212.66,18527.99,2014
MOIL,2014-05-19,2014-05-21,103.6128,108.7934,7.12,5.26,10.26,0.05,0.047,take_profit,False,2,2,315370.12,14822.4,2014
CARBORUNIV,2014-05-20,2014-05-26,167.8837,159.4895,5.0,5.42,14.48,-0.05,-0.053,stopped_out,True,6,4,174403.02,-9243.36,2014
SJVN,2014-05-20,2014-05-21,13.3315,13.998,1.96,2.95,3.46,0.05,0.047,take_profit,False,1,1,218003.77,10246.18,2014
CHENNPETRO,2014-05-20,2014-05-21,77.6724,81.5561,6.99,2.79,6.49,0.05,0.047,take_profit,False,1,1,340630.89,16009.65,2014
JKLAKSHMI,2014-05-20,2014-05-21,159.4164,167.3872,7.28,4.34,2.04,0.05,0.047,take_profit,False,1,1,272504.71,12807.72,2014
MRPL,2014-05-21,2014-05-26,63.8368,60.6449,5.4,4.76,2.88,-0.05,-0.053,stopped_out,True,5,3,379601.5,-20118.88,2014
KEI,2014-05-21,2014-05-22,26.6784,28.0124,14.08,3.66,18.12,0.05,0.047,take_profit,False,1,1,303681.2,14273.02,2014
NAVA,2014-05-21,2014-05-22,44.299,46.514,13.23,5.93,18.44,0.05,0.047,take_profit,False,1,1,242944.96,11418.41,2014
HEG,2014-05-21,2014-05-26,39.9431,37.946,1.53,3.83,1.8,-0.05,-0.053,stopped_out,True,5,3,194355.97,-10300.87,2014
SUZLON,2014-05-22,2014-05-23,20.1649,21.2919,13.67,2.93,14.03,0.055891,0.052891,take_profit_gap,False,1,1,269948.3,14277.84,2014
BAJAJELEC,2014-05-22,2014-05-29,316.8472,301.0048,1.24,1.91,9.94,-0.05,-0.053,stopped_out,True,7,5,215958.64,-11445.81,2014
SBIN,2014-05-23,2014-05-27,244.1419,231.9348,3.3,3.18,9.27,-0.05,-0.053,stopped_out,True,4,2,229612.14,-12169.44,2014
GRASIM,2014-05-26,2014-05-29,440.7125,462.7481,0.68,2.25,1.72,0.05,0.047,take_profit,False,3,3,325429.19,15295.17,2014
VEDL,2014-05-26,2014-05-27,88.8448,84.4025,2.7,1.77,3.03,-0.05,-0.053,stopped_out,True,1,1,260343.35,-13798.2,2014
WABAG,2014-05-26,2014-05-27,507.5883,482.2088,1.9,1.81,7.04,-0.05,-0.053,stopped_out,True,1,1,208274.68,-11038.56,2014
BHARATFORG,2014-05-27,2014-06-02,229.1219,240.578,1.06,2.82,4.84,0.05,0.047,take_profit,False,6,4,298864.54,14046.63,2014
SONATSOFTW,2014-05-27,2014-05-28,12.8267,13.8957,16.7,7.31,10.58,0.083345,0.080345,take_profit_gap,False,1,1,239091.63,19209.82,2014
SONATSOFTW,2014-05-28,2014-05-29,14.4391,15.161,8.0,7.24,3.81,0.05,0.047,take_profit,False,1,1,242933.59,11417.88,2014
HFCL,2014-05-28,2014-05-29,14.9897,15.7392,8.85,2.49,8.16,0.05,0.047,take_profit,False,1,1,194346.87,9134.3,2014
TECHNOE,2014-05-29,2014-06-02,113.9179,120.8256,2.9,5.68,2.84,0.060638,0.057638,take_profit_gap,False,4,2,182318.83,10508.49,2014
NETWORK18,2014-05-29,2014-05-30,45.3727,51.974,5.62,5.21,5.47,0.145491,0.142491,take_profit_gap,False,1,1,227898.54,32473.49,2014
NAUKRI,2014-05-29,2014-06-09,140.2305,147.242,1.93,2.21,4.18,0.05,0.047,take_profit,False,11,7,284873.17,13389.04,2014
PERSISTENT,2014-05-29,2014-06-02,233.7132,222.0276,4.11,1.51,1.97,-0.05,-0.053,stopped_out,True,4,2,356091.47,-18872.85,2014
LUMAXTECH,2014-05-30,2014-06-03,22.1928,23.3025,0.79,2.14,5.67,0.05,0.047,take_profit,False,4,2,197929.47,9302.69,2014
MFSL,2014-06-02,2014-06-03,284.0295,298.231,9.26,3.39,10.08,0.05,0.047,take_profit,False,1,1,326935.0,15365.94,2014
GRAVITA,2014-06-02,2014-06-03,41.9236,44.0198,9.02,6.27,8.24,0.05,0.047,take_profit,False,1,1,261548.0,12292.76,2014
MINDACORP,2014-06-02,2014-06-04,22.0892,23.8476,1.46,1.57,4.95,0.079607,0.076607,take_profit_gap,False,2,2,209238.4,16029.13,2014
TATASTEEL,2014-06-03,2014-06-05,36.9085,38.7539,3.85,1.64,5.89,0.05,0.047,take_profit,False,2,2,332065.49,15607.08,2014
TATAELXSI,2014-06-03,2014-06-05,235.4949,247.2696,2.59,2.5,5.05,0.05,0.047,take_profit,False,2,2,265652.39,12485.66,2014
GABRIEL,2014-06-03,2014-06-05,42.434,40.3123,2.38,3.3,8.42,-0.05,-0.053,stopped_out,True,2,2,212521.91,-11263.66,2014
SUBROS,2014-06-04,2014-06-05,36.45,38.2725,4.07,3.18,6.5,0.05,0.047,take_profit,False,1,1,215071.04,10108.34,2014
RELINFRA,2014-06-05,2014-06-13,716.0152,680.2144,2.85,2.05,6.14,-0.05,-0.053,stopped_out,True,8,6,382506.48,-20272.84,2014
TRENT,2014-06-05,2014-06-09,106.9899,112.3394,2.25,2.74,3.85,0.05,0.047,take_profit,False,4,2,306005.18,14382.24,2014
GESHIP,2014-06-05,2014-06-19,256.0459,253.0731,0.66,3.73,1.51,-0.01161,-0.01461,time_exit,False,14,10,244804.15,-3576.59,2014
BATAINDIA,2014-06-05,2014-06-06,539.7801,566.7691,1.61,2.18,2.32,0.05,0.047,take_profit,False,1,1,195843.32,9204.64,2014
LUMAXTECH,2014-06-06,2014-06-09,27.8184,29.2093,8.76,5.04,3.33,0.05,0.047,take_profit,False,3,1,197684.24,9291.16,2014
CGCL,2014-06-09,2014-06-11,31.6666,33.25,8.32,6.22,6.71,0.05,0.047,take_profit,False,2,2,323272.4,15193.8,2014
IDEA,2014-06-09,2014-06-13,87.2671,82.9038,2.56,2.11,3.79,-0.05,-0.053,stopped_out,True,4,4,258617.92,-13706.75,2014
STLTECH,2014-06-09,2014-06-10,50.797,53.3369,7.59,1.64,6.26,0.05,0.047,take_profit,False,1,1,206894.34,9724.03,2014
TEXRAIL,2014-06-10,2014-06-11,105.1209,110.377,4.53,1.62,2.91,0.05,0.047,take_profit,False,1,1,208839.14,9815.44,2014
KPRMILL,2014-06-11,2014-06-12,19.2985,20.2634,4.37,3.55,5.69,0.05,0.047,take_profit,False,1,1,278495.47,13089.29,2014
INFY,2014-06-11,2014-06-25,295.2826,296.6409,0.99,1.64,2.85,0.0046,0.0016,time_exit,False,14,10,222796.38,356.47,2014
EDELWEISS,2014-06-12,2014-06-13,25.1217,26.3778,0.67,4.28,9.17,0.05,0.047,take_profit,False,1,1,236554.06,11118.04,2014
AJANTPHARM,2014-06-13,2014-06-18,341.361,324.2929,2.74,4.24,4.67,-0.05,-0.053,stopped_out,True,5,3,360206.62,-19090.95,2014
NATCOPHARM,2014-06-13,2014-06-17,163.0975,171.2524,3.15,2.64,3.14,0.05,0.047,take_profit,False,4,2,288165.3,13543.77,2014
MAHLIFE,2014-06-13,2014-06-16,154.6663,162.3996,6.67,6.89,6.13,0.05,0.047,take_profit,False,3,1,230532.24,10835.02,2014
WEBELSOLAR,2014-06-16,2014-06-18,2.056,2.2589,6.63,3.67,2.24,0.098657,0.095657,take_profit_gap,False,2,2,232699.24,22259.31,2014
CEATLTD,2014-06-17,2014-06-18,450.7139,473.2496,9.59,4.84,11.28,0.05,0.047,take_profit,False,1,1,246501.21,11585.56,2014
JKCEMENT,2014-06-18,2014-06-27,375.4176,356.6467,1.66,2.36,3.15,-0.05,-0.053,stopped_out,True,9,7,235541.23,-12483.68,2014
HIKAL,2014-06-18,2014-06-23,64.3705,67.5891,1.35,3.02,3.42,0.05,0.047,take_profit,False,5,3,368033.17,17297.56,2014
STLTECH,2014-06-18,2014-06-20,60.8657,63.909,6.85,1.86,1.98,0.05,0.047,take_profit,False,2,2,294426.53,13838.05,2014
AARTIDRUGS,2014-06-19,2014-06-23,63.1395,66.2964,1.44,2.93,5.66,0.05,0.047,take_profit,False,4,2,236678.49,11123.89,2014
FSL,2014-06-20,2014-07-01,31.4588,33.0318,2.27,2.16,7.01,0.05,0.047,take_profit,False,11,7,250995.71,11796.8,2014
AARTIDRUGS,2014-06-23,2014-06-27,65.243,61.9808,1.0,1.86,1.61,-0.05,-0.053,stopped_out,True,4,4,327423.19,-17353.43,2014
PRAJIND,2014-06-23,2014-07-07,58.551,59.1849,1.88,1.8,4.36,0.010827,0.007827,time_exit,False,14,10,261938.55,2050.19,2014
ASHOKLEY,2014-06-25,2014-06-27,15.7935,15.0038,2.62,2.88,5.1,-0.05,-0.053,stopped_out,True,2,2,254181.41,-13471.61,2014
SOUTHBANK,2014-06-27,2014-07-03,23.9764,25.1752,2.27,3.46,4.58,0.05,0.047,take_profit,False,6,4,286490.04,13465.03,2014
TVSMOTOR,2014-06-27,2014-07-02,150.9292,158.4757,5.95,3.07,9.62,0.05,0.047,take_profit,False,5,3,229192.03,10772.03,2014
SRF,2014-06-27,2014-07-04,110.5773,105.0485,5.94,7.95,11.05,-0.05,-0.053,stopped_out,True,7,5,358112.55,-18979.97,2014
HCC,2014-07-01,2014-07-03,43.5789,41.2488,11.55,1.91,2.32,-0.05347,-0.05647,stopped_out_gap,False,2,2,235912.13,-13321.96,2014
ADANIENT,2014-07-02,2014-07-08,69.7539,66.2662,5.13,2.94,6.62,-0.05,-0.053,stopped_out,True,6,4,236722.51,-12546.29,2014
BATAINDIA,2014-07-03,2014-07-08,613.564,582.8858,1.17,2.05,4.11,-0.05,-0.053,stopped_out,True,5,3,293887.06,-15576.01,2014
CHAMBLFERT,2014-07-03,2014-07-08,46.2364,43.9246,6.15,1.83,5.56,-0.05,-0.053,stopped_out,True,5,3,235109.65,-12460.81,2014
FACT,2014-07-04,2014-07-07,42.4313,44.5528,1.25,2.05,3.15,0.05,0.047,take_profit,False,3,1,255914.23,12027.97,2014
MOTILALOFS,2014-07-07,2014-07-09,224.2853,235.4995,4.37,1.87,7.02,0.05,0.047,take_profit,False,2,2,311117.58,14622.53,2014
KITEX,2014-07-07,2014-07-08,58.4252,61.3465,8.69,5.82,8.04,0.05,0.047,take_profit,False,1,1,248894.06,11698.02,2014
MCX,2014-07-08,2014-07-09,117.781,123.67,1.78,3.25,3.62,0.05,0.047,take_profit,False,1,1,396260.88,18624.26,2014
CHOLAFIN,2014-07-08,2014-07-09,82.6641,78.5309,1.19,2.02,2.07,-0.05,-0.053,stopped_out,True,1,1,317008.71,-16801.46,2014
SHAKTIPUMP,2014-07-09,2014-07-11,34.2585,36.5415,1.97,2.76,1.77,0.066643,0.063643,take_profit_gap,False,2,2,461773.47,29388.65,2014
SHAKTIPUMP,2014-07-10,2014-07-15,35.935,33.4518,1.96,2.12,2.94,-0.069103,-0.072103,stopped_out_gap,False,5,3,369418.77,-26636.2,2014
RELAXO,2014-07-10,2014-07-11,95.1036,99.8588,1.16,2.49,6.67,0.05,0.047,take_profit,False,1,1,295535.02,13890.15,2014
GPPL,2014-07-10,2014-07-11,81.2696,85.3331,2.84,1.87,7.6,0.05,0.047,take_profit,False,1,1,236428.01,11112.12,2014
THOMASCOOK,2014-07-15,2014-07-22,41.3253,43.4199,1.02,2.26,2.34,0.050687,0.047687,take_profit_gap,False,7,5,191416.08,9128.06,2014
MPHASIS,2014-07-15,2014-07-17,317.4022,333.2724,3.91,3.59,6.41,0.05,0.047,take_profit,False,2,2,299087.62,14057.12,2014
ASHOKA,2014-07-15,2014-07-16,94.1886,98.898,3.01,1.99,2.88,0.05,0.047,take_profit,False,1,1,239270.1,11245.69,2014
DCBBANK,2014-07-15,2014-07-17,76.1251,79.9314,2.62,1.52,3.28,0.05,0.047,take_profit,False,2,2,467324.41,21964.25,2014
PGIL,2014-07-15,2014-07-21,92.8603,98.7874,1.17,1.55,2.0,0.063828,0.060828,take_profit_gap,False,6,4,373859.53,22741.13,2014
ASAHIINDIA,2014-07-16,2014-07-23,88.1629,83.7547,1.75,1.74,2.52,-0.05,-0.053,stopped_out,True,7,5,203236.02,-10771.51,2014
MPHASIS,2014-07-17,2014-07-25,343.3104,326.1449,1.08,2.56,6.77,-0.05,-0.053,stopped_out,True,8,6,323075.49,-17123.0,2014
EMAMILTD,2014-07-17,2014-08-01,224.7729,225.3337,2.6,2.47,4.39,0.002495,-0.000505,time_exit,False,15,10,258460.4,-130.52,2014
BATAINDIA,2014-07-21,2014-07-28,600.9812,570.9321,2.67,2.03,3.61,-0.05,-0.053,stopped_out,True,7,5,286088.45,-15162.69,2014
SHILPAMED,2014-07-22,2014-07-23,124.4777,118.2538,1.43,2.08,3.36,-0.05,-0.053,stopped_out,True,1,1,268979.58,-14255.92,2014
AURIONPRO,2014-07-23,2014-07-28,94.2042,89.494,1.94,3.47,5.49,-0.05,-0.053,stopped_out,True,5,3,243697.04,-12915.94,2014
GVT&D,2014-07-23,2014-07-25,344.9131,327.6675,1.88,4.83,2.16,-0.05,-0.053,stopped_out,True,2,2,304621.3,-16144.93,2014
HINDUNILVR,2014-07-25,2014-07-30,549.8446,577.3368,1.45,2.11,3.24,0.05,0.047,take_profit,False,5,2,313843.41,14750.64,2014
GLENMARK,2014-07-25,2014-08-01,612.233,642.8446,3.32,3.81,4.31,0.05,0.047,take_profit,False,7,4,251074.73,11800.51,2014
JKLAKSHMI,2014-07-28,2014-07-30,230.0965,241.6014,1.06,4.52,6.47,0.05,0.047,take_profit,False,2,1,301201.15,14156.45,2014
JKLAKSHMI,2014-07-28,2014-07-30,230.0965,241.6014,7.99,4.52,6.47,0.05,0.047,take_profit,False,2,1,240960.92,11325.16,2014
DCMSHRIRAM,2014-07-30,2014-08-01,148.062,140.6589,6.98,7.41,6.13,-0.05,-0.053,stopped_out,True,2,2,372016.29,-19716.86,2014
ARVIND,2014-07-30,2014-07-31,76.3716,72.553,2.97,3.67,14.54,-0.05,-0.053,stopped_out,True,1,1,297613.03,-15773.49,2014
LUPIN,2014-07-30,2014-08-08,1104.9089,1049.6634,1.55,4.2,4.0,-0.05,-0.053,stopped_out,True,9,7,238090.42,-12618.79,2014
GRANULES,2014-07-31,2014-08-04,58.863,61.8062,2.43,2.08,7.64,0.05,0.047,take_profit,False,4,2,246840.25,11601.49,2014
JKLAKSHMI,2014-08-01,2014-08-06,250.2107,262.7212,0.88,4.41,10.02,0.05,0.047,take_profit,False,5,3,297738.48,13993.71,2014
TVSMOTOR,2014-08-01,2014-08-04,142.4584,149.5814,6.11,2.04,3.78,0.05,0.047,take_profit,False,3,1,238190.79,11194.97,2014
SUDARSCHEM,2014-08-01,2014-08-04,73.7936,80.302,3.45,1.66,4.67,0.088197,0.085197,take_profit_gap,False,3,1,372173.1,31708.03,2014
HINDPETRO,2014-08-04,2014-08-08,36.5612,34.7331,0.69,1.72,4.44,-0.05,-0.053,stopped_out,True,4,4,238652.39,-12648.58,2014
AURIONPRO,2014-08-04,2014-08-07,110.2991,115.814,2.37,4.69,7.01,0.05,0.047,take_profit,False,3,3,298315.48,14020.83,2014
INFY,2014-08-04,2014-08-19,320.4524,327.7299,2.25,1.57,3.3,0.02271,0.01971,time_exit,False,15,10,372894.35,7349.75,2014
ADANIENT,2014-08-06,2014-08-11,65.6676,68.951,1.19,1.79,2.9,0.05,0.047,take_profit,False,5,3,253268.35,11903.61,2014
USHAMART,2014-08-07,2014-08-11,44.0027,41.8026,3.28,3.69,8.28,-0.05,-0.053,stopped_out,True,4,2,265081.94,-14049.34,2014
APOLLOHOSP,2014-08-08,2014-08-12,971.3176,1019.8835,2.23,2.65,2.54,0.05,0.047,take_profit,False,4,2,302360.64,14210.95,2014
SARDAEN,2014-08-11,2014-08-12,25.5098,26.7853,3.27,4.82,6.62,0.05,0.047,take_profit,False,1,1,345129.42,16221.08,2014
JBCHEPHARM,2014-08-11,2014-08-13,86.494,82.1693,6.71,4.09,9.18,-0.05,-0.053,stopped_out,True,2,2,276103.54,-14633.49,2014
PRSMJOHNSN,2014-08-11,2014-08-13,77.0741,80.9279,0.9,1.54,2.36,0.05,0.047,take_profit,False,2,2,220882.83,10381.49,2014
COROMANDEL,2014-08-12,2014-08-27,220.4585,221.3577,4.38,1.55,5.31,0.004078,0.001078,time_exit,False,15,10,249832.55,269.32,2014
MARKSANS,2014-08-12,2014-08-14,35.4899,37.2644,3.82,3.01,7.79,0.05,0.047,take_profit,False,2,2,312290.68,14677.66,2014
APOLLOHOSP,2014-08-13,2014-08-19,1089.4892,1143.9636,1.41,2.95,4.46,0.05,0.047,take_profit,False,6,3,298412.91,14025.41,2014
MARKSANS,2014-08-13,2014-08-14,36.3614,38.1795,1.2,2.61,1.76,0.05,0.047,take_profit,False,1,1,238730.33,11220.33,2014
DABUR,2014-08-14,2014-08-19,194.6594,204.3924,1.58,3.22,1.82,0.05,0.047,take_profit,False,5,2,306368.06,14399.3,2014
RAIN,2014-08-14,2014-08-20,37.6077,39.4881,1.35,2.88,3.49,0.05,0.047,take_profit,False,6,3,245094.45,11519.44,2014
NCC,2014-08-19,2014-08-20,41.4554,39.3826,4.82,4.73,12.37,-0.05,-0.053,stopped_out,True,1,1,255209.93,-13526.13,2014
ASHOKLEY,2014-08-19,2014-08-25,15.6691,14.8856,4.23,2.52,6.48,-0.05,-0.053,stopped_out,True,6,4,398765.52,-21134.57,2014
MARKSANS,2014-08-19,2014-08-20,50.8866,53.431,6.76,4.18,14.24,0.05,0.047,take_profit,False,1,1,319012.41,14993.58,2014
POONAWALLA,2014-08-20,2014-08-21,115.5463,109.769,3.18,8.8,11.5,-0.05,-0.053,stopped_out,True,1,1,296502.95,-15714.66,2014
FDC,2014-08-20,2014-08-27,143.2026,150.3627,5.58,9.57,11.94,0.05,0.047,take_profit,False,7,5,237202.36,11148.51,2014
ACE,2014-08-20,2014-08-21,29.4616,30.9562,0.53,3.76,7.11,0.050729,0.047729,take_profit_gap,False,1,1,370628.68,17689.74,2014
PNB,2014-08-21,2014-09-05,174.864,169.2621,3.31,1.52,4.06,-0.032036,-0.035036,time_exit,False,15,10,323583.23,-11337.06,2014
POLYMED,2014-08-21,2014-08-25,113.2018,118.8619,2.28,1.85,2.0,0.05,0.047,take_profit,False,4,2,258866.58,12166.73,2014
PIDILITIND,2014-08-25,2014-08-26,185.4798,194.7538,1.35,1.9,1.82,0.05,0.047,take_profit,False,1,1,336826.12,15830.83,2014
GREAVESCOT,2014-08-25,2014-08-26,96.6839,101.518,1.88,8.57,6.49,0.05,0.047,take_profit,False,1,1,269460.89,12664.66,2014
GREAVESCOT,2014-08-26,2014-09-08,104.9157,110.1615,1.19,8.02,7.75,0.05,0.047,take_profit,False,13,8,342525.22,16098.69,2014
EIDPARRY,2014-08-26,2014-09-04,190.9229,200.469,1.94,5.99,6.72,0.05,0.047,take_profit,False,9,6,274020.17,12878.95,2014
GABRIEL,2014-08-27,2014-09-02,53.179,55.838,4.34,3.75,8.51,0.05,0.047,take_profit,False,6,3,318906.69,14988.61,2014
SONATSOFTW,2014-08-27,2014-09-01,27.2813,29.7725,3.12,3.04,3.11,0.091315,0.088315,take_profit_gap,False,5,2,255125.35,22531.4,2014
IOC,2014-09-01,2014-09-08,32.6468,34.2792,4.65,2.07,5.47,0.05,0.047,take_profit,False,7,5,259631.63,12202.69,2014
APOLLOTYRE,2014-09-02,2014-09-04,158.7249,166.6612,5.92,1.58,2.63,0.05,0.047,take_profit,False,2,2,274484.36,12900.77,2014
PHOENIXLTD,2014-09-04,2014-09-18,173.4879,182.1623,2.38,4.11,6.3,0.05,0.047,take_profit,False,14,10,334444.34,15718.88,2014
HSCL,2014-09-04,2014-09-05,29.4076,30.878,2.0,2.71,3.45,0.05,0.047,take_profit,False,1,1,267555.47,12575.11,2014
CIEINDIA,2014-09-05,2014-09-15,191.6088,201.1892,2.91,6.69,7.93,0.05,0.047,take_profit,False,10,6,332519.73,15628.43,2014
HFCL,2014-09-05,2014-09-08,17.2013,18.0614,11.71,6.83,12.9,0.05,0.047,take_profit,False,3,1,266015.78,12502.74,2014
NAVA,2014-09-08,2014-09-10,48.1318,45.7252,0.62,2.59,4.93,-0.05,-0.053,stopped_out,True,2,2,315686.38,-16731.38,2014
JWL,2014-09-08,2014-09-09,20.7599,22.3268,2.39,2.11,12.97,0.075479,0.072479,take_profit_gap,False,1,1,252549.1,18304.51,2014
DEEPAKFERT,2014-09-08,2014-09-17,135.8242,129.033,4.59,2.72,3.71,-0.05,-0.053,stopped_out,True,9,7,394607.97,-20914.22,2014
REFEX,2014-09-09,2014-09-15,1.3604,1.4285,2.8,2.14,5.93,0.05,0.047,take_profit,False,6,4,256210.0,12041.87,2014
NETWORK18,2014-09-10,2014-09-15,52.026,49.4247,0.58,2.71,2.67,-0.05,-0.053,stopped_out,True,5,3,264759.0,-14032.23,2014
ZYDUSWELL,2014-09-15,2014-09-17,129.9442,123.447,0.59,4.28,5.57,-0.05,-0.053,stopped_out,True,2,2,385232.56,-20417.33,2014
ESCORTS,2014-09-15,2014-09-16,146.1477,153.455,0.58,2.91,5.69,0.05,0.047,take_profit,False,1,1,308186.05,14484.74,2014
CASTROLIND,2014-09-15,2014-09-16,138.0374,144.9393,4.12,2.32,5.15,0.05,0.047,take_profit,False,1,1,246548.84,11587.8,2014
CASTROLIND,2014-09-16,2014-09-26,144.1133,136.9077,0.7,3.12,3.98,-0.05,-0.053,stopped_out,True,10,8,313400.56,-16610.23,2014
MANAPPURAM,2014-09-17,2014-09-18,22.0563,23.1591,4.22,1.56,8.62,0.05,0.047,take_profit,False,1,1,398422.24,18725.85,2014
NBCC,2014-09-17,2014-09-18,24.2413,25.4533,8.98,5.08,15.17,0.05,0.047,take_profit,False,1,1,318737.8,14980.68,2014
JKTYRE,2014-09-17,2014-09-18,71.1843,74.7435,1.54,2.51,7.07,0.05,0.047,take_profit,False,1,1,254990.24,11984.54,2014
ZEEL,2014-09-18,2014-10-07,281.0095,282.6066,3.39,3.45,6.33,0.005683,0.002683,time_exit,False,19,10,244527.67,656.07,2014
JKLAKSHMI,2014-09-18,2014-09-23,319.3686,335.3371,4.67,2.6,7.09,0.05,0.047,take_profit,False,5,3,305659.58,14366.0,2014
NBCC,2014-09-18,2014-09-22,27.5436,26.1665,5.8,6.16,11.83,-0.05,-0.053,stopped_out,True,4,2,382074.48,-20249.95,2014
CHENNPETRO,2014-09-18,2014-09-22,80.0003,84.0003,4.51,3.9,10.5,0.05,0.047,take_profit,False,4,2,477593.1,22446.88,2014
ANANTRAJ,2014-09-22,2014-09-23,23.8964,22.7016,0.52,3.25,5.78,-0.05,-0.053,stopped_out,True,1,1,367995.04,-19503.74,2014
SHILPAMED,2014-09-22,2014-09-24,140.899,133.8541,3.66,4.94,4.25,-0.05,-0.053,stopped_out,True,2,2,294396.03,-15602.99,2014
ICIL,2014-09-23,2014-09-25,32.9292,31.2827,1.55,5.64,3.41,-0.05,-0.053,stopped_out,True,2,2,369220.2,-19568.67,2014
SAMMAANCAP,2014-09-23,2014-09-25,266.8107,253.4702,0.53,2.16,4.12,-0.05,-0.053,stopped_out,True,2,2,295376.16,-15654.94,2014
AUROPHARMA,2014-09-25,2014-09-29,409.8179,430.3088,4.99,3.66,8.23,0.05,0.047,take_profit,False,4,2,417934.09,19642.9,2014
ABFRL,2014-09-26,2014-09-30,132.0029,125.4027,5.19,3.21,10.62,-0.05,-0.053,stopped_out,True,4,2,314964.27,-16693.11,2014
TANLA,2014-09-26,2014-09-30,15.4277,16.7802,2.37,1.85,8.33,0.087669,0.084669,take_profit_gap,False,4,2,251971.41,21334.17,2014
SUNPHARMA,2014-09-26,2014-09-30,739.0227,775.9738,2.26,3.28,4.97,0.05,0.047,take_profit,False,4,2,393705.34,18504.15,2014
STAR,2014-09-29,2014-09-30,520.9061,546.9514,7.15,4.29,7.64,0.05,0.047,take_profit,False,1,1,289092.53,13587.35,2014
MARICO,2014-09-30,2014-10-13,131.625,125.0437,2.98,2.44,4.04,-0.05,-0.053,stopped_out,True,13,6,488567.25,-25894.06,2014
EICHERMOT,2014-09-30,2014-10-10,1106.8451,1051.5029,2.17,2.08,5.02,-0.05,-0.053,stopped_out,True,10,5,390853.8,-20715.25,2014
MARICO,2014-09-30,2014-10-13,131.625,125.0437,1.06,2.44,4.04,-0.05,-0.053,stopped_out,True,13,6,312683.04,-16572.2,2014
COLPAL,2014-09-30,2014-10-17,701.2864,681.9307,3.27,2.13,3.97,-0.0276,-0.0306,time_exit,False,17,10,250146.43,-7654.48,2014
VSTIND,2014-10-07,2014-10-21,106.996,108.6313,0.65,1.85,1.82,0.015283,0.012283,time_exit,False,14,10,249153.89,3060.36,2014
INFY,2014-10-10,2014-10-28,359.5755,352.6416,4.51,3.87,6.25,-0.019284,-0.022284,time_exit,False,18,10,273350.82,-6091.35,2014
STLTECH,2014-10-13,2014-10-16,67.5993,64.2193,6.61,2.85,10.59,-0.05,-0.053,stopped_out,True,3,3,296349.97,-15706.55,2014
DIACABS,2014-10-13,2014-10-16,1257.6285,1194.7471,1.04,5.42,1.99,-0.05,-0.053,stopped_out,True,3,3,370437.46,-19633.19,2014
CEATLTD,2014-10-16,2014-10-17,735.5881,772.3675,4.69,3.23,4.49,0.05,0.047,take_profit,False,1,1,363369.51,17078.37,2014
EMAMILTD,2014-10-16,2014-10-17,294.4295,309.1509,3.79,2.38,3.22,0.05,0.047,take_profit,False,1,1,290695.61,13662.69,2014
EMAMILTD,2014-10-17,2014-10-21,310.3817,325.9008,2.52,3.73,5.38,0.05,0.047,take_profit,False,4,2,418016.12,19646.76,2014
INDUSINDBK,2014-10-17,2014-10-27,622.6097,653.7402,0.89,1.75,2.09,0.05,0.047,take_profit,False,10,4,334412.89,15717.41,2014
HINDZINC,2014-10-20,2014-10-29,62.6852,65.8195,0.55,1.94,1.86,0.05,0.047,take_profit,False,9,5,267530.31,12573.92,2014
PFC,2014-10-21,2014-11-10,57.8802,57.7803,1.78,2.67,5.22,-0.001725,-0.004725,time_exit,False,20,10,351999.68,-1663.2,2014
SOBHA,2014-10-21,2014-10-27,388.5968,369.1669,0.76,1.97,6.82,-0.05,-0.053,stopped_out,True,6,2,281599.74,-14924.79,2014
BHEL,2014-10-27,2014-11-12,153.9634,150.6438,1.05,1.64,1.88,-0.021561,-0.024561,time_exit,False,16,10,348640.84,-8562.97,2014
BAJFINANCE,2014-10-27,2014-11-07,27.4267,28.798,2.48,1.73,4.02,0.05,0.047,take_profit,False,11,7,278912.67,13108.9,2014
ACE,2014-10-28,2014-10-30,30.8918,32.4364,0.62,2.35,4.18,0.05,0.047,take_profit,False,2,2,276582.03,12999.36,2014
GRAVITA,2014-10-29,2014-11-03,85.0932,80.8386,1.94,5.69,5.22,-0.05,-0.053,stopped_out,True,5,3,277286.47,-14696.18,2014
SRF,2014-10-30,2014-10-31,169.3601,160.8921,3.95,9.69,9.34,-0.05,-0.053,stopped_out,True,1,1,279745.46,-14826.51,2014
SAMMAANCAP,2014-10-31,2014-11-03,267.3021,280.6672,4.3,4.88,3.33,0.05,0.047,take_profit,False,3,1,276780.16,13008.67,2014
DCAL,2014-11-03,2014-11-12,81.1521,77.0945,1.69,2.11,5.11,-0.05,-0.053,stopped_out,True,9,5,331899.95,-17590.7,2014
MAHABANK,2014-11-03,2014-11-18,37.9852,39.8844,2.01,7.5,1.7,0.05,0.047,take_profit,False,15,9,265519.96,12479.44,2014
JKIL,2014-11-07,2014-11-11,154.1309,161.8374,1.47,7.12,3.03,0.05,0.047,take_profit,False,4,2,270820.28,12728.55,2014
SCI,2014-11-10,2014-11-17,59.0423,61.9944,1.33,2.84,4.67,0.05,0.047,take_profit,False,7,5,286723.52,13476.01,2014
MARICO,2014-11-11,2014-11-25,142.0488,136.9362,2.27,1.51,4.87,-0.035992,-0.038992,time_exit,False,14,10,286088.58,-11155.17,2014
UPL,2014-11-12,2014-11-19,208.6936,219.1283,2.61,1.79,5.48,0.05,0.047,take_profit,False,7,5,287798.63,13526.54,2014
JUBLFOOD,2014-11-12,2014-11-13,131.1083,137.6637,1.55,1.55,2.0,0.05,0.047,take_profit,False,1,1,359748.29,16908.17,2014
ELGIEQUIP,2014-11-13,2014-11-17,62.0085,65.1089,0.61,2.15,6.3,0.05,0.047,take_profit,False,4,2,305570.2,14361.8,2014
SUDARSCHEM,2014-11-17,2014-11-18,96.6344,101.4662,16.77,8.93,11.11,0.05,0.047,take_profit,False,1,1,368482.46,17318.68,2014
RECLTD,2014-11-17,2014-12-01,54.2151,55.3882,6.63,2.69,9.48,0.021637,0.018637,time_exit,False,14,10,294785.97,5493.93,2014
FINCABLES,2014-11-18,2014-11-21,245.574,233.2953,5.52,1.66,5.96,-0.05,-0.053,stopped_out,True,3,3,368588.88,-19535.21,2014
PGEL,2014-11-18,2014-11-19,9.8874,10.3817,1.87,9.75,6.12,0.05,0.047,take_profit,False,1,1,294871.11,13858.94,2014
MINDACORP,2014-11-19,2014-11-20,68.8524,65.4098,6.48,6.52,3.22,-0.05,-0.053,stopped_out,True,1,1,357907.93,-18969.12,2014
GALLANTT,2014-11-19,2014-11-20,27.2056,28.5659,1.08,14.53,5.53,0.05,0.047,take_profit,False,1,1,286326.34,13457.34,2014
HIKAL,2014-11-20,2014-12-01,93.6097,88.9292,5.46,10.15,7.33,-0.05,-0.053,stopped_out,True,11,7,285444.46,-15128.56,2014
JINDALSAW,2014-11-20,2014-11-25,44.5369,42.3101,1.12,2.32,8.98,-0.05,-0.053,stopped_out,True,5,3,356805.57,-18910.7,2014
SOUTHBANK,2014-11-21,2014-11-26,22.1577,21.0498,2.33,3.58,2.2,-0.05,-0.053,stopped_out,True,5,3,298166.3,-15802.81,2014
DABUR,2014-11-25,2014-12-09,218.2162,214.7223,0.66,1.9,1.76,-0.016011,-0.019011,time_exit,False,14,10,361098.7,-6864.85,2014
JKLAKSHMI,2014-11-25,2014-12-02,371.2078,352.6474,0.67,2.05,2.74,-0.05,-0.053,stopped_out,True,7,5,288878.96,-15310.58,2014
VGUARD,2014-11-26,2014-12-09,75.6108,71.8303,1.9,1.75,3.35,-0.05,-0.053,stopped_out,True,13,9,287575.87,-15241.52,2014
OFSS,2014-12-01,2014-12-11,2137.929,2031.0326,0.87,2.15,3.36,-0.05,-0.053,stopped_out,True,10,8,344179.85,-18241.53,2014
SUDARSCHEM,2014-12-01,2014-12-03,102.1251,107.2313,1.68,4.17,5.68,0.05,0.047,take_profit,False,2,2,275343.88,12941.16,2014
SPARC,2014-12-02,2014-12-08,198.3999,188.4799,4.66,10.15,5.08,-0.05,-0.053,stopped_out,True,6,4,274988.78,-14574.41,2014
APLLTD,2014-12-03,2014-12-09,404.9863,383.178,1.76,1.81,4.8,-0.05385,-0.05685,stopped_out_gap,False,6,4,277648.03,-15784.29,2014
BAJAJFINSV,2014-12-08,2014-12-12,135.2184,128.4575,2.72,1.7,7.05,-0.05,-0.053,stopped_out,True,4,4,274201.3,-14532.67,2014
CHOLAHLDNG,2014-12-09,2014-12-16,214.2818,203.5677,1.2,2.15,2.36,-0.05,-0.053,stopped_out,True,7,5,397047.43,-21043.51,2014
SPARC,2014-12-09,2014-12-16,196.3131,186.3383,0.51,3.86,2.52,-0.05081,-0.05381,stopped_out_gap,False,7,5,317637.94,-17092.1,2014
CCL,2014-12-09,2014-12-17,138.5375,131.6106,2.02,1.67,4.2,-0.05,-0.053,stopped_out,True,8,6,254110.35,-13467.85,2014
INDUSTOWER,2014-12-11,2014-12-24,241.0765,229.0227,2.42,3.18,4.74,-0.05,-0.053,stopped_out,True,13,9,268475.95,-14229.23,2014
HIKAL,2014-12-12,2014-12-17,93.915,89.2192,4.91,4.28,5.27,-0.05,-0.053,stopped_out,True,5,3,266714.48,-14135.87,2014
RECLTD,2014-12-17,2014-12-18,50.3599,52.8779,1.51,1.61,6.08,0.05,0.047,take_profit,False,1,1,447325.76,21024.31,2014
TORNTPOWER,2014-12-18,2014-12-19,140.6208,133.5898,1.18,5.52,10.0,-0.05,-0.053,stopped_out,True,1,1,288979.6,-15315.92,2014
AARTIDRUGS,2014-12-18,2014-12-23,96.9446,92.0974,1.56,1.77,8.55,-0.05,-0.053,stopped_out,True,5,3,231183.68,-12252.74,2014
RELAXO,2014-12-18,2014-12-19,131.0459,137.5982,2.42,4.48,3.92,0.05,0.047,take_profit,False,1,1,451530.63,21221.94,2014
SHILPAMED,2014-12-18,2014-12-19,150.0277,157.5291,9.84,3.98,12.86,0.05,0.047,take_profit,False,1,1,361224.5,16977.55,2014
CASTROLIND,2014-12-19,2015-01-05,166.6269,164.8199,1.19,1.61,2.74,-0.010845,-0.013845,time_exit,False,17,10,409870.6,-5674.66,2015
JKTYRE,2014-12-19,2014-12-22,131.5437,124.9665,13.51,1.57,5.34,-0.05,-0.053,stopped_out,True,3,1,327896.48,-17378.51,2014
MARKSANS,2014-12-19,2014-12-23,60.3755,63.3943,7.31,4.06,10.08,0.05,0.047,take_profit,False,4,2,262317.19,12328.91,2014
SURYAROSNI,2014-12-22,2015-01-05,23.484,24.6582,2.44,1.58,4.4,0.05,0.047,take_profit,False,14,9,271957.34,12782.0,2015
GRANULES,2014-12-23,2015-01-02,75.8103,79.6008,1.05,4.88,5.42,0.05,0.047,take_profit,False,10,7,316281.28,14865.22,2015
IGL,2014-12-23,2014-12-24,38.7759,40.7147,2.08,2.22,3.83,0.05,0.047,take_profit,False,1,1,253025.03,11892.18,2014
KSB,2014-12-24,2014-12-29,114.2695,119.983,2.76,1.92,6.89,0.05,0.047,take_profit,False,5,2,245002.24,11515.11,2014
ACE,2014-12-24,2015-01-01,36.1358,37.9426,0.53,1.53,4.26,0.05,0.047,take_profit,False,8,5,306252.81,14393.88,2015
SHARDACROP,2014-12-29,2015-01-06,233.5277,221.8513,1.86,1.93,3.05,-0.05,-0.053,stopped_out,True,8,6,247305.27,-13107.18,2015
EXIDEIND,2015-01-01,2015-01-15,167.8703,166.3228,1.83,2.35,5.81,-0.009218,-0.012218,time_exit,False,14,10,261973.55,-3200.79,2015
AARTIDRUGS,2015-01-02,2015-01-07,113.5973,107.9174,5.42,5.96,9.65,-0.05,-0.053,stopped_out,True,5,3,275808.14,-14617.83,2015
GSPL,2015-01-05,2015-01-06,109.2957,114.7605,3.79,4.95,8.92,0.05,0.047,take_profit,False,1,1,358433.57,16846.38,2015
WABAG,2015-01-05,2015-01-19,775.1976,754.6913,2.08,4.28,3.07,-0.026453,-0.029453,time_exit,False,14,10,286746.86,-8445.56,2015
TI,2015-01-06,2015-01-07,30.1246,31.6308,1.32,4.61,4.84,0.05,0.047,take_profit,False,1,1,351293.09,16510.78,2015
CASTROLIND,2015-01-06,2015-01-20,169.0737,163.8848,1.91,2.83,2.96,-0.03069,-0.03369,time_exit,False,14,10,281034.47,-9468.05,2015
KOTAKBANK,2015-01-07,2015-01-08,126.3029,132.618,1.9,1.96,1.92,0.05,0.047,take_profit,False,1,1,350626.41,16479.44,2015
ASHOKLEY,2015-01-07,2015-01-21,24.7265,25.9628,5.11,2.03,5.02,0.05,0.047,take_profit,False,14,10,280501.13,13183.55,2015
SPARC,2015-01-08,2015-01-12,198.9465,208.8938,3.07,2.91,4.82,0.05,0.047,take_profit,False,4,2,297822.08,13997.64,2015
BLUEDART,2015-01-12,2015-01-14,6770.2086,7108.719,2.71,2.22,3.42,0.05,0.047,take_profit,False,2,2,300621.6,14129.22,2015
JAMNAAUTO,2015-01-14,2015-01-16,12.8937,12.249,1.65,4.45,7.29,-0.05,-0.053,stopped_out,True,2,2,303447.45,-16082.71,2015
POWERGRID,2015-01-15,2015-01-22,49.8081,52.2986,2.73,1.53,4.73,0.05,0.047,take_profit,False,7,5,294512.51,13842.09,2015
NATCOPHARM,2015-01-16,2015-01-21,280.103,266.0979,0.53,2.76,2.98,-0.05,-0.053,stopped_out,True,5,3,293082.95,-15533.4,2015
VIPIND,2015-01-19,2015-01-28,107.8792,113.2732,0.68,1.56,2.31,0.05,0.047,take_profit,False,9,6,290126.62,13635.95,2015
TTML,2015-01-20,2015-01-21,9.5254,10.0017,6.03,2.77,9.94,0.05,0.047,take_profit,False,1,1,286414.58,13461.49,2015
SBIN,2015-01-21,2015-01-30,290.9003,276.3553,0.61,1.84,1.97,-0.05,-0.053,stopped_out,True,9,6,403353.73,-21377.75,2015
DBREALTY,2015-01-21,2015-01-22,72.1861,75.7954,7.07,1.92,7.69,0.05,0.047,take_profit,False,1,1,322682.98,15166.1,2015
POLYMED,2015-01-21,2015-01-27,226.9321,238.2787,1.2,1.86,3.88,0.05,0.047,take_profit,False,6,3,258146.39,12132.88,2015
EXIDEIND,2015-01-22,2015-01-23,171.1226,179.6787,2.99,2.35,3.25,0.05,0.047,take_profit,False,1,1,268606.28,12624.49,2015
STLTECH,2015-01-22,2015-01-27,61.6279,58.5465,3.4,8.84,7.3,-0.05,-0.053,stopped_out,True,5,2,335757.84,-17795.17,2015
RPOWER,2015-01-23,2015-02-05,63.5133,60.3377,1.77,2.41,3.68,-0.05,-0.053,stopped_out,True,13,8,271131.17,-14369.95,2015
DCBBANK,2015-01-27,2015-01-30,117.1995,111.3395,1.3,2.26,4.7,-0.05,-0.053,stopped_out,True,3,3,334553.33,-17731.33,2015
ASAHIINDIA,2015-01-27,2015-01-30,134.2217,127.5106,0.5,2.04,3.77,-0.05,-0.053,stopped_out,True,3,3,267642.66,-14185.06,2015
BAJAJFINSV,2015-01-28,2015-02-03,144.2595,151.4724,1.93,3.4,5.05,0.05,0.047,take_profit,False,6,4,274866.65,12918.73,2015
HCC,2015-01-30,2015-02-02,31.2368,32.7987,10.49,7.98,9.09,0.05,0.047,take_profit,False,3,1,410344.43,19286.19,2015
GMRAIRPORT,2015-01-30,2015-02-02,17.0677,17.9211,0.87,3.0,10.29,0.05,0.047,take_profit,False,3,1,328275.55,15428.95,2015
WELSPUNLIV,2015-01-30,2015-02-04,34.6453,32.913,2.87,3.73,3.29,-0.05,-0.053,stopped_out,True,5,3,262620.44,-13918.88,2015
UPL,2015-02-02,2015-02-03,235.8885,247.6829,3.94,2.21,6.46,0.05,0.047,take_profit,False,1,1,291810.7,13715.1,2015
AURIONPRO,2015-02-02,2015-02-04,113.1843,107.5251,2.13,2.01,6.13,-0.05,-0.053,stopped_out,True,2,2,364763.37,-19332.46,2015
UPL,2015-02-03,2015-02-11,249.3661,261.8344,4.67,3.28,4.85,0.05,0.047,take_profit,False,8,6,352110.79,16549.21,2015
SUBROS,2015-02-03,2015-02-06,70.3836,66.8644,6.17,3.34,6.81,-0.05,-0.053,stopped_out,True,3,3,281688.64,-14929.5,2015
ICIL,2015-02-04,2015-02-06,85.5174,81.2415,1.6,1.95,6.19,-0.05,-0.053,stopped_out,True,2,2,344177.4,-18241.4,2015
PATANJALI,2015-02-04,2015-02-10,1193.0103,1131.7399,2.59,4.97,6.69,-0.051358,-0.054358,stopped_out_gap,False,6,4,275341.92,-14967.04,2015
JUBLFOOD,2015-02-05,2015-02-06,139.7555,146.7433,1.28,7.28,6.31,0.05,0.047,take_profit,False,1,1,271625.78,12766.41,2015
SONATSOFTW,2015-02-06,2015-02-10,36.303,34.4879,9.55,11.39,12.26,-0.05,-0.053,stopped_out,True,4,2,392718.09,-20814.06,2015
ZYDUSWELL,2015-02-09,2015-02-24,160.8775,157.0962,1.86,5.39,5.46,-0.023504,-0.026504,time_exit,False,15,10,314174.47,-8326.88,2015
WOCKPHARMA,2015-02-09,2015-02-11,1196.6348,1256.4665,3.1,1.92,6.94,0.05,0.047,take_profit,False,2,2,251339.58,11812.96,2015
FORTIS,2015-02-10,2015-02-11,115.4805,121.2546,0.65,1.55,2.29,0.05,0.047,take_profit,False,1,1,262021.96,12315.03,2015
MOTHERSON,2015-02-10,2015-02-20,32.5988,34.2849,1.52,3.02,6.09,0.051722,0.048722,take_profit_gap,False,10,7,327527.45,15957.79,2015
BHARATFORG,2015-02-11,2015-02-13,526.5529,552.8805,0.66,1.58,3.35,0.05,0.047,take_profit,False,2,2,390847.47,18369.83,2015
BHARATFORG,2015-02-11,2015-02-13,526.5529,552.8805,3.42,1.58,3.35,0.05,0.047,take_profit,False,2,2,312677.98,14695.86,2015
TECHNOE,2015-02-11,2015-02-12,181.0126,190.0633,0.78,5.27,3.25,0.05,0.047,take_profit,False,1,1,250142.38,11756.69,2015
ARVIND,2015-02-12,2015-02-24,98.8245,93.8833,3.56,2.33,3.83,-0.05,-0.053,stopped_out,True,12,7,252493.72,-13382.17,2015
PATANJALI,2015-02-13,2015-02-16,1303.5345,1368.7112,6.48,5.68,9.71,0.05,0.047,take_profit,False,3,1,349313.21,16417.72,2015
SUNTECK,2015-02-13,2015-02-16,128.6906,135.1252,4.12,3.07,9.39,0.05,0.047,take_profit,False,3,1,279450.56,13134.18,2015
JKTYRE,2015-02-16,2015-02-20,111.2201,105.6591,2.45,2.9,2.74,-0.05,-0.053,stopped_out,True,4,3,284178.87,-15061.48,2015
MINDACORP,2015-02-16,2015-02-20,95.1525,90.3949,2.9,3.17,2.04,-0.05,-0.053,stopped_out,True,4,3,355223.59,-18826.85,2015
ESCORTS,2015-02-20,2015-03-03,125.6822,131.9663,2.41,2.59,5.24,0.05,0.047,take_profit,False,11,7,266971.5,12547.66,2015
OBEROIRLTY,2015-02-20,2015-02-23,270.4691,283.9925,2.47,1.81,3.1,0.05,0.047,take_profit,False,3,1,417142.97,19605.72,2015
OLECTRA,2015-02-20,2015-02-23,19.9309,18.9343,0.78,3.42,2.57,-0.05,-0.053,stopped_out,True,3,1,333714.37,-17686.86,2015
PGIL,2015-02-23,2015-02-24,109.3727,114.8413,4.14,3.46,3.35,0.05,0.047,take_profit,False,1,1,364132.44,17114.22,2015
WEBELSOLAR,2015-02-23,2015-02-25,3.982,3.6732,2.14,4.23,16.72,-0.077556,-0.080556,stopped_out_gap,False,2,2,291305.95,-23466.44,2015
CENTURYPLY,2015-02-24,2015-02-25,204.4065,214.6268,1.92,1.52,4.12,0.05,0.047,take_profit,False,1,1,418285.92,19659.44,2015
KAJARIACER,2015-02-24,2015-03-02,359.7374,377.7243,1.88,1.7,3.85,0.05,0.047,take_profit,False,6,4,334628.74,15727.55,2015
AARTIIND,2015-02-25,2015-03-09,69.1406,72.5976,5.0,7.68,9.22,0.05,0.047,take_profit,False,12,7,408859.96,19216.42,2015
COFORGE,2015-02-25,2015-03-11,69.8895,73.384,0.6,4.84,3.82,0.05,0.047,take_profit,False,14,9,327087.97,15373.13,2015
NTPC,2015-02-26,2015-03-12,86.2191,90.5301,2.22,3.34,4.25,0.05,0.047,take_profit,False,14,9,261670.38,12298.51,2015
PIDILITIND,2015-03-02,2015-03-04,275.3017,289.9241,3.79,1.71,3.27,0.053114,0.050114,take_profit_gap,False,2,2,279407.56,14002.23,2015
TATAINVEST,2015-03-03,2015-03-04,49.8089,47.3184,4.59,12.18,12.09,-0.05,-0.053,stopped_out,True,1,1,279429.88,-14809.78,2015
BEML,2015-03-04,2015-03-17,403.9355,424.1323,3.79,2.45,5.44,0.05,0.047,take_profit,False,13,8,335149.88,15752.04,2015
ZYDUSWELL,2015-03-04,2015-03-05,173.0053,181.6556,6.27,3.52,6.94,0.05,0.047,take_profit,False,1,1,268119.9,12601.64,2015
MRPL,2015-03-05,2015-03-13,58.0527,55.1501,1.0,1.62,5.32,-0.05,-0.053,stopped_out,True,8,5,270640.23,-14343.93,2015
AARTIIND,2015-03-09,2015-03-10,73.5305,77.207,8.45,3.16,7.52,0.05,0.047,take_profit,False,1,1,302127.46,14199.99,2015
BHARTIARTL,2015-03-10,2015-03-11,312.5168,328.1426,4.21,2.99,7.57,0.05,0.047,take_profit,False,1,1,304967.46,14333.47,2015
SHILPAMED,2015-03-11,2015-03-18,241.7816,253.8707,1.19,7.69,5.81,0.05,0.047,take_profit,False,7,5,301061.1,14149.87,2015
JSL,2015-03-11,2015-03-12,39.4012,42.9491,13.36,2.52,9.43,0.090046,0.087046,take_profit_gap,False,1,1,376326.38,32757.71,2015
JSL,2015-03-12,2015-03-13,44.271,42.0574,0.89,9.82,2.97,-0.05,-0.053,stopped_out,True,1,1,301967.58,-16004.28,2015
NATCOPHARM,2015-03-12,2015-03-13,377.6798,396.5638,13.14,7.8,13.52,0.05,0.047,take_profit,False,1,1,377459.47,17740.6,2015
EPL,2015-03-13,2015-03-16,51.1721,53.7307,1.27,4.81,3.6,0.05,0.047,take_profit,False,3,1,429066.0,20166.1,2015
FINCABLES,2015-03-13,2015-03-20,263.0537,249.901,4.72,8.48,7.67,-0.05,-0.053,stopped_out,True,7,5,343252.8,-18192.4,2015
GRANULES,2015-03-13,2015-03-17,82.476,89.5684,4.52,7.96,3.35,0.085993,0.082993,take_profit_gap,False,4,2,274602.24,22790.06,2015
WABAG,2015-03-16,2015-03-17,861.837,904.9288,0.56,2.72,5.84,0.05,0.047,take_profit,False,1,1,309528.21,14547.83,2015
WABAG,2015-03-17,2015-03-20,921.0909,875.0364,3.26,4.17,5.78,-0.05,-0.053,stopped_out,True,3,3,442096.62,-23431.12,2015
ZYDUSLIFE,2015-03-17,2015-03-19,305.6157,290.3349,0.91,5.71,5.71,-0.05,-0.053,stopped_out,True,2,2,353677.3,-18744.9,2015
DABUR,2015-03-17,2015-03-20,254.5107,241.7852,2.17,1.65,4.15,-0.05,-0.053,stopped_out,True,3,3,282941.84,-14995.92,2015
SPARC,2015-03-18,2015-03-20,539.0038,512.0536,2.35,1.85,5.73,-0.05,-0.053,stopped_out,True,2,2,289395.66,-15337.97,2015
PCJEWELLER,2015-03-19,2015-03-26,16.5751,15.7463,2.72,1.74,4.32,-0.05,-0.053,stopped_out,True,7,5,298503.01,-15820.66,2015
TRITURBINE,2015-03-20,2015-03-23,133.7168,127.031,0.65,2.14,3.25,-0.05,-0.053,stopped_out,True,3,1,495948.31,-26285.26,2015
ECLERX,2015-03-20,2015-03-23,770.5299,732.0034,2.16,2.85,9.63,-0.05,-0.053,stopped_out,True,3,1,396758.65,-21028.21,2015
JSWENERGY,2015-03-24,2015-04-09,107.9028,106.2879,1.73,2.39,2.62,-0.014966,-0.017966,time_exit,False,16,10,486485.62,-8740.2,2015
KRBL,2015-03-25,2015-03-30,142.1211,149.2271,0.95,1.62,3.49,0.05,0.047,take_profit,False,5,3,389188.49,18291.86,2015
APOLLOHOSP,2015-03-25,2015-03-27,1371.7836,1303.1944,0.56,1.65,5.61,-0.05,-0.053,stopped_out,True,2,2,311350.79,-16501.59,2015
ABREL,2015-03-27,2015-03-30,572.9653,601.6136,5.29,1.82,4.0,0.05,0.047,take_profit,False,3,1,364586.95,17135.59,2015
REFEX,2015-03-27,2015-03-30,2.0549,2.1577,6.48,3.2,8.0,0.05,0.047,take_profit,False,3,1,291669.56,13708.47,2015
MARKSANS,2015-03-30,2015-04-01,59.2116,62.1722,9.01,2.56,9.9,0.05,0.047,take_profit,False,2,2,231552.94,10882.99,2015
SCHNEIDER,2015-03-30,2015-04-01,210.3051,220.8204,1.65,1.65,7.79,0.05,0.047,take_profit,False,2,2,289441.17,13603.74,2015
EIHOTEL,2015-03-30,2015-04-16,102.4979,102.4887,2.2,1.67,2.86,-9e-05,-0.00309,time_exit,False,17,10,361801.46,-1117.97,2015
SCHNEIDER,2015-03-30,2015-04-01,210.3051,220.8204,6.21,1.65,7.79,0.05,0.047,take_profit,False,2,2,452251.83,21255.84,2015
BEL,2015-04-01,2015-04-08,29.2588,30.7218,3.78,2.37,4.15,0.05,0.047,take_profit,False,7,3,389040.05,18284.88,2015
JKTYRE,2015-04-01,2015-04-06,101.3597,106.4277,9.18,4.39,13.06,0.05,0.047,take_profit,False,5,1,311232.04,14627.91,2015
ABREL,2015-04-01,2015-04-07,636.016,667.8168,2.34,2.19,6.59,0.05,0.047,take_profit,False,6,2,248985.63,11702.32,2015
KEC,2015-04-06,2015-04-07,79.0495,75.097,1.73,2.34,1.78,-0.05,-0.053,stopped_out,True,1,1,264360.49,-14011.11,2015
JUBLPHARMA,2015-04-07,2015-04-16,118.6698,112.7363,2.11,5.42,5.9,-0.05,-0.053,stopped_out,True,9,6,313695.86,-16625.88,2015
SARDAEN,2015-04-07,2015-04-08,13.7789,13.09,7.06,2.66,12.28,-0.05,-0.053,stopped_out,True,1,1,250956.69,-13300.7,2015
ICIL,2015-04-08,2015-04-16,86.6856,82.3513,8.95,8.22,16.97,-0.05,-0.053,stopped_out,True,8,5,263809.23,-13981.89,2015
RTNINDIA,2015-04-08,2015-04-09,2.7014,2.8364,4.35,2.44,12.5,0.05,0.047,take_profit,False,1,1,329761.54,15498.79,2015
CGCL,2015-04-09,2015-04-15,36.4482,34.6258,0.82,4.36,8.05,-0.05,-0.053,stopped_out,True,6,3,375648.53,-19909.37,2015
ASHOKLEY,2015-04-09,2015-04-20,31.2138,29.6532,0.6,1.53,2.59,-0.05,-0.053,stopped_out,True,11,6,300518.83,-15927.5,2015
CHOLAFIN,2015-04-15,2015-04-24,117.8655,111.9723,2.44,2.52,3.29,-0.05,-0.053,stopped_out,True,9,7,311562.89,-16512.83,2015
MARICO,2015-04-16,2015-04-20,179.2236,170.2624,1.89,1.51,3.21,-0.05,-0.053,stopped_out,True,4,2,430766.48,-22830.62,2015
ONGC,2015-04-16,2015-04-22,125.3757,119.1069,1.58,1.68,2.84,-0.05,-0.053,stopped_out,True,6,4,344613.18,-18264.5,2015
ONGC,2015-04-16,2015-04-22,125.3757,119.1069,1.62,1.68,2.84,-0.05,-0.053,stopped_out,True,6,4,275690.55,-14611.6,2015
IGL,2015-04-21,2015-04-23,36.9728,38.8214,1.04,2.25,3.23,0.05,0.047,take_profit,False,2,2,359057.87,16875.72,2015
WELENT,2015-04-22,2015-04-23,30.7583,32.2962,3.33,6.7,3.15,0.05,0.047,take_profit,False,1,1,259028.37,12174.33,2015
CHENNPETRO,2015-04-22,2015-04-23,64.9081,68.1535,1.43,1.97,2.07,0.05,0.047,take_profit,False,1,1,404731.82,19022.4,2015
M&MFIN,2015-04-22,2015-04-24,146.6246,153.9558,0.87,2.12,2.59,0.05,0.047,take_profit,False,2,2,323785.46,15217.92,2015
KNRCON,2015-04-23,2015-04-27,47.2768,44.913,0.55,2.29,4.5,-0.05,-0.053,stopped_out,True,4,2,421400.8,-22334.24,2015
CHENNPETRO,2015-04-23,2015-04-24,70.8829,67.3387,1.64,4.5,8.75,-0.05,-0.053,stopped_out,True,1,1,337120.64,-17867.39,2015
YESBANK,2015-04-23,2015-04-27,162.0792,153.9753,2.22,3.12,5.75,-0.05,-0.053,stopped_out,True,4,2,269696.51,-14293.92,2015
UPL,2015-04-27,2015-04-28,267.0668,280.4201,1.21,2.29,3.3,0.05,0.047,take_profit,False,1,1,537312.37,25253.68,2015
MARUTI,2015-04-27,2015-04-28,3312.911,3478.5565,2.6,4.94,2.39,0.05,0.047,take_profit,False,1,1,429849.9,20202.95,2015
ICICIBANK,2015-04-28,2015-05-06,272.9201,259.2741,3.87,2.79,6.95,-0.05,-0.053,stopped_out,True,8,5,279758.69,-14827.21,2015
NATCOPHARM,2015-04-28,2015-04-30,379.315,398.2807,3.59,1.92,10.71,0.05,0.047,take_profit,False,2,2,349698.37,16435.82,2015
MARUTI,2015-04-28,2015-05-06,3471.0926,3297.538,1.64,2.84,4.33,-0.05,-0.053,stopped_out,True,8,5,546403.7,-28959.4,2015
WELCORP,2015-04-28,2015-04-29,54.9407,59.6566,19.85,6.77,20.04,0.085837,0.082837,take_profit_gap,False,1,1,437122.96,36209.95,2015
WELSPUNLIV,2015-04-29,2015-04-30,40.5348,42.5615,4.01,6.53,7.31,0.05,0.047,take_profit,False,1,1,318473.54,14968.26,2015
CANFINHOME,2015-04-29,2015-05-04,131.2908,137.8554,3.05,1.65,4.71,0.05,0.047,take_profit,False,5,2,254778.83,11974.61,2015
VGUARD,2015-04-30,2015-05-06,67.9953,64.5955,4.6,1.52,4.74,-0.05,-0.053,stopped_out,True,6,3,343738.26,-18218.13,2015
BAJAJFINSV,2015-04-30,2015-05-07,142.7178,135.5819,3.04,2.97,3.45,-0.05,-0.053,stopped_out,True,7,4,274990.61,-14574.5,2015
FORTIS,2015-05-04,2015-05-06,172.1023,163.4972,3.0,2.47,9.01,-0.05,-0.053,stopped_out,True,2,2,273343.17,-14487.19,2015
ABFRL,2015-05-07,2015-05-08,168.7388,177.1758,3.36,1.98,7.81,0.05,0.047,take_profit,False,1,1,544108.14,25573.08,2015
EICHERMOT,2015-05-08,2015-05-11,1463.6007,1536.7807,5.22,1.99,5.7,0.05,0.047,take_profit,False,3,1,439378.21,20650.78,2015
SWANCORP,2015-05-08,2015-05-22,63.5173,63.4538,6.56,1.89,7.2,-0.001,-0.004,time_exit,False,14,10,549222.76,-2196.89,2015
ASHOKLEY,2015-05-11,2015-05-12,30.7993,29.2594,2.98,1.91,6.75,-0.05,-0.053,stopped_out,True,1,1,443508.36,-23505.94,2015
ASHOKLEY,2015-05-11,2015-05-12,30.7993,29.2594,0.61,1.91,6.75,-0.05,-0.053,stopped_out,True,1,1,354806.69,-18804.75,2015
EICHERMOT,2015-05-11,2015-05-13,1564.7328,1642.9694,4.21,3.13,5.65,0.05,0.047,take_profit,False,2,2,283845.35,13340.73,2015
RELAXO,2015-05-11,2015-05-12,205.0529,194.8002,7.98,8.8,6.62,-0.05,-0.053,stopped_out,True,1,1,227076.28,-12035.04,2015
CASTROLIND,2015-05-12,2015-05-22,158.6585,150.7256,1.36,1.64,3.75,-0.05,-0.053,stopped_out,True,10,8,375870.14,-19921.12,2015
GSPL,2015-05-12,2015-05-25,106.8026,101.4625,3.2,2.37,1.74,-0.05,-0.053,stopped_out,True,13,9,300696.11,-15936.89,2015
TRIVENI,2015-05-12,2015-05-13,18.2407,17.3287,0.75,3.78,11.73,-0.05,-0.053,stopped_out,True,1,1,240556.89,-12749.52,2015
CUB,2015-05-13,2015-05-27,77.0331,77.6112,1.65,2.19,4.45,0.007505,0.004505,time_exit,False,14,10,297444.21,1339.99,2015
TATAINVEST,2015-05-13,2015-05-27,46.445,46.2333,0.69,2.18,3.28,-0.004558,-0.007558,time_exit,False,14,10,237955.36,-1798.47,2015
TATAELXSI,2015-05-22,2015-06-03,545.8012,518.5111,2.31,2.06,5.1,-0.05,-0.053,stopped_out,True,12,8,370959.27,-19660.84,2015
VOLTAS,2015-05-22,2015-05-26,298.5395,313.4665,0.75,6.34,6.28,0.05,0.047,take_profit,False,4,2,296767.42,13948.07,2015
CHENNPETRO,2015-05-25,2015-05-26,84.3068,88.5221,0.55,11.15,17.59,0.05,0.047,take_profit,False,1,1,294365.78,13835.19,2015
STAR,2015-05-26,2015-06-03,1057.4932,1004.6185,0.6,1.5,3.27,-0.05,-0.053,stopped_out,True,8,6,359275.91,-19041.62,2015
BHEL,2015-05-26,2015-05-28,147.4452,154.8175,0.68,2.85,4.41,0.05,0.047,take_profit,False,2,2,287420.73,13508.77,2015
BBTC,2015-05-27,2015-05-28,486.4629,510.786,1.81,1.58,2.99,0.05,0.047,take_profit,False,1,1,336924.8,15835.47,2015
SURYAROSNI,2015-05-27,2015-06-03,27.1506,25.793,1.62,2.22,4.14,-0.05,-0.053,stopped_out,True,7,5,269539.84,-14285.61,2015
BPCL,2015-05-28,2015-06-01,70.5216,74.0477,2.97,2.62,2.26,0.05,0.047,take_profit,False,4,2,346369.83,16279.38,2015
UCOBANK,2015-05-28,2015-06-02,60.9635,57.9153,2.68,2.62,4.22,-0.05,-0.053,stopped_out,True,5,3,277095.86,-14686.08,2015
MARUTI,2015-06-01,2015-06-09,3525.8018,3349.5117,0.67,1.86,2.56,-0.05,-0.053,stopped_out,True,8,6,294206.53,-15592.95,2015
PRAJIND,2015-06-02,2015-06-03,63.2899,60.1255,1.5,4.34,3.27,-0.05,-0.053,stopped_out,True,1,1,287847.18,-15255.9,2015
COFORGE,2015-06-03,2015-06-09,67.9804,64.5813,3.01,2.31,3.85,-0.05,-0.053,stopped_out,True,6,4,474153.39,-25130.13,2015
BEML,2015-06-04,2015-06-05,442.4789,464.6028,5.59,2.8,6.36,0.05,0.047,take_profit,False,1,1,379322.71,17828.17,2015
TIMETECHNO,2015-06-04,2015-06-10,23.6487,22.4663,2.97,2.21,5.25,-0.05,-0.053,stopped_out,True,6,4,303458.17,-16083.28,2015
PRAJIND,2015-06-04,2015-06-05,70.8095,74.35,7.73,5.66,14.99,0.05,0.047,take_profit,False,1,1,242766.54,11410.03,2015
GABRIEL,2015-06-05,2015-06-08,73.8058,70.1155,0.54,4.05,7.95,-0.05,-0.053,stopped_out,True,3,1,324478.72,-17197.37,2015
BRITANNIA,2015-06-05,2015-06-19,1177.6018,1174.6882,2.05,2.04,4.6,-0.002474,-0.005474,time_exit,False,14,10,259582.97,-1420.96,2015
KEC,2015-06-09,2015-06-11,116.2926,110.478,6.42,3.75,16.54,-0.05,-0.053,stopped_out,True,2,2,331720.01,-17581.16,2015
BIOCON,2015-06-09,2015-06-23,73.8926,75.7731,0.66,1.88,4.86,0.025449,0.022449,time_exit,False,14,10,414650.02,9308.48,2015
CHENNPETRO,2015-06-10,2015-06-11,97.0711,101.9247,17.75,1.52,20.0,0.05,0.047,take_profit,False,1,1,322850.99,15174.0,2015
JKPAPER,2015-06-10,2015-06-12,27.9953,26.5955,5.18,2.76,7.99,-0.05,-0.053,stopped_out,True,2,2,258280.79,-13688.88,2015
GESHIP,2015-06-11,2015-06-25,246.5234,241.275,1.58,5.55,1.79,-0.021289,-0.024289,time_exit,False,14,10,337057.4,-8186.79,2015
CHENNPETRO,2015-06-11,2015-06-12,103.2787,108.4427,1.95,3.73,1.6,0.05,0.047,take_profit,False,1,1,269645.92,12673.36,2015
KITEX,2015-06-15,2015-06-18,202.2525,212.3652,1.07,1.63,4.06,0.05,0.047,take_profit,False,3,3,321098.97,15091.65,2015
ELECON,2015-06-15,2015-06-17,32.8768,34.5207,0.68,2.62,6.94,0.05,0.047,take_profit,False,2,2,256879.18,12073.32,2015
RELIANCE,2015-06-17,2015-06-18,201.877,211.9708,2.95,1.71,2.89,0.05,0.047,take_profit,False,1,1,259293.84,12186.81,2015
STLTECH,2015-06-18,2015-06-24,62.4028,65.523,1.24,1.53,5.15,0.05,0.047,take_profit,False,6,4,263175.46,12369.25,2015
CHENNPETRO,2015-06-18,2015-06-22,117.6726,123.5562,1.29,2.18,5.31,0.05,0.047,take_profit,False,4,2,328969.33,15461.56,2015
COFORGE,2015-06-19,2015-07-03,68.0656,66.7629,1.52,2.29,3.45,-0.019138,-0.022138,time_exit,False,14,10,262172.77,-5803.98,2015
KPRMILL,2015-06-22,2015-06-29,58.4349,55.5131,3.89,3.54,8.3,-0.05,-0.053,stopped_out,True,7,5,278624.4,-14767.09,2015
JSL,2015-06-23,2015-06-29,40.6309,38.5994,1.21,3.21,5.63,-0.05,-0.053,stopped_out,True,6,4,307691.22,-16307.63,2015
SUBROS,2015-06-24,2015-06-29,58.4461,55.3347,0.71,6.67,6.62,-0.053235,-0.056235,stopped_out_gap,False,5,3,301261.92,-16941.46,2015
KARURVYSYA,2015-06-25,2015-07-01,59.623,56.6418,2.97,3.37,6.65,-0.05,-0.053,stopped_out,True,6,4,306783.66,-16259.53,2015
STLTECH,2015-06-29,2015-06-30,73.5706,77.2491,8.67,6.14,15.29,0.05,0.047,take_profit,False,1,1,413339.19,19426.94,2015
PRAJIND,2015-06-29,2015-07-08,80.6268,84.6581,2.18,2.96,10.29,0.05,0.047,take_profit,False,9,7,330671.35,15541.55,2015
TANLA,2015-06-29,2015-06-30,17.3447,18.212,5.0,4.18,14.11,0.05,0.047,take_profit,False,1,1,264537.08,12433.24,2015
KEI,2015-06-30,2015-07-01,67.8053,75.479,7.36,1.95,5.11,0.113172,0.110172,take_profit_gap,False,1,1,353576.96,38954.28,2015
LTF,2015-06-30,2015-07-07,55.071,58.3502,1.24,2.43,2.33,0.059546,0.056546,take_profit_gap,False,7,5,282861.57,15994.69,2015
RTNINDIA,2015-07-01,2015-07-02,2.2511,2.3637,2.22,2.94,7.14,0.05,0.047,take_profit,False,1,1,362900.33,17056.32,2015
JISLJALEQS,2015-07-01,2015-07-08,64.2054,67.4157,2.8,4.33,1.83,0.05,0.047,take_profit,False,7,5,290320.26,13645.05,2015
CEATLTD,2015-07-02,2015-07-08,649.3174,616.8515,4.28,2.55,1.58,-0.05,-0.053,stopped_out,True,6,4,308247.54,-16337.12,2015
NAVINFLUOR,2015-07-03,2015-07-13,210.0874,199.583,3.36,4.11,6.8,-0.05,-0.053,stopped_out,True,10,6,297871.79,-15787.2,2015
BERGEPAINT,2015-07-07,2015-07-21,121.2672,120.8091,1.34,2.52,3.73,-0.003778,-0.006778,time_exit,False,14,10,298068.68,-2020.31,2015
TI,2015-07-08,2015-07-09,30.224,28.7128,9.87,13.99,2.7,-0.05,-0.053,stopped_out,True,1,1,341498.14,-18099.4,2015
OLECTRA,2015-07-08,2015-07-09,16.9837,17.8329,0.59,3.13,3.34,0.05,0.047,take_profit,False,1,1,426872.67,20063.02,2015
GAEL,2015-07-08,2015-07-14,8.7548,8.3171,2.72,2.29,1.78,-0.05,-0.053,stopped_out,True,6,4,273198.51,-14479.52,2015
HSCL,2015-07-09,2015-07-10,16.863,17.7061,1.17,3.27,3.94,0.05,0.047,take_profit,False,1,1,298100.55,14010.73,2015
AVANTIFEED,2015-07-09,2015-07-10,118.6056,124.5359,3.46,5.64,3.2,0.05,0.047,take_profit,False,1,1,372625.69,17513.41,2015
PATELENG,2015-07-10,2015-07-14,56.7637,59.6019,0.92,1.89,2.31,0.05,0.047,take_profit,False,4,2,378930.52,17809.73,2015
CGPOWER,2015-07-10,2015-07-17,63.8768,67.0706,1.39,2.4,2.5,0.05,0.047,take_profit,False,7,5,303144.42,14247.79,2015
INTELLECT,2015-07-13,2015-07-14,101.6092,106.6896,1.45,2.21,3.86,0.05,0.047,take_profit,False,1,1,298932.45,14049.83,2015
RTNINDIA,2015-07-14,2015-07-15,2.5513,2.4237,1.96,4.25,13.33,-0.05,-0.053,stopped_out,True,1,1,432834.26,-22940.22,2015
BANCOINDIA,2015-07-14,2015-07-15,28.0535,29.4561,4.37,4.27,1.97,0.05,0.047,take_profit,False,1,1,346267.41,16274.57,2015
INTELLECT,2015-07-14,2015-07-15,105.8487,111.1411,2.39,2.97,3.94,0.05,0.047,take_profit,False,1,1,277013.93,13019.65,2015
FDC,2015-07-15,2015-07-20,153.6327,161.3143,0.64,4.48,2.22,0.05,0.047,take_profit,False,5,3,277827.24,13057.88,2015
TITAGARH,2015-07-15,2015-07-17,106.0317,111.3333,0.73,1.55,2.66,0.05,0.047,take_profit,False,2,2,347284.05,16322.35,2015
BSOFT,2015-07-15,2015-07-17,54.8393,57.5813,5.69,2.03,6.24,0.05,0.047,take_profit,False,2,2,434105.06,20402.94,2015
MAHABANK,2015-07-17,2015-07-21,34.0115,36.3178,1.53,2.04,4.39,0.067809,0.064809,take_profit_gap,False,4,2,449363.11,29122.77,2015
ABFRL,2015-07-17,2015-07-20,192.309,201.9245,5.1,2.55,3.94,0.05,0.047,take_profit,False,3,1,359490.49,16896.05,2015
JBCHEPHARM,2015-07-17,2015-07-30,114.4671,120.1904,0.57,2.69,1.72,0.05,0.047,take_profit,False,13,9,287592.39,13516.84,2015
ELGIEQUIP,2015-07-20,2015-07-27,67.4129,64.0423,1.96,12.83,6.28,-0.05,-0.053,stopped_out,True,7,5,363528.25,-19267.0,2015
ABFRL,2015-07-20,2015-07-22,222.0923,233.1969,9.26,5.44,12.66,0.05,0.047,take_profit,False,2,2,290822.6,13668.66,2015
AURIONPRO,2015-07-21,2015-07-27,78.812,74.8714,1.97,4.24,8.06,-0.05,-0.053,stopped_out,True,6,4,387564.93,-20540.94,2015
CCL,2015-07-21,2015-07-23,184.5776,193.8064,2.93,7.5,1.85,0.05,0.047,take_profit,False,2,2,310051.94,14572.44,2015
MPHASIS,2015-07-22,2015-07-27,317.9935,302.0939,0.77,2.94,1.94,-0.05,-0.053,stopped_out,True,5,3,308939.81,-16373.81,2015
LICHSGFIN,2015-07-23,2015-08-06,417.5843,438.4635,0.59,1.57,1.84,0.05,0.047,take_profit,False,14,10,312076.72,14667.61,2015
TRIVENI,2015-07-27,2015-07-28,21.7976,22.8875,11.72,11.39,10.14,0.05,0.047,take_profit,False,1,1,450431.63,21170.29,2015
JINDALSAW,2015-07-27,2015-07-29,32.7563,31.1185,13.05,9.29,20.85,-0.05,-0.053,stopped_out,True,2,2,360345.3,-19098.3,2015
JINDWORLD,2015-07-27,2015-07-29,2.04,1.938,3.29,3.38,8.68,-0.05,-0.053,stopped_out,True,2,2,288276.24,-15278.64,2015
KPRMILL,2015-07-28,2015-07-29,64.9381,68.1851,4.31,4.26,4.41,0.05,0.047,take_profit,False,1,1,324941.38,15272.24,2015
CUMMINSIND,2015-07-29,2015-08-06,828.7679,870.2063,1.44,1.54,5.29,0.05,0.047,take_profit,False,8,6,450844.74,21189.7,2015
DCAL,2015-07-29,2015-07-31,100.3375,105.3544,3.64,6.08,7.68,0.05,0.047,take_profit,False,2,2,360675.8,16951.76,2015
JWL,2015-07-29,2015-08-04,21.5545,22.6322,4.15,2.92,6.37,0.05,0.047,take_profit,False,6,4,288540.64,13561.41,2015
RELINFRA,2015-07-30,2015-08-04,381.4701,400.5436,3.88,1.59,4.84,0.05,0.047,take_profit,False,5,3,291054.36,13679.55,2015
INDIACEM,2015-07-31,2015-08-06,88.5111,84.0856,2.78,1.97,6.01,-0.05,-0.053,stopped_out,True,6,4,308369.0,-16343.56,2015
SHILPAMED,2015-08-04,2015-08-05,265.1992,281.5654,21.68,9.23,21.26,0.061713,0.058713,take_profit_gap,False,1,1,368062.39,21610.05,2015
TORNTPOWER,2015-08-04,2015-08-05,128.9293,135.3757,2.13,5.97,7.91,0.05,0.047,take_profit,False,1,1,294449.91,13839.15,2015
BHARATFORG,2015-08-05,2015-08-12,576.1926,547.3829,1.72,2.15,4.86,-0.05,-0.053,stopped_out,True,7,5,375152.23,-19883.07,2015
PURVA,2015-08-05,2015-08-11,60.9531,57.9055,0.55,3.76,3.5,-0.05,-0.053,stopped_out,True,6,4,300121.78,-15906.45,2015
ALOKINDS,2015-08-06,2015-08-11,8.2541,7.8414,6.06,4.56,12.24,-0.05,-0.053,stopped_out,True,5,3,458258.27,-24287.69,2015
GHCL,2015-08-06,2015-08-07,77.2413,81.1033,4.1,4.11,4.94,0.05,0.047,take_profit,False,1,1,366606.62,17230.51,2015
GRAVITA,2015-08-06,2015-08-10,33.0621,31.409,3.35,2.46,9.82,-0.05,-0.053,stopped_out,True,4,2,293285.29,-15544.12,2015
GHCL,2015-08-07,2015-08-10,92.6658,97.2991,16.09,6.49,19.54,0.05,0.047,take_profit,False,3,1,311395.66,14635.6,2015
INDIAGLYCO,2015-08-10,2015-08-11,44.6176,48.7376,8.59,2.42,4.49,0.092341,0.089341,take_profit_gap,False,1,1,295896.81,26435.72,2015
GNFC,2015-08-10,2015-08-12,53.4948,50.8201,1.66,3.04,3.06,-0.05,-0.053,stopped_out,True,2,2,369871.01,-19603.16,2015
COFORGE,2015-08-11,2015-08-13,90.082,85.5779,2.78,1.61,7.53,-0.05,-0.053,stopped_out,True,2,2,444821.14,-23575.52,2015
CHENNPETRO,2015-08-11,2015-08-12,187.3139,177.9482,6.71,6.25,15.5,-0.05,-0.053,stopped_out,True,1,1,355856.91,-18860.42,2015
ECLERX,2015-08-11,2015-08-18,838.0673,879.9706,1.78,8.35,2.85,0.05,0.047,take_profit,False,7,5,284685.53,13380.22,2015
PGIL,2015-08-12,2015-08-14,102.3072,97.1918,1.45,8.97,6.3,-0.05,-0.053,stopped_out,True,2,2,436255.12,-23121.52,2015
HCLTECH,2015-08-12,2015-08-24,363.3578,345.1899,1.04,1.52,3.08,-0.05,-0.053,stopped_out,True,12,8,349004.1,-18497.22,2015
ADANIPORTS,2015-08-13,2015-08-14,317.2397,333.1017,2.45,1.79,2.04,0.05,0.047,take_profit,False,1,1,363452.4,17082.26,2015
CIPLA,2015-08-13,2015-08-18,679.8146,645.8239,0.82,1.57,1.92,-0.05,-0.053,stopped_out,True,5,3,290761.92,-15410.38,2015
ADANIPORTS,2015-08-14,2015-08-24,344.7743,327.5356,5.11,4.35,6.99,-0.05,-0.053,stopped_out,True,10,6,313074.55,-16592.95,2015
SUNDRMFAST,2015-08-14,2015-08-21,159.8212,151.8301,0.74,2.14,2.81,-0.05,-0.053,stopped_out,True,7,5,391343.19,-20741.19,2015
TATAELXSI,2015-08-18,2015-08-19,961.1532,1009.2108,0.74,2.99,19.07,0.05,0.047,take_profit,False,1,1,365143.1,17161.73,2015
TATAELXSI,2015-08-18,2015-08-19,961.1532,1009.2108,14.88,2.99,19.07,0.05,0.047,take_profit,False,1,1,292114.48,13729.38,2015
DIVISLAB,2015-08-19,2015-08-24,1118.0269,1062.1255,3.12,2.18,5.05,-0.05,-0.053,stopped_out,True,5,3,371321.32,-19680.03,2015
DIVISLAB,2015-08-19,2015-08-24,1118.0269,1062.1255,2.95,2.18,5.05,-0.05,-0.053,stopped_out,True,5,3,297057.06,-15744.02,2015
ZENSARTECH,2015-08-27,2015-09-04,144.2796,137.0656,1.94,1.87,5.8,-0.05,-0.053,stopped_out,True,8,6,563754.6,-29878.99,2015
ESCORTS,2015-08-27,2015-08-28,162.4442,154.322,7.52,1.84,16.0,-0.05,-0.053,stopped_out,True,1,1,451003.68,-23903.2,2015
TITAN,2015-08-27,2015-09-01,333.8014,317.1114,1.53,3.03,8.45,-0.05,-0.053,stopped_out,True,5,3,360802.95,-19122.56,2015
PGEL,2015-08-28,2015-08-31,14.7511,15.4886,12.51,2.64,4.02,0.05,0.047,take_profit,False,3,1,239399.97,11251.8,2015
JKLAKSHMI,2015-08-28,2015-09-11,335.4713,348.8706,3.05,1.94,2.02,0.039942,0.036942,time_exit,False,14,10,374062.46,13818.62,2015
PGEL,2015-08-28,2015-08-31,14.7511,15.4886,6.51,2.64,4.02,0.05,0.047,take_profit,False,3,1,299249.96,14064.75,2015
DCAL,2015-08-31,2015-09-01,108.7908,114.2304,2.69,2.22,6.22,0.05,0.047,take_profit,False,1,1,304313.27,14302.72,2015
DCAL,2015-08-31,2015-09-01,108.7908,114.2304,1.17,2.22,6.22,0.05,0.047,take_profit,False,1,1,243450.62,11442.18,2015
APLAPOLLO,2015-09-02,2015-09-03,43.9653,46.1636,1.62,2.54,7.8,0.05,0.047,take_profit,False,1,1,377798.33,17756.52,2015
DCAL,2015-09-02,2015-09-03,127.6087,121.2283,1.33,5.91,12.97,-0.05,-0.053,stopped_out,True,1,1,302238.67,-16018.65,2015
DCAL,2015-09-02,2015-09-03,127.6087,121.2283,4.42,5.91,12.97,-0.05,-0.053,stopped_out,True,1,1,241790.93,-12814.92,2015
SUBROS,2015-09-03,2015-09-04,82.0981,77.9932,0.87,2.07,5.58,-0.05,-0.053,stopped_out,True,1,1,375582.92,-19905.89,2015
HFCL,2015-09-09,2015-09-14,13.7119,14.3975,3.09,2.28,5.28,0.05,0.047,take_profit,False,5,3,382701.49,17986.97,2015
CHENNPETRO,2015-09-09,2015-09-10,174.8212,166.0801,3.73,1.84,10.12,-0.05,-0.053,stopped_out,True,1,1,478376.87,-25353.97,2015
HFCL,2015-09-09,2015-09-14,13.7119,14.3975,1.43,2.28,5.28,0.05,0.047,take_profit,False,5,3,306161.19,14389.58,2015
CANFINHOME,2015-09-10,2015-09-24,149.3437,156.8109,3.91,1.84,6.07,0.05,0.047,take_profit,False,14,9,335533.53,15770.08,2015
JKTYRE,2015-09-10,2015-09-14,91.6285,96.2099,2.58,1.61,7.86,0.05,0.047,take_profit,False,4,2,268426.83,12616.06,2015
OLECTRA,2015-09-11,2015-09-14,16.7839,18.6634,5.71,12.5,15.86,0.111983,0.108983,take_profit_gap,False,3,1,292317.68,31857.66,2015
KIRLOSENG,2015-09-14,2015-09-18,241.1381,253.1951,0.6,2.22,2.97,0.05,0.047,take_profit,False,4,3,399316.5,18767.88,2015
BERGEPAINT,2015-09-14,2015-09-30,125.3261,123.7084,0.77,1.87,3.06,-0.012908,-0.015908,time_exit,False,16,10,319453.2,-5081.86,2015
HFCL,2015-09-14,2015-09-21,14.9406,15.6876,2.63,2.0,7.42,0.05,0.047,take_profit,False,7,4,499145.63,23459.84,2015
KIRLOSENG,2015-09-14,2015-09-18,241.1381,253.1951,2.39,2.22,2.97,0.05,0.047,take_profit,False,4,3,255562.56,12011.44,2015
GODFRYPHLP,2015-09-18,2015-09-21,188.0827,197.4868,2.69,9.47,14.18,0.05,0.047,take_profit,False,3,1,273265.38,12843.47,2015
SHRIRAMFIN,2015-09-18,2015-10-06,153.8813,161.5754,1.25,1.86,2.31,0.05,0.047,take_profit,False,18,10,341581.73,16054.34,2015
JAMNAAUTO,2015-09-21,2015-09-22,18.2558,19.1686,1.41,7.48,5.63,0.05,0.047,take_profit,False,1,1,304284.14,14301.35,2015
GRANULES,2015-09-21,2015-09-23,123.9588,117.3272,0.95,2.53,8.33,-0.053498,-0.056498,stopped_out_gap,False,2,2,380355.17,-21489.31,2015
TRIDENT,2015-09-22,2015-09-23,3.0033,3.1535,6.41,2.87,6.84,0.05,0.047,take_profit,False,1,1,307144.41,14435.79,2015
GRANULES,2015-09-23,2015-09-24,129.8594,136.3524,1.96,2.2,10.57,0.05,0.047,take_profit,False,1,1,381804.74,17944.82,2015
MARKSANS,2015-09-23,2015-09-24,98.2813,103.1954,2.4,2.36,11.82,0.05,0.047,take_profit,False,1,1,305443.79,14355.86,2015
LUPIN,2015-09-24,2015-10-01,1881.4828,1975.5569,2.19,2.39,2.33,0.05,0.047,take_profit,False,7,4,458525.6,21550.7,2015
FDC,2015-09-24,2015-10-05,225.7603,237.0484,2.73,6.83,8.37,0.05,0.047,take_profit,False,11,5,366820.48,17240.56,2015
V2RETAIL,2015-09-24,2015-09-28,70.9855,74.5347,8.17,3.68,15.37,0.05,0.047,take_profit,False,4,1,293456.38,13792.45,2015
IDBI,2015-09-28,2015-10-12,74.8963,71.1515,2.4,3.81,5.75,-0.05,-0.053,stopped_out,True,14,9,296214.87,-15699.39,2015
JISLJALEQS,2015-09-30,2015-10-12,59.7454,62.7326,2.03,1.55,4.48,0.05,0.047,take_profit,False,12,7,299846.17,14092.77,2015
IMFA,2015-10-01,2015-10-05,59.9019,56.9068,7.78,7.06,19.65,-0.05,-0.053,stopped_out,True,4,1,335892.19,-17802.29,2015
DCAL,2015-10-05,2015-10-08,183.5279,174.3515,0.57,1.61,4.1,-0.05,-0.053,stopped_out,True,3,3,409143.94,-21684.63,2015
OLECTRA,2015-10-05,2015-10-06,17.733,18.6196,1.87,3.56,8.23,0.05,0.047,take_profit,False,1,1,327315.15,15383.81,2015
ITI,2015-10-06,2015-10-07,27.2136,28.5743,9.01,8.98,12.16,0.05,0.047,take_profit,False,1,1,401919.13,18890.2,2015
ESCORTS,2015-10-06,2015-10-16,154.673,162.4067,1.17,2.31,3.98,0.05,0.047,take_profit,False,10,8,321535.3,15112.16,2015
TVSMOTOR,2015-10-07,2015-10-21,227.5764,238.9552,1.72,4.46,4.62,0.05,0.047,take_profit,False,14,10,341390.11,16045.34,2015
ELGIEQUIP,2015-10-08,2015-10-09,65.3905,68.66,10.11,18.62,12.72,0.05,0.047,take_profit,False,1,1,350603.95,16478.39,2015
NATIONALUM,2015-10-09,2015-10-13,21.1582,22.2161,1.37,3.11,2.52,0.05,0.047,take_profit,False,4,2,353899.63,16633.28,2015
VAIBHAVGBL,2015-10-12,2015-10-13,70.3843,73.9035,10.76,7.49,14.51,0.05,0.047,take_profit,False,1,1,321608.47,15115.6,2015
DATAMATICS,2015-10-12,2015-10-13,53.4908,56.1654,0.87,3.38,3.22,0.05,0.047,take_profit,False,1,1,402010.59,18894.5,2015
FINPIPE,2015-10-13,2015-10-14,46.1935,48.5032,4.73,2.35,5.23,0.05,0.047,take_profit,False,1,1,482919.19,22697.2,2015
BERGEPAINT,2015-10-13,2015-10-28,128.8497,123.9336,0.78,1.91,1.6,-0.038153,-0.041153,time_exit,False,15,10,386335.35,-15898.86,2015
COROMANDEL,2015-10-13,2015-10-28,169.0443,167.8673,9.61,1.91,2.58,-0.006963,-0.009963,time_exit,False,15,10,309068.28,-3079.25,2015
FINPIPE,2015-10-14,2015-10-20,48.9832,51.4324,0.89,5.41,4.04,0.05,0.047,take_profit,False,6,4,348377.9,16373.76,2015
ACE,2015-10-16,2015-10-21,44.8539,42.6112,2.78,5.34,7.34,-0.05,-0.053,stopped_out,True,5,3,346031.81,-18339.69,2015
ICIL,2015-10-20,2015-10-26,170.2225,178.705,0.8,1.98,1.92,0.049832,0.046832,take_profit_gap,False,6,3,349775.78,16380.7,2015
KPRMILL,2015-10-21,2015-10-23,78.3024,82.2175,6.69,1.99,6.02,0.05,0.047,take_profit,False,2,1,333476.91,15673.41,2015
RENUKA,2015-10-21,2015-10-30,12.1561,11.5483,2.06,2.46,3.85,-0.05,-0.053,stopped_out,True,9,6,416846.14,-22092.85,2015
WEBELSOLAR,2015-10-23,2015-10-29,2.4062,2.5265,1.25,2.02,11.86,0.05,0.047,take_profit,False,6,4,336611.6,15820.75,2015
GODREJIND,2015-10-26,2015-11-03,378.1953,397.105,1.96,2.08,3.82,0.05,0.047,take_profit,False,8,6,342520.57,16098.47,2015
RADICO,2015-10-28,2015-11-03,97.4537,102.3264,3.17,2.52,5.49,0.05,0.047,take_profit,False,6,4,409301.56,19237.17,2015
PCJEWELLER,2015-10-28,2015-10-29,20.2077,21.2181,0.98,2.36,7.5,0.05,0.047,take_profit,False,1,1,327441.25,15389.74,2015
DRREDDY,2015-10-29,2015-11-06,789.8207,750.3296,0.71,2.37,2.59,-0.05,-0.053,stopped_out,True,8,6,401005.67,-21253.3,2015
MPHASIS,2015-10-29,2015-10-30,397.1703,377.3118,1.69,6.62,14.02,-0.05,-0.053,stopped_out,True,1,1,320804.53,-17002.64,2015
KTKBANK,2015-10-30,2015-11-06,72.3249,68.7087,0.97,3.66,3.29,-0.05,-0.053,stopped_out,True,7,5,396354.67,-21006.8,2015
KOTAKBANK,2015-10-30,2015-11-05,136.7087,129.8733,0.73,3.93,3.42,-0.05,-0.053,stopped_out,True,6,4,317083.73,-16805.44,2015
ITI,2015-11-03,2015-11-05,28.1141,26.7083,0.53,1.69,4.46,-0.05,-0.053,stopped_out,True,2,2,411098.54,-21788.22,2015
GNFC,2015-11-03,2015-11-04,48.8886,53.364,7.36,2.63,2.02,0.091545,0.088545,take_profit_gap,False,1,1,328878.83,29120.58,2015
JISLJALEQS,2015-11-04,2015-11-06,63.0982,59.9433,2.66,3.34,5.04,-0.05,-0.053,stopped_out,True,2,2,334702.95,-17739.26,2015
MOTHERSON,2015-11-06,2015-11-09,28.5357,29.9625,4.02,2.92,8.65,0.05,0.047,take_profit,False,3,1,620092.87,29144.36,2015
ALLCARGO,2015-11-09,2015-11-13,36.0295,37.831,1.07,1.78,6.74,0.05,0.047,take_profit,False,4,2,625921.74,29418.32,2015
BSOFT,2015-11-09,2015-11-13,78.9466,74.9993,2.95,1.86,9.6,-0.05,-0.053,stopped_out,True,4,2,500737.39,-26539.08,2015
GESHIP,2015-11-09,2015-11-20,286.7996,272.4597,4.27,6.06,5.33,-0.05,-0.053,stopped_out,True,11,7,400589.91,-21231.27,2015
SONATSOFTW,2015-11-09,2015-11-10,41.0437,43.0959,1.19,1.55,3.89,0.05,0.047,take_profit,False,1,1,320471.93,15062.18,2015
HAVELLS,2015-11-09,2015-11-19,238.5353,250.4621,4.14,3.96,8.03,0.05,0.047,take_profit,False,10,6,256377.54,12049.74,2015
SHILPAMED,2015-11-10,2015-11-16,248.698,261.133,1.98,3.74,3.15,0.05,0.047,take_profit,False,6,2,272208.86,12793.82,2015
GOKEX,2015-11-13,2015-11-17,66.4463,63.124,6.24,8.96,3.26,-0.05,-0.053,stopped_out,True,4,2,354939.81,-18811.81,2015
FINCABLES,2015-11-13,2015-11-20,230.7374,242.2743,2.78,1.87,1.58,0.05,0.047,take_profit,False,7,5,443674.76,20852.71,2015
GMRAIRPORT,2015-11-16,2015-11-18,12.0785,12.6824,1.26,2.24,8.94,0.05,0.047,take_profit,False,2,2,340952.38,16024.76,2015
GABRIEL,2015-11-17,2015-12-02,82.2648,79.613,0.66,2.15,4.53,-0.032235,-0.035235,time_exit,False,15,10,339987.5,-11979.46,2015
TEXRAIL,2015-11-18,2015-11-19,116.5192,122.3452,3.81,2.37,2.87,0.05,0.047,take_profit,False,1,1,343385.43,16139.12,2015
TEXRAIL,2015-11-19,2015-11-30,122.89,129.0345,1.5,4.45,3.63,0.05,0.047,take_profit,False,11,6,400298.71,18814.04,2015
PCBL,2015-11-19,2015-11-26,9.7206,10.2066,2.86,2.59,1.59,0.05,0.047,take_profit,False,7,4,320238.97,15051.23,2015
AURIONPRO,2015-11-20,2015-11-24,83.7196,87.9055,2.9,2.14,7.82,0.05,0.047,take_profit,False,4,2,339974.72,15978.81,2015
GREAVESCOT,2015-11-20,2015-12-03,128.9281,122.4817,1.83,2.49,3.98,-0.05,-0.053,stopped_out,True,13,8,424968.4,-22523.33,2015
SUNDRMFAST,2015-11-24,2015-12-08,146.1012,138.7961,2.38,2.04,5.13,-0.05,-0.053,stopped_out,True,14,9,343170.48,-18188.04,2015
PTC,2015-11-26,2015-12-04,37.2044,35.3442,0.52,4.85,2.13,-0.05,-0.053,stopped_out,True,8,6,341594.43,-18104.5,2015
DATAMATICS,2015-11-30,2015-12-01,55.4376,58.2095,4.18,3.28,5.0,0.05,0.047,take_profit,False,1,1,357098.09,16783.61,2015
MUTHOOTFIN,2015-12-01,2015-12-03,156.0066,163.807,1.72,2.89,2.76,0.05,0.047,take_profit,False,2,2,360454.81,16941.38,2015
EIHOTEL,2015-12-02,2015-12-03,118.3438,125.1911,8.76,8.41,8.51,0.057859,0.054859,take_profit_gap,False,1,1,353965.46,19418.19,2015
THANGAMAYL,2015-12-03,2015-12-08,101.5064,96.4311,2.69,1.83,8.73,-0.05,-0.053,stopped_out,True,5,3,513817.35,-27232.32,2015
ZENTEC,2015-12-03,2015-12-04,103.6163,98.4355,3.83,11.34,17.26,-0.05,-0.053,stopped_out,True,1,1,411053.88,-21785.86,2015
MANINFRA,2015-12-03,2015-12-04,25.7141,26.9998,2.3,4.54,6.64,0.05,0.047,take_profit,False,1,1,328843.11,15455.63,2015
TANLA,2015-12-04,2015-12-07,43.8639,46.0571,5.2,2.27,2.67,0.05,0.047,take_profit,False,3,1,379588.66,17840.67,2015
TARIL,2015-12-04,2015-12-09,12.1035,11.4984,3.14,14.03,10.8,-0.05,-0.053,stopped_out,True,5,3,303670.92,-16094.56,2015
CHOLAHLDNG,2015-12-04,2015-12-10,265.8988,252.6038,1.26,1.61,3.15,-0.05,-0.053,stopped_out,True,6,4,474485.82,-25147.75,2015
ASIANPAINT,2015-12-07,2015-12-21,803.8412,804.927,1.8,1.74,3.5,0.001351,-0.001649,time_exit,False,14,10,322422.6,-531.67,2015
JAIBALAJI,2015-12-08,2015-12-09,1.5408,1.4637,6.49,4.45,6.94,-0.05,-0.053,stopped_out,True,1,1,420251.58,-22273.33,2015
JAIBALAJI,2015-12-08,2015-12-09,1.5408,1.4637,24.81,4.45,6.94,-0.05,-0.053,stopped_out,True,1,1,336201.26,-17818.67,2015
FACT,2015-12-10,2015-12-11,24.2322,25.4438,11.52,3.4,10.96,0.05,0.047,take_profit,False,1,1,559616.07,26301.96,2015
OLECTRA,2015-12-10,2015-12-18,16.3843,15.565,1.52,3.4,6.84,-0.05,-0.053,stopped_out,True,8,6,447692.85,-23727.72,2015
NATCOPHARM,2015-12-10,2015-12-17,484.7762,509.015,0.65,2.01,2.48,0.05,0.047,take_profit,False,7,5,358154.28,16833.25,2015
JBMA,2015-12-10,2015-12-14,39.408,37.4376,1.09,2.68,1.77,-0.05,-0.053,stopped_out,True,4,2,286523.43,-15185.74,2015
TATASTEEL,2015-12-11,2015-12-17,17.7267,18.613,1.54,2.14,2.47,0.05,0.047,take_profit,False,6,4,346402.35,16280.91,2015
LUMAXTECH,2015-12-14,2015-12-15,58.3998,61.3198,1.65,1.94,7.97,0.05,0.047,take_profit,False,1,1,331389.41,15575.3,2015
ABB,2015-12-15,2015-12-18,1037.7469,985.8595,4.29,2.67,7.16,-0.05,-0.053,stopped_out,True,3,3,334504.47,-17728.74,2015
MARICO,2015-12-17,2016-01-01,193.687,194.9525,1.55,8.38,2.24,0.006534,0.003534,time_exit,False,15,10,332110.19,1173.68,2016
TRIDENT,2015-12-17,2015-12-29,4.7238,4.4876,2.59,2.51,8.34,-0.05,-0.053,stopped_out,True,12,7,415137.74,-22002.3,2015
BEL,2015-12-18,2015-12-24,31.1712,32.7297,0.53,4.23,2.37,0.05,0.047,take_profit,False,6,4,413836.33,19450.31,2015
CANFINHOME,2015-12-18,2015-12-22,192.3831,202.0023,2.73,3.89,3.82,0.05,0.047,take_profit,False,4,2,331069.06,15560.25,2015
INDIAGLYCO,2015-12-21,2015-12-31,48.2005,45.7905,1.25,3.04,1.52,-0.05,-0.053,stopped_out,True,10,7,329233.43,-17449.37,2015
ALLCARGO,2015-12-22,2015-12-24,38.7285,40.6649,2.48,1.6,3.58,0.05,0.047,take_profit,False,2,2,332712.61,15637.49,2015
PGIL,2015-12-24,2015-12-29,110.5408,105.0138,4.7,18.82,10.6,-0.05,-0.053,stopped_out,True,5,2,422497.43,-22392.36,2015
ALLCARGO,2015-12-24,2015-12-28,41.6011,43.6812,4.65,2.21,3.16,0.05,0.047,take_profit,False,4,1,337997.95,15885.9,2015
IGL,2015-12-28,2016-01-05,45.6632,47.9464,1.85,1.61,2.02,0.05,0.047,take_profit,False,8,6,341175.13,16035.23,2016
BEL,2015-12-29,2016-01-04,33.9507,35.6482,1.45,2.24,2.51,0.05,0.047,take_profit,False,6,4,431588.2,20284.65,2016
MMTC,2015-12-29,2016-01-07,32.0505,30.448,0.6,9.52,3.11,-0.05,-0.053,stopped_out,True,9,7,345270.56,-18299.34,2016
NFL,2015-12-31,2016-01-01,23.3894,24.5589,1.72,1.76,3.19,0.05,0.047,take_profit,False,1,1,338573.26,15912.94,2016
WEBELSOLAR,2016-01-01,2016-01-05,4.4822,4.9325,9.6,1.7,1.82,0.100461,0.097461,take_profit_gap,False,4,2,408412.62,39804.3,2016
BALRAMCHIN,2016-01-01,2016-01-06,62.8808,66.0248,1.53,2.35,1.7,0.05,0.047,take_profit,False,5,3,326730.1,15356.31,2016
TRIVENI,2016-01-04,2016-01-07,44.8721,42.6285,0.91,2.64,5.81,-0.05,-0.053,stopped_out,True,3,3,351758.65,-18643.21,2016
TATASTEEL,2016-01-05,2016-01-07,20.1845,19.1752,1.02,2.22,6.5,-0.05,-0.053,stopped_out,True,2,2,442492.38,-23452.1,2016
SARDAEN,2016-01-05,2016-01-06,10.2972,10.812,3.39,2.97,13.66,0.05,0.047,take_profit,False,1,1,353993.9,16637.71,2016
PETRONET,2016-01-06,2016-01-13,92.48,87.856,0.96,3.05,2.31,-0.05,-0.053,stopped_out,True,7,5,425738.73,-22564.15,2016
JAIBALAJI,2016-01-06,2016-01-07,2.1111,2.0055,5.21,3.68,12.23,-0.05,-0.053,stopped_out,True,1,1,340590.98,-18051.32,2016
EIDPARRY,2016-01-08,2016-01-12,185.2051,175.9448,1.53,3.12,8.37,-0.05,-0.053,stopped_out,True,4,2,283036.73,-15000.95,2016
REFEX,2016-01-08,2016-01-11,2.3594,2.4773,12.1,6.58,22.77,0.05,0.047,take_profit,False,3,1,353795.91,16628.41,2016
TRIVENI,2016-01-08,2016-01-11,48.1098,45.7043,4.08,2.84,16.83,-0.05,-0.053,stopped_out,True,3,1,442244.89,-23438.98,2016
BALRAMCHIN,2016-01-08,2016-01-13,71.9324,75.5291,4.86,4.13,8.22,0.05,0.047,take_profit,False,5,3,552806.11,25981.89,2016
SUBROS,2016-01-11,2016-01-13,102.5021,97.377,2.92,4.58,5.72,-0.05,-0.053,stopped_out,True,2,2,384275.43,-20366.6,2016
CGCL,2016-01-11,2016-01-13,39.3002,37.3352,4.44,3.13,7.36,-0.05,-0.053,stopped_out,True,2,2,307420.34,-16293.28,2016
PGIL,2016-01-14,2016-01-18,107.246,101.8837,3.38,4.01,13.26,-0.05,-0.053,stopped_out,True,4,2,626943.12,-33227.99,2016
INFY,2016-01-14,2016-01-29,432.6439,444.3805,4.11,4.94,6.29,0.027127,0.024127,time_exit,False,15,10,501554.5,12101.01,2016
BPCL,2016-01-15,2016-01-19,82.5365,78.4097,0.79,2.91,2.39,-0.05,-0.053,stopped_out,True,4,2,401243.6,-21265.91,2016
GAIL,2016-01-22,2016-02-04,46.6153,44.2846,1.08,1.56,5.69,-0.05,-0.053,stopped_out,True,13,8,264055.52,-13994.94,2016
HINDZINC,2016-01-22,2016-01-25,57.5466,60.4239,0.69,1.92,1.65,0.05,0.047,take_profit,False,3,1,330069.4,15513.26,2016
CANFINHOME,2016-01-22,2016-01-28,190.3717,199.8903,7.31,9.85,12.08,0.05,0.047,take_profit,False,6,3,515733.44,24239.47,2016
SYNGENE,2016-01-22,2016-02-04,194.6204,184.8894,1.27,2.9,2.57,-0.05,-0.053,stopped_out,True,13,8,412586.75,-21867.1,2016
JSWSTEEL,2016-01-25,2016-01-29,99.4811,94.507,1.47,1.83,3.48,-0.05,-0.053,stopped_out,True,4,3,280360.95,-14859.13,2016
BRIGADE,2016-01-28,2016-02-02,97.5865,92.7072,7.36,14.47,14.45,-0.05,-0.053,stopped_out,True,5,3,332283.34,-17611.02,2016
TITAN,2016-01-29,2016-02-03,349.8158,331.4981,2.35,1.5,4.81,-0.052364,-0.055364,stopped_out_gap,False,5,3,421658.14,-23344.68,2016
TATAELXSI,2016-01-29,2016-02-01,937.6292,984.5106,0.67,1.58,4.44,0.05,0.047,take_profit,False,3,1,337326.51,15854.35,2016
YESBANK,2016-02-01,2016-02-10,148.5861,141.1568,1.41,2.56,2.39,-0.05,-0.053,stopped_out,True,9,7,340497.38,-18046.36,2016
UNOMINDA,2016-02-03,2016-02-09,28.9063,27.461,1.62,10.31,3.75,-0.05,-0.053,stopped_out,True,6,4,331996.05,-17595.79,2016
UNOMINDA,2016-02-03,2016-02-09,28.9063,27.461,0.77,10.31,3.75,-0.05,-0.053,stopped_out,True,6,4,414995.06,-21994.74,2016
JINDWORLD,2016-02-04,2016-02-05,3.0085,3.3263,22.13,12.86,8.9,0.105613,0.102613,take_profit_gap,False,1,1,315002.31,32323.33,2016
ABB,2016-02-04,2016-02-08,1004.4274,954.206,6.29,13.42,13.9,-0.05,-0.053,stopped_out,True,4,2,393752.89,-20868.9,2016
PRICOLLTD,2016-02-05,2016-02-08,44.5022,46.7273,3.36,1.75,7.21,0.05,0.047,take_profit,False,3,1,321466.98,15108.95,2016
APOLLOTYRE,2016-02-10,2016-02-12,129.1058,122.6505,6.02,3.63,10.37,-0.05,-0.053,stopped_out,True,2,2,605035.88,-32066.9,2016
NMDC,2016-02-15,2016-02-23,10.6817,11.2158,9.3,5.18,4.6,0.05,0.047,take_profit,False,8,6,598622.5,28135.26,2016
TATASTEEL,2016-02-15,2016-02-23,18.1535,19.0612,5.59,1.6,11.13,0.05,0.047,take_profit,False,8,6,478898.0,22508.21,2016
PIDILITIND,2016-02-17,2016-02-19,285.2828,299.5469,2.15,1.68,2.3,0.05,0.047,take_profit,False,2,2,383118.4,18006.56,2016
DRREDDY,2016-02-18,2016-03-03,580.688,595.9112,1.83,2.03,1.76,0.026216,0.023216,time_exit,False,14,10,306494.72,7115.58,2016
HEROMOTOCO,2016-02-18,2016-02-29,1873.9629,1780.2647,2.2,1.5,3.22,-0.05,-0.053,stopped_out,True,11,7,245195.78,-12995.38,2016
HEROMOTOCO,2016-02-19,2016-02-26,1937.2809,1840.4169,1.72,2.38,3.41,-0.05,-0.053,stopped_out,True,7,5,276381.61,-14648.23,2016
JSWSTEEL,2016-02-23,2016-03-04,100.986,106.0353,0.68,1.6,2.65,0.05,0.047,take_profit,False,10,8,446738.08,20996.69,2016
SYNGENE,2016-02-26,2016-02-29,198.6863,188.752,1.1,2.8,3.64,-0.05,-0.053,stopped_out,True,3,1,409737.15,-21716.07,2016
DEEPAKFERT,2016-03-01,2016-03-09,119.1104,125.066,1.56,5.02,3.36,0.05,0.047,take_profit,False,8,5,451834.01,21236.2,2016
SUPREMEIND,2016-03-01,2016-03-03,641.7023,673.7875,4.29,1.93,4.48,0.05,0.047,take_profit,False,2,2,361467.21,16988.96,2016
SUPREMEIND,2016-03-01,2016-03-03,641.7023,673.7875,0.85,1.93,4.48,0.05,0.047,take_profit,False,2,2,289173.77,13591.17,2016
EDELWEISS,2016-03-03,2016-03-04,24.1152,25.3209,2.22,4.12,2.37,0.05,0.047,take_profit,False,1,1,430305.29,20224.35,2016
DRREDDY,2016-03-03,2016-03-18,596.5075,592.7616,3.92,1.66,4.12,-0.00628,-0.00928,time_exit,False,15,10,344244.24,-3194.59,2016
FACT,2016-03-03,2016-03-08,24.1823,22.9732,8.45,9.48,11.24,-0.05,-0.053,stopped_out,True,5,2,275395.39,-14595.96,2016
UPL,2016-03-04,2016-03-16,268.886,255.4417,1.01,2.67,4.88,-0.05,-0.053,stopped_out,True,12,7,323175.36,-17128.29,2016
EDELWEISS,2016-03-04,2016-03-16,26.4374,25.1155,3.12,4.01,7.73,-0.05,-0.053,stopped_out,True,12,7,403969.19,-21410.37,2016
FINPIPE,2016-03-08,2016-03-14,60.1588,63.2204,3.09,3.18,5.6,0.050891,0.047891,take_profit_gap,False,6,4,310700.17,14879.74,2016
GABRIEL,2016-03-09,2016-03-16,80.5952,76.5654,1.79,1.83,5.06,-0.05,-0.053,stopped_out,True,7,5,343174.18,-18188.23,2016
ASTRAL,2016-03-14,2016-03-16,184.9683,175.7198,3.62,2.25,3.36,-0.05,-0.053,stopped_out,True,2,2,339655.33,-18001.73,2016
NBCC,2016-03-16,2016-04-01,38.5006,38.0566,0.93,2.87,3.86,-0.011531,-0.014531,time_exit,False,16,10,538773.35,-7828.92,2016
INDIAGLYCO,2016-03-16,2016-03-21,40.967,38.9187,2.09,15.23,13.34,-0.05,-0.053,stopped_out,True,5,3,431018.68,-22843.99,2016
INDIAGLYCO,2016-03-16,2016-03-21,40.967,38.9187,9.08,15.23,13.34,-0.05,-0.053,stopped_out,True,5,3,344814.94,-18275.19,2016
GOKEX,2016-03-16,2016-03-28,64.6977,61.4628,1.93,2.94,6.15,-0.05,-0.053,stopped_out,True,12,6,275851.95,-14620.15,2016
JKLAKSHMI,2016-03-18,2016-03-21,311.7738,327.3625,3.48,2.51,4.87,0.05,0.047,take_profit,False,3,1,288891.49,13577.9,2016
ACC,2016-03-21,2016-04-06,1248.399,1295.5636,0.85,2.38,2.23,0.03778,0.03478,time_exit,False,16,10,280671.97,9761.77,2016
BLUEDART,2016-03-21,2016-04-06,5835.2907,5939.7679,4.54,2.73,10.26,0.017904,0.014904,time_exit,False,16,10,438549.96,6536.15,2016
TTML,2016-03-21,2016-03-22,6.4141,6.7348,7.46,3.15,10.74,0.05,0.047,take_profit,False,1,1,350839.97,16489.48,2016
TATAPOWER,2016-03-22,2016-03-31,53.6055,56.2858,4.85,2.66,4.22,0.05,0.047,take_profit,False,9,5,298003.47,14006.16,2016
SUNDRMFAST,2016-03-28,2016-03-29,151.4037,143.8335,1.8,2.26,9.25,-0.05,-0.053,stopped_out,True,1,1,290649.14,-15404.4,2016
PGEL,2016-03-29,2016-03-30,12.2967,12.9116,5.0,5.91,14.95,0.05,0.047,take_profit,False,1,1,287568.25,13515.71,2016
UPL,2016-03-30,2016-04-06,285.3892,271.1197,0.79,1.94,3.99,-0.05,-0.053,stopped_out,True,7,5,290271.4,-15384.38,2016
WHIRLPOOL,2016-03-31,2016-04-11,685.2539,719.5166,0.89,3.05,2.13,0.05,0.047,take_profit,False,11,7,294619.04,13847.1,2016
RHIM,2016-04-01,2016-04-08,73.6636,69.9804,1.55,2.3,5.92,-0.05,-0.053,stopped_out,True,7,5,341884.12,-18119.86,2016
HCC,2016-04-06,2016-04-25,18.9844,19.5932,2.36,3.66,5.75,0.032064,0.029064,time_exit,False,19,10,304376.75,8846.41,2016
PCBL,2016-04-06,2016-04-12,7.7698,8.1583,4.58,4.11,8.05,0.05,0.047,take_profit,False,6,4,475588.67,22352.67,2016
BAJAJELEC,2016-04-06,2016-04-25,189.9189,195.473,1.82,1.85,3.17,0.029245,0.026245,time_exit,False,19,10,380470.94,9985.46,2016
JINDALSAW,2016-04-08,2016-04-13,17.671,18.5546,2.28,1.92,3.35,0.05,0.047,take_profit,False,5,3,308254.25,14487.95,2016
CHOLAFIN,2016-04-11,2016-04-12,147.6487,155.0311,2.22,1.79,1.97,0.05,0.047,take_profit,False,1,1,308296.63,14489.94,2016
ESCORTS,2016-04-12,2016-04-29,161.4954,161.334,7.77,6.12,8.7,-0.001,-0.004,time_exit,False,17,10,410782.88,-1643.13,2016
JISLJALEQS,2016-04-12,2016-04-20,58.7675,61.7058,5.94,2.27,5.43,0.05,0.047,take_profit,False,8,3,328626.31,15445.44,2016
THOMASCOOK,2016-04-13,2016-04-28,68.2967,64.8819,2.32,2.4,4.79,-0.05,-0.053,stopped_out,True,15,8,327449.49,-17354.82,2016
JINDALSTEL,2016-04-20,2016-04-25,73.5478,69.8705,3.62,2.09,6.12,-0.05,-0.053,stopped_out,True,5,3,330773.94,-17531.02,2016
GRANULES,2016-04-25,2016-04-29,124.1122,130.5587,1.6,2.01,2.7,0.05194,0.04894,take_profit_gap,False,4,4,468003.64,22904.1,2016
OBEROIRLTY,2016-04-25,2016-04-28,270.503,284.0282,1.18,1.61,3.17,0.05,0.047,take_profit,False,3,3,374402.92,17596.94,2016
RCF,2016-04-25,2016-04-27,37.1736,39.0323,3.78,2.47,6.49,0.05,0.047,take_profit,False,2,2,299522.33,14077.55,2016
OIL,2016-04-27,2016-05-11,65.0061,64.7728,2.61,2.27,2.82,-0.003589,-0.006589,time_exit,False,14,10,302337.84,-1992.1,2016
DBREALTY,2016-04-28,2016-05-02,50.125,52.6313,1.5,7.72,4.37,0.05,0.047,take_profit,False,4,2,382289.18,17967.59,2016
DIACABS,2016-04-28,2016-04-29,410.7052,451.2743,18.88,3.05,11.85,0.098779,0.095779,take_profit_gap,False,1,1,305831.34,29292.22,2016
SUNTV,2016-04-29,2016-05-04,290.2051,275.6948,2.07,3.04,4.75,-0.05,-0.053,stopped_out,True,5,3,491699.28,-26060.06,2016
UPL,2016-04-29,2016-05-02,325.1659,341.4242,3.03,2.59,3.84,0.05,0.047,take_profit,False,3,1,393359.43,18487.89,2016
MARICO,2016-04-29,2016-05-05,225.0263,213.775,2.06,1.87,2.37,-0.05,-0.053,stopped_out,True,6,4,314687.54,-16678.44,2016
BIOCON,2016-05-02,2016-05-16,99.6862,102.7829,2.44,1.55,3.77,0.031064,0.028064,time_exit,False,14,10,331336.68,9298.63,2016
DABUR,2016-05-02,2016-05-04,268.0212,254.6202,2.63,2.81,7.5,-0.05,-0.053,stopped_out,True,2,2,414170.85,-21951.06,2016
PETRONET,2016-05-04,2016-05-18,96.4799,94.6611,0.75,2.99,2.51,-0.018852,-0.021852,time_exit,False,14,10,436641.15,-9541.48,2016
KRBL,2016-05-04,2016-05-05,224.4837,235.7079,2.53,2.19,3.03,0.05,0.047,take_profit,False,1,1,349312.92,16417.71,2016
SIEMENS,2016-05-05,2016-05-19,623.8139,603.9471,0.64,1.86,2.26,-0.031847,-0.034847,time_exit,False,14,10,412198.28,-14363.87,2016
CASTROLIND,2016-05-05,2016-05-13,139.2561,146.219,1.13,6.34,5.74,0.05,0.047,take_profit,False,8,6,329758.62,15498.66,2016
BALRAMCHIN,2016-05-11,2016-05-20,100.6179,95.587,0.91,2.01,7.93,-0.05,-0.053,stopped_out,True,9,7,323876.05,-17165.43,2016
HAVELLS,2016-05-13,2016-05-26,335.8271,352.6185,3.34,4.3,3.99,0.05,0.047,take_profit,False,13,9,328152.29,15423.16,2016
MUTHOOTFIN,2016-05-16,2016-05-25,187.0802,177.7262,1.34,3.29,3.25,-0.05,-0.053,stopped_out,True,9,7,330648.9,-17524.39,2016
AARTIDRUGS,2016-05-18,2016-05-23,120.0849,114.0806,1.22,3.44,4.94,-0.05,-0.053,stopped_out,True,5,3,349939.05,-18546.77,2016
SUNFLAG,2016-05-19,2016-05-27,24.7613,26.0946,1.59,1.85,1.59,0.053848,0.050848,take_profit_gap,False,8,6,359518.12,18280.78,2016
PIDILITIND,2016-05-20,2016-05-26,312.4714,328.0949,2.94,6.93,3.65,0.05,0.047,take_profit,False,6,4,348956.62,16400.96,2016
MCX,2016-05-23,2016-05-27,162.0304,170.1319,4.03,4.82,3.54,0.05,0.047,take_profit,False,4,4,345443.75,16235.86,2016
GODREJCP,2016-05-25,2016-05-30,448.1862,470.5955,1.41,2.17,3.86,0.05,0.047,take_profit,False,5,3,338979.9,15932.06,2016
M&M,2016-05-26,2016-06-09,611.5874,626.6258,0.71,1.83,1.6,0.024589,0.021589,time_exit,False,14,10,412970.53,8915.62,2016
DCMSHRIRAM,2016-05-26,2016-05-30,165.5955,173.8752,4.25,2.41,8.18,0.05,0.047,take_profit,False,4,2,330376.42,15527.69,2016
JBCHEPHARM,2016-05-27,2016-06-10,115.954,110.4614,0.74,3.31,2.94,-0.047369,-0.050369,time_exit,False,14,10,412196.84,-20761.94,2016
SBIN,2016-05-27,2016-06-01,176.9061,185.7958,3.1,3.8,6.47,0.050251,0.047251,take_profit_gap,False,5,3,329757.47,15581.37,2016
MPHASIS,2016-05-30,2016-05-31,389.3638,408.832,0.79,1.68,2.33,0.05,0.047,take_profit,False,1,1,403969.19,18986.55,2016
GRANULES,2016-05-30,2016-06-09,128.9385,135.3855,3.41,2.81,5.21,0.05,0.047,take_profit,False,10,8,323175.36,15189.24,2016
IOC,2016-05-31,2016-06-14,36.8215,36.6035,1.06,2.82,3.95,-0.005921,-0.008921,time_exit,False,14,10,343131.43,-3061.08,2016
NBCC,2016-06-01,2016-06-14,38.9908,37.0413,1.88,2.42,1.92,-0.05,-0.053,stopped_out,True,13,9,343572.92,-18209.36,2016
IMFA,2016-06-09,2016-06-10,51.9881,54.5875,1.93,1.79,7.06,0.05,0.047,take_profit,False,1,1,426908.48,20064.7,2016
HINDCOPPER,2016-06-09,2016-06-15,50.9194,48.3735,1.69,10.55,11.33,-0.05,-0.053,stopped_out,True,6,4,341526.79,-18100.92,2016
ELECTCAST,2016-06-10,2016-06-24,16.6129,15.6791,2.11,3.01,5.56,-0.056207,-0.059207,stopped_out_gap,False,14,10,440903.04,-26104.55,2016
TRITURBINE,2016-06-10,2016-06-22,108.1607,102.6476,0.52,1.58,2.82,-0.050971,-0.053971,stopped_out_gap,False,12,8,352722.44,-19036.78,2016
SUDARSCHEM,2016-06-14,2016-06-15,161.4256,169.4969,9.33,3.94,11.27,0.05,0.047,take_profit,False,1,1,415264.73,19517.44,2016
SUZLON,2016-06-14,2016-06-23,16.4442,15.622,4.19,1.68,2.29,-0.05,-0.053,stopped_out,True,9,7,332211.78,-17607.22,2016
BAJAJFINSV,2016-06-15,2016-06-16,194.0395,203.7415,0.57,2.86,3.12,0.05,0.047,take_profit,False,1,1,417411.03,19618.32,2016
INDIANB,2016-06-15,2016-06-16,99.4223,104.3934,6.09,5.07,11.05,0.05,0.047,take_profit,False,1,1,333928.83,15694.65,2016
PNB,2016-06-16,2016-06-21,85.9621,90.2602,1.62,2.02,3.46,0.05,0.047,take_profit,False,5,3,424473.63,19950.26,2016
ZYDUSWELL,2016-06-16,2016-06-24,154.4225,146.7014,5.63,11.75,5.43,-0.05,-0.053,stopped_out,True,8,6,339578.9,-17997.68,2016
ARVIND,2016-06-21,2016-06-24,106.4205,99.1767,2.4,2.86,4.16,-0.068068,-0.071068,stopped_out_gap,False,3,3,360547.9,-25623.42,2016
HEG,2016-06-22,2016-06-24,27.8297,26.1981,0.89,1.94,1.56,-0.058628,-0.061628,stopped_out_gap,False,2,2,355175.45,-21888.75,2016
KARURVYSYA,2016-06-23,2016-07-05,63.0683,66.2217,0.58,2.18,1.97,0.05,0.047,take_profit,False,12,8,347061.27,16311.88,2016
APLAPOLLO,2016-06-24,2016-07-05,87.8356,92.2274,0.58,1.6,4.38,0.05,0.047,take_profit,False,11,7,285986.41,13441.36,2016
MANINFRA,2016-06-24,2016-06-27,25.0667,26.32,3.12,7.53,8.12,0.05,0.047,take_profit,False,3,1,357483.01,16801.7,2016
TECHNOE,2016-06-24,2016-07-05,260.0255,291.6519,0.59,4.0,4.53,0.121628,0.118628,take_profit_gap,False,11,7,558567.2,66261.71,2016
MFSL,2016-06-24,2016-06-27,533.8739,560.5676,2.67,2.21,11.51,0.05,0.047,take_profit,False,3,1,446853.76,21002.13,2016
TRIVENI,2016-06-27,2016-06-28,58.4614,61.3845,7.41,1.83,9.57,0.05,0.047,take_profit,False,1,1,397217.24,18669.21,2016
PGEL,2016-06-27,2016-06-28,15.4509,14.6783,8.06,4.49,19.99,-0.05,-0.053,stopped_out,True,1,1,317773.79,-16842.01,2016
ACE,2016-06-28,2016-06-29,44.4749,46.6987,1.96,8.0,12.97,0.05,0.047,take_profit,False,1,1,397582.68,18686.39,2016
ACE,2016-06-28,2016-06-29,44.4749,46.6987,12.13,8.0,12.97,0.05,0.047,take_profit,False,1,1,318066.15,14949.11,2016
CANFINHOME,2016-06-29,2016-07-14,227.3957,238.7655,2.13,2.4,4.26,0.05,0.047,take_profit,False,15,10,404309.78,19002.56,2016
CHOLAHLDNG,2016-06-29,2016-07-07,304.1989,319.4089,2.19,1.98,2.2,0.05,0.047,take_profit,False,8,5,323447.83,15202.05,2016
AJANTPHARM,2016-07-05,2016-07-20,965.5317,992.2654,1.54,1.84,1.68,0.027688,0.024688,time_exit,False,15,10,516284.23,12746.02,2016
SOUTHBANK,2016-07-05,2016-07-08,17.9369,18.8315,5.32,3.51,5.88,0.049875,0.046875,take_profit_gap,False,3,2,413027.38,19360.66,2016
JPPOWER,2016-07-05,2016-07-07,5.6528,5.9355,10.62,4.51,6.6,0.05,0.047,take_profit,False,2,1,330421.9,15529.83,2016
NBCC,2016-07-07,2016-07-11,43.3109,45.4764,0.77,8.51,8.64,0.05,0.047,take_profit,False,4,2,401257.85,18859.12,2016
ZYDUSLIFE,2016-07-07,2016-07-08,316.8667,332.71,2.8,1.88,2.43,0.05,0.047,take_profit,False,1,1,321006.28,15087.29,2016
CHOLAHLDNG,2016-07-08,2016-07-21,328.7264,345.1627,2.52,2.13,2.92,0.05,0.047,take_profit,False,13,9,410501.34,19293.56,2016
GRAVITA,2016-07-08,2016-07-11,27.0592,25.7063,5.29,4.51,14.9,-0.05,-0.053,stopped_out,True,3,1,328401.07,-17405.26,2016
GODFRYPHLP,2016-07-11,2016-07-12,279.6014,293.5814,3.0,3.97,6.0,0.05,0.047,take_profit,False,1,1,327154.73,15376.27,2016
AARTIDRUGS,2016-07-11,2016-07-21,121.1444,127.2016,2.22,6.95,3.65,0.05,0.047,take_profit,False,10,8,408943.42,19220.34,2016
SUNFLAG,2016-07-12,2016-07-14,26.6062,25.2759,2.37,2.36,9.6,-0.05,-0.053,stopped_out,True,2,2,330229.99,-17502.19,2016
SUNTV,2016-07-14,2016-07-21,304.1913,319.4009,2.65,1.65,4.39,0.05,0.047,take_profit,False,7,5,411392.02,19335.42,2016
PCBL,2016-07-14,2016-07-28,14.0507,14.1569,1.19,1.69,4.33,0.00756,0.00456,time_exit,False,14,10,329113.61,1500.76,2016
WELENT,2016-07-20,2016-07-21,54.5105,57.236,11.91,6.83,16.32,0.05,0.047,take_profit,False,1,1,369096.94,17347.56,2016
BANCOINDIA,2016-07-21,2016-07-22,43.8591,46.052,5.63,3.43,7.98,0.05,0.047,take_profit,False,1,1,630303.67,29624.27,2016
CUMMINSIND,2016-07-21,2016-08-01,739.37,702.4015,2.45,1.88,3.45,-0.05,-0.053,stopped_out,True,11,7,504242.94,-26724.88,2016
CHENNPETRO,2016-07-21,2016-07-25,203.0269,213.1782,4.82,4.74,10.4,0.05,0.047,take_profit,False,4,2,403394.35,18959.53,2016
WELCORP,2016-07-21,2016-08-03,75.2314,71.4698,0.74,3.48,4.89,-0.05,-0.053,stopped_out,True,13,9,322715.48,-17103.92,2016
MOTILALOFS,2016-07-22,2016-07-25,464.9679,441.7195,0.76,11.62,11.47,-0.05,-0.053,stopped_out,True,3,1,390157.97,-20678.37,2016
SUNDRMFAST,2016-07-25,2016-08-03,180.8356,171.7938,3.21,2.8,4.93,-0.05,-0.053,stopped_out,True,9,7,470493.08,-24936.13,2016
VGUARD,2016-07-25,2016-07-26,102.1875,107.2968,4.25,4.11,3.17,0.05,0.047,take_profit,False,1,1,376394.46,17690.54,2016
SOBHA,2016-07-26,2016-08-02,311.2556,295.6928,1.02,3.18,3.71,-0.05,-0.053,stopped_out,True,7,5,379932.57,-20136.43,2016
TECHNOE,2016-07-28,2016-08-03,315.7857,299.9964,3.92,7.81,4.37,-0.05,-0.053,stopped_out,True,6,4,370068.93,-19613.65,2016
MANAPPURAM,2016-08-01,2016-08-03,71.3543,67.7866,4.01,3.0,4.81,-0.05,-0.053,stopped_out,True,2,2,391558.76,-20752.61,2016
HCLTECH,2016-08-02,2016-08-03,306.1207,327.2973,3.17,2.45,1.9,0.069177,0.066177,take_profit_gap,False,1,1,385206.23,25491.79,2016
FORTIS,2016-08-03,2016-08-18,188.7558,192.4904,1.19,5.05,8.45,0.019785,0.016785,time_exit,False,15,10,684790.58,11494.21,2016
ASAHIINDIA,2016-08-04,2016-08-11,176.2439,185.0561,0.86,1.58,1.73,0.05,0.047,take_profit,False,7,5,547832.46,25748.13,2016
RAIN,2016-08-04,2016-08-08,34.8121,36.5527,5.92,12.67,8.57,0.05,0.047,take_profit,False,4,2,438265.97,20598.5,2016
SPARC,2016-08-04,2016-08-05,389.1445,408.6017,6.07,3.92,6.42,0.05,0.047,take_profit,False,1,1,350612.78,16478.8,2016
HSCL,2016-08-04,2016-08-05,35.2008,36.9609,5.31,1.54,5.29,0.05,0.047,take_profit,False,1,1,280490.22,13183.04,2016
PRESTIGE,2016-08-05,2016-08-16,192.3593,201.9772,3.89,2.92,4.79,0.05,0.047,take_profit,False,11,6,356545.14,16757.62,2016
HSCL,2016-08-05,2016-08-09,37.659,39.542,3.0,2.41,6.24,0.05,0.047,take_profit,False,4,2,285236.11,13406.1,2016
MPHASIS,2016-08-08,2016-08-11,429.9346,408.4378,0.72,2.55,4.85,-0.05,-0.053,stopped_out,True,3,3,319961.79,-16957.97,2016
MGL,2016-08-09,2016-08-18,418.4038,439.324,1.05,2.12,1.9,0.05,0.047,take_profit,False,9,6,315697.87,14837.8,2016
IPCALAB,2016-08-11,2016-08-25,254.9185,267.6644,1.91,3.63,3.83,0.05,0.047,take_profit,False,14,9,427875.18,20110.13,2016
ESCORTS,2016-08-11,2016-08-22,291.0257,305.5769,8.95,6.17,16.88,0.05,0.047,take_profit,False,11,6,342300.14,16088.11,2016
THYROCARE,2016-08-16,2016-08-30,155.559,163.3369,0.71,2.6,2.51,0.05,0.047,take_profit,False,14,10,348500.67,16379.53,2016
ABFRL,2016-08-18,2016-08-23,161.1944,169.2541,3.12,2.17,9.08,0.05,0.047,take_profit,False,5,3,484164.62,22755.74,2016
GAEL,2016-08-18,2016-08-23,18.8226,19.7637,6.96,2.12,8.59,0.05,0.047,take_profit,False,5,3,387331.7,18204.59,2016
ICIL,2016-08-22,2016-08-23,171.1306,162.574,0.59,3.66,2.25,-0.05,-0.053,stopped_out,True,1,1,381543.01,-20221.78,2016
V2RETAIL,2016-08-23,2016-08-24,67.934,71.3306,5.01,4.71,9.34,0.05,0.047,take_profit,False,1,1,358393.59,16844.5,2016
PRSMJOHNSN,2016-08-23,2016-09-07,113.8562,111.3223,1.74,6.01,7.62,-0.022255,-0.025255,time_exit,False,15,10,447991.99,-11314.04,2016
GSFC,2016-08-23,2016-09-06,60.387,57.3676,3.7,6.47,3.77,-0.05,-0.053,stopped_out,True,14,9,559989.98,-29679.47,2016
RALLIS,2016-08-24,2016-09-08,205.7968,205.8152,2.51,2.93,5.69,8.9e-05,-0.002911,time_exit,False,15,10,361762.49,-1053.09,2016
GAEL,2016-08-25,2016-08-29,21.5133,20.4376,0.75,1.93,3.23,-0.05,-0.053,stopped_out,True,4,2,379007.05,-20087.37,2016
M&MFIN,2016-08-29,2016-09-08,188.8324,198.274,3.21,2.31,4.74,0.05,0.047,take_profit,False,10,7,374989.58,17624.51,2016
ABREL,2016-08-30,2016-09-02,691.1749,725.7336,0.72,2.27,2.86,0.05,0.047,take_profit,False,3,3,372967.7,17529.48,2016
RELINFRA,2016-09-02,2016-09-12,583.4294,554.258,2.34,1.84,4.92,-0.05,-0.053,stopped_out,True,10,5,376473.6,-19953.1,2016
TARIL,2016-09-06,2016-09-12,16.8639,15.8355,0.59,5.84,6.05,-0.060984,-0.063984,stopped_out_gap,False,6,4,407240.98,-26056.91,2016
CGCL,2016-09-07,2016-09-08,39.0255,40.9768,0.96,1.73,4.01,0.05,0.047,take_profit,False,1,1,413128.38,19417.03,2016
NBCC,2016-09-08,2016-09-19,51.8096,49.2192,1.83,1.65,1.51,-0.05,-0.053,stopped_out,True,11,6,363312.95,-19255.59,2016
PATELENG,2016-09-08,2016-09-09,65.0562,68.3091,6.24,10.8,5.34,0.05,0.047,take_profit,False,1,1,567676.48,26680.79,2016
GLENMARK,2016-09-08,2016-09-23,871.4177,914.9886,0.9,1.91,2.41,0.05,0.047,take_profit,False,15,10,454141.18,21344.64,2016
JINDALSAW,2016-09-09,2016-09-23,22.5443,23.6715,0.56,3.07,2.6,0.05,0.047,take_profit,False,14,9,409521.81,19247.53,2016
PATELENG,2016-09-12,2016-09-15,75.1183,79.9305,5.91,3.3,7.71,0.064062,0.061062,take_profit_gap,False,3,2,475158.36,29014.12,2016
JAIBALAJI,2016-09-12,2016-09-15,2.2911,2.5187,6.11,2.49,4.57,0.099337,0.096337,take_profit_gap,False,3,2,380126.69,36620.27,2016
JKPAPER,2016-09-15,2016-09-28,52.3688,54.9872,4.33,4.19,2.79,0.05,0.047,take_profit,False,13,9,488285.24,22949.41,2016
NETWORK18,2016-09-15,2016-09-23,43.4717,45.6453,0.92,5.43,2.72,0.05,0.047,take_profit,False,8,6,390628.19,18359.53,2016
TRIVENI,2016-09-19,2016-09-21,57.367,54.4986,7.0,4.76,9.58,-0.05,-0.053,stopped_out,True,2,2,381314.03,-20209.64,2016
KIRLOSENG,2016-09-21,2016-09-22,276.8635,290.7067,4.6,3.71,5.3,0.05,0.047,take_profit,False,1,1,377272.1,17731.79,2016
GRAVITA,2016-09-22,2016-09-23,30.8573,32.4002,3.92,3.35,5.57,0.05,0.047,take_profit,False,1,1,380818.46,17898.47,2016
HSCL,2016-09-23,2016-09-29,38.8931,36.9484,2.41,2.96,3.13,-0.05,-0.053,stopped_out,True,6,4,647046.72,-34293.48,2016
KEI,2016-09-23,2016-09-29,118.1468,112.2394,0.66,4.23,3.78,-0.05,-0.053,stopped_out,True,6,4,517637.38,-27434.78,2016
CENTURYPLY,2016-09-23,2016-09-29,245.0393,232.7873,2.38,2.33,2.89,-0.05,-0.053,stopped_out,True,6,4,414109.9,-21947.82,2016
CENTURYPLY,2016-09-23,2016-09-29,245.0393,232.7873,0.53,2.33,2.89,-0.05,-0.053,stopped_out,True,6,4,331287.92,-17558.26,2016
MCX,2016-09-28,2016-09-29,221.5887,232.6681,6.71,4.91,7.8,0.05,0.047,take_profit,False,1,1,367277.27,17262.03,2016
MCX,2016-09-29,2016-09-30,231.9637,243.5619,1.18,6.61,1.63,0.05,0.047,take_profit,False,1,1,732499.19,34427.46,2016
BALKRISIND,2016-09-29,2016-09-30,419.9928,440.9925,0.57,2.05,1.69,0.05,0.047,take_profit,False,1,1,585999.35,27541.97,2016
REFEX,2016-09-30,2016-10-04,2.7018,2.8369,1.06,2.27,2.9,0.05,0.047,take_profit,False,4,2,595914.46,28007.98,2016
DCAL,2016-09-30,2016-10-06,257.6997,244.8148,2.43,3.11,14.2,-0.05,-0.053,stopped_out,True,6,4,305108.2,-16170.73,2016
TATACOMM,2016-09-30,2016-10-05,312.9687,328.6172,0.8,2.91,9.2,0.05,0.047,take_profit,False,5,3,381385.26,17925.11,2016
TVSMOTOR,2016-09-30,2016-10-04,347.9414,365.3385,2.57,1.81,6.03,0.05,0.047,take_profit,False,4,2,744893.08,35009.97,2016
BALKRISIND,2016-09-30,2016-10-04,466.0254,489.3267,2.83,1.58,11.43,0.05,0.047,take_profit,False,4,2,476731.57,22406.38,2016
NBCC,2016-10-04,2016-10-05,56.2959,59.1107,6.91,4.22,6.54,0.05,0.047,take_profit,False,1,1,624679.25,29359.92,2016
UNIONBANK,2016-10-04,2016-10-13,131.5135,124.3037,4.34,2.48,5.69,-0.054822,-0.057822,stopped_out_gap,False,9,5,499743.4,-28896.16,2016
IGL,2016-10-04,2016-10-10,73.1181,76.774,1.26,3.97,5.22,0.05,0.047,take_profit,False,6,4,399794.72,18790.35,2016
DATAMATICS,2016-10-05,2016-10-06,86.7047,91.04,1.08,6.16,7.63,0.05,0.047,take_profit,False,1,1,530505.69,24933.77,2016
GMDCLTD,2016-10-05,2016-10-06,72.6139,76.2446,0.57,1.8,5.3,0.05,0.047,take_profit,False,1,1,424404.55,19947.01,2016
RBLBANK,2016-10-06,2016-10-14,293.3503,308.0179,1.68,1.91,1.77,0.05,0.047,take_profit,False,8,4,597269.34,28071.66,2016
GAIL,2016-10-06,2016-10-17,53.4513,56.1239,1.11,1.72,3.08,0.05,0.047,take_profit,False,11,5,477815.47,22457.33,2016
VEDL,2016-10-06,2016-10-20,66.7071,70.0425,1.12,2.08,2.86,0.05,0.047,take_profit,False,14,8,382252.38,17965.86,2016
AARTIIND,2016-10-10,2016-10-14,163.6267,171.808,0.95,2.07,2.52,0.05,0.047,take_profit,False,4,2,389518.92,18307.39,2016
AARTIIND,2016-10-13,2016-10-19,170.2185,178.7294,2.91,2.19,4.41,0.05,0.047,take_profit,False,6,4,405784.58,19071.88,2016
OLECTRA,2016-10-14,2016-10-28,22.9779,22.955,1.52,3.51,5.99,-0.001,-0.004,time_exit,False,14,10,531261.12,-2125.04,2016
GPIL,2016-10-14,2016-10-17,17.5356,18.4123,3.63,3.19,9.13,0.05,0.047,take_profit,False,3,1,425008.9,19975.42,2016
PRICOLLTD,2016-10-17,2016-10-18,105.9711,111.2697,3.34,3.3,3.11,0.05,0.047,take_profit,False,1,1,423246.83,19892.6,2016
THYROCARE,2016-10-17,2016-10-24,175.5682,184.3466,3.1,5.61,3.39,0.05,0.047,take_profit,False,7,5,529058.54,24865.75,2016
STLTECH,2016-10-18,2016-10-21,95.9713,100.7699,0.68,2.59,3.55,0.05,0.047,take_profit,False,3,3,427225.35,20079.59,2016
BIOCON,2016-10-19,2016-10-25,164.5466,156.3193,0.72,1.74,3.8,-0.05,-0.053,stopped_out,True,6,4,426751.57,-22617.83,2016
NAVINFLUOR,2016-10-20,2016-10-24,513.3002,538.9652,2.55,13.06,13.47,0.05,0.047,take_profit,False,4,2,421444.91,19807.91,2016
SUNDRMFAST,2016-10-21,2016-11-02,301.3312,316.3978,3.41,4.2,6.44,0.05,0.047,take_profit,False,12,7,426616.91,20050.99,2016
ABFRL,2016-10-24,2016-10-25,154.0938,161.7985,1.75,1.93,2.8,0.05,0.047,take_profit,False,1,1,540328.95,25395.46,2016
ABFRL,2016-10-24,2016-10-25,154.0938,161.7985,1.47,1.93,2.8,0.05,0.047,take_profit,False,1,1,432263.16,20316.37,2016
GRAVITA,2016-10-25,2016-11-01,34.1618,32.4537,4.46,2.05,7.94,-0.05,-0.053,stopped_out,True,7,4,630298.07,-33405.8,2016
MANAPPURAM,2016-10-25,2016-10-27,87.1931,82.8335,1.34,2.3,5.61,-0.05,-0.053,stopped_out,True,2,2,504238.45,-26724.64,2016
DRREDDY,2016-10-25,2016-10-28,602.1936,632.3033,0.65,3.91,2.95,0.05,0.047,take_profit,False,3,3,403390.76,18959.37,2016
RHIM,2016-10-27,2016-11-01,111.7116,122.2969,0.83,1.9,3.43,0.094755,0.091755,take_profit_gap,False,5,2,418215.37,38373.35,2016
INTELLECT,2016-10-28,2016-11-03,173.6342,164.9525,1.46,2.78,4.35,-0.05,-0.053,stopped_out,True,6,3,419895.63,-22254.47,2016
SYNGENE,2016-10-28,2016-11-03,289.5114,275.0358,2.64,2.75,7.57,-0.05,-0.053,stopped_out,True,6,3,524869.54,-27818.09,2016
HINDZINC,2016-11-01,2016-11-04,124.1615,117.9534,3.78,2.17,6.69,-0.05,-0.053,stopped_out,True,3,3,546612.71,-28970.47,2016
GRAPHITE,2016-11-01,2016-11-03,65.033,61.7814,1.56,5.03,4.0,-0.05,-0.053,stopped_out,True,2,2,437290.16,-23176.38,2016
ZENSARTECH,2016-11-02,2016-11-03,183.0577,173.9048,5.26,9.79,12.97,-0.05,-0.053,stopped_out,True,1,1,439165.71,-23275.78,2016
WELENT,2016-11-03,2016-11-07,59.9786,56.9797,1.35,7.87,7.92,-0.05,-0.053,stopped_out,True,4,2,696271.84,-36902.41,2016
HCLTECH,2016-11-04,2016-11-11,308.4151,292.9944,3.23,1.62,4.16,-0.05,-0.053,stopped_out,True,7,5,660545.92,-35008.93,2016
SWANCORP,2016-11-04,2016-11-07,112.8166,118.4574,4.81,2.58,4.91,0.05,0.047,take_profit,False,3,1,528436.73,24836.53,2016
KEI,2016-11-07,2016-11-08,121.1261,127.1824,2.94,3.77,5.04,0.05,0.047,take_profit,False,1,1,340622.3,16009.25,2016
HERITGFOOD,2016-11-07,2016-11-09,208.7966,189.7767,2.33,4.75,8.55,-0.091093,-0.094093,stopped_out_gap,False,2,2,425777.87,-40062.72,2016
TECHM,2016-11-07,2016-11-09,329.0485,310.283,2.35,1.69,2.26,-0.05703,-0.06003,stopped_out_gap,False,2,2,532222.34,-31949.31,2016
CGPOWER,2016-11-07,2016-11-08,84.8982,80.6533,4.54,4.64,11.2,-0.05,-0.053,stopped_out,True,1,1,665277.92,-35259.73,2016
KEC,2016-11-08,2016-11-09,122.1176,110.7351,1.63,7.89,2.8,-0.093209,-0.096209,stopped_out_gap,False,1,1,469827.79,-45201.66,2016
BHEL,2016-11-08,2016-11-09,87.9439,80.371,1.19,3.51,1.56,-0.08611,-0.08911,stopped_out_gap,False,1,1,375862.23,-33493.08,2016
INDIANB,2016-11-09,2016-11-10,191.5318,201.1084,6.83,3.08,13.45,0.05,0.047,take_profit,False,1,1,631286.47,29670.46,2016
PNB,2016-11-09,2016-11-10,132.0067,138.607,3.31,1.78,10.23,0.05,0.047,take_profit,False,1,1,505029.18,23736.37,2016
ENGINERSIN,2016-11-09,2016-11-18,99.3552,104.323,1.03,2.35,9.55,0.05,0.047,take_profit,False,9,6,404023.34,18989.1,2016
POWERGRID,2016-11-09,2016-11-10,64.622,67.8531,1.97,2.15,6.0,0.05,0.047,take_profit,False,1,1,323218.67,15191.28,2016
MAHABANK,2016-11-10,2016-11-16,26.8535,25.5108,4.68,4.53,6.72,-0.05,-0.053,stopped_out,True,6,3,361088.91,-19137.71,2016
CANBK,2016-11-10,2016-11-22,54.4596,51.7366,1.01,2.13,3.53,-0.05,-0.053,stopped_out,True,12,7,451361.14,-23922.14,2016
PNB,2016-11-10,2016-11-15,147.8809,140.4868,6.18,3.21,8.37,-0.05,-0.053,stopped_out,True,5,2,564201.43,-29902.68,2016
HSCL,2016-11-11,2016-11-15,43.964,41.7658,0.57,1.97,5.93,-0.05,-0.053,stopped_out,True,4,1,413978.53,-21940.86,2016
KNRCON,2016-11-16,2016-11-18,73.293,76.9576,0.59,3.8,5.88,0.05,0.047,take_profit,False,2,2,584840.35,27487.5,2016
OLECTRA,2016-11-16,2016-11-17,26.7243,28.3444,7.85,2.74,17.58,0.060621,0.057621,take_profit_gap,False,1,1,467872.28,26959.27,2016
TECHM,2016-11-16,2016-11-25,328.124,344.5302,0.52,1.87,2.21,0.05,0.047,take_profit,False,9,7,374297.82,17592.0,2016
NTPC,2016-11-18,2016-11-22,92.9652,88.3169,1.1,2.86,4.16,-0.05,-0.053,stopped_out,True,4,2,605472.62,-32090.05,2016
SUBROS,2016-11-23,2016-11-30,160.1789,168.1879,9.72,1.57,16.86,0.05,0.047,take_profit,False,7,5,684542.41,32173.49,2016
THYROCARE,2016-11-23,2016-11-29,177.1626,186.0208,0.57,2.69,1.56,0.05,0.047,take_profit,False,6,4,547633.93,25738.79,2016
SARDAEN,2016-11-24,2016-11-25,19.9758,20.9746,4.5,1.58,4.79,0.05,0.047,take_profit,False,1,1,350485.72,16472.83,2016
HINDZINC,2016-11-24,2016-11-29,125.4178,131.9845,1.34,2.27,5.62,0.052359,0.049359,take_profit_gap,False,5,3,438107.14,21624.53,2016
PIIND,2016-11-25,2016-12-01,871.0758,827.522,5.15,4.16,8.76,-0.05,-0.053,stopped_out,True,6,4,432158.25,-22904.39,2016
SHILPAMED,2016-11-25,2016-11-28,306.6699,322.0034,7.87,9.48,9.15,0.05,0.047,take_profit,False,3,1,345726.6,16249.15,2016
MRPL,2016-11-28,2016-12-01,85.9521,81.6545,8.21,7.89,15.82,-0.05,-0.053,stopped_out,True,3,3,348976.43,-18495.75,2016
GRAPHITE,2016-11-29,2016-12-05,59.9914,56.9919,0.65,2.72,2.81,-0.05,-0.053,stopped_out,True,6,4,485802.02,-25747.51,2016
QUESS,2016-11-29,2016-12-01,610.9481,580.4007,4.59,7.82,9.22,-0.05,-0.053,stopped_out,True,2,2,388641.62,-20598.01,2016
TARIL,2016-11-30,2016-12-05,18.0565,17.1368,2.91,2.64,5.85,-0.050936,-0.053936,stopped_out_gap,False,5,3,454256.48,-24500.78,2016
ITI,2016-12-01,2016-12-05,36.6183,38.4492,2.87,3.59,7.33,0.05,0.047,take_profit,False,4,2,467968.65,21994.53,2016
HCC,2016-12-01,2016-12-06,36.7122,34.8766,9.53,7.85,8.92,-0.05,-0.053,stopped_out,True,5,3,374374.92,-19841.87,2016
MMTC,2016-12-01,2016-12-02,33.9516,32.254,4.68,6.47,13.94,-0.05,-0.053,stopped_out,True,1,1,584960.81,-31002.92,2016
AURIONPRO,2016-12-02,2016-12-05,46.459,48.782,12.2,15.21,16.4,0.05,0.047,take_profit,False,3,1,410291.51,19283.7,2016
AURIONPRO,2016-12-05,2016-12-08,49.0733,51.527,0.94,4.71,2.54,0.05,0.047,take_profit,False,3,3,690102.93,32434.84,2016
JBMA,2016-12-05,2016-12-14,47.181,44.822,5.04,3.16,11.27,-0.05,-0.053,stopped_out,True,9,7,552082.34,-29260.36,2016
SWANCORP,2016-12-05,2016-12-06,165.9389,174.2358,2.89,5.69,5.78,0.05,0.047,take_profit,False,1,1,441665.87,20758.3,2016
ADANIPOWER,2016-12-05,2016-12-07,6.2231,6.5343,6.59,2.2,7.24,0.05,0.047,take_profit,False,2,2,353332.7,16606.64,2016
RAIN,2016-12-06,2016-12-12,52.537,49.9101,1.97,5.12,4.47,-0.05,-0.053,stopped_out,True,6,4,446057.6,-23641.05,2016
ASTRAMICRO,2016-12-06,2016-12-20,108.3565,106.8749,0.92,1.87,4.67,-0.013673,-0.016673,time_exit,False,14,10,356846.08,-5949.69,2016
CHAMBLFERT,2016-12-07,2016-12-08,57.3954,60.2651,2.5,1.95,3.86,0.05,0.047,take_profit,False,1,1,359464.73,16894.84,2016
BHARATFORG,2016-12-08,2016-12-22,450.6383,428.1063,2.02,2.1,3.6,-0.05,-0.053,stopped_out,True,14,10,405881.0,-21511.69,2016
BLS,2016-12-08,2016-12-13,43.1719,46.7808,2.53,4.48,3.36,0.083594,0.080594,take_profit_gap,False,5,3,507351.26,40889.47,2016
MAHSEAMLES,2016-12-12,2016-12-19,108.9269,103.4806,6.27,13.28,5.74,-0.05,-0.053,stopped_out,True,7,5,409188.11,-21686.97,2016
POLYMED,2016-12-13,2016-12-27,191.877,182.2831,1.54,5.09,7.82,-0.05,-0.053,stopped_out,True,14,10,436998.64,-23160.93,2016
RELIANCE,2016-12-14,2016-12-28,232.2775,229.899,0.72,1.92,1.89,-0.01024,-0.01324,time_exit,False,14,10,454163.3,-6013.12,2016
GSFC,2016-12-19,2016-12-22,77.1119,73.2563,3.87,6.65,8.02,-0.05,-0.053,stopped_out,True,3,3,440830.87,-23364.04,2016
DATAMATICS,2016-12-20,2016-12-21,105.9881,111.5535,3.72,2.61,2.12,0.05251,0.04951,take_profit_gap,False,1,1,422843.98,20935.01,2016
WELCORP,2016-12-21,2016-12-26,68.256,64.8432,3.32,2.89,3.57,-0.05,-0.053,stopped_out,True,5,3,427030.98,-22632.64,2016
BEML,2016-12-22,2017-01-03,377.4318,396.3033,3.3,4.51,3.63,0.05,0.047,take_profit,False,12,8,501992.01,23593.62,2017
MMTC,2016-12-23,2016-12-26,33.3673,35.0357,2.04,2.02,5.87,0.05,0.047,take_profit,False,3,1,401593.61,18874.9,2016
VSTIND,2016-12-27,2017-01-10,162.4376,164.9814,2.14,7.82,8.2,0.01566,0.01266,time_exit,False,14,10,569015.8,7203.74,2017
TRIVENI,2016-12-27,2017-01-02,54.6309,57.3624,2.67,2.81,6.02,0.05,0.047,take_profit,False,6,4,455212.64,21394.99,2017
NAUKRI,2016-12-27,2017-01-03,176.3099,167.4944,1.68,3.78,2.07,-0.05,-0.053,stopped_out,True,7,5,364170.11,-19301.02,2017
ZYDUSWELL,2016-12-28,2017-01-11,168.2194,168.6786,1.18,7.66,4.89,0.00273,-0.00027,time_exit,False,14,10,380966.12,-102.86,2017
RENUKA,2017-01-02,2017-01-10,14.7073,15.4423,3.97,2.76,4.26,0.04997,0.04697,take_profit_gap,False,8,6,400094.43,18792.44,2017
CHENNPETRO,2017-01-03,2017-01-04,239.1485,251.1059,0.72,5.15,7.86,0.05,0.047,take_profit,False,1,1,494166.49,23225.82,2017
SUNTECK,2017-01-03,2017-01-04,113.8687,119.5622,3.22,1.58,4.05,0.05,0.047,take_profit,False,1,1,395333.19,18580.66,2017
ICICIPRULI,2017-01-04,2017-01-06,306.6408,321.9728,2.05,1.62,1.6,0.05,0.047,take_profit,False,2,2,402022.23,18895.04,2017
SUZLON,2017-01-04,2017-01-17,13.7342,14.4209,1.05,2.43,4.55,0.05,0.047,take_profit,False,13,9,502527.78,23618.81,2017
RCF,2017-01-06,2017-01-09,43.6167,45.7976,1.37,4.88,3.31,0.05,0.047,take_profit,False,3,1,405801.24,19072.66,2017
RCF,2017-01-09,2017-01-13,45.8155,43.5248,2.18,5.26,4.37,-0.05,-0.053,stopped_out,True,4,4,409615.77,-21709.64,2017
DCMSHRIRAM,2017-01-10,2017-01-11,230.3155,243.2319,7.81,4.34,9.34,0.056081,0.053081,take_profit_gap,False,1,1,526713.89,27958.5,2017
JWL,2017-01-10,2017-01-12,15.1477,14.3904,3.93,5.5,5.9,-0.05,-0.053,stopped_out,True,2,2,421371.11,-22332.67,2017
FEDERALBNK,2017-01-11,2017-01-18,67.1553,70.5131,2.48,2.76,2.91,0.05,0.047,take_profit,False,7,5,524204.02,24637.59,2017
INDUSINDBK,2017-01-11,2017-01-25,1172.1477,1200.967,3.02,4.02,4.12,0.024587,0.021587,time_exit,False,14,10,419363.22,9052.79,2017
LT,2017-01-12,2017-01-27,837.0379,830.749,0.99,1.75,2.43,-0.007513,-0.010513,time_exit,False,15,10,415298.26,-4366.03,2017
GPIL,2017-01-13,2017-01-16,18.6728,19.6064,3.47,5.43,6.63,0.05,0.047,take_profit,False,3,1,409819.84,19261.53,2017
MANAPPURAM,2017-01-16,2017-01-31,65.9808,66.2505,4.84,1.67,5.58,0.004087,0.001087,time_exit,False,15,10,413672.14,449.66,2017
UPL,2017-01-17,2017-02-01,447.7141,451.3767,2.59,3.58,4.01,0.008181,0.005181,time_exit,False,15,10,436167.03,2259.78,2017
RKFORGE,2017-01-18,2017-01-19,72.0517,75.6543,4.27,1.79,5.13,0.05,0.047,take_profit,False,1,1,458701.95,21558.99,2017
EXIDEIND,2017-01-19,2017-01-27,177.9979,186.8978,1.52,2.86,2.18,0.05,0.047,take_profit,False,8,5,463013.75,21761.65,2017
AMBUJACEM,2017-01-25,2017-02-06,199.4732,209.4469,0.94,1.76,1.64,0.05,0.047,take_profit,False,12,7,456094.2,21436.43,2017
ASHOKA,2017-01-27,2017-01-30,121.6164,127.6973,5.15,2.43,3.62,0.05,0.047,take_profit,False,3,1,544016.89,25568.79,2017
JKLAKSHMI,2017-01-27,2017-02-02,348.6537,366.0864,1.34,5.28,2.04,0.05,0.047,take_profit,False,6,4,435213.51,20455.03,2017
FINPIPE,2017-01-30,2017-02-06,83.1086,87.264,3.17,4.75,4.86,0.05,0.047,take_profit,False,7,5,462087.94,21718.13,2017
PRESTIGE,2017-01-31,2017-02-01,159.9451,167.9424,1.18,1.9,3.28,0.05,0.047,take_profit,False,1,1,452494.71,21267.25,2017
ALKEM,2017-02-01,2017-02-02,1563.4894,1641.6638,0.67,2.67,1.66,0.05,0.047,take_profit,False,1,1,544433.53,25588.38,2017
SOBHA,2017-02-01,2017-02-09,247.832,260.2236,2.38,2.86,2.09,0.05,0.047,take_profit,False,8,6,435546.82,20470.7,2017
POLYMED,2017-02-02,2017-02-06,248.1487,235.7413,8.33,10.27,12.16,-0.05,-0.053,stopped_out,True,4,2,442860.44,-23471.6,2017
BERGEPAINT,2017-02-02,2017-02-16,176.6142,177.9464,2.88,3.11,4.32,0.007543,0.004543,time_exit,False,14,10,553575.55,2514.89,2017
IGL,2017-02-06,2017-02-09,87.6992,92.0841,1.9,2.53,3.18,0.05,0.047,take_profit,False,3,3,630433.46,29630.37,2017
BANCOINDIA,2017-02-06,2017-02-07,62.0649,57.4227,0.51,1.67,1.88,-0.074797,-0.077797,stopped_out_gap,False,1,1,504346.77,-39236.67,2017
OLECTRA,2017-02-06,2017-02-07,40.0615,42.7162,17.46,7.43,21.52,0.066265,0.063265,take_profit_gap,False,1,1,403477.41,25526.0,2017
OLECTRA,2017-02-07,2017-02-08,46.9549,44.6071,6.38,6.96,9.81,-0.05,-0.053,stopped_out,True,1,1,501604.63,-26585.05,2017
SAMMAANCAP,2017-02-07,2017-02-17,586.9347,616.2814,2.44,2.04,3.12,0.05,0.047,take_profit,False,10,8,401283.71,18860.33,2017
JAMNAAUTO,2017-02-08,2017-02-22,35.5563,34.8414,1.5,2.85,5.1,-0.020108,-0.023108,time_exit,False,14,10,416030.88,-9613.64,2017
KARURVYSYA,2017-02-09,2017-02-21,58.1532,61.0609,1.33,2.53,2.27,0.05,0.047,take_profit,False,12,8,444832.78,20907.14,2017
JINDALSAW,2017-02-09,2017-02-10,29.7802,31.2692,8.83,10.96,9.94,0.05,0.047,take_profit,False,1,1,556040.98,26133.93,2017
RHIM,2017-02-10,2017-02-20,125.0613,131.3144,4.34,4.7,4.57,0.05,0.047,take_profit,False,10,6,472301.21,22198.16,2017
VMART,2017-02-16,2017-02-17,179.8076,170.8172,3.35,3.76,7.27,-0.05,-0.053,stopped_out,True,1,1,489059.05,-25920.13,2017
GNFC,2017-02-17,2017-03-03,215.1306,204.3741,2.48,1.87,4.43,-0.05,-0.053,stopped_out,True,14,9,567903.83,-30098.9,2017
WABAG,2017-02-17,2017-02-22,507.4085,532.7789,4.23,5.18,4.28,0.05,0.047,take_profit,False,5,3,454323.07,21353.18,2017
PIDILITIND,2017-02-20,2017-03-07,333.8126,321.3412,1.54,1.83,1.66,-0.037361,-0.040361,time_exit,False,15,10,462358.33,-18661.24,2017
MAHABANK,2017-02-21,2017-02-22,32.1895,30.58,3.1,7.4,13.11,-0.05,-0.053,stopped_out,True,1,1,463034.65,-24540.84,2017
AXISBANK,2017-02-22,2017-03-09,517.6423,508.3634,1.71,2.23,3.3,-0.017925,-0.020925,time_exit,False,15,10,634545.18,-13277.86,2017
AVANTIFEED,2017-02-22,2017-02-23,194.1555,203.8632,5.65,7.33,8.63,0.05,0.047,take_profit,False,1,1,507636.14,23858.9,2017
RELIANCE,2017-02-22,2017-03-03,264.7241,277.9603,1.21,6.39,10.48,0.05,0.047,take_profit,False,9,6,406108.91,19087.12,2017
KARURVYSYA,2017-02-23,2017-03-10,62.28,62.0604,1.52,3.64,2.44,-0.003526,-0.006526,time_exit,False,15,10,431186.14,-2813.92,2017
RAIN,2017-03-03,2017-03-06,92.7592,97.3971,0.96,2.46,5.6,0.05,0.047,take_profit,False,3,1,430039.28,20211.85,2017
BBTC,2017-03-03,2017-03-06,705.6518,740.9344,2.13,2.63,5.01,0.05,0.047,take_profit,False,3,1,537549.1,25264.81,2017
JSWENERGY,2017-03-06,2017-03-21,59.0996,57.5112,0.94,1.78,2.25,-0.026876,-0.029876,time_exit,False,15,10,546644.43,-16331.55,2017
BSE,2017-03-06,2017-03-21,85.1075,84.2684,2.03,2.16,6.43,-0.009859,-0.012859,time_exit,False,15,10,437315.55,-5623.44,2017
BRIGADE,2017-03-07,2017-03-08,128.6684,122.235,2.62,8.37,11.06,-0.05,-0.053,stopped_out,True,1,1,438591.85,-23245.37,2017
JUBLPHARMA,2017-03-08,2017-03-14,509.2038,534.664,1.72,1.96,3.8,0.05,0.047,take_profit,False,6,3,433942.78,20395.31,2017
OFSS,2017-03-09,2017-03-24,2629.1841,2550.9902,0.82,4.13,2.52,-0.029741,-0.032741,time_exit,False,15,10,471407.69,-15434.36,2017
TDPOWERSYS,2017-03-10,2017-03-15,32.0095,33.61,7.16,6.23,4.94,0.05,0.047,take_profit,False,5,2,462800.59,21751.63,2017
RCF,2017-03-14,2017-03-15,48.4941,50.9188,0.55,6.35,9.77,0.05,0.047,take_profit,False,1,1,461108.09,21672.08,2017
CUB,2017-03-15,2017-03-29,117.0402,112.1468,0.61,1.65,4.78,-0.041809,-0.044809,time_exit,False,14,10,562352.95,-25198.47,2017
ICIL,2017-03-15,2017-03-22,173.4711,182.1446,4.12,5.26,6.92,0.05,0.047,take_profit,False,7,5,449882.36,21144.47,2017
NLCINDIA,2017-03-21,2017-03-22,69.7654,73.2537,8.0,12.36,4.29,0.05,0.047,take_profit,False,1,1,552306.89,25958.42,2017
GUJGASLTD,2017-03-21,2017-03-27,137.1151,143.9709,1.66,2.11,3.93,0.05,0.047,take_profit,False,6,4,441845.51,20766.74,2017
REFEX,2017-03-22,2017-03-23,4.4999,4.7249,19.66,10.58,18.84,0.05,0.047,take_profit,False,1,1,563334.84,26476.74,2017
GMDCLTD,2017-03-22,2017-03-23,92.0641,96.6673,2.05,3.94,1.69,0.05,0.047,take_profit,False,1,1,450667.87,21181.39,2017
BBTC,2017-03-23,2017-03-24,812.9086,853.5541,7.02,3.37,8.69,0.05,0.047,take_profit,False,1,1,572866.46,26924.72,2017
JAIBALAJI,2017-03-23,2017-03-24,3.3317,3.6282,4.2,3.11,7.42,0.089001,0.086001,take_profit_gap,False,1,1,458293.17,39413.67,2017
SKIPPER,2017-03-24,2017-03-31,164.9752,173.2239,2.88,6.21,5.59,0.05,0.047,take_profit,False,7,5,541863.05,25467.56,2017
WELENT,2017-03-24,2017-03-27,64.806,68.0463,4.94,4.72,6.83,0.05,0.047,take_profit,False,3,1,433490.44,20374.05,2017
INDIGO,2017-03-24,2017-03-31,983.6953,1032.88,2.46,2.55,4.69,0.05,0.047,take_profit,False,7,5,677328.81,31834.45,2017
ZYDUSWELL,2017-03-27,2017-04-11,171.0808,170.2971,1.14,3.66,3.82,-0.004581,-0.007581,time_exit,False,15,10,530087.7,-4018.59,2017
FINCABLES,2017-03-27,2017-03-28,449.9148,472.4105,5.12,2.68,5.25,0.05,0.047,take_profit,False,1,1,424070.16,19931.3,2017
FINCABLES,2017-03-28,2017-04-03,468.356,491.7738,0.87,3.33,3.18,0.05,0.047,take_profit,False,6,4,428056.42,20118.65,2017
PTC,2017-03-29,2017-03-31,51.1438,53.701,2.46,2.41,1.65,0.05,0.047,take_profit,False,2,2,449876.03,21144.17,2017
BLUESTARCO,2017-03-31,2017-04-12,317.28,301.416,2.01,2.29,2.73,-0.05,-0.053,stopped_out,True,12,7,709403.64,-37598.39,2017
GVT&D,2017-03-31,2017-04-07,321.1933,337.253,1.72,4.94,4.82,0.05,0.047,take_profit,False,7,4,567522.91,26673.58,2017
NATCOPHARM,2017-03-31,2017-04-05,789.1731,828.6318,1.89,1.85,2.56,0.05,0.047,take_profit,False,5,2,454018.33,21338.86,2017
STLTECH,2017-04-03,2017-04-12,123.3527,129.5203,2.42,2.67,4.3,0.05,0.047,take_profit,False,9,6,452849.68,21283.93,2017
RBLBANK,2017-04-05,2017-04-07,514.6886,540.423,3.6,2.49,4.69,0.05,0.047,take_profit,False,2,2,457351.18,21495.51,2017
TVSMOTOR,2017-04-07,2017-04-20,448.1822,470.5913,3.05,2.97,5.02,0.05,0.047,take_profit,False,13,8,580489.58,27283.01,2017
JKTYRE,2017-04-07,2017-04-11,122.4309,128.5525,3.02,2.13,3.82,0.05,0.047,take_profit,False,4,2,464391.66,21826.41,2017
CEATLTD,2017-04-11,2017-04-26,1339.6759,1406.6596,1.51,1.55,4.76,0.05,0.047,take_profit,False,15,10,573970.77,26976.63,2017
RECLTD,2017-04-11,2017-04-18,79.5219,75.5458,7.1,4.5,12.88,-0.05,-0.053,stopped_out,True,7,4,459176.61,-24336.36,2017
SHILPAMED,2017-04-12,2017-04-27,354.2012,343.7963,2.67,4.38,5.08,-0.029376,-0.032376,time_exit,False,15,10,596529.06,-19313.22,2017
AVANTIFEED,2017-04-12,2017-04-21,258.4935,272.7583,1.91,1.75,1.86,0.055184,0.052184,take_profit_gap,False,9,6,477223.25,24903.42,2017
ADANIENT,2017-04-18,2017-04-24,77.3817,81.2508,9.56,9.98,16.85,0.05,0.047,take_profit,False,6,4,468746.65,22031.09,2017
GRANULES,2017-04-20,2017-04-21,137.8938,144.7885,1.52,1.57,1.79,0.05,0.047,take_profit,False,1,1,496551.84,23337.94,2017
SCI,2017-04-21,2017-04-24,77.675,73.7913,1.37,3.83,8.46,-0.05,-0.053,stopped_out,True,3,1,481315.81,-25509.74,2017
NETWORK18,2017-04-21,2017-04-25,45.5227,47.7989,3.74,3.51,9.38,0.05,0.047,take_profit,False,4,2,601644.76,28277.3,2017
RPOWER,2017-04-24,2017-05-05,49.7249,47.2386,1.61,2.38,4.96,-0.05,-0.053,stopped_out,True,11,8,574369.41,-30441.58,2017
PRSMJOHNSN,2017-04-24,2017-04-27,110.6427,116.1748,4.42,3.25,6.02,0.05,0.047,take_profit,False,3,3,459495.53,21596.29,2017
IIFL,2017-04-25,2017-04-26,238.1169,250.0227,4.53,1.91,6.35,0.05,0.047,take_profit,False,1,1,493580.83,23198.3,2017
ALLCARGO,2017-04-26,2017-05-04,40.169,38.1605,1.86,10.47,4.97,-0.05,-0.053,stopped_out,True,8,5,618409.97,-32775.73,2017
CUB,2017-04-26,2017-05-05,126.6816,133.0157,1.27,2.67,4.06,0.05,0.047,take_profit,False,9,6,494727.98,23252.21,2017
NESTLEIND,2017-04-27,2017-05-12,298.3592,303.3643,3.38,2.23,3.93,0.016775,0.013775,time_exit,False,15,10,607443.91,8367.54,2017
ICIL,2017-04-27,2017-05-12,186.353,181.6786,3.76,4.28,3.7,-0.025084,-0.028084,time_exit,False,15,10,485955.13,-13647.56,2017
CANBK,2017-05-04,2017-05-05,67.7139,71.0996,2.4,1.51,4.75,0.05,0.047,take_profit,False,1,1,505890.95,23776.87,2017
DBL,2017-05-05,2017-05-08,453.1013,475.7563,0.96,3.28,6.47,0.05,0.047,take_profit,False,3,1,462737.88,21748.68,2017
GAEL,2017-05-05,2017-05-17,33.8615,32.1684,4.08,2.27,3.56,-0.05,-0.053,stopped_out,True,12,8,723027.93,-38320.48,2017
FEDERALBNK,2017-05-05,2017-05-19,107.7447,102.3575,3.14,3.63,2.56,-0.05,-0.053,stopped_out,True,14,10,578422.35,-30656.38,2017
ANANTRAJ,2017-05-08,2017-05-09,26.7426,28.0797,5.91,1.82,9.33,0.05,0.047,take_profit,False,1,1,467087.61,21953.12,2017
JKIL,2017-05-09,2017-05-16,275.8242,289.6154,0.51,3.12,2.17,0.05,0.047,take_profit,False,7,5,471478.24,22159.48,2017
LTIM,2017-05-12,2017-05-25,666.4294,699.7509,0.52,1.65,2.77,0.05,0.047,take_profit,False,13,9,594806.39,27955.9,2017
SCI,2017-05-12,2017-05-18,76.7503,72.9128,1.33,2.46,5.06,-0.05,-0.053,stopped_out,True,6,4,475845.11,-25219.79,2017
UNOMINDA,2017-05-16,2017-05-19,88.4673,92.8907,3.51,8.66,4.18,0.05,0.047,take_profit,False,3,3,479403.63,22531.97,2017
TATASTEEL,2017-05-17,2017-05-29,37.1627,39.0208,3.97,6.14,5.09,0.05,0.047,take_profit,False,12,8,520464.4,24461.83,2017
SUZLON,2017-05-18,2017-05-19,18.3735,19.2921,1.75,1.86,1.52,0.05,0.047,take_profit,False,1,1,506496.58,23805.34,2017
SHILPAMED,2017-05-19,2017-05-29,348.2583,330.8454,1.11,2.48,1.67,-0.05,-0.053,stopped_out,True,10,6,721197.96,-38223.49,2017
GMDCLTD,2017-05-19,2017-05-23,106.917,101.5711,2.46,4.29,1.91,-0.05,-0.053,stopped_out,True,4,2,576958.37,-30578.79,2017
WEBELSOLAR,2017-05-19,2017-05-23,12.8864,13.6032,1.13,1.7,2.14,0.055621,0.052621,take_profit_gap,False,4,2,461566.7,24288.1,2017
BHARATFORG,2017-05-24,2017-05-26,508.4074,533.8278,1.42,2.89,3.29,0.05,0.047,take_profit,False,2,2,575700.23,27057.91,2017
VOLTAS,2017-05-24,2017-05-25,424.1255,445.3317,0.76,8.59,4.32,0.05,0.047,take_profit,False,1,1,460560.19,21646.33,2017
GAIL,2017-05-25,2017-06-08,70.1859,67.9476,1.4,2.57,2.15,-0.031891,-0.034891,time_exit,False,14,10,589441.91,-20566.22,2017
UPL,2017-05-25,2017-05-29,493.9147,518.6105,1.3,2.52,2.45,0.05,0.047,take_profit,False,4,2,471553.53,22163.02,2017
NBCC,2017-05-26,2017-06-06,59.3317,62.8647,1.85,1.53,3.02,0.059546,0.056546,take_profit_gap,False,11,7,497794.45,28148.29,2017
PGIL,2017-05-29,2017-05-30,60.8622,63.9053,8.22,7.43,2.45,0.05,0.047,take_profit,False,1,1,475237.77,22336.17,2017
DCAL,2017-05-29,2017-06-12,301.0155,300.7146,1.94,1.89,4.51,-0.001,-0.004,time_exit,False,14,10,742559.01,-2970.24,2017
ZYDUSLIFE,2017-05-29,2017-06-02,423.9534,445.1511,0.59,2.0,1.75,0.05,0.047,take_profit,False,4,4,594047.21,27920.22,2017
NATCOPHARM,2017-05-30,2017-06-07,876.5751,920.4038,2.13,2.89,5.99,0.05,0.047,take_profit,False,8,6,479705.0,22546.14,2017
SUNDRMFAST,2017-06-02,2017-06-16,381.9586,381.3452,3.56,2.87,4.29,-0.001606,-0.004606,time_exit,False,14,10,508157.49,-2340.57,2017
TATAELXSI,2017-06-06,2017-06-19,699.6937,734.6783,7.45,6.02,2.4,0.05,0.047,take_profit,False,13,9,511714.54,24050.58,2017
ICICIPRULI,2017-06-07,2017-06-14,403.8028,423.993,2.17,3.83,4.08,0.05,0.047,take_profit,False,7,5,509821.86,23961.63,2017
DRREDDY,2017-06-08,2017-06-22,496.011,495.3931,1.42,1.73,3.57,-0.001246,-0.004246,time_exit,False,14,10,521632.62,-2214.85,2017
WELENT,2017-06-12,2017-06-14,92.6166,87.9858,5.21,11.19,13.63,-0.05,-0.053,stopped_out,True,2,2,565223.85,-29956.86,2017
PGEL,2017-06-14,2017-06-20,25.9731,27.2717,5.33,5.72,6.34,0.05,0.047,take_profit,False,6,4,532791.34,25041.19,2017
GODREJPROP,2017-06-14,2017-06-27,551.7758,524.187,1.21,2.98,2.57,-0.05,-0.053,stopped_out,True,13,8,665989.18,-35297.43,2017
GMDCLTD,2017-06-16,2017-06-21,122.6735,116.5399,2.69,2.65,6.88,-0.05,-0.053,stopped_out,True,5,3,527396.46,-27952.01,2017
BALKRISIND,2017-06-19,2017-06-22,742.329,779.4454,2.99,1.5,4.18,0.05,0.047,take_profit,False,3,3,529070.19,24866.3,2017
BEML,2017-06-20,2017-06-30,588.0406,558.6385,0.75,3.68,3.62,-0.05,-0.053,stopped_out,True,10,7,534822.66,-28345.6,2017
GMRAIRPORT,2017-06-21,2017-06-27,19.2444,18.2822,0.75,1.9,6.22,-0.05,-0.053,stopped_out,True,6,3,527747.01,-27970.59,2017
SHRIPISTON,2017-06-22,2017-06-27,886.105,946.8034,1.1,2.38,4.49,0.0685,0.0655,take_profit_gap,False,5,2,636868.46,41714.88,2017
SHRIPISTON,2017-06-22,2017-06-27,886.105,946.8034,5.14,2.38,4.49,0.0685,0.0655,take_profit_gap,False,5,2,509494.77,33371.91,2017
JPPOWER,2017-06-27,2017-06-28,5.4027,5.6728,8.33,9.03,13.68,0.05,0.047,take_profit,False,1,1,449525.48,21127.7,2017
GRASIM,2017-06-27,2017-07-03,892.4721,937.0957,1.32,1.61,2.85,0.05,0.047,take_profit,False,6,4,561906.85,26409.62,2017
WELENT,2017-06-27,2017-06-28,91.2496,95.812,1.08,1.83,5.43,0.05,0.047,take_profit,False,1,1,877979.46,41265.03,2017
HSCL,2017-06-27,2017-06-30,72.7153,76.3511,0.95,1.53,2.29,0.05,0.047,take_profit,False,3,3,702383.57,33012.03,2017
WELCORP,2017-06-28,2017-07-06,92.0,96.6,2.29,2.45,5.89,0.05,0.047,take_profit,False,8,6,637599.92,29967.2,2017
SHAKTIPUMP,2017-06-28,2017-06-30,74.8963,71.1515,1.41,3.63,12.72,-0.05,-0.053,stopped_out,True,2,2,510079.94,-27034.24,2017
STAR,2017-06-30,2017-07-14,872.9113,916.5568,2.49,1.92,3.36,0.05,0.047,take_profit,False,14,10,753047.62,35393.24,2017
STAR,2017-06-30,2017-07-14,872.9113,916.5568,0.86,1.92,3.36,0.05,0.047,take_profit,False,14,10,602438.09,28314.59,2017
DBL,2017-06-30,2017-07-03,441.0764,463.1302,2.79,1.92,3.3,0.05,0.047,take_profit,False,3,1,481950.48,22651.67,2017
RHIM,2017-07-03,2017-07-06,134.4248,141.146,3.86,2.69,5.19,0.05,0.047,take_profit,False,3,3,604144.1,28394.77,2017
INDUSTOWER,2017-07-03,2017-07-12,293.3277,307.9941,4.92,1.92,6.21,0.05,0.047,take_profit,False,9,7,483315.28,22715.82,2017
MAHSEAMLES,2017-07-06,2017-07-20,189.1441,187.1876,1.37,1.97,2.99,-0.010344,-0.013344,time_exit,False,14,10,517338.74,-6903.37,2017
GHCL,2017-07-06,2017-07-20,200.1786,196.7762,1.13,2.56,2.37,-0.016997,-0.019997,time_exit,False,14,10,646673.43,-12931.53,2017
PTC,2017-07-12,2017-07-17,63.3441,66.8487,7.58,7.72,7.62,0.055326,0.052326,take_profit_gap,False,5,3,515077.21,26951.93,2017
RAIN,2017-07-14,2017-07-18,122.9609,116.8129,0.99,1.85,5.29,-0.05,-0.053,stopped_out,True,4,2,695900.48,-36882.73,2017
BIOCON,2017-07-14,2017-07-19,197.0671,206.9204,4.46,5.76,2.72,0.05,0.047,take_profit,False,5,3,556720.38,26165.86,2017
BHARATFORG,2017-07-17,2017-07-31,536.3749,540.4126,0.93,1.59,2.42,0.007528,0.004528,time_exit,False,14,10,553782.13,2507.53,2017
GPIL,2017-07-18,2017-07-19,26.0221,27.3232,4.56,3.33,6.56,0.05,0.047,take_profit,False,1,1,574829.26,27016.98,2017
HERITGFOOD,2017-07-19,2017-07-21,288.247,302.6593,7.11,6.35,8.31,0.05,0.047,take_profit,False,2,2,696809.9,32750.07,2017
KPRMILL,2017-07-19,2017-08-01,159.2271,151.2657,1.18,6.57,3.63,-0.05,-0.053,stopped_out,True,13,9,557447.92,-29544.74,2017
DEEPAKFERT,2017-07-20,2017-07-24,249.4709,261.9444,5.31,2.92,5.27,0.05,0.047,take_profit,False,4,2,674793.79,31715.31,2017
UNOMINDA,2017-07-20,2017-07-21,114.4676,120.191,3.54,1.76,3.51,0.05,0.047,take_profit,False,1,1,539835.03,25372.25,2017
ADANIPOWER,2017-07-21,2017-07-24,6.4132,6.7339,3.9,3.45,7.19,0.05,0.047,take_profit,False,3,1,690821.48,32468.61,2017
HERITGFOOD,2017-07-21,2017-07-24,304.0061,319.2064,1.8,1.96,2.98,0.05,0.047,take_profit,False,3,1,552657.18,25974.89,2017
M&MFIN,2017-07-24,2017-07-25,198.5618,208.4899,1.27,2.37,1.52,0.05,0.047,take_profit,False,1,1,843811.99,39659.16,2017
GSPL,2017-07-24,2017-07-27,163.9995,172.1995,2.11,2.24,3.38,0.05,0.047,take_profit,False,3,3,675049.6,31727.33,2017
SAREGAMA,2017-07-24,2017-07-27,37.5542,35.6765,9.18,3.87,12.08,-0.05,-0.053,stopped_out,True,3,3,540039.68,-28622.1,2017
SUDARSCHEM,2017-07-25,2017-07-27,413.7412,393.0541,1.35,7.01,6.32,-0.05,-0.053,stopped_out,True,2,2,608725.97,-32262.48,2017
GODREJCP,2017-07-27,2017-08-01,666.1413,625.8194,1.06,2.9,3.78,-0.060531,-0.063531,stopped_out_gap,False,5,3,676729.9,-42993.33,2017
TATAELXSI,2017-07-27,2017-08-10,795.8678,756.0744,2.13,4.45,3.06,-0.05,-0.053,stopped_out,True,14,10,845912.38,-44833.36,2017
YESBANK,2017-07-27,2017-08-10,349.7357,338.4791,2.3,4.38,2.21,-0.032186,-0.035186,time_exit,False,14,10,541383.92,-19049.13,2017
LTF,2017-07-31,2017-08-10,149.1888,141.7293,0.54,2.17,3.92,-0.05,-0.053,stopped_out,True,10,8,544365.07,-28851.35,2017
AVANTIFEED,2017-08-01,2017-08-03,511.295,536.8598,3.05,2.59,3.42,0.05,0.047,take_profit,False,2,2,667820.01,31387.54,2017
JINDWORLD,2017-08-01,2017-08-07,15.8887,16.6831,4.01,3.07,6.57,0.05,0.047,take_profit,False,6,4,534256.01,25110.03,2017
BATAINDIA,2017-08-03,2017-08-14,577.9122,606.8078,4.87,8.03,3.58,0.05,0.047,take_profit,False,11,7,567246.31,26660.58,2017
TATASTEEL,2017-08-07,2017-08-16,45.9543,48.252,4.2,2.64,2.57,0.05,0.047,take_profit,False,9,6,565670.26,26586.5,2017
OLECTRA,2017-08-10,2017-08-14,102.2018,112.5292,12.22,2.34,10.0,0.101049,0.098049,take_profit_gap,False,4,2,820321.71,80431.72,2017
AVANTIFEED,2017-08-11,2017-08-14,497.2345,596.0819,7.99,2.71,6.59,0.198794,0.195794,take_profit_gap,False,3,1,656257.37,128491.26,2017
TATACONSUM,2017-08-11,2017-08-14,153.7884,161.4779,0.97,2.05,5.87,0.05,0.047,take_profit,False,3,1,525005.9,24675.28,2017
ASHOKA,2017-08-14,2017-08-30,124.674,130.9077,4.7,2.76,4.96,0.05,0.047,take_profit,False,16,10,504741.24,23722.84,2017
MOIL,2017-08-14,2017-08-30,134.2298,136.6821,1.54,1.73,2.94,0.018269,0.015269,time_exit,False,16,10,630926.56,9633.62,2017
KNRCON,2017-08-14,2017-08-29,108.6435,103.2113,0.93,5.68,4.29,-0.05,-0.053,stopped_out,True,15,9,985822.74,-52248.61,2017
MOIL,2017-08-14,2017-08-30,134.2298,136.6821,2.25,1.73,2.94,0.018269,0.015269,time_exit,False,16,10,788658.19,12042.02,2017
KARURVYSYA,2017-08-16,2017-08-18,89.6275,94.1089,0.74,3.01,2.61,0.05,0.047,take_profit,False,2,2,522244.35,24545.48,2017
MINDACORP,2017-08-18,2017-09-04,106.0314,107.3243,0.82,2.7,3.44,0.012193,0.009193,time_exit,False,17,10,527153.44,4846.12,2017
RBLBANK,2017-08-29,2017-09-12,514.175,521.7302,1.77,7.48,5.05,0.014694,0.011694,time_exit,False,14,10,608437.58,7115.07,2017
GODREJPROP,2017-08-30,2017-09-01,568.8843,597.3285,4.34,2.73,4.33,0.05,0.047,take_profit,False,2,2,880694.96,41392.66,2017
ADANIPOWER,2017-08-30,2017-09-04,6.4332,6.1116,5.13,2.54,6.63,-0.05,-0.053,stopped_out,True,5,3,704555.97,-37341.47,2017
HERITGFOOD,2017-08-30,2017-09-11,362.5495,344.4221,1.49,3.04,2.9,-0.05,-0.053,stopped_out,True,12,8,563644.77,-29873.17,2017
CENTRALBK,2017-09-01,2017-09-05,93.4529,98.1255,4.3,5.65,7.98,0.05,0.047,take_profit,False,4,2,635333.34,29860.67,2017
SURYAROSNI,2017-09-04,2017-09-18,71.6305,70.3526,4.69,5.69,8.06,-0.01784,-0.02084,time_exit,False,14,10,598487.59,-12472.48,2017
SAREGAMA,2017-09-04,2017-09-05,42.5994,44.7294,3.05,2.63,4.74,0.05,0.047,take_profit,False,1,1,748109.49,35161.15,2017
COALINDIA,2017-09-05,2017-09-19,125.1072,127.2961,1.7,1.83,2.98,0.017497,0.014497,time_exit,False,14,10,768483.0,11140.7,2017
RAMCOCEM,2017-09-05,2017-09-13,708.6893,744.1237,2.1,3.47,4.27,0.05,0.047,take_profit,False,8,6,614786.4,28894.96,2017
MINDACORP,2017-09-11,2017-09-18,130.8976,137.4425,10.44,14.97,18.38,0.05,0.047,take_profit,False,7,5,598583.44,28133.42,2017
GODREJPROP,2017-09-12,2017-09-15,653.6266,620.9453,2.91,3.31,7.98,-0.05,-0.053,stopped_out,True,3,3,601977.28,-31904.8,2017
IOB,2017-09-13,2017-09-18,24.4122,23.1916,4.03,4.71,2.52,-0.05,-0.053,stopped_out,True,5,3,610318.1,-32346.86,2017
HFCL,2017-09-15,2017-09-18,32.1419,33.749,0.67,2.79,8.64,0.05,0.047,take_profit,False,3,1,602268.98,28306.64,2017
INFIBEAM,2017-09-18,2017-09-20,32.8434,31.2013,3.4,2.12,7.33,-0.05,-0.053,stopped_out,True,2,2,494628.33,-26215.3,2017
PGEL,2017-09-18,2017-09-19,38.9496,37.0021,0.53,8.17,6.83,-0.05,-0.053,stopped_out,True,1,1,618285.41,-32769.13,2017
TRIDENT,2017-09-18,2017-09-22,8.5897,8.1602,1.1,1.9,3.36,-0.05,-0.053,stopped_out,True,4,4,966070.95,-51201.76,2017
VIPIND,2017-09-18,2017-09-19,251.0782,238.5243,5.47,2.9,14.74,-0.05,-0.053,stopped_out,True,1,1,772856.76,-40961.41,2017
SCHNEIDER,2017-09-19,2017-09-20,143.4717,136.2981,2.06,8.76,7.82,-0.05,-0.053,stopped_out,True,1,1,815109.73,-43200.82,2017
GANECOS,2017-09-19,2017-09-25,375.4477,356.6753,1.6,2.41,4.93,-0.05,-0.053,stopped_out,True,6,4,652087.78,-34560.65,2017
SFL,2017-09-19,2017-09-20,768.7342,730.2974,0.57,3.55,9.84,-0.05,-0.053,stopped_out,True,1,1,521670.23,-27648.52,2017
SOUTHBANK,2017-09-20,2017-09-22,29.2384,27.7765,3.97,5.51,7.16,-0.05,-0.053,stopped_out,True,2,2,489091.14,-25921.83,2017
NBCC,2017-09-20,2017-09-25,67.4432,64.071,1.43,3.15,2.37,-0.05,-0.053,stopped_out,True,5,3,764204.91,-40502.86,2017
DIVISLAB,2017-09-20,2017-09-21,891.7905,936.38,8.31,4.12,7.87,0.05,0.047,take_profit,False,1,1,611363.93,28734.1,2017
CIPLA,2017-09-21,2017-10-06,558.5242,551.8386,1.46,2.77,3.83,-0.01197,-0.01497,time_exit,False,15,10,519292.52,-7773.81,2017
ITI,2017-09-22,2017-09-25,139.5197,132.5437,5.45,7.03,9.8,-0.05,-0.053,stopped_out,True,3,1,691041.71,-36625.21,2017
DCAL,2017-09-25,2017-09-26,329.6979,313.213,5.03,10.06,2.45,-0.05,-0.053,stopped_out,True,1,1,951962.51,-50454.01,2017
CHOLAHLDNG,2017-09-25,2017-09-27,584.3816,555.1625,6.15,20.0,2.53,-0.05,-0.053,stopped_out,True,2,2,761570.01,-40363.21,2017
CHOLAHLDNG,2017-09-25,2017-09-27,584.3816,555.1625,8.46,20.0,2.53,-0.05,-0.053,stopped_out,True,2,2,609256.01,-32290.57,2017
SCI,2017-09-25,2017-09-27,90.5746,86.0459,4.39,3.52,12.2,-0.05,-0.053,stopped_out,True,2,2,487404.8,-25832.45,2017
JWL,2017-09-26,2017-09-28,11.7705,11.0145,6.19,1.88,2.6,-0.064227,-0.067227,stopped_out_gap,False,2,2,570225.54,-38334.55,2017
SUBROS,2017-09-28,2017-10-10,233.519,245.195,3.61,2.85,4.24,0.05,0.047,take_profit,False,12,7,914507.55,42981.85,2017
AKZOINDIA,2017-09-28,2017-09-29,1495.8176,1570.6085,1.07,2.66,4.52,0.05,0.047,take_profit,False,1,1,731606.04,34385.48,2017
PATANJALI,2017-09-28,2017-10-04,814.8091,774.0686,3.01,2.77,11.88,-0.05,-0.053,stopped_out,True,6,3,585284.83,-31020.1,2017
ASHOKLEY,2017-09-28,2017-09-29,49.9747,52.4735,3.04,1.79,2.68,0.05,0.047,take_profit,False,1,1,468227.86,22006.71,2017
NAVINFLUOR,2017-09-29,2017-10-05,662.5422,695.6693,2.15,2.87,4.04,0.05,0.047,take_profit,False,6,3,500662.01,23531.11,2017
RADICO,2017-09-29,2017-10-04,163.1017,171.2568,2.82,4.69,5.11,0.05,0.047,take_profit,False,5,2,625827.51,29413.89,2017
PCJEWELLER,2017-10-04,2017-10-09,36.6464,39.2371,4.49,2.91,3.82,0.070697,0.067697,take_profit_gap,False,5,3,642430.83,43490.64,2017
PGIL,2017-10-04,2017-10-17,71.8295,68.238,0.95,3.98,5.44,-0.05,-0.053,stopped_out,True,13,9,513944.67,-27239.07,2017
SUNFLAG,2017-10-05,2017-10-11,78.4592,74.5362,2.72,2.16,8.6,-0.05,-0.053,stopped_out,True,6,4,515994.36,-27347.7,2017
MAHSEAMLES,2017-10-06,2017-10-11,200.865,210.9082,2.42,7.8,2.66,0.05,0.047,take_profit,False,5,3,515099.23,24209.66,2017
SOBHA,2017-10-09,2017-10-10,427.2206,405.8596,8.21,11.42,11.92,-0.05,-0.053,stopped_out,True,1,1,549263.68,-29110.97,2017
DMART,2017-10-10,2017-10-12,1185.2423,1244.5045,5.33,2.57,5.36,0.05,0.047,take_profit,False,2,2,734939.36,34542.15,2017
GNFC,2017-10-10,2017-10-16,332.1938,348.8035,0.6,3.43,5.29,0.05,0.047,take_profit,False,6,4,587951.49,27633.72,2017
PETRONET,2017-10-11,2017-10-23,181.1544,190.2121,1.49,2.29,3.57,0.05,0.047,take_profit,False,12,7,540761.84,25415.81,2017
HIKAL,2017-10-11,2017-10-12,147.686,155.0703,1.5,4.49,2.85,0.05,0.047,take_profit,False,1,1,675952.3,31769.76,2017
FACT,2017-10-12,2017-10-16,42.182,44.2911,3.97,2.46,1.93,0.05,0.047,take_profit,False,4,2,728050.19,34218.36,2017
SHILPAMED,2017-10-12,2017-10-16,342.4388,325.3169,1.83,2.96,5.52,-0.05,-0.053,stopped_out,True,4,2,582440.15,-30869.33,2017
BHARTIARTL,2017-10-16,2017-10-19,389.6713,409.1549,6.36,2.85,4.88,0.05,0.047,take_profit,False,3,3,851837.04,40036.34,2017
FEDERALBNK,2017-10-16,2017-10-26,116.4488,110.6264,5.37,5.07,5.99,-0.05,-0.053,stopped_out,True,10,7,681469.63,-36117.89,2017
V2RETAIL,2017-10-16,2017-10-17,476.7883,500.6277,1.89,2.36,5.55,0.05,0.047,take_profit,False,1,1,545175.7,25623.26,2017
NAVA,2017-10-17,2017-10-24,56.9877,59.837,0.68,2.22,3.94,0.05,0.047,take_profit,False,7,4,647641.48,30439.15,2017
IDEA,2017-10-17,2017-10-23,54.2943,57.0091,3.61,3.65,7.27,0.05,0.047,take_profit,False,6,3,518113.18,24351.32,2017
MOIL,2017-10-19,2017-10-23,189.631,199.1126,6.07,3.06,5.76,0.05,0.047,take_profit,False,4,1,592865.22,27864.67,2017
RELIANCE,2017-10-23,2017-11-06,415.3243,411.7082,0.67,1.53,2.94,-0.008707,-0.011707,time_exit,False,14,10,524906.61,-6145.08,2017
TORNTPOWER,2017-10-23,2017-11-01,215.5176,226.2935,0.75,3.24,6.18,0.05,0.047,take_profit,False,9,7,820166.58,38547.83,2017
CROMPTON,2017-10-23,2017-11-06,208.1939,209.2966,0.62,2.15,2.85,0.005296,0.002296,time_exit,False,14,10,656133.27,1506.48,2017
BANKBARODA,2017-10-24,2017-10-25,126.9682,139.5121,12.96,1.57,3.28,0.098796,0.095796,take_profit_gap,False,1,1,555541.42,53218.65,2017
CASTROLIND,2017-10-25,2017-10-26,135.4833,142.2575,2.01,2.59,2.58,0.05,0.047,take_profit,False,1,1,566185.14,26610.7,2017
MMTC,2017-10-26,2017-10-27,40.356,42.3738,0.65,1.67,1.73,0.05,0.047,take_profit,False,1,1,700577.63,32927.15,2017
ZENTEC,2017-10-26,2017-10-30,69.8222,73.3133,1.9,1.54,5.11,0.05,0.047,take_profit,False,4,2,560462.11,26341.72,2017
UBL,2017-10-27,2017-10-30,960.1635,1008.1717,3.56,4.82,4.85,0.05,0.047,take_profit,False,3,1,595070.64,27968.32,2017
VOLTAS,2017-10-30,2017-11-10,535.228,561.9894,1.45,1.74,2.9,0.05,0.047,take_profit,False,11,9,574420.06,26997.74,2017
MAHSEAMLES,2017-10-30,2017-11-08,225.0929,213.8382,2.14,2.19,4.86,-0.05,-0.053,stopped_out,True,9,7,718025.07,-38055.33,2017
GODREJCP,2017-11-01,2017-11-15,600.7725,570.7339,0.75,4.77,2.6,-0.05,-0.053,stopped_out,True,14,10,631278.93,-33457.78,2017
PCBL,2017-11-06,2017-11-07,77.1831,81.0422,9.97,4.42,9.84,0.05,0.047,take_profit,False,1,1,740303.4,34794.26,2017
THANGAMAYL,2017-11-06,2017-11-09,202.8737,192.73,2.51,4.51,3.98,-0.05,-0.053,stopped_out,True,3,3,592242.72,-31388.86,2017
NBCC,2017-11-07,2017-11-13,87.4939,83.1192,1.38,4.44,6.17,-0.05,-0.053,stopped_out,True,6,4,628813.71,-33327.13,2017
LTIM,2017-11-08,2017-11-09,783.2843,822.4485,4.45,9.09,5.76,0.05,0.047,take_profit,False,1,1,639044.91,30035.11,2017
PIDILITIND,2017-11-09,2017-11-21,391.0411,410.5932,4.31,3.65,3.01,0.05,0.047,take_profit,False,12,8,757222.71,35589.47,2017
PIDILITIND,2017-11-09,2017-11-21,391.0411,410.5932,1.3,3.65,3.01,0.05,0.047,take_profit,False,12,8,605778.17,28471.57,2017
TIPSMUSIC,2017-11-10,2017-11-13,10.9521,11.4997,6.25,5.94,2.54,0.05,0.047,take_profit,False,3,1,604906.09,28430.59,2017
MINDACORP,2017-11-13,2017-11-14,149.9215,157.4176,6.57,3.93,3.53,0.05,0.047,take_profit,False,1,1,583751.62,27436.33,2017
JINDALSTEL,2017-11-13,2017-11-15,169.3919,160.9223,1.02,2.62,4.06,-0.05,-0.053,stopped_out,True,2,2,729689.53,-38673.54,2017
UNOMINDA,2017-11-14,2017-11-20,168.1755,176.5843,1.93,2.35,3.79,0.05,0.047,take_profit,False,6,4,589238.89,27694.23,2017
RELIGARE,2017-11-15,2017-11-16,46.2231,50.7746,10.61,2.07,3.59,0.098468,0.095468,take_profit_gap,False,1,1,729158.53,69611.31,2017
ZENTEC,2017-11-15,2017-11-16,94.7376,99.4745,8.58,4.86,12.51,0.05,0.047,take_profit,False,1,1,583326.83,27416.36,2017
INFY,2017-11-16,2017-11-30,397.303,391.9667,1.18,1.68,3.85,-0.013431,-0.016431,time_exit,False,14,10,748564.07,-12299.66,2017
TITAGARH,2017-11-16,2017-11-17,149.2976,156.7625,0.73,1.72,6.52,0.05,0.047,take_profit,False,1,1,598851.25,28146.01,2017
RENUKA,2017-11-17,2017-11-21,17.5588,16.6808,6.27,5.04,11.78,-0.05,-0.053,stopped_out,True,4,2,604480.46,-32037.46,2017
PRICOLLTD,2017-11-20,2017-11-22,94.0461,98.7484,1.67,2.2,8.79,0.05,0.047,take_profit,False,2,2,606970.99,28527.64,2017
WHIRLPOOL,2017-11-21,2017-11-24,1415.9763,1486.7751,2.87,6.26,2.79,0.05,0.047,take_profit,False,3,3,566705.77,26635.17,2017
TITAN,2017-11-21,2017-12-05,793.1935,770.1964,2.05,1.53,3.35,-0.028993,-0.031993,time_exit,False,14,10,708382.22,-22663.27,2017
DATAMATICS,2017-11-21,2017-11-30,123.5427,117.3656,3.1,4.8,8.51,-0.05,-0.053,stopped_out,True,9,7,885477.77,-46930.32,2017
VIPIND,2017-11-22,2017-11-23,333.5658,350.2441,7.43,3.22,10.9,0.05,0.047,take_profit,False,1,1,580464.34,27281.82,2017
INDIAGLYCO,2017-11-23,2017-11-24,197.5907,207.4702,4.73,1.94,8.11,0.05,0.047,take_profit,False,1,1,585920.71,27538.27,2017
ANANTRAJ,2017-11-24,2017-11-29,24.6518,25.8844,1.64,1.67,4.54,0.05,0.047,take_profit,False,5,3,710096.55,33374.54,2017
GMRAIRPORT,2017-11-24,2017-11-27,16.8107,17.6513,5.63,1.85,10.03,0.05,0.047,take_profit,False,3,1,568077.24,26699.63,2017
AURIONPRO,2017-11-27,2017-11-30,75.9735,72.1749,2.97,5.95,7.33,-0.05,-0.053,stopped_out,True,3,3,573417.17,-30391.11,2017
DIXON,2017-11-29,2017-12-01,686.3939,720.7136,1.04,1.51,2.58,0.05,0.047,take_profit,False,2,2,607427.95,28549.11,2017
JSWENERGY,2017-11-30,2017-12-01,78.3058,82.2211,0.9,1.82,3.46,0.05,0.047,take_profit,False,1,1,582086.36,27358.06,2017
TARIL,2017-11-30,2017-12-05,16.4764,17.484,1.77,4.98,2.01,0.061154,0.058154,take_profit_gap,False,5,3,727607.96,42313.31,2017
APLAPOLLO,2017-11-30,2017-12-04,191.5092,181.9337,2.11,3.81,2.05,-0.05,-0.053,stopped_out,True,4,2,909509.94,-48204.03,2017
ADVENZYMES,2017-12-01,2017-12-05,271.8551,258.2623,0.66,6.97,3.89,-0.05,-0.053,stopped_out,True,4,2,714753.39,-37881.93,2017
CUB,2017-12-01,2017-12-06,149.4618,157.0565,1.52,2.75,2.14,0.050814,0.047814,take_profit_gap,False,5,3,571802.71,27340.17,2017
BIOCON,2017-12-04,2017-12-18,253.0013,254.3258,10.73,7.13,4.23,0.005235,0.002235,time_exit,False,14,10,629703.35,1407.39,2017
PHOENIXLTD,2017-12-05,2017-12-15,271.0252,284.5765,0.54,5.09,3.99,0.05,0.047,take_profit,False,10,8,930265.02,43722.46,2017
ALKEM,2017-12-05,2017-12-08,1952.3216,2049.9377,0.74,3.68,4.23,0.05,0.047,take_profit,False,3,3,744212.01,34977.96,2017
ALKEM,2017-12-05,2017-12-08,1952.3216,2049.9377,1.33,3.68,4.23,0.05,0.047,take_profit,False,3,3,595369.61,27982.37,2017
BSOFT,2017-12-06,2017-12-11,88.6978,93.1327,2.41,2.06,3.82,0.05,0.047,take_profit,False,5,3,596124.27,28017.84,2017
JKPAPER,2017-12-08,2017-12-11,108.9063,114.3516,7.78,6.03,9.26,0.05,0.047,take_profit,False,3,1,605926.24,28478.53,2017
SUNTV,2017-12-08,2017-12-18,716.741,752.5781,3.66,1.76,4.91,0.05,0.047,take_profit,False,10,6,757407.8,35598.17,2017
AUBANK,2017-12-11,2017-12-14,354.1527,336.4451,2.95,2.13,2.58,-0.05,-0.053,stopped_out,True,3,3,736450.37,-39031.87,2017
LUMAXTECH,2017-12-11,2017-12-12,121.1693,127.2278,2.21,2.32,4.17,0.05,0.047,take_profit,False,1,1,589160.3,27690.53,2017
PURVA,2017-12-12,2017-12-13,149.8493,142.3568,1.09,3.33,9.11,-0.05,-0.053,stopped_out,True,1,1,594698.4,-31519.02,2017
ZENTEC,2017-12-13,2017-12-14,122.6074,128.7378,2.69,2.32,6.46,0.05,0.047,take_profit,False,1,1,588394.6,27654.55,2017
WELENT,2017-12-14,2017-12-15,131.6494,138.2319,0.98,2.67,3.86,0.05,0.047,take_profit,False,1,1,733409.21,34470.23,2017
NATCOPHARM,2017-12-14,2017-12-18,953.4169,905.7461,4.3,7.06,5.59,-0.05,-0.053,stopped_out,True,4,2,586727.37,-31096.55,2017
SUNDRMFAST,2017-12-15,2017-12-18,504.04,529.242,1.03,5.7,5.57,0.05,0.047,take_profit,False,3,1,817755.28,38434.5,2017
GHCL,2017-12-15,2017-12-18,254.3842,241.665,1.26,1.65,1.93,-0.05,-0.053,stopped_out,True,3,1,654204.22,-34672.82,2017
DCBBANK,2017-12-18,2018-01-02,185.5601,184.0919,1.44,2.51,3.69,-0.007912,-0.010912,time_exit,False,15,10,1214457.12,-13252.16,2018
OPTIEMUS,2017-12-18,2017-12-20,110.8279,120.0511,5.16,2.89,4.21,0.083221,0.080221,take_profit_gap,False,2,2,971565.7,77939.97,2017
INDIANB,2017-12-18,2018-01-02,335.0321,322.6685,1.1,1.52,2.42,-0.036903,-0.039903,time_exit,False,15,10,777252.56,-31014.71,2018
JINDALSTEL,2017-12-18,2017-12-20,173.5847,182.264,4.77,2.17,8.14,0.05,0.047,take_profit,False,2,2,621802.04,29224.7,2017
DIXON,2017-12-18,2017-12-20,697.0854,731.9396,6.03,1.64,9.93,0.05,0.047,take_profit,False,2,2,497441.64,23379.76,2017
UNOMINDA,2017-12-20,2018-01-04,210.956,200.4082,3.16,1.56,4.03,-0.05,-0.053,stopped_out,True,15,10,842224.07,-44637.88,2018
NIACL,2017-12-20,2018-01-04,289.3775,293.5296,0.83,1.93,2.52,0.014348,0.011348,time_exit,False,15,10,673779.26,7646.05,2018
UNOMINDA,2017-12-20,2018-01-04,210.956,200.4082,3.74,1.56,4.03,-0.05,-0.053,stopped_out,True,15,10,539023.4,-28568.24,2018
REDINGTON,2018-01-02,2018-01-16,70.8402,74.3822,0.67,2.73,3.11,0.05,0.047,take_profit,False,14,10,656565.83,30858.59,2018
NMDC,2018-01-02,2018-01-05,21.8442,22.9364,2.76,4.89,5.02,0.05,0.047,take_profit,False,3,3,820707.29,38573.24,2018
ACE,2018-01-04,2018-01-05,150.0185,157.5194,6.58,3.08,8.85,0.05,0.047,take_profit,False,1,1,923145.99,43387.86,2018
TIINDIA,2018-01-04,2018-01-05,272.461,286.084,2.41,2.21,3.93,0.05,0.047,take_profit,False,1,1,738516.8,34710.29,2018
MANINFRA,2018-01-04,2018-01-16,42.3274,40.211,2.51,3.23,1.7,-0.05,-0.053,stopped_out,True,12,8,590813.44,-31313.11,2018
FEDERALBNK,2018-01-05,2018-01-16,104.5986,99.3687,3.35,1.76,2.51,-0.05,-0.053,stopped_out,True,11,7,992459.04,-52600.33,2018
SUBROS,2018-01-05,2018-01-08,368.7758,387.2146,3.7,5.1,18.33,0.05,0.047,take_profit,False,3,1,793967.23,37316.46,2018
INDIACEM,2018-01-05,2018-01-10,192.8691,183.2256,2.03,2.79,3.94,-0.05,-0.053,stopped_out,True,5,3,635173.79,-33664.21,2018
INDIAGLYCO,2018-01-08,2018-01-12,250.1969,262.7068,2.62,3.1,7.82,0.05,0.047,take_profit,False,4,4,674395.77,31696.6,2018
CONCOR,2018-01-10,2018-01-12,533.2128,506.5522,2.17,6.04,7.36,-0.05,-0.053,stopped_out,True,2,2,659818.53,-34970.38,2018
PATELENG,2018-01-12,2018-01-16,62.3846,59.2654,3.17,6.34,6.45,-0.05,-0.053,stopped_out,True,4,2,635234.34,-33667.42,2018
USHAMART,2018-01-12,2018-01-15,29.3351,27.8684,8.85,7.68,19.14,-0.05,-0.053,stopped_out,True,3,1,794042.93,-42084.28,2018
PCJEWELLER,2018-01-15,2018-01-24,58.0992,55.1943,3.41,2.4,4.9,-0.05,-0.053,stopped_out,True,9,7,658579.2,-34904.7,2018
HCLTECH,2018-01-16,2018-01-23,375.4355,394.2073,1.29,3.33,3.85,0.05,0.047,take_profit,False,7,5,1084533.44,50973.07,2018
TCS,2018-01-16,2018-01-22,1168.436,1226.8578,1.9,2.06,3.44,0.05,0.047,take_profit,False,6,4,867626.75,40778.46,2018
INFY,2018-01-16,2018-01-23,451.3474,473.9147,2.68,2.27,3.85,0.05,0.047,take_profit,False,7,5,694101.4,32622.77,2018
EIHOTEL,2018-01-16,2018-01-17,207.1736,196.815,3.03,4.71,11.99,-0.05,-0.053,stopped_out,True,1,1,555281.12,-29429.9,2018
AXISBANK,2018-01-17,2018-01-22,582.3349,611.4517,2.0,1.73,3.75,0.05,0.047,take_profit,False,5,3,549395.14,25821.57,2018
TCS,2018-01-22,2018-02-06,1280.3018,1230.1208,3.69,1.91,5.25,-0.039195,-0.042195,time_exit,False,15,10,736240.5,-31065.67,2018
DCAL,2018-01-22,2018-01-24,384.5143,365.2886,3.9,3.82,2.89,-0.05,-0.053,stopped_out,True,2,2,588992.4,-31216.6,2018
BANKBARODA,2018-01-23,2018-01-29,153.5769,145.8981,1.56,1.65,4.97,-0.05,-0.053,stopped_out,True,6,3,674912.04,-35770.34,2018
GHCL,2018-01-23,2018-01-30,285.7405,271.4535,3.02,2.63,6.09,-0.05,-0.053,stopped_out,True,7,4,843640.05,-44712.92,2018
PURVA,2018-01-24,2018-01-30,147.0935,139.7389,2.03,3.46,9.04,-0.05,-0.053,stopped_out,True,6,3,620975.76,-32911.72,2018
STLTECH,2018-01-24,2018-01-29,384.2013,364.9912,2.3,1.58,4.77,-0.05,-0.053,stopped_out,True,5,2,776219.7,-41139.64,2018
MPHASIS,2018-01-29,2018-02-05,722.7354,686.5986,2.38,4.13,5.92,-0.05,-0.053,stopped_out,True,7,5,771624.96,-40896.12,2018
MARUTI,2018-01-29,2018-02-02,8947.28,8499.916,0.67,2.76,1.58,-0.05,-0.053,stopped_out,True,4,4,617299.97,-32716.9,2018
IOC,2018-01-30,2018-02-09,78.5344,74.6077,1.1,5.34,2.82,-0.05,-0.053,stopped_out,True,10,8,771238.21,-40875.62,2018
IOC,2018-01-30,2018-02-09,78.5344,74.6077,3.33,5.34,2.82,-0.05,-0.053,stopped_out,True,10,8,616990.57,-32700.5,2018
FDC,2018-02-06,2018-02-07,234.6412,246.3732,4.4,1.62,10.5,0.05,0.047,take_profit,False,1,1,897689.8,42191.42,2018
JAMNAAUTO,2018-02-06,2018-02-09,70.8722,66.5224,1.99,2.23,12.24,-0.061375,-0.064375,stopped_out_gap,False,3,3,718151.84,-46231.02,2018
CENTURYPLY,2018-02-07,2018-02-09,326.8075,310.4671,7.24,5.42,9.19,-0.05,-0.053,stopped_out,True,2,2,762497.72,-40412.38,2018
CHAMBLFERT,2018-02-07,2018-02-09,131.4268,124.687,0.78,2.21,8.93,-0.051282,-0.054282,stopped_out_gap,False,2,2,609998.17,-33111.92,2018
SAIL,2018-02-09,2018-02-16,78.5415,74.6144,8.67,3.0,11.12,-0.05,-0.053,stopped_out,True,7,4,469036.05,-24858.91,2018
HFCL,2018-02-09,2018-02-15,30.176,28.6672,1.23,2.11,13.49,-0.05,-0.053,stopped_out,True,6,3,586295.06,-31073.64,2018
WHIRLPOOL,2018-02-09,2018-02-14,1509.1982,1433.7383,2.66,1.92,7.95,-0.05,-0.053,stopped_out,True,5,2,1145107.55,-60690.7,2018
HFCL,2018-02-09,2018-02-15,30.176,28.6672,5.21,2.11,13.49,-0.05,-0.053,stopped_out,True,6,3,916086.04,-48552.56,2018
FORTIS,2018-02-09,2018-02-12,147.7435,140.3563,6.39,5.72,18.88,-0.05,-0.053,stopped_out,True,3,1,732868.83,-38842.05,2018
FSL,2018-02-12,2018-02-14,37.6793,39.5633,5.33,3.06,6.38,0.05,0.047,take_profit,False,2,1,514034.2,24159.61,2018
CANFINHOME,2018-02-14,2018-02-28,489.7056,509.5433,2.7,2.36,4.6,0.040509,0.037509,time_exit,False,14,10,588599.59,22077.78,2018
KEC,2018-02-14,2018-02-16,366.1998,384.5098,4.29,2.93,5.96,0.05,0.047,take_profit,False,2,2,735749.49,34580.23,2018
RELIGARE,2018-02-16,2018-02-20,59.98,64.3678,1.58,3.18,1.61,0.073155,0.070155,take_profit_gap,False,4,2,798665.62,56030.39,2018
ENDURANCE,2018-02-16,2018-02-27,1241.7078,1303.7932,2.51,2.03,2.69,0.05,0.047,take_profit,False,11,7,638932.5,30029.83,2018
EPL,2018-02-16,2018-02-20,123.3914,117.2218,0.73,1.51,1.85,-0.05,-0.053,stopped_out,True,4,2,998332.02,-52911.6,2018
BBTC,2018-02-19,2018-02-27,1540.3709,1463.3523,3.98,1.81,1.76,-0.05,-0.053,stopped_out,True,8,6,511146.0,-27090.74,2018
ZYDUSWELL,2018-02-20,2018-03-07,245.2788,243.1662,3.18,4.4,6.03,-0.008613,-0.011613,time_exit,False,15,10,768940.08,-8929.7,2018
IDBI,2018-02-21,2018-02-22,66.564,69.8922,3.27,1.6,4.54,0.05,0.047,take_profit,False,1,1,615152.07,28912.15,2018
COFORGE,2018-02-22,2018-03-01,149.8101,157.3006,3.21,1.81,2.56,0.05,0.047,take_profit,False,7,5,620934.5,29183.92,2018
GAEL,2018-02-27,2018-02-28,64.9045,68.1497,0.99,1.67,5.22,0.05,0.047,take_profit,False,1,1,727351.11,34185.5,2018
CIEINDIA,2018-02-27,2018-03-07,227.9666,216.5682,0.59,1.94,2.65,-0.05,-0.053,stopped_out,True,8,5,581880.89,-30839.69,2018
VGUARD,2018-02-28,2018-03-06,234.5522,222.8246,0.89,1.67,5.07,-0.05,-0.053,stopped_out,True,6,3,739947.51,-39217.22,2018
GODREJAGRO,2018-03-01,2018-03-06,590.2905,619.8051,5.48,6.74,8.04,0.05,0.047,take_profit,False,5,2,577585.35,27146.51,2018
FSL,2018-03-01,2018-03-07,42.196,40.0862,1.13,1.89,3.5,-0.05,-0.053,stopped_out,True,6,3,721981.69,-38265.03,2018
TRENT,2018-03-08,2018-03-13,328.8328,345.2744,4.52,5.07,6.41,0.05,0.047,take_profit,False,5,3,1122114.36,52739.38,2018
SUNDRMFAST,2018-03-08,2018-03-13,532.8838,559.528,1.06,2.14,2.36,0.05,0.047,take_profit,False,5,3,897691.49,42191.5,2018
OBEROIRLTY,2018-03-09,2018-03-13,510.0893,535.5937,2.6,1.87,4.54,0.05,0.047,take_profit,False,4,2,718153.19,33753.2,2018
JUBLFOOD,2018-03-09,2018-03-16,202.1649,212.2732,1.96,1.74,2.0,0.05,0.047,take_profit,False,7,5,574522.55,27002.56,2018
ZENTEC,2018-03-09,2018-03-16,130.4366,123.9147,4.53,2.31,8.17,-0.05,-0.053,stopped_out,True,7,5,459618.04,-24359.76,2018
AMBER,2018-03-13,2018-03-19,1178.6468,1119.7144,1.02,2.07,3.83,-0.05,-0.053,stopped_out,True,6,4,752818.45,-39899.38,2018
AARTIIND,2018-03-13,2018-03-19,282.4099,268.2894,0.85,3.2,2.92,-0.05,-0.053,stopped_out,True,6,4,602254.76,-31919.5,2018
GPIL,2018-03-13,2018-03-23,118.1266,109.7015,3.76,1.76,5.0,-0.071323,-0.074323,stopped_out_gap,False,10,8,941023.06,-69939.66,2018
PATANJALI,2018-03-16,2018-03-19,602.5342,572.4075,3.52,1.81,8.21,-0.05,-0.053,stopped_out,True,3,1,551328.39,-29220.4,2018
HEG,2018-03-16,2018-03-19,534.8736,565.9994,4.05,3.45,3.98,0.058193,0.055193,take_profit_gap,False,3,1,689160.49,38036.83,2018
SRF,2018-03-20,2018-03-28,371.6489,390.5836,1.69,1.62,3.09,0.050948,0.047948,take_profit_gap,False,8,6,947574.64,45434.31,2018
MARICO,2018-03-20,2018-04-05,284.6874,288.683,3.53,2.83,5.47,0.014035,0.011035,time_exit,False,16,10,758059.71,8365.19,2018
NESTLEIND,2018-03-20,2018-03-28,353.3805,371.0495,0.89,1.8,1.84,0.05,0.047,take_profit,False,8,6,606447.77,28503.05,2018
ASHOKA,2018-03-21,2018-04-02,163.9768,172.1757,3.71,5.33,2.77,0.05,0.047,take_profit,False,12,6,485158.21,22802.44,2018
BALKRISIND,2018-03-26,2018-03-28,1033.8979,982.203,0.99,1.77,5.15,-0.05,-0.053,stopped_out,True,2,2,562343.25,-29804.19,2018
JYOTHYLAB,2018-03-28,2018-04-06,174.9806,166.2316,1.18,1.93,4.71,-0.05,-0.053,stopped_out,True,9,5,881974.37,-46744.64,2018
TECHM,2018-03-28,2018-04-04,483.6153,459.4345,0.7,1.91,2.82,-0.05,-0.053,stopped_out,True,7,3,705579.49,-37395.71,2018
IEX,2018-03-28,2018-04-13,47.9599,48.033,0.94,2.25,4.66,0.001525,-0.001475,time_exit,False,16,10,564463.59,-832.58,2018
JAMNAAUTO,2018-04-02,2018-04-04,74.4048,78.1251,3.68,2.68,6.65,0.05,0.047,take_profit,False,2,2,553163.01,25998.66,2018
NATIONALUM,2018-04-04,2018-04-11,44.6063,47.0409,3.28,1.69,1.59,0.05458,0.05158,take_profit_gap,False,7,5,691999.49,35693.33,2018
EICHERMOT,2018-04-04,2018-04-11,2707.3774,2842.7463,2.99,2.21,1.53,0.05,0.047,take_profit,False,7,5,553599.6,26019.18,2018
PRAJIND,2018-04-05,2018-04-10,81.0943,85.149,1.05,2.3,4.85,0.05,0.047,take_profit,False,5,3,596164.66,28019.74,2018
JUBLFOOD,2018-04-06,2018-04-20,238.4757,239.7568,3.81,1.58,4.08,0.005372,0.002372,time_exit,False,14,10,643977.67,1527.52,2018
TATAPOWER,2018-04-10,2018-04-24,78.1285,76.3926,0.69,1.77,2.11,-0.022218,-0.025218,time_exit,False,14,10,640019.01,-16140.0,2018
TATAINVEST,2018-04-11,2018-04-23,69.6413,73.1234,0.69,2.15,3.08,0.05,0.047,take_profit,False,12,8,773477.53,36353.44,2018
SPARC,2018-04-11,2018-04-16,428.8143,407.3736,1.78,5.51,7.36,-0.05,-0.053,stopped_out,True,5,3,618782.03,-32795.45,2018
GLENMARK,2018-04-13,2018-04-27,564.3062,554.6381,1.78,1.92,4.29,-0.017133,-0.020133,time_exit,False,14,10,607751.82,-12235.87,2018
ARVIND,2018-04-16,2018-04-30,143.9556,143.1191,0.75,1.73,4.4,-0.005811,-0.008811,time_exit,False,14,10,603398.77,-5316.55,2018
MFSL,2018-04-20,2018-04-23,478.8893,502.8338,1.98,5.04,6.6,0.05,0.047,take_profit,False,3,1,611820.06,28755.54,2018
SPARC,2018-04-23,2018-05-08,423.5116,409.2952,0.51,1.79,2.92,-0.033568,-0.036568,time_exit,False,15,10,779537.36,-28506.12,2018
MINDACORP,2018-04-23,2018-04-25,194.5465,184.8192,7.5,14.17,13.74,-0.05,-0.053,stopped_out,True,2,2,623629.89,-33052.38,2018
ZYDUSWELL,2018-04-24,2018-04-27,253.4765,266.1504,2.88,4.4,6.79,0.05,0.047,take_profit,False,3,3,623679.71,29312.95,2018
GRAVITA,2018-04-25,2018-04-27,173.9816,182.6807,2.72,3.87,6.54,0.05,0.047,take_profit,False,2,2,617059.27,29001.79,2018
JMFINANCIL,2018-04-27,2018-04-30,123.4507,129.6233,1.49,1.68,4.74,0.05,0.047,take_profit,False,3,1,872561.35,41010.38,2018
SRF,2018-04-27,2018-05-10,462.1321,439.0255,0.77,1.93,2.95,-0.05,-0.053,stopped_out,True,13,8,698049.08,-36996.6,2018
JMFINANCIL,2018-04-27,2018-04-30,123.4507,129.6233,3.22,1.68,4.74,0.05,0.047,take_profit,False,3,1,558439.27,26246.65,2018
TATACHEM,2018-04-30,2018-05-14,269.2373,255.7754,1.39,2.81,3.07,-0.05,-0.053,stopped_out,True,14,9,554252.41,-29375.38,2018
AMBER,2018-04-30,2018-05-08,1135.8539,1192.6466,2.34,2.59,6.37,0.05,0.047,take_profit,False,8,5,866019.39,40702.91,2018
NEWGEN,2018-04-30,2018-05-15,117.8424,119.1309,3.36,6.15,4.52,0.010934,0.007934,time_exit,False,15,10,692815.51,5496.8,2018
POWERGRID,2018-05-08,2018-05-22,78.8887,78.069,0.5,2.29,1.55,-0.010391,-0.013391,time_exit,False,14,10,774952.63,-10377.39,2018
INDIANB,2018-05-08,2018-05-10,293.1907,278.5311,1.03,3.69,5.22,-0.05,-0.053,stopped_out,True,2,2,619962.11,-32857.99,2018
PNCINFRA,2018-05-10,2018-05-21,170.2171,161.7062,2.03,2.16,1.91,-0.05,-0.053,stopped_out,True,11,7,745601.0,-39516.85,2018
PNCINFRA,2018-05-10,2018-05-21,170.2171,161.7062,0.69,2.16,1.91,-0.05,-0.053,stopped_out,True,11,7,596480.8,-31613.48,2018
SUNTV,2018-05-14,2018-05-28,769.7872,752.1725,6.78,6.45,6.44,-0.022883,-0.025883,time_exit,False,14,10,582160.05,-15068.05,2018
LALPATHLAB,2018-05-15,2018-05-29,418.9996,414.7378,3.16,12.24,7.21,-0.010171,-0.013171,time_exit,False,14,10,605390.5,-7973.6,2018
UNOMINDA,2018-05-22,2018-05-23,182.7287,191.8651,1.07,2.18,3.05,0.05,0.047,take_profit,False,1,1,713134.19,33517.31,2018
HAVELLS,2018-05-22,2018-06-05,520.6117,500.6269,2.0,1.62,5.09,-0.038387,-0.041387,time_exit,False,14,10,570507.36,-23611.59,2018
SBIN,2018-05-22,2018-05-23,234.3949,246.1146,3.37,3.67,4.21,0.05,0.047,take_profit,False,1,1,891417.74,41896.63,2018
KEI,2018-05-23,2018-06-04,472.1813,448.5722,1.66,3.63,4.87,-0.05,-0.053,stopped_out,True,12,8,792399.06,-41997.15,2018
UNOMINDA,2018-05-23,2018-05-24,208.6204,219.0514,8.93,11.29,9.71,0.05,0.047,take_profit,False,1,1,633919.25,29794.2,2018
BSOFT,2018-05-24,2018-06-01,148.5701,155.9987,2.51,3.55,2.98,0.05,0.047,take_profit,False,8,6,639878.09,30074.27,2018
LUPIN,2018-05-28,2018-06-08,747.8825,785.2766,2.76,1.63,4.68,0.05,0.047,take_profit,False,11,9,625320.87,29390.08,2018
ADVENZYMES,2018-05-29,2018-05-31,224.7086,213.4731,1.51,4.72,5.04,-0.05,-0.053,stopped_out,True,2,2,619740.08,-32846.22,2018
ADANIPORTS,2018-05-31,2018-06-05,374.6076,355.8772,0.85,3.72,4.43,-0.05,-0.053,stopped_out,True,5,3,613170.83,-32498.05,2018
TIPSMUSIC,2018-06-01,2018-06-04,11.6627,11.0796,6.13,5.25,6.28,-0.05,-0.053,stopped_out,True,3,1,624527.14,-33099.94,2018
HFCL,2018-06-06,2018-06-07,27.0306,28.3822,7.09,2.95,8.48,0.05,0.047,take_profit,False,1,1,508672.64,23907.61,2018
BANDHANBNK,2018-06-06,2018-06-11,479.3716,503.3402,3.47,4.16,5.24,0.05,0.047,take_profit,False,5,3,635840.79,29884.52,2018
NLCINDIA,2018-06-06,2018-06-13,60.6963,63.7311,2.61,3.56,5.77,0.05,0.047,take_profit,False,7,5,794800.99,37355.65,2018
RADICO,2018-06-06,2018-06-15,404.1341,383.9274,3.84,1.74,10.01,-0.05,-0.053,stopped_out,True,9,7,993501.24,-52655.57,2018
MFSL,2018-06-07,2018-06-18,483.7418,459.5547,0.61,2.88,3.33,-0.05,-0.053,stopped_out,True,11,7,513454.16,-27213.07,2018
SPARC,2018-06-08,2018-06-13,415.7578,436.5457,7.64,7.88,11.27,0.05,0.047,take_profit,False,5,3,541705.52,25460.16,2018
APLLTD,2018-06-11,2018-06-13,470.9464,447.3991,14.01,9.9,18.44,-0.05,-0.053,stopped_out,True,2,2,566509.48,-30025.0,2018
CIPLA,2018-06-13,2018-06-15,549.2767,576.7405,1.8,1.63,2.13,0.05,0.047,take_profit,False,2,2,840368.94,39497.34,2018
ZYDUSLIFE,2018-06-13,2018-06-21,366.2451,384.5574,2.21,1.97,2.62,0.05,0.047,take_profit,False,8,6,672295.15,31597.87,2018
BANDHANBNK,2018-06-13,2018-06-27,518.0539,506.088,2.33,1.84,2.81,-0.023098,-0.026098,time_exit,False,14,10,537836.12,-14036.45,2018
CIPLA,2018-06-15,2018-06-29,577.1134,581.297,1.21,2.29,3.66,0.007249,0.004249,time_exit,False,14,10,635529.03,2700.36,2018
TORNTPHARM,2018-06-15,2018-06-27,670.695,637.1603,1.58,3.33,2.25,-0.05,-0.053,stopped_out,True,12,8,794411.29,-42103.8,2018
GHCL,2018-06-18,2018-06-26,241.745,229.6577,2.15,4.41,4.9,-0.05,-0.053,stopped_out,True,8,6,605671.44,-32100.59,2018
ZENTEC,2018-06-21,2018-06-25,107.6385,102.2565,11.42,9.55,5.1,-0.05,-0.053,stopped_out,True,4,2,625315.76,-33141.74,2018
BAJFINANCE,2018-06-25,2018-06-28,232.9449,221.2976,1.97,1.74,2.08,-0.05,-0.053,stopped_out,True,3,3,618687.41,-32790.43,2018
TIINDIA,2018-06-26,2018-07-06,227.1428,238.4999,1.29,3.15,3.86,0.05,0.047,take_profit,False,10,8,609664.1,28654.21,2018
GANECOS,2018-06-29,2018-07-02,359.3488,341.3814,0.81,4.29,8.99,-0.05,-0.053,stopped_out,True,3,1,987777.99,-52352.23,2018
CIEINDIA,2018-06-29,2018-07-13,246.5526,246.5933,1.01,14.16,3.98,0.000165,-0.002835,time_exit,False,14,10,790222.39,-2240.28,2018
GAIL,2018-06-29,2018-07-10,81.2644,85.3276,1.84,1.9,6.11,0.05,0.047,take_profit,False,11,7,632177.91,29712.36,2018
PETRONET,2018-06-29,2018-07-13,153.9707,148.7645,1.67,1.67,5.64,-0.033813,-0.036813,time_exit,False,14,10,505742.33,-18617.89,2018
GRAPHITE,2018-07-02,2018-07-04,701.3422,742.659,3.11,1.66,2.46,0.058911,0.055911,take_profit_gap,False,2,2,591679.01,33081.37,2018
MARUTI,2018-07-04,2018-07-18,8566.4666,8693.407,2.5,1.8,2.29,0.014818,0.011818,time_exit,False,14,10,598295.29,7070.65,2018
VMART,2018-07-06,2018-07-09,702.6856,737.8199,5.97,1.93,8.09,0.05,0.047,take_profit,False,3,1,606299.89,28496.09,2018
YESBANK,2018-07-09,2018-07-12,358.5631,376.4912,0.63,1.92,2.02,0.05,0.047,take_profit,False,3,3,611999.11,28763.96,2018
GAIL,2018-07-10,2018-07-24,86.9248,87.2793,2.02,1.59,4.58,0.004079,0.001079,time_exit,False,14,10,621977.34,671.11,2018
BALRAMCHIN,2018-07-12,2018-07-16,63.3459,60.1786,1.3,2.09,7.79,-0.05,-0.053,stopped_out,True,4,2,625734.49,-33163.93,2018
SONATSOFTW,2018-07-13,2018-07-16,101.4104,96.3399,8.39,8.27,7.37,-0.05,-0.053,stopped_out,True,3,1,755608.9,-40047.27,2018
FORTIS,2018-07-13,2018-07-19,146.9481,139.6007,0.56,4.81,1.93,-0.05,-0.053,stopped_out,True,6,4,604487.12,-32037.82,2018
ADANIENT,2018-07-16,2018-07-17,84.4445,88.6667,1.5,1.92,1.98,0.05,0.047,take_profit,False,1,1,745216.13,35025.16,2018
NH,2018-07-16,2018-07-30,248.1457,251.1402,0.57,4.67,3.4,0.012067,0.009067,time_exit,False,14,10,596172.91,5405.5,2018
LICHSGFIN,2018-07-17,2018-07-31,448.5926,457.2186,2.33,1.94,5.8,0.019229,0.016229,time_exit,False,14,10,632986.58,10272.74,2018
BANDHANBNK,2018-07-18,2018-07-19,581.7447,610.8319,3.99,6.21,6.47,0.05,0.047,take_profit,False,1,1,627462.46,29490.74,2018
ADANIPOWER,2018-07-19,2018-07-20,4.4622,4.6853,2.47,1.52,6.44,0.05,0.047,take_profit,False,1,1,747850.46,35148.97,2018
BANDHANBNK,2018-07-19,2018-07-20,598.2138,628.1245,1.34,3.64,3.09,0.05,0.047,take_profit,False,1,1,598280.37,28119.18,2018
BAJFINANCE,2018-07-20,2018-08-03,265.6296,261.4588,6.61,4.42,7.95,-0.015702,-0.018702,time_exit,False,14,10,760504.09,-14222.95,2018
INFIBEAM,2018-07-20,2018-07-25,34.7274,36.4638,2.68,2.2,6.57,0.05,0.047,take_profit,False,5,3,608403.27,28594.95,2018
AMBUJACEM,2018-07-24,2018-07-26,188.813,198.2537,3.56,3.6,5.01,0.05,0.047,take_profit,False,2,2,611252.31,28728.86,2018
CANFINHOME,2018-07-25,2018-07-30,336.923,353.7692,3.85,1.65,3.01,0.05,0.047,take_profit,False,5,3,616401.49,28970.87,2018
LTTS,2018-07-26,2018-08-01,1386.6846,1317.3503,3.22,3.15,6.42,-0.05,-0.053,stopped_out,True,6,4,621117.43,-32919.22,2018
IOB,2018-07-30,2018-08-06,14.9575,15.7053,1.0,1.83,3.1,0.05,0.047,take_profit,False,7,5,597027.28,28060.28,2018
CARBORUNIV,2018-07-30,2018-08-03,356.2749,374.0887,0.53,1.58,4.2,0.05,0.047,take_profit,False,4,4,746284.1,35075.35,2018
NESTLEIND,2018-07-31,2018-08-14,476.7029,491.8984,2.38,1.81,3.44,0.031876,0.028876,time_exit,False,14,10,606273.69,17506.76,2018
PATELENG,2018-08-01,2018-08-08,31.574,33.9341,3.41,5.49,7.69,0.074749,0.071749,take_profit_gap,False,7,5,602658.59,43240.15,2018
CUMMINSIND,2018-08-03,2018-08-09,615.5028,584.7277,2.74,3.66,6.22,-0.05,-0.053,stopped_out,True,6,4,787654.99,-41745.71,2018
ALLCARGO,2018-08-03,2018-08-10,27.3094,25.9439,0.75,4.15,2.47,-0.05,-0.053,stopped_out,True,7,5,630123.99,-33396.57,2018
CROMPTON,2018-08-06,2018-08-07,243.6203,255.8013,1.99,1.57,1.98,0.05,0.047,take_profit,False,1,1,629116.71,29568.49,2018
KANSAINER,2018-08-07,2018-08-09,306.9156,322.2614,0.74,2.66,2.15,0.05,0.047,take_profit,False,2,2,635030.4,29846.43,2018
MAHSEAMLES,2018-08-08,2018-08-10,218.0736,228.9772,1.25,3.14,2.28,0.05,0.047,take_profit,False,2,2,637204.07,29948.59,2018
AXISBANK,2018-08-09,2018-08-27,618.0094,646.37,1.99,1.96,4.38,0.04589,0.04289,time_exit,False,18,10,633536.38,27172.38,2018
MAHABANK,2018-08-09,2018-08-27,11.5396,11.1814,0.75,1.65,3.1,-0.031045,-0.034045,time_exit,False,18,10,791920.48,-26960.93,2018
EICHERMOT,2018-08-10,2018-08-28,2724.2919,2691.5591,1.48,2.58,4.72,-0.012015,-0.015015,time_exit,False,18,10,759605.12,-11405.47,2018
AUBANK,2018-08-10,2018-08-28,344.9097,357.1565,1.28,4.68,3.54,0.035507,0.032507,time_exit,False,18,10,607684.1,19753.99,2018
BALKRISIND,2018-08-14,2018-08-16,1239.5068,1301.4821,5.75,4.48,7.29,0.05,0.047,take_profit,False,2,1,610903.37,28712.46,2018
SUNPHARMA,2018-08-16,2018-08-31,574.2403,602.9523,1.45,4.39,1.59,0.05,0.047,take_profit,False,15,10,616645.86,28982.36,2018
RBLBANK,2018-08-27,2018-09-04,618.2628,587.3496,2.1,3.76,3.06,-0.05,-0.053,stopped_out,True,8,6,778450.35,-41257.87,2018
TATACHEM,2018-08-27,2018-09-10,284.0963,283.0734,1.05,2.05,1.91,-0.0036,-0.0066,time_exit,False,14,10,622760.28,-4110.22,2018
JKIL,2018-08-28,2018-08-29,227.0688,238.4223,5.95,2.9,5.52,0.05,0.047,take_profit,False,1,1,773335.77,36346.78,2018
VARROC,2018-08-28,2018-08-31,1091.1212,1145.6773,1.08,2.91,2.9,0.05,0.047,take_profit,False,3,3,618668.62,29077.43,2018
CUB,2018-08-29,2018-09-04,192.7923,183.1527,1.17,2.74,4.09,-0.05,-0.053,stopped_out,True,6,4,656871.4,-34814.18,2018
HCLTECH,2018-08-31,2018-09-17,416.4549,428.7411,1.12,1.73,2.49,0.029502,0.026502,time_exit,False,17,10,784171.98,20782.13,2018
NAUKRI,2018-08-31,2018-09-17,319.9827,303.9836,3.54,1.55,4.07,-0.05,-0.053,stopped_out,True,17,10,627337.58,-33248.89,2018
NAVINFLUOR,2018-09-04,2018-09-12,687.0888,721.4432,0.71,5.19,2.77,0.05,0.047,take_profit,False,8,6,773720.0,36364.84,2018
LTIM,2018-09-04,2018-09-07,1685.4624,1769.7355,0.7,8.44,4.91,0.05,0.047,take_profit,False,3,3,618976.0,29091.87,2018
ZYDUSLIFE,2018-09-07,2018-09-12,399.8498,379.8573,0.52,1.5,2.16,-0.05,-0.053,stopped_out,True,5,3,624794.38,-33114.1,2018
KRBL,2018-09-10,2018-09-14,349.9353,367.4321,0.59,2.28,3.7,0.05,0.047,take_profit,False,4,3,623565.51,29307.58,2018
DABUR,2018-09-12,2018-09-21,423.9468,402.7495,0.51,1.64,1.85,-0.05,-0.053,stopped_out,True,9,5,779205.44,-41297.89,2018
TIPSMUSIC,2018-09-12,2018-09-21,7.1837,7.5826,3.48,3.64,7.54,0.055528,0.052528,take_profit_gap,False,9,5,623364.35,32744.08,2018
USHAMART,2018-09-14,2018-09-18,32.0282,30.4268,4.65,2.26,10.63,-0.05,-0.053,stopped_out,True,4,2,629266.1,-33351.1,2018
DIVISLAB,2018-09-17,2018-09-28,1300.864,1235.8208,1.4,3.01,2.76,-0.05,-0.053,stopped_out,True,11,8,626577.15,-33208.59,2018
JWL,2018-09-17,2018-09-18,14.6511,15.7776,16.27,6.8,15.69,0.076889,0.073889,take_profit_gap,False,1,1,783221.44,57871.45,2018
GALLANTT,2018-09-18,2018-09-19,60.436,63.4578,4.74,8.98,9.1,0.05,0.047,take_profit,False,1,1,788663.29,37067.17,2018
VAIBHAVGBL,2018-09-18,2018-09-24,128.8104,122.3699,0.93,4.08,2.91,-0.05,-0.053,stopped_out,True,6,3,630930.64,-33439.32,2018
GAIL,2018-09-19,2018-09-25,92.2062,87.5959,0.55,1.52,2.21,-0.05,-0.053,stopped_out,True,6,3,669890.6,-35504.2,2018
OIL,2018-09-21,2018-10-04,96.5243,91.6981,3.52,4.05,5.12,-0.05,-0.053,stopped_out,True,13,8,814715.68,-43179.93,2018
LTTS,2018-09-25,2018-10-05,1557.2197,1479.3588,1.81,1.56,1.62,-0.05,-0.053,stopped_out,True,10,7,898148.08,-47601.85,2018
TDPOWERSYS,2018-09-26,2018-09-27,26.6645,25.3313,0.99,3.81,8.35,-0.05,-0.053,stopped_out,True,1,1,718518.47,-38081.48,2018
DEEPAKNTR,2018-09-26,2018-09-28,284.116,269.9102,1.7,1.56,3.52,-0.05,-0.053,stopped_out,True,2,2,574814.77,-30465.18,2018
INDHOTEL,2018-09-28,2018-10-01,129.7877,123.2983,0.74,3.72,6.95,-0.05,-0.053,stopped_out,True,3,1,823482.85,-43644.59,2018
NATIONALUM,2018-10-03,2018-10-05,44.5204,42.2944,8.62,2.45,10.4,-0.05,-0.053,stopped_out,True,2,2,651803.14,-34545.57,2018
HINDALCO,2018-10-03,2018-10-05,242.1002,229.9952,2.13,1.56,4.99,-0.05,-0.053,stopped_out,True,2,2,814753.93,-43181.96,2018
GESHIP,2018-10-10,2018-10-11,252.7644,229.9103,3.28,2.76,9.09,-0.090416,-0.093416,stopped_out_gap,False,1,1,1123624.82,-104964.54,2018
ADANIPOWER,2018-10-10,2018-10-11,6.003,5.5972,8.0,1.8,25.26,-0.0676,-0.0706,stopped_out_gap,False,1,1,898899.86,-63462.33,2018
NLCINDIA,2018-10-11,2018-10-23,58.417,55.4962,7.38,1.84,2.04,-0.05,-0.053,stopped_out,True,12,7,1089939.45,-57766.79,2018
HEG,2018-10-11,2018-10-12,723.8923,760.087,7.0,5.31,11.13,0.05,0.047,take_profit,False,1,1,871951.56,40981.72,2018
CIEINDIA,2018-10-11,2018-10-26,253.8338,248.6032,1.17,8.82,8.14,-0.020606,-0.023606,time_exit,False,15,10,697561.25,-16466.63,2018
HEG,2018-10-11,2018-10-12,723.8923,760.087,10.17,5.31,11.13,0.05,0.047,take_profit,False,1,1,558049.0,26228.3,2018
ADANIPOWER,2018-10-12,2018-10-15,6.5133,6.8389,4.15,3.27,6.03,0.05,0.047,take_profit,False,3,1,745881.31,35056.42,2018
TRIDENT,2018-10-15,2018-10-17,5.8181,5.5272,3.11,10.03,19.14,-0.05,-0.053,stopped_out,True,2,2,481851.26,-25538.12,2018
TRIDENT,2018-10-15,2018-10-17,5.8181,5.5272,12.3,10.03,19.14,-0.05,-0.053,stopped_out,True,2,2,602314.08,-31922.65,2018
TATAPOWER,2018-10-15,2018-10-25,65.0829,61.8288,7.12,1.77,1.86,-0.05,-0.053,stopped_out,True,10,7,752892.6,-39903.31,2018
VAIBHAVGBL,2018-10-23,2018-10-25,118.1828,112.2736,1.5,5.44,6.88,-0.05,-0.053,stopped_out,True,2,2,797256.46,-42254.59,2018
SJVN,2018-10-25,2018-10-26,19.7113,18.7258,5.17,10.63,14.62,-0.05,-0.053,stopped_out,True,1,1,931403.4,-49364.38,2018
WIPRO,2018-10-25,2018-10-30,109.4211,114.8921,1.37,2.74,7.62,0.05,0.047,take_profit,False,5,3,745122.72,35020.77,2018
STLTECH,2018-10-26,2018-10-29,326.5112,342.8367,3.64,1.76,6.22,0.05,0.047,take_profit,False,3,1,908724.9,42710.07,2018
ICICIBANK,2018-10-29,2018-11-13,337.2803,348.0331,1.98,2.84,6.2,0.031881,0.028881,time_exit,False,15,10,587050.83,16954.61,2018
SCHNEIDER,2018-10-29,2018-11-02,111.3056,105.7403,1.08,1.84,6.1,-0.05,-0.053,stopped_out,True,4,4,469640.66,-24890.95,2018
ADANIPOWER,2018-10-29,2018-10-30,8.4642,8.8874,1.83,2.78,18.49,0.05,0.047,take_profit,False,1,1,917266.91,43111.54,2018
DIVISLAB,2018-10-29,2018-11-01,1372.7849,1441.4242,4.77,4.94,8.28,0.05,0.047,take_profit,False,3,3,733813.53,34489.24,2018
CANBK,2018-10-30,2018-11-02,44.8296,42.5881,8.42,2.83,8.12,-0.05,-0.053,stopped_out,True,3,3,723816.92,-38362.3,2018
NAVINFLUOR,2018-10-30,2018-10-31,666.3293,633.0128,1.47,3.04,6.66,-0.05,-0.053,stopped_out,True,1,1,579053.53,-30689.84,2018
AHLUCONT,2018-10-31,2018-11-02,297.6463,312.5287,2.01,9.94,6.97,0.05,0.047,take_profit,False,2,2,572915.57,26927.03,2018
CCL,2018-11-01,2018-11-06,239.2757,251.2395,2.29,2.49,2.38,0.05,0.047,take_profit,False,5,3,611993.01,28763.67,2018
NAVA,2018-11-02,2018-11-12,54.2514,51.5388,3.09,2.52,2.18,-0.05,-0.053,stopped_out,True,10,5,835603.79,-44287.0,2018
DMART,2018-11-02,2018-11-09,1463.2312,1390.0697,1.03,2.05,5.99,-0.05,-0.053,stopped_out,True,7,4,668483.03,-35429.6,2018
ABFRL,2018-11-02,2018-11-19,190.4846,188.2745,2.64,4.11,2.3,-0.011602,-0.014602,time_exit,False,17,10,534786.43,-7808.95,2018
FACT,2018-11-06,2018-11-09,41.8828,39.7886,1.55,6.71,9.09,-0.05,-0.053,stopped_out,True,3,2,555980.48,-29466.97,2018
GALLANTT,2018-11-09,2018-11-12,56.9769,59.8257,1.98,2.35,8.47,0.05,0.047,take_profit,False,3,1,541358.22,25443.84,2018
STAR,2018-11-09,2018-11-13,450.3189,427.803,5.74,3.42,11.14,-0.05,-0.053,stopped_out,True,4,2,676697.77,-35864.98,2018
TRIVENI,2018-11-12,2018-11-13,49.6604,52.1434,8.93,3.28,3.63,0.05,0.047,take_profit,False,1,1,704710.34,33121.39,2018
VBL,2018-11-12,2018-11-27,46.2165,44.8724,1.48,1.86,3.35,-0.029085,-0.032085,time_exit,False,15,10,563768.27,-18088.51,2018
ASHOKA,2018-11-13,2018-11-15,133.0165,126.3656,1.81,6.29,9.88,-0.05,-0.053,stopped_out,True,2,2,847548.61,-44920.08,2018
HAVELLS,2018-11-13,2018-11-28,636.2716,637.9735,1.18,1.79,2.64,0.002675,-0.000325,time_exit,False,15,10,678038.89,-220.36,2018
RITES,2018-11-13,2018-11-14,85.6543,89.937,6.74,8.19,7.99,0.05,0.047,take_profit,False,1,1,542431.11,25494.26,2018
PIDILITIND,2018-11-14,2018-11-21,530.2697,556.7832,1.46,1.59,1.54,0.05,0.047,take_profit,False,7,5,547529.96,25733.91,2018
APOLLOHOSP,2018-11-15,2018-11-20,1237.1764,1175.3176,3.84,5.87,5.01,-0.05,-0.053,stopped_out,True,5,3,598549.68,-31723.13,2018
AMBER,2018-11-19,2018-12-03,898.1994,943.1094,0.57,2.0,4.25,0.05,0.047,take_profit,False,14,9,584235.24,27459.06,2018
AARTIIND,2018-11-20,2018-11-30,353.1137,335.458,0.55,2.53,2.31,-0.05,-0.053,stopped_out,True,10,7,580753.5,-30779.94,2018
NAVA,2018-11-21,2018-11-28,54.8845,52.1402,0.64,1.63,3.37,-0.05,-0.053,stopped_out,True,7,4,579255.57,-30700.55,2018
VIPIND,2018-11-27,2018-12-06,511.4344,485.8626,2.76,4.44,7.43,-0.05,-0.053,stopped_out,True,9,7,572540.41,-30344.64,2018
ZEEL,2018-11-28,2018-12-12,447.3996,451.0246,3.57,2.53,3.84,0.008102,0.005102,time_exit,False,14,10,703307.04,3588.27,2018
APOLLOTYRE,2018-11-28,2018-12-06,211.3518,200.7842,1.48,2.24,2.69,-0.05,-0.053,stopped_out,True,8,6,562645.63,-29820.22,2018
PRESTIGE,2018-11-30,2018-12-04,211.265,200.7017,3.0,5.99,9.92,-0.05,-0.053,stopped_out,True,4,2,560111.22,-29685.89,2018
TATAPOWER,2018-12-03,2018-12-07,75.4048,71.6346,5.09,4.2,7.35,-0.05,-0.053,stopped_out,True,4,4,570427.83,-30232.68,2018
JUBLPHARMA,2018-12-04,2018-12-10,574.1665,531.2661,0.64,1.68,2.57,-0.074718,-0.077718,stopped_out_gap,False,6,4,562427.33,-43710.73,2018
COLPAL,2018-12-11,2018-12-13,1061.0862,1114.1405,0.96,1.69,4.53,0.05,0.047,take_profit,False,2,2,448884.97,21097.59,2018
UCOBANK,2018-12-11,2018-12-12,18.3691,19.2875,5.35,2.65,5.95,0.05,0.047,take_profit,False,1,1,561106.21,26371.99,2018
ZYDUSWELL,2018-12-11,2018-12-13,255.6688,268.9399,0.54,2.1,2.98,0.051907,0.048907,take_profit_gap,False,2,2,701382.76,34302.53,2018
PNB,2018-12-11,2018-12-13,63.7754,66.9641,4.66,1.82,8.19,0.05,0.047,take_profit,False,2,2,876728.45,41206.24,2018
GOKEX,2018-12-12,2018-12-27,80.335,76.3183,0.62,2.09,4.28,-0.05,-0.053,stopped_out,True,15,10,617982.68,-32753.08,2018
MAHABANK,2018-12-12,2018-12-19,11.7999,12.3899,3.17,1.59,4.62,0.05,0.047,take_profit,False,7,5,494386.14,23236.15,2018
AAVAS,2018-12-13,2018-12-24,835.4175,793.6466,0.86,8.54,2.53,-0.05,-0.053,stopped_out,True,11,7,820229.42,-43472.16,2018
INDIANB,2018-12-13,2018-12-19,209.1318,219.5884,2.11,2.58,4.57,0.05,0.047,take_profit,False,6,4,656183.54,30840.63,2018
INDIANB,2018-12-13,2018-12-19,209.1318,219.5884,2.26,2.58,4.57,0.05,0.047,take_profit,False,6,4,524946.83,24672.5,2018
ASIANPAINT,2018-12-19,2019-01-03,1322.7706,1310.1705,1.85,2.39,2.21,-0.009525,-0.012525,time_exit,False,15,10,770810.62,-9654.4,2019
ACC,2018-12-19,2018-12-24,1442.0236,1369.9224,1.22,2.03,1.84,-0.05,-0.053,stopped_out,True,5,3,616648.5,-32682.37,2018
ANANTRAJ,2018-12-19,2018-12-21,14.6363,15.3681,2.51,2.2,3.32,0.05,0.047,take_profit,False,2,2,493318.8,23185.98,2018
SCI,2018-12-21,2018-12-28,43.5535,45.7312,4.03,7.64,6.56,0.05,0.047,take_profit,False,7,4,497955.99,23403.93,2018
BANCOINDIA,2018-12-24,2019-01-08,55.7041,55.6634,0.83,8.94,1.82,-0.000729,-0.003729,time_exit,False,15,10,670509.47,-2500.33,2019
TATACONSUM,2018-12-24,2019-01-08,207.0753,203.1852,1.07,2.84,1.62,-0.018786,-0.021786,time_exit,False,15,10,536407.58,-11686.18,2019
OLECTRA,2018-12-27,2018-12-28,239.37,251.3385,13.13,12.79,17.45,0.05,0.047,take_profit,False,1,1,546171.98,25670.08,2018
NETWORK18,2018-12-28,2019-01-11,40.3702,39.6802,4.34,3.55,5.08,-0.017092,-0.020092,time_exit,False,14,10,655577.98,-13171.87,2019
BBTC,2018-12-28,2019-01-11,1300.0919,1265.2756,1.4,2.95,3.24,-0.02678,-0.02978,time_exit,False,14,10,524462.39,-15618.49,2019
BALRAMCHIN,2019-01-03,2019-01-16,98.5432,103.4703,2.32,2.68,2.87,0.05,0.047,take_profit,False,13,9,571801.15,26874.65,2019
HFCL,2019-01-08,2019-01-15,23.5555,24.7332,0.7,5.61,11.42,0.05,0.047,take_profit,False,7,5,556789.63,26169.11,2019
NESTLEIND,2019-01-08,2019-01-22,501.4809,511.502,1.08,1.69,1.9,0.019983,0.016983,time_exit,False,14,10,695987.03,11819.95,2019
ELECON,2019-01-11,2019-01-21,35.1857,33.4264,6.52,2.42,7.61,-0.05,-0.053,stopped_out,True,10,6,675681.7,-35811.13,2019
KRBL,2019-01-11,2019-01-16,304.0261,319.2275,6.61,10.45,8.86,0.05,0.047,take_profit,False,5,3,540545.36,25405.63,2019
JBCHEPHARM,2019-01-15,2019-01-29,145.063,139.617,4.04,4.45,4.8,-0.037542,-0.040542,time_exit,False,14,10,549028.04,-22258.69,2019
INDIGO,2019-01-16,2019-01-18,1131.6545,1075.0718,0.92,1.8,5.07,-0.05,-0.053,stopped_out,True,2,2,672147.79,-35623.83,2019
GODREJAGRO,2019-01-16,2019-01-30,463.463,444.4398,1.57,8.65,2.85,-0.041046,-0.044046,time_exit,False,14,10,537718.23,-23684.34,2019
EPL,2019-01-18,2019-01-22,98.3129,103.5656,2.02,2.49,3.17,0.053428,0.050428,take_profit_gap,False,4,2,557479.38,28112.57,2019
HUDCO,2019-01-21,2019-01-24,31.0358,29.484,1.11,7.64,5.0,-0.05,-0.053,stopped_out,True,3,3,573957.62,-30419.75,2019
HAVELLS,2019-01-22,2019-02-05,679.9218,697.3242,0.77,5.06,4.73,0.025595,0.022595,time_exit,False,14,10,574276.7,12975.78,2019
MAHLIFE,2019-01-22,2019-01-28,132.7621,126.124,1.29,1.77,1.73,-0.05,-0.053,stopped_out,True,6,4,717845.88,-38045.83,2019
YESBANK,2019-01-24,2019-01-25,212.5915,223.2211,8.59,2.62,8.24,0.05,0.047,take_profit,False,1,1,568128.93,26702.06,2019
PRAJIND,2019-01-29,2019-02-04,116.8834,111.0392,3.78,1.87,6.84,-0.05,-0.053,stopped_out,True,6,4,814783.22,-43183.51,2019
MPHASIS,2019-01-29,2019-01-31,813.0168,853.6677,3.3,1.63,4.04,0.05,0.047,take_profit,False,2,2,651826.58,30635.85,2019
JINDALSAW,2019-01-29,2019-01-31,36.3008,38.1158,1.82,2.59,3.65,0.05,0.047,take_profit,False,2,2,521461.26,24508.68,2019
VBL,2019-01-30,2019-02-12,47.0827,44.7286,0.99,3.31,3.57,-0.05,-0.053,stopped_out,True,13,9,519975.79,-27558.72,2019
SHAKTIPUMP,2019-01-31,2019-02-14,64.3081,60.4922,2.23,1.9,2.55,-0.059338,-0.062338,stopped_out_gap,False,14,9,661667.11,-41247.0,2019
DIXON,2019-01-31,2019-02-08,451.975,428.5247,1.12,1.72,1.92,-0.051884,-0.054884,stopped_out_gap,False,8,6,529333.68,-29051.95,2019
IGL,2019-02-04,2019-02-05,130.5394,137.0664,1.66,2.49,3.9,0.05,0.047,take_profit,False,1,1,577786.89,27155.98,2019
TITAN,2019-02-05,2019-02-20,1042.128,1007.9515,1.46,3.01,3.87,-0.032795,-0.035795,time_exit,False,15,10,560534.87,-20064.35,2019
LTIM,2019-02-05,2019-02-20,1660.4635,1577.4403,2.88,2.57,3.7,-0.05,-0.053,stopped_out,True,15,10,700668.58,-37135.43,2019
JKIL,2019-02-08,2019-02-11,116.8773,122.7211,6.36,1.89,5.64,0.05,0.047,take_profit,False,3,1,548484.24,25778.76,2019
SUNTV,2019-02-11,2019-02-14,463.5773,440.3985,3.9,4.3,4.37,-0.05,-0.053,stopped_out,True,3,2,553639.99,-29342.92,2019
JSL,2019-02-12,2019-02-14,31.8259,29.5336,3.96,5.26,16.58,-0.072026,-0.075026,stopped_out_gap,False,2,1,541395.41,-40618.73,2019
YESBANK,2019-02-14,2019-02-18,218.3652,198.181,5.99,3.74,18.73,-0.092433,-0.095433,stopped_out_gap,False,4,2,762215.1,-72740.47,2019
YESBANK,2019-02-14,2019-02-18,218.3652,198.181,15.84,3.74,18.73,-0.092433,-0.095433,stopped_out_gap,False,4,2,609772.08,-58192.38,2019
BALRAMCHIN,2019-02-14,2019-02-19,110.2745,115.7883,3.89,2.45,4.81,0.05,0.047,take_profit,False,5,3,487817.66,22927.43,2019
OBEROIRLTY,2019-02-18,2019-02-25,476.9152,506.95,1.51,2.22,4.0,0.062977,0.059977,take_profit_gap,False,7,5,638464.99,38293.21,2019
IPCALAB,2019-02-18,2019-03-01,394.2555,413.9683,0.81,2.0,2.57,0.05,0.047,take_profit,False,11,9,510772.0,24006.28,2019
THYROCARE,2019-02-19,2019-02-21,152.4157,144.7949,1.39,1.52,2.08,-0.05,-0.053,stopped_out,True,2,2,510766.61,-27070.63,2019
UNOMINDA,2019-02-20,2019-02-26,159.5895,151.61,6.79,8.23,12.53,-0.05,-0.053,stopped_out,True,6,4,649414.03,-34418.94,2019
UNOMINDA,2019-02-20,2019-02-26,159.5895,151.61,2.79,8.23,12.53,-0.05,-0.053,stopped_out,True,6,4,519531.22,-27535.15,2019
MANAPPURAM,2019-02-21,2019-03-05,100.2292,105.2407,1.27,1.52,4.45,0.05,0.047,take_profit,False,12,7,512364.17,24081.12,2019
MOTHERSON,2019-02-25,2019-03-06,39.8986,41.8936,4.62,4.93,10.94,0.05,0.047,take_profit,False,9,6,545242.98,25626.42,2019
ADANIPOWER,2019-02-26,2019-02-27,9.3347,9.8014,11.79,2.38,17.51,0.05,0.047,take_profit,False,1,1,657592.61,30906.85,2019
SUPREMEIND,2019-02-26,2019-02-27,1037.0272,1088.8785,2.6,1.97,3.49,0.05,0.047,take_profit,False,1,1,526074.09,24725.48,2019
CARBORUNIV,2019-02-27,2019-03-01,347.7198,365.1058,2.24,5.28,2.14,0.05,0.047,take_profit,False,2,2,668719.08,31429.8,2019
PIDILITIND,2019-02-27,2019-03-14,554.8885,565.3022,0.73,1.73,2.11,0.018767,0.015767,time_exit,False,15,10,534975.26,8434.95,2019
NCC,2019-03-01,2019-03-05,81.1239,85.1801,2.68,1.56,4.32,0.05,0.047,take_profit,False,4,1,539972.51,25378.71,2019
TRIVENI,2019-03-01,2019-03-06,53.7246,56.4108,1.09,2.32,1.67,0.05,0.047,take_profit,False,5,2,674965.64,31723.39,2019
BEL,2019-03-05,2019-03-15,26.2071,27.5175,2.29,1.87,5.07,0.05,0.047,take_profit,False,10,8,652337.31,30659.85,2019
BEL,2019-03-05,2019-03-15,26.2071,27.5175,5.27,1.87,5.07,0.05,0.047,take_profit,False,10,8,521869.85,24527.88,2019
ACE,2019-03-06,2019-03-07,91.1926,95.7523,2.72,1.82,4.16,0.05,0.047,take_profit,False,1,1,673007.57,31631.36,2019
TIMETECHNO,2019-03-06,2019-03-20,48.7767,47.2668,4.05,2.92,8.02,-0.030955,-0.033955,time_exit,False,14,10,538406.05,-18281.58,2019
JPPOWER,2019-03-07,2019-03-11,2.4512,2.2489,4.08,4.76,4.26,-0.082551,-0.085551,stopped_out_gap,False,4,2,571652.63,-48905.45,2019
BHARTIARTL,2019-03-11,2019-03-12,293.1231,307.7792,5.2,2.24,8.01,0.05,0.047,take_profit,False,1,1,561871.54,26407.96,2019
PATANJALI,2019-03-12,2019-03-14,238.401,259.369,2.84,2.26,2.1,0.087953,0.084953,take_profit_gap,False,2,2,567153.13,48181.36,2019
ZENTEC,2019-03-14,2019-03-15,80.0124,84.013,0.8,2.13,3.77,0.05,0.047,take_profit,False,1,1,548377.16,25773.73,2019
ARVIND,2019-03-14,2019-03-20,85.8454,81.5532,0.79,1.86,2.55,-0.05,-0.053,stopped_out,True,6,4,685471.44,-36329.99,2019
IIFL,2019-03-15,2019-03-18,227.7196,239.1056,2.37,1.57,3.95,0.05,0.047,take_profit,False,3,1,799410.88,37572.31,2019
DBL,2019-03-15,2019-03-18,648.3169,680.7328,5.49,1.76,7.16,0.05,0.047,take_profit,False,3,1,639528.71,30057.85,2019
RELIGARE,2019-03-15,2019-03-25,31.4657,29.4852,1.91,2.63,6.25,-0.062941,-0.065941,stopped_out_gap,False,10,5,511622.96,-33736.93,2019
PRESTIGE,2019-03-18,2019-03-22,243.6547,255.8374,7.81,5.97,13.96,0.05,0.047,take_profit,False,4,3,710612.32,33398.78,2019
AURIONPRO,2019-03-18,2019-03-19,65.5762,68.855,0.76,2.44,3.93,0.05,0.047,take_profit,False,1,1,568489.86,26719.02,2019
ABCAPITAL,2019-03-19,2019-03-25,104.6023,99.3722,1.48,2.7,1.8,-0.05,-0.053,stopped_out,True,6,3,573833.66,-30413.18,2019
ELECON,2019-03-20,2019-03-25,32.3308,30.7143,4.08,2.29,4.66,-0.05,-0.053,stopped_out,True,5,2,692920.12,-36724.77,2019
USHAMART,2019-03-20,2019-03-25,37.3662,35.4979,3.47,4.05,6.58,-0.05,-0.053,stopped_out,True,5,2,554336.09,-29379.81,2019
CUB,2019-03-22,2019-04-08,192.4565,191.6889,2.44,2.51,4.7,-0.003988,-0.006988,time_exit,False,17,10,592271.09,-4138.79,2019
PFC,2019-03-25,2019-04-09,61.272,61.9306,1.47,2.52,6.34,0.010748,0.007748,time_exit,False,15,10,914308.5,7084.06,2019
BHEL,2019-03-25,2019-03-26,66.6276,69.959,0.58,2.43,2.98,0.05,0.047,take_profit,False,1,1,731446.8,34378.0,2019
PGEL,2019-03-25,2019-03-26,9.0626,8.6095,4.07,6.54,9.09,-0.05,-0.053,stopped_out,True,1,1,585157.44,-31013.34,2019
RECLTD,2019-03-25,2019-03-28,70.3053,66.79,5.6,4.37,10.37,-0.05,-0.053,stopped_out,True,3,3,468125.95,-24810.68,2019
BERGEPAINT,2019-03-26,2019-04-10,258.9379,258.3575,1.31,1.93,2.63,-0.002242,-0.005242,time_exit,False,15,10,638494.54,-3346.99,2019
TRENT,2019-03-26,2019-04-02,371.2918,352.7272,2.11,1.94,4.61,-0.05,-0.053,stopped_out,True,7,4,510795.63,-27072.17,2019
HCLTECH,2019-03-28,2019-04-12,432.6654,432.4524,2.37,2.15,3.0,-0.000492,-0.003492,time_exit,False,15,10,497299.56,-1736.57,2019
CREDITACC,2019-04-02,2019-04-04,533.8358,560.5275,1.05,2.19,3.72,0.05,0.047,take_profit,False,2,2,494584.34,23245.46,2019
ORIENTCEM,2019-04-04,2019-04-08,86.5428,90.87,2.84,4.69,9.59,0.05,0.047,take_profit,False,4,2,499233.44,23463.97,2019
MOTILALOFS,2019-04-08,2019-04-15,663.3609,696.5289,3.05,3.29,7.83,0.05,0.047,take_profit,False,7,5,621552.69,29212.98,2019
TANLA,2019-04-08,2019-04-10,40.5258,42.8147,6.9,6.56,10.0,0.056481,0.053481,take_profit_gap,False,2,2,497242.15,26593.01,2019
OPTIEMUS,2019-04-09,2019-04-16,117.3881,123.2575,4.36,1.93,6.06,0.05,0.047,take_profit,False,7,5,582072.24,27357.4,2019
TEJASNET,2019-04-10,2019-04-11,181.5163,190.5921,4.2,1.88,7.25,0.05,0.047,take_profit,False,1,1,697454.33,32780.35,2019
PRAJIND,2019-04-10,2019-04-18,132.7177,126.0818,0.55,3.84,2.12,-0.05,-0.053,stopped_out,True,8,5,557963.47,-29572.06,2019
MFSL,2019-04-11,2019-04-18,436.9684,458.8168,1.74,2.18,4.76,0.05,0.047,take_profit,False,7,4,592417.71,27843.63,2019
OBEROIRLTY,2019-04-12,2019-04-18,572.6885,544.0541,0.74,1.82,3.18,-0.05,-0.053,stopped_out,True,6,3,573046.77,-30371.48,2019
TATAELXSI,2019-04-15,2019-04-24,916.1863,870.3769,1.34,1.65,2.68,-0.05,-0.053,stopped_out,True,9,5,588590.55,-31195.3,2019
MOTHERSON,2019-04-16,2019-04-22,39.648,37.6656,0.7,2.04,1.61,-0.05,-0.053,stopped_out,True,6,2,592758.36,-31416.19,2019
JPPOWER,2019-04-18,2019-04-22,2.4012,2.5213,4.17,2.73,9.09,0.05,0.047,take_profit,False,4,1,519982.27,24439.17,2019
GICRE,2019-04-18,2019-04-25,227.6185,216.2376,0.52,1.86,1.82,-0.05,-0.053,stopped_out,True,7,4,812472.3,-43061.03,2019
SHILPAMED,2019-04-18,2019-04-23,198.0079,207.9083,0.91,2.9,6.19,0.05,0.047,take_profit,False,5,2,649977.84,30548.96,2019
JPPOWER,2019-04-22,2019-04-23,2.6013,2.8486,17.31,1.62,6.12,0.095058,0.092058,take_profit_gap,False,1,1,637138.54,58653.7,2019
KPRMILL,2019-04-22,2019-04-26,116.4178,122.2387,0.56,2.15,2.63,0.05,0.047,take_profit,False,4,4,509710.83,23956.41,2019
M&MFIN,2019-04-23,2019-04-30,233.6702,221.9867,1.2,1.7,2.44,-0.05,-0.053,stopped_out,True,7,4,683032.47,-36200.72,2019
SUPREMEIND,2019-04-23,2019-05-02,1092.1282,1037.5218,1.87,1.79,3.03,-0.05,-0.053,stopped_out,True,9,5,546425.98,-28960.58,2019
NAM-INDIA,2019-04-24,2019-04-30,171.1159,162.5601,4.32,5.23,9.17,-0.05,-0.053,stopped_out,True,6,3,548619.83,-29076.85,2019
IOB,2019-04-25,2019-04-30,15.0075,14.2571,2.0,1.61,2.74,-0.05,-0.053,stopped_out,True,5,2,592778.12,-31417.24,2019
BPCL,2019-04-26,2019-05-06,116.2561,122.0689,2.72,1.59,3.7,0.05,0.047,take_profit,False,10,4,580955.94,27304.93,2019
HDFCAMC,2019-04-30,2019-05-13,758.589,720.6596,2.49,6.22,3.67,-0.05,-0.053,stopped_out,True,13,8,518599.6,-27485.78,2019
JSWSTEEL,2019-04-30,2019-05-07,284.5343,270.3076,1.46,1.92,4.7,-0.05,-0.053,stopped_out,True,7,4,648249.5,-34357.22,2019
GREAVESCOT,2019-04-30,2019-05-09,143.1858,136.0265,2.17,2.53,1.72,-0.05,-0.053,stopped_out,True,9,6,810311.87,-42946.53,2019
CANFINHOME,2019-05-02,2019-05-06,324.4199,308.1989,2.03,2.78,9.78,-0.05,-0.053,stopped_out,True,4,2,518372.76,-27473.76,2019
DEEPAKNTR,2019-05-06,2019-05-08,276.8631,263.0199,2.31,9.59,3.94,-0.05,-0.053,stopped_out,True,2,2,634530.18,-33630.1,2019
AAVAS,2019-05-06,2019-05-07,1343.8216,1411.0127,2.02,8.07,5.35,0.05,0.047,take_profit,False,1,1,507624.15,23858.33,2019
GRSE,2019-05-07,2019-05-09,96.6291,91.7976,1.0,3.06,3.64,-0.05,-0.053,stopped_out,True,2,2,635174.27,-33664.24,2019
AAVAS,2019-05-07,2019-05-13,1412.3058,1341.6905,1.23,7.17,4.02,-0.05,-0.053,stopped_out,True,6,4,508139.41,-26931.39,2019
DCMSHRIRAM,2019-05-08,2019-05-09,436.1748,457.9835,0.86,2.51,1.94,0.05,0.047,take_profit,False,1,1,526691.55,24754.5,2019
DCMSHRIRAM,2019-05-09,2019-05-13,451.2404,428.6784,3.08,4.12,3.17,-0.05,-0.053,stopped_out,True,4,2,805417.52,-42687.13,2019
SBIN,2019-05-10,2019-05-20,284.3849,306.1887,1.4,3.18,2.07,0.07667,0.07367,take_profit_gap,False,10,6,515467.22,37974.47,2019
OBEROIRLTY,2019-05-10,2019-05-20,509.9943,535.494,1.77,1.71,1.8,0.05,0.047,take_profit,False,10,6,644334.02,30283.7,2019
TANLA,2019-05-14,2019-05-16,42.298,45.0976,2.08,2.39,4.73,0.066188,0.063188,take_profit_gap,False,2,2,759384.22,47983.97,2019
TANLA,2019-05-14,2019-05-16,42.298,45.0976,4.41,2.39,4.73,0.066188,0.063188,take_profit_gap,False,2,2,607507.38,38387.18,2019
ELGIEQUIP,2019-05-14,2019-05-28,130.1368,136.6437,0.78,2.5,5.98,0.05,0.047,take_profit,False,14,10,486005.9,22842.28,2019
TATACHEM,2019-05-16,2019-05-20,228.9613,240.4093,3.63,6.68,7.4,0.05,0.047,take_profit,False,4,2,679457.27,31934.49,2019
VAIBHAVGBL,2019-05-16,2019-05-22,116.3755,110.5567,3.74,2.71,5.43,-0.05,-0.053,stopped_out,True,6,4,543565.82,-28808.99,2019
MUTHOOTFIN,2019-05-20,2019-05-27,556.6343,584.466,3.54,1.84,2.33,0.05,0.047,take_profit,False,7,5,822742.89,38668.92,2019
JAMNAAUTO,2019-05-20,2019-05-21,52.52,49.894,2.67,5.68,10.66,-0.05,-0.053,stopped_out,True,1,1,658194.31,-34884.3,2019
TRITURBINE,2019-05-20,2019-05-21,114.6251,108.8938,1.45,10.31,13.99,-0.05,-0.053,stopped_out,True,1,1,526555.45,-27907.44,2019
EDELWEISS,2019-05-21,2019-05-23,84.7849,80.5457,2.88,1.64,4.27,-0.05,-0.053,stopped_out,True,2,2,516508.77,-27374.96,2019
BAJAJELEC,2019-05-21,2019-05-31,503.6599,478.4769,1.66,1.51,1.99,-0.05,-0.053,stopped_out,True,10,8,645635.96,-34218.71,2019
GOKEX,2019-05-22,2019-05-23,93.6743,98.358,10.29,8.78,17.19,0.05,0.047,take_profit,False,1,1,516158.38,24259.44,2019
MIDHANI,2019-05-23,2019-05-27,126.8711,133.2147,3.02,3.46,3.2,0.05,0.047,take_profit,False,4,2,618837.03,29085.34,2019
GRASIM,2019-05-23,2019-05-27,848.2732,890.6869,1.06,1.98,1.67,0.05,0.047,take_profit,False,4,2,495069.62,23268.27,2019
NH,2019-05-27,2019-05-31,223.4099,234.5803,8.74,5.13,2.32,0.05,0.047,take_profit,False,4,4,801590.11,37674.74,2019
GPIL,2019-05-27,2019-05-28,60.3595,63.3775,3.24,1.9,5.02,0.05,0.047,take_profit,False,1,1,641272.09,30139.79,2019
NH,2019-05-27,2019-05-31,223.4099,234.5803,9.95,5.13,2.32,0.05,0.047,take_profit,False,4,4,513017.67,24111.83,2019
BSOFT,2019-05-28,2019-05-31,86.5879,82.2585,2.5,2.26,4.99,-0.05,-0.053,stopped_out,True,3,3,517172.92,-27410.16,2019
HFCL,2019-05-28,2019-05-31,21.9785,20.8796,2.32,1.73,2.76,-0.05,-0.053,stopped_out,True,3,3,646466.15,-34262.71,2019
SHRIRAMFIN,2019-05-31,2019-06-06,203.5119,193.3363,2.46,2.83,2.42,-0.05,-0.053,stopped_out,True,6,3,1031693.9,-54679.78,2019
EDELWEISS,2019-05-31,2019-06-06,95.2041,90.4439,2.49,2.8,4.56,-0.05,-0.053,stopped_out,True,6,3,825355.12,-43743.82,2019
EDELWEISS,2019-05-31,2019-06-06,95.2041,90.4439,4.11,2.8,4.56,-0.05,-0.053,stopped_out,True,6,3,660284.09,-34995.06,2019
JWL,2019-05-31,2019-06-03,19.3196,20.2856,1.29,5.07,5.71,0.05,0.047,take_profit,False,3,1,528227.28,24826.68,2019
GODREJCP,2019-05-31,2019-06-17,654.901,625.7204,3.18,2.26,4.25,-0.044557,-0.047557,time_exit,False,17,10,422581.82,-20096.72,2019
CESC,2019-06-03,2019-06-18,57.0408,56.0839,1.98,3.25,3.0,-0.016775,-0.019775,time_exit,False,15,10,448676.25,-8872.57,2019
PFC,2019-06-06,2019-06-20,67.8599,67.2264,1.04,2.36,1.58,-0.009334,-0.012334,time_exit,False,14,10,835723.89,-10307.82,2019
COALINDIA,2019-06-06,2019-06-12,148.3466,140.9292,0.66,1.58,1.99,-0.05,-0.053,stopped_out,True,6,4,668579.11,-35434.69,2019
CHAMBLFERT,2019-06-07,2019-06-12,161.0943,153.0396,0.52,1.51,2.6,-0.05,-0.053,stopped_out,True,5,3,534863.29,-28347.75,2019
ACE,2019-06-12,2019-06-17,101.0067,95.9563,1.15,1.77,1.91,-0.05,-0.053,stopped_out,True,5,3,655822.62,-34758.6,2019
NEOGEN,2019-06-12,2019-06-13,357.9597,375.8577,14.06,6.23,16.08,0.05,0.047,take_profit,False,1,1,524658.1,24658.93,2019
GODREJPROP,2019-06-13,2019-06-20,921.4605,967.5335,0.82,1.91,3.75,0.05,0.047,take_profit,False,7,5,529589.88,24890.72,2019
UCOBANK,2019-06-17,2019-06-19,18.4673,17.5439,1.06,2.67,2.17,-0.05,-0.053,stopped_out,True,2,2,628381.73,-33304.23,2019
APOLLOTYRE,2019-06-17,2019-06-19,178.8396,169.8976,1.73,9.14,8.08,-0.05,-0.053,stopped_out,True,2,2,502705.38,-26643.39,2019
REFEX,2019-06-18,2019-06-20,14.1086,15.5296,9.71,2.13,10.42,0.100719,0.097719,take_profit_gap,False,2,2,490125.04,47894.53,2019
KOTAKBANK,2019-06-19,2019-07-03,298.3021,293.4676,1.5,1.7,1.68,-0.016207,-0.019207,time_exit,False,14,10,606327.93,-11645.74,2019
TRENT,2019-06-19,2019-06-25,411.0165,431.5673,0.6,2.54,4.72,0.05,0.047,take_profit,False,6,4,485062.35,22797.93,2019
TANLA,2019-06-21,2019-06-25,62.9107,66.1555,5.45,1.62,1.89,0.051579,0.048579,take_profit_gap,False,4,2,617306.5,29988.13,2019
TANLA,2019-06-21,2019-06-25,62.9107,66.1555,6.08,1.62,1.89,0.051579,0.048579,take_profit_gap,False,4,2,771633.13,37485.17,2019
NBCC,2019-06-24,2019-07-05,38.3772,36.4584,1.78,1.9,7.55,-0.05,-0.053,stopped_out,True,11,9,493845.2,-26173.8,2019
RECLTD,2019-06-25,2019-07-04,72.7936,76.4332,2.05,2.03,3.54,0.05,0.047,take_profit,False,9,7,787930.8,37032.75,2019
MANAPPURAM,2019-06-25,2019-07-05,124.9029,118.6578,3.96,1.77,6.89,-0.05,-0.053,stopped_out,True,10,8,630344.64,-33408.27,2019
VOLTAS,2019-06-25,2019-07-05,626.7999,595.4599,1.61,2.02,2.77,-0.05,-0.053,stopped_out,True,10,8,504275.71,-26726.61,2019
BRIGADE,2019-07-03,2019-07-09,178.952,170.0044,1.49,1.51,4.03,-0.05,-0.053,stopped_out,True,6,4,522357.01,-27684.92,2019
MSTCLTD,2019-07-04,2019-07-08,79.2546,75.2918,4.84,5.02,10.16,-0.05,-0.053,stopped_out,True,4,2,582878.32,-30892.55,2019
REFEX,2019-07-05,2019-07-09,18.989,19.9385,0.95,2.3,4.18,0.05,0.047,take_profit,False,4,2,774734.03,36412.5,2019
SEQUENT,2019-07-05,2019-07-16,69.6361,65.9862,2.43,6.46,4.01,-0.052413,-0.055413,stopped_out_gap,False,11,7,619787.22,-34344.27,2019
SEQUENT,2019-07-05,2019-07-16,69.6361,65.9862,0.6,6.46,4.01,-0.052413,-0.055413,stopped_out_gap,False,11,7,495829.78,-27475.42,2019
RELIGARE,2019-07-08,2019-07-09,34.117,35.8229,13.64,8.52,21.35,0.05,0.047,take_profit,False,1,1,507060.98,23831.87,2019
RELIGARE,2019-07-09,2019-07-10,37.5188,41.1294,10.13,3.84,9.97,0.096237,0.093237,take_profit_gap,False,1,1,772991.07,72071.37,2019
ADANIGREEN,2019-07-09,2019-07-10,49.6248,52.106,2.22,3.19,10.96,0.05,0.047,take_profit,False,1,1,618392.86,29064.46,2019
TANLA,2019-07-10,2019-07-19,65.8487,62.5562,2.48,1.67,3.67,-0.05,-0.053,stopped_out,True,9,7,793218.24,-42040.57,2019
PHOENIXLTD,2019-07-10,2019-07-24,320.5442,336.5714,0.94,5.67,2.21,0.05,0.047,take_profit,False,14,10,634574.59,29825.01,2019
SUNPHARMA,2019-07-12,2019-07-16,378.9313,397.8779,3.26,1.97,1.8,0.05,0.047,take_profit,False,4,2,507659.67,23860.0,2019
HDFCAMC,2019-07-16,2019-07-17,896.0385,940.8404,3.4,3.41,2.43,0.05,0.047,take_profit,False,1,1,578552.91,27191.99,2019
NAVA,2019-07-16,2019-07-18,42.5933,40.4637,0.63,2.62,3.23,-0.05,-0.053,stopped_out,True,2,2,462842.33,-24530.64,2019
CREDITACC,2019-07-16,2019-07-19,526.8874,500.543,4.69,5.27,1.82,-0.05,-0.053,stopped_out,True,3,3,723191.14,-38329.13,2019
COLPAL,2019-07-17,2019-07-31,1008.1206,1026.6141,1.05,1.86,3.56,0.018345,0.015345,time_exit,False,14,10,491422.84,7540.88,2019
HDFCAMC,2019-07-18,2019-07-19,976.9399,1025.7869,2.91,3.17,5.07,0.05,0.047,take_profit,False,1,1,480800.61,22597.63,2019
EPL,2019-07-22,2019-08-05,115.3173,110.7578,1.25,1.55,1.77,-0.039539,-0.042539,time_exit,False,14,10,772528.07,-32862.57,2019
WABAG,2019-07-23,2019-07-30,309.8578,294.3649,1.9,2.06,6.37,-0.05,-0.053,stopped_out,True,7,5,618022.46,-32755.19,2019
INDIGO,2019-07-24,2019-07-31,1588.1296,1508.7231,2.52,1.82,4.39,-0.05,-0.053,stopped_out,True,7,5,627297.89,-33246.79,2019
ZEEL,2019-07-24,2019-07-26,359.294,377.2587,2.17,2.12,4.17,0.05,0.047,take_profit,False,2,2,501838.31,23586.4,2019
PCBL,2019-07-26,2019-07-30,52.8052,50.1649,9.32,5.2,15.74,-0.05,-0.053,stopped_out,True,4,2,506555.59,-26847.45,2019
VOLTAS,2019-08-01,2019-08-19,589.2502,587.5476,2.66,3.56,4.81,-0.002889,-0.005889,time_exit,False,18,10,836842.52,-4928.17,2019
AJANTPHARM,2019-08-02,2019-08-16,591.2797,620.8437,2.87,4.12,2.49,0.05,0.047,take_profit,False,14,8,669474.01,31465.28,2019
NESTLEIND,2019-08-05,2019-08-09,536.1098,562.9153,1.41,2.49,1.6,0.05,0.047,take_profit,False,4,4,683512.31,32125.08,2019
BATAINDIA,2019-08-05,2019-08-07,1284.1359,1348.3427,2.7,3.58,4.4,0.05,0.047,take_profit,False,2,2,546809.85,25700.06,2019
ZYDUSWELL,2019-08-05,2019-08-21,298.9664,296.8613,3.58,2.1,6.01,-0.007041,-0.010041,time_exit,False,16,10,437447.88,-4392.41,2019
HINDUNILVR,2019-08-07,2019-08-22,1598.4773,1678.4012,1.15,1.96,1.9,0.05,0.047,take_profit,False,15,9,464460.29,21829.63,2019
INFIBEAM,2019-08-09,2019-08-19,9.1489,8.6915,1.47,6.32,5.24,-0.05,-0.053,stopped_out,True,10,4,514695.71,-27278.87,2019
APOLLOHOSP,2019-08-16,2019-08-30,1441.5592,1476.8898,1.09,5.15,7.74,0.024509,0.021509,time_exit,False,14,10,551944.42,11871.77,2019
THYROCARE,2019-08-19,2019-08-21,136.2727,129.4591,0.98,7.05,6.3,-0.05,-0.053,stopped_out,True,2,2,705421.78,-37387.35,2019
PRESTIGE,2019-08-19,2019-08-22,290.4832,275.9591,1.16,5.22,6.24,-0.05,-0.053,stopped_out,True,3,3,564337.42,-29909.88,2019
NESTLEIND,2019-08-21,2019-09-05,586.5036,586.7571,1.98,3.89,5.21,0.000432,-0.002568,time_exit,False,15,10,537350.33,-1379.92,2019
MFSL,2019-08-21,2019-08-29,448.1239,425.7177,1.23,2.23,3.7,-0.05,-0.053,stopped_out,True,8,6,671687.91,-35599.46,2019
ICICIGI,2019-08-23,2019-08-28,1133.5704,1190.2489,3.08,2.08,3.32,0.05,0.047,take_profit,False,5,3,634023.76,29799.12,2019
PETRONET,2019-08-26,2019-08-27,184.0258,193.2271,1.69,1.66,2.76,0.05,0.047,take_profit,False,1,1,507219.01,23839.29,2019
HDFCAMC,2019-08-27,2019-08-30,1085.6862,1139.9706,3.44,2.96,6.24,0.05,0.047,take_profit,False,3,3,511986.86,24063.38,2019
APOLLOHOSP,2019-08-28,2019-09-13,1491.356,1416.7882,1.65,1.59,2.89,-0.05,-0.053,stopped_out,True,16,10,542354.07,-28744.77,2019
MINDACORP,2019-08-29,2019-09-03,96.7222,91.8861,0.65,5.2,9.45,-0.05,-0.053,stopped_out,True,5,2,561100.94,-29738.35,2019
SPARC,2019-08-30,2019-09-04,160.03,152.0285,3.49,3.22,4.65,-0.05,-0.053,stopped_out,True,5,2,668854.04,-35449.26,2019
J&KBANK,2019-08-30,2019-09-03,39.7102,37.7247,1.08,2.5,12.3,-0.05,-0.053,stopped_out,True,4,1,535083.24,-28359.41,2019
CGCL,2019-09-03,2019-09-17,163.206,171.3663,6.42,1.59,13.23,0.05,0.047,take_profit,False,14,9,508547.1,23901.71,2019
ANANTRAJ,2019-09-03,2019-09-04,13.1645,13.8227,1.55,2.38,3.37,0.05,0.047,take_profit,False,1,1,635683.87,29877.14,2019
PURVA,2019-09-04,2019-09-05,64.2093,67.4198,9.6,3.62,16.33,0.05,0.047,take_profit,False,1,1,666630.84,31331.65,2019
BEL,2019-09-04,2019-09-16,31.7481,33.3355,2.25,1.52,5.55,0.05,0.047,take_profit,False,12,7,533304.67,25065.32,2019
AVANTIFEED,2019-09-05,2019-09-06,308.683,324.1172,2.73,2.04,4.09,0.05,0.047,take_profit,False,1,1,673430.32,31651.22,2019
ELECTCAST,2019-09-05,2019-09-12,14.6297,15.4911,6.62,3.08,10.45,0.058877,0.055877,take_profit_gap,False,7,4,538744.25,30103.41,2019
RECLTD,2019-09-06,2019-09-16,68.1563,64.7485,1.49,2.11,3.82,-0.05,-0.053,stopped_out,True,10,5,572011.71,-30316.62,2019
EIDPARRY,2019-09-12,2019-09-17,155.9523,163.7499,1.77,7.4,2.7,0.05,0.047,take_profit,False,5,3,571378.9,26854.81,2019
SCI,2019-09-13,2019-09-16,33.1044,34.7596,0.84,5.77,3.32,0.05,0.047,take_profit,False,3,1,559824.98,26311.77,2019
HEG,2019-09-16,2019-09-17,255.5333,242.7566,1.53,5.13,17.8,-0.05,-0.053,stopped_out,True,1,1,502464.23,-26630.6,2019
JISLJALEQS,2019-09-16,2019-09-19,23.2616,22.0985,0.86,1.69,7.64,-0.05,-0.053,stopped_out,True,3,3,628080.28,-33288.25,2019
HAL,2019-09-16,2019-09-19,307.3757,322.7445,1.59,5.3,2.87,0.05,0.047,take_profit,False,3,3,785100.35,36899.72,2019
PCJEWELLER,2019-09-17,2019-09-18,4.1221,4.3282,7.41,4.98,8.99,0.05,0.047,take_profit,False,1,1,723274.61,33993.91,2019
PCJEWELLER,2019-09-17,2019-09-18,4.1221,4.3282,9.83,4.98,8.99,0.05,0.047,take_profit,False,1,1,578619.69,27195.13,2019
SHARDACROP,2019-09-17,2019-09-19,282.1488,268.0414,0.84,2.55,1.94,-0.05,-0.053,stopped_out,True,2,2,462895.75,-24533.47,2019
ICIL,2019-09-18,2019-09-20,47.2491,44.8866,1.6,4.8,4.93,-0.05,-0.053,stopped_out,True,2,2,642933.26,-34075.46,2019
GRSE,2019-09-18,2019-09-24,137.4491,144.3215,3.29,4.94,9.45,0.05,0.047,take_profit,False,6,4,514346.61,24174.29,2019
HAL,2019-09-19,2019-09-30,313.9201,298.2241,0.62,9.68,2.74,-0.05,-0.053,stopped_out,True,11,7,782508.16,-41472.93,2019
THYROCARE,2019-09-19,2019-09-20,144.4121,151.6327,2.91,1.74,3.47,0.05,0.047,take_profit,False,1,1,626006.53,29422.31,2019
MARUTI,2019-09-20,2019-09-23,6264.7802,6578.0193,7.6,2.85,9.59,0.05,0.047,take_profit,False,3,1,482344.03,22670.17,2019
INDUSTOWER,2019-09-20,2019-09-23,217.3014,228.1664,2.24,2.58,3.47,0.05,0.047,take_profit,False,3,1,602930.04,28337.71,2019
PRESTIGE,2019-09-20,2019-09-25,296.5007,281.6757,1.06,2.0,4.28,-0.05,-0.053,stopped_out,True,5,3,753662.55,-39944.12,2019
JMFINANCIL,2019-09-23,2019-09-26,72.2778,75.8917,5.12,2.44,7.63,0.05,0.047,take_profit,False,3,3,613131.62,28817.19,2019
ACE,2019-09-23,2019-09-25,69.4657,72.939,1.64,2.39,2.98,0.05,0.047,take_profit,False,2,2,490505.29,23053.75,2019
IDBI,2019-09-24,2019-09-25,32.2878,33.9022,1.94,1.92,10.71,0.05,0.047,take_profit,False,1,1,500108.42,23505.1,2019
JSL,2019-09-25,2019-09-26,35.466,37.2393,0.97,4.1,3.3,0.05,0.047,take_profit,False,1,1,750264.93,35262.45,2019
JKPAPER,2019-09-25,2019-09-26,123.5137,129.6894,5.28,1.54,4.63,0.05,0.047,take_profit,False,1,1,600211.95,28209.96,2019
IDBI,2019-09-25,2019-09-26,34.939,33.192,1.22,2.88,10.15,-0.05,-0.053,stopped_out,True,1,1,480169.56,-25448.99,2019
DEEPAKNTR,2019-09-26,2019-09-30,304.8357,289.5939,0.59,2.14,4.68,-0.05,-0.053,stopped_out,True,4,2,453764.8,-24049.53,2019
SCI,2019-09-26,2019-09-27,39.2999,41.2649,0.82,4.64,7.05,0.05,0.047,take_profit,False,1,1,567206.0,26658.68,2019
GESHIP,2019-09-26,2019-10-07,220.6048,231.6351,0.54,2.99,2.05,0.05,0.047,take_profit,False,11,6,709007.5,33323.35,2019
GODREJPROP,2019-09-26,2019-09-30,1094.0468,1039.3444,2.11,2.75,7.95,-0.05,-0.053,stopped_out,True,4,2,886259.38,-46971.75,2019
MANAPPURAM,2019-09-27,2019-10-01,127.4418,121.0697,2.34,2.33,5.48,-0.05,-0.053,stopped_out,True,4,2,481784.78,-25534.59,2019
HDFCLIFE,2019-09-30,2019-10-16,592.3838,601.0945,0.79,1.67,2.76,0.014705,0.011705,time_exit,False,16,10,787435.45,9216.93,2019
HDFCLIFE,2019-09-30,2019-10-16,592.3838,601.0945,1.37,1.67,2.76,0.014705,0.011705,time_exit,False,16,10,629948.36,7373.55,2019
NMDC,2019-10-01,2019-10-07,15.8527,15.06,3.27,3.18,8.68,-0.05,-0.053,stopped_out,True,6,3,595208.72,-31546.06,2019
RELIGARE,2019-10-01,2019-10-04,38.2191,42.0789,7.33,2.62,3.24,0.100993,0.097993,take_profit_gap,False,3,2,476166.98,46661.03,2019
NAUKRI,2019-10-04,2019-10-07,445.08,467.334,3.49,1.99,6.32,0.05,0.047,take_profit,False,3,1,485499.19,22818.46,2019
SHRIRAMFIN,2019-10-07,2019-10-09,186.8665,196.2098,0.77,1.54,5.24,0.05,0.047,take_profit,False,2,1,751261.58,35309.29,2019
WHIRLPOOL,2019-10-07,2019-10-10,1963.4113,2061.5818,0.8,2.14,2.89,0.05,0.047,take_profit,False,3,2,601009.26,28247.44,2019
ADANIGREEN,2019-10-07,2019-10-09,68.084,71.4882,2.2,2.01,3.97,0.05,0.047,take_profit,False,2,1,480807.41,22597.95,2019
JBMA,2019-10-09,2019-10-10,44.1609,46.369,11.36,5.51,18.61,0.05,0.047,take_profit,False,1,1,642641.18,30204.14,2019
BRITANNIA,2019-10-09,2019-10-17,2733.8289,2870.5203,1.05,1.65,2.92,0.05,0.047,take_profit,False,8,6,514112.94,24163.31,2019
IGL,2019-10-10,2019-10-25,165.339,168.0484,2.04,1.87,2.01,0.016387,0.013387,time_exit,False,15,10,671710.76,8992.19,2019
IGL,2019-10-10,2019-10-25,165.339,168.0484,2.93,1.87,2.01,0.016387,0.013387,time_exit,False,15,10,537368.6,7193.75,2019
CHAMBLFERT,2019-10-16,2019-10-22,129.6195,136.1005,1.65,2.03,3.33,0.05,0.047,take_profit,False,6,3,716689.74,33684.42,2019
GICRE,2019-10-16,2019-10-17,235.1384,251.4891,15.16,7.77,17.12,0.069536,0.066536,take_profit_gap,False,1,1,573351.79,38148.53,2019
EMAMILTD,2019-10-17,2019-10-25,301.9998,286.8998,4.08,4.07,6.99,-0.05,-0.053,stopped_out,True,8,5,688636.75,-36497.75,2019
IEX,2019-10-17,2019-10-18,41.0539,43.1066,2.36,1.89,10.39,0.05,0.047,take_profit,False,1,1,550909.4,25892.74,2019
KPRMILL,2019-10-18,2019-10-25,117.3522,123.2198,3.91,3.63,5.35,0.05,0.047,take_profit,False,7,4,556087.95,26136.13,2019
JUBLFOOD,2019-10-22,2019-10-23,282.0531,296.1557,5.81,3.1,5.3,0.05,0.047,take_profit,False,1,1,594945.19,27962.42,2019
AFFLE,2019-10-23,2019-10-24,279.6398,265.6578,0.71,4.61,12.25,-0.05,-0.053,stopped_out,True,1,1,600537.67,-31828.5,2019
PIIND,2019-10-24,2019-11-04,1402.9581,1332.8102,0.7,3.12,3.38,-0.05,-0.053,stopped_out,True,11,7,594171.97,-31491.11,2019
SUDARSCHEM,2019-10-25,2019-10-29,378.5801,397.5091,4.52,4.81,5.69,0.05,0.047,take_profit,False,4,2,967263.26,45461.37,2019
KPRMILL,2019-10-25,2019-10-29,126.1311,132.4376,2.13,1.62,2.42,0.05,0.047,take_profit,False,4,2,773810.61,36369.1,2019
NAVINFLUOR,2019-10-25,2019-10-27,827.4246,868.7958,2.74,4.09,2.07,0.05,0.047,take_profit,False,2,1,619048.48,29095.28,2019
GICRE,2019-10-25,2019-10-29,246.4172,258.738,2.6,2.14,10.57,0.05,0.047,take_profit,False,4,2,495238.79,23276.22,2019
GRSE,2019-10-27,2019-10-29,179.5572,188.5351,2.19,1.96,5.19,0.05,0.047,take_profit,False,2,1,525819.78,24713.53,2019
SARDAEN,2019-10-29,2019-10-30,15.8153,16.6061,6.57,2.09,5.4,0.05,0.047,take_profit,False,1,1,999046.36,46955.18,2019
SCI,2019-10-29,2019-10-30,54.6499,57.5052,11.68,2.04,9.85,0.052247,0.049247,take_profit_gap,False,1,1,799237.09,39360.03,2019
MIDHANI,2019-10-29,2019-11-01,142.8165,149.9574,7.3,8.34,5.96,0.05,0.047,take_profit,False,3,3,639389.67,30051.31,2019
PETRONET,2019-10-29,2019-10-30,208.8244,219.2656,2.08,1.9,2.05,0.05,0.047,take_profit,False,1,1,511511.74,24041.05,2019
MINDACORP,2019-10-30,2019-11-08,97.4292,92.5577,5.51,8.21,11.07,-0.05,-0.053,stopped_out,True,9,7,893239.68,-47341.7,2019
ITI,2019-10-30,2019-10-31,96.3482,91.5307,4.1,6.58,4.67,-0.05,-0.053,stopped_out,True,1,1,714591.74,-37873.36,2019
NFL,2019-10-30,2019-11-07,25.6408,24.3588,3.15,1.9,1.6,-0.05,-0.053,stopped_out,True,8,6,571673.39,-30298.69,2019
TIINDIA,2019-10-31,2019-11-01,392.1526,411.7602,5.52,8.85,9.96,0.05,0.047,take_profit,False,1,1,592682.39,27856.07,2019
WEBELSOLAR,2019-11-01,2019-11-05,2.5613,2.8136,11.72,2.31,4.49,0.09851,0.09551,take_profit_gap,False,4,2,585713.44,55941.49,2019
IFCI,2019-11-01,2019-11-04,8.7544,9.3453,9.14,6.11,20.69,0.067503,0.064503,take_profit_gap,False,3,1,732141.8,47225.34,2019
BIOCON,2019-11-04,2019-11-14,261.0733,248.0196,2.18,1.78,6.94,-0.05,-0.053,stopped_out,True,10,7,736980.35,-39059.96,2019
SAREGAMA,2019-11-04,2019-11-05,37.8634,35.9702,7.25,3.35,8.3,-0.05,-0.053,stopped_out,True,1,1,589584.28,-31247.97,2019
AKZOINDIA,2019-11-05,2019-11-11,1828.4753,1722.2692,2.33,2.01,3.01,-0.058085,-0.061085,stopped_out_gap,False,6,4,711665.68,-43472.1,2019
DABUR,2019-11-05,2019-11-14,452.3797,429.7607,1.15,5.06,4.86,-0.05,-0.053,stopped_out,True,9,6,569332.54,-30174.62,2019
JBCHEPHARM,2019-11-07,2019-11-13,177.6428,189.9784,2.56,3.95,1.84,0.069441,0.066441,take_profit_gap,False,6,3,563740.97,37455.51,2019
DLF,2019-11-08,2019-11-13,194.1678,203.8762,0.94,3.54,3.62,0.05,0.047,take_profit,False,5,2,620172.37,29148.1,2019
NEOGEN,2019-11-11,2019-11-14,388.577,369.1481,0.82,2.63,4.08,-0.05,-0.053,stopped_out,True,3,2,629776.61,-33378.16,2019
HGINFRA,2019-11-13,2019-11-14,221.3102,232.3757,12.07,4.71,12.01,0.05,0.047,take_profit,False,1,1,603139.75,28347.57,2019
MGL,2019-11-13,2019-11-19,850.1865,892.6959,2.59,5.33,2.35,0.05,0.047,take_profit,False,6,4,753924.68,35434.46,2019
MUTHOOTFIN,2019-11-14,2019-11-28,640.7982,620.1388,3.89,6.8,4.79,-0.03224,-0.03524,time_exit,False,14,10,975504.61,-34376.78,2019
DIXON,2019-11-14,2019-11-20,650.7263,618.19,5.4,8.57,6.64,-0.05,-0.053,stopped_out,True,6,4,780403.69,-41361.4,2019
PERSISTENT,2019-11-14,2019-11-22,312.7874,328.4267,0.92,3.09,6.97,0.05,0.047,take_profit,False,8,6,624322.95,29343.18,2019
VSTIND,2019-11-14,2019-11-26,335.1857,318.4264,4.39,1.88,3.65,-0.05,-0.053,stopped_out,True,12,8,499458.36,-26471.29,2019
CASTROLIND,2019-11-19,2019-11-22,115.2329,109.4713,3.68,2.03,5.71,-0.05,-0.053,stopped_out,True,3,3,557438.52,-29544.24,2019
ADVENZYMES,2019-11-20,2019-11-22,168.2442,159.832,4.6,2.79,9.46,-0.05,-0.053,stopped_out,True,2,2,593759.27,-31469.24,2019
ECLERX,2019-11-22,2019-11-25,333.9324,350.629,16.9,13.42,19.59,0.05,0.047,take_profit,False,3,1,659022.01,30974.03,2019
EXIDEIND,2019-11-22,2019-12-06,183.0142,173.8635,0.57,1.71,2.85,-0.05,-0.053,stopped_out,True,14,10,823777.51,-43660.21,2019
GRAPHITE,2019-11-22,2019-11-27,284.1042,298.3094,1.49,2.25,4.24,0.05,0.047,take_profit,False,5,3,527217.6,24779.23,2019
TIPSMUSIC,2019-11-25,2019-11-26,8.641,9.0731,18.36,15.44,16.07,0.05,0.047,take_profit,False,1,1,559773.29,26309.34,2019
ICICIBANK,2019-11-26,2019-12-05,494.1897,518.8991,0.84,7.41,1.77,0.05,0.047,take_profit,False,9,7,659632.57,31002.73,2019
JSWENERGY,2019-11-26,2019-11-28,72.3687,68.7503,2.48,1.59,4.45,-0.05,-0.053,stopped_out,True,2,2,527706.06,-27968.42,2019
PIIND,2019-11-27,2019-12-11,1448.7334,1460.1546,2.45,2.51,4.88,0.007884,0.004884,time_exit,False,14,10,532564.21,2601.04,2019
IDBI,2019-11-28,2019-12-03,36.0279,34.2265,1.71,2.37,2.56,-0.05,-0.053,stopped_out,True,5,3,714224.46,-37853.9,2019
UPL,2019-11-28,2019-12-12,544.8089,534.9258,2.85,2.04,4.52,-0.01814,-0.02114,time_exit,False,14,10,571379.57,-12078.96,2019
POLYCAB,2019-12-03,2019-12-05,938.1328,985.0394,3.69,1.71,3.39,0.05,0.047,take_profit,False,2,2,592377.77,27841.76,2019
TRIVENI,2019-12-05,2019-12-09,60.724,57.6878,0.53,2.58,4.22,-0.05,-0.053,stopped_out,True,4,2,736073.18,-39011.88,2019
JKPAPER,2019-12-05,2019-12-10,110.0169,104.5161,1.07,1.52,1.81,-0.05,-0.053,stopped_out,True,5,3,588858.55,-31209.5,2019
PATELENG,2019-12-06,2019-12-10,13.3858,12.7165,4.42,5.46,3.16,-0.05,-0.053,stopped_out,True,4,2,627110.3,-33236.85,2019
TANLA,2019-12-09,2019-12-12,64.3549,61.1372,3.6,1.56,3.79,-0.05,-0.053,stopped_out,True,3,3,641100.5,-33978.33,2019
JBCHEPHARM,2019-12-10,2019-12-24,196.6643,198.2121,1.66,6.85,4.49,0.00787,0.00487,time_exit,False,14,10,743184.9,3619.31,2019
PGEL,2019-12-11,2019-12-12,4.1339,4.3495,7.38,5.29,21.62,0.052152,0.049152,take_profit_gap,False,1,1,701580.97,34484.11,2019
AFFLE,2019-12-11,2019-12-12,288.5342,302.9609,1.86,1.86,6.49,0.05,0.047,take_profit,False,1,1,561264.78,26379.44,2019
DEEPAKNTR,2019-12-12,2019-12-26,346.3799,363.6989,2.32,3.12,4.14,0.05,0.047,take_profit,False,14,9,947038.24,44510.8,2019
NAVINFLUOR,2019-12-12,2019-12-16,890.0754,934.5792,2.49,2.34,2.47,0.05,0.047,take_profit,False,4,2,757630.59,35608.64,2019
MANAPPURAM,2019-12-12,2019-12-27,154.3914,157.0867,2.89,2.76,3.81,0.017458,0.014458,time_exit,False,15,10,606104.47,8763.06,2019
HINDALCO,2019-12-12,2019-12-16,193.5189,203.1949,2.63,1.52,2.1,0.05,0.047,take_profit,False,4,2,484883.58,22789.53,2019
JUBLPHARMA,2019-12-16,2019-12-24,390.3925,370.8728,1.4,2.67,5.18,-0.05,-0.053,stopped_out,True,8,6,518471.46,-27478.99,2019
JKPAPER,2019-12-16,2019-12-17,111.5264,117.1027,4.9,1.7,3.84,0.05,0.047,take_profit,False,1,1,648089.33,30460.2,2019
TCS,2019-12-17,2020-01-01,1864.7642,1865.1806,0.79,1.52,1.81,0.000223,-0.002777,time_exit,False,15,10,550487.08,-1528.7,2020
ATGL,2019-12-24,2020-01-01,156.4574,164.2803,2.07,2.23,4.6,0.05,0.047,take_profit,False,8,5,687949.0,32333.6,2020
DEEPAKNTR,2019-12-24,2019-12-27,357.2408,375.1028,0.64,2.92,3.81,0.05,0.047,take_profit,False,3,2,550359.2,25866.88,2019
SUNFLAG,2019-12-26,2019-12-27,30.5284,32.0548,2.94,2.22,3.9,0.05,0.047,take_profit,False,1,1,638597.16,30014.07,2019
LICHSGFIN,2019-12-27,2020-01-06,392.8382,373.1963,1.46,1.7,3.5,-0.05,-0.053,stopped_out,True,10,6,882818.7,-46789.39,2020
AARTIDRUGS,2019-12-27,2019-12-30,147.0315,139.6799,5.85,6.38,13.2,-0.05,-0.053,stopped_out,True,3,1,706254.96,-37431.51,2019
BANKBARODA,2019-12-27,2020-01-06,92.4655,87.8422,1.63,1.72,4.62,-0.05,-0.053,stopped_out,True,10,6,565003.97,-29945.21,2020
AMBER,2019-12-30,2020-01-08,1132.1776,1188.7865,0.75,2.69,3.68,0.05,0.047,take_profit,False,9,7,585767.86,27531.09,2020
MOTILALOFS,2020-01-01,2020-01-08,791.1554,830.7132,1.6,1.98,7.57,0.05,0.047,take_profit,False,7,5,722462.49,33955.74,2020
JINDALSAW,2020-01-01,2020-01-03,38.6551,40.5878,1.16,11.51,16.25,0.05,0.047,take_profit,False,2,2,577969.99,27164.59,2020
SPARC,2020-01-03,2020-01-08,164.5322,172.7588,1.06,1.69,2.14,0.05,0.047,take_profit,False,5,3,583402.91,27419.94,2020
SUZLON,2020-01-06,2020-01-07,2.9398,3.1663,16.67,5.95,8.47,0.077048,0.074048,take_profit_gap,False,1,1,740939.94,54865.12,2020
SUZLON,2020-01-06,2020-01-07,2.9398,3.1663,23.44,5.95,8.47,0.077048,0.074048,take_profit_gap,False,1,1,592751.95,43892.1,2020
RAMCOCEM,2020-01-07,2020-01-13,775.1794,813.9384,1.77,5.73,4.46,0.05,0.047,take_profit,False,6,4,760691.38,35752.49,2020
BBTC,2020-01-07,2020-01-16,1099.7466,1154.734,3.18,2.45,4.67,0.05,0.047,take_profit,False,9,7,608553.11,28602.0,2020
HSCL,2020-01-08,2020-01-14,66.695,70.0297,1.7,3.61,3.21,0.05,0.047,take_profit,False,6,4,706360.39,33198.94,2020
MAHSEAMLES,2020-01-08,2020-01-14,192.8242,202.4654,2.86,6.02,4.47,0.05,0.047,take_profit,False,6,4,882950.49,41498.67,2020
KITEX,2020-01-08,2020-01-22,40.4528,40.1242,4.16,6.49,11.34,-0.008124,-0.011124,time_exit,False,14,10,565088.31,-6286.04,2020
PTC,2020-01-13,2020-01-27,40.8574,39.8019,4.01,9.48,5.5,-0.025834,-0.028834,time_exit,False,14,10,611359.42,-17627.94,2020
VGUARD,2020-01-14,2020-01-28,219.2295,219.5946,1.56,2.83,2.98,0.001666,-0.001334,time_exit,False,14,10,821889.24,-1096.4,2020
SEQUENT,2020-01-14,2020-01-17,83.9576,79.7597,2.68,5.35,7.82,-0.05,-0.053,stopped_out,True,3,3,657511.39,-34848.1,2020
MFSL,2020-01-16,2020-01-30,529.0144,502.5637,0.77,1.87,2.85,-0.05,-0.053,stopped_out,True,14,10,653440.13,-34632.33,2020
NH,2020-01-17,2020-01-28,355.0796,337.3256,1.82,1.94,2.79,-0.05,-0.053,stopped_out,True,11,7,647284.76,-34306.09,2020
SFL,2020-01-22,2020-02-04,743.8968,781.0916,1.61,1.61,4.65,0.05,0.047,take_profit,False,13,9,629588.26,29590.65,2020
DIXON,2020-01-27,2020-01-30,861.3401,818.2731,2.06,1.59,2.35,-0.05,-0.053,stopped_out,True,3,3,622416.91,-32988.1,2020
SRF,2020-01-28,2020-02-05,736.9729,773.8215,1.02,1.85,2.04,0.05,0.047,take_profit,False,8,6,784687.83,36880.33,2020
ASTRAL,2020-01-28,2020-02-03,684.5565,637.3109,0.9,3.92,6.44,-0.069016,-0.072016,stopped_out_gap,False,6,4,627750.26,-45208.06,2020
JUBLFOOD,2020-01-30,2020-02-03,361.7231,379.8093,2.41,3.47,3.53,0.05,0.047,take_profit,False,4,2,595078.03,27968.67,2020
DMART,2020-01-30,2020-02-03,2052.3257,2154.942,1.0,2.4,3.72,0.05,0.047,take_profit,False,4,2,743847.53,34960.83,2020
SHILPAMED,2020-02-03,2020-02-04,151.1908,158.7503,8.89,5.88,3.74,0.05,0.047,take_profit,False,1,1,872941.87,41028.27,2020
ASIANPAINT,2020-02-03,2020-02-17,1777.1089,1788.4032,1.66,2.09,5.59,0.006355,0.003355,time_exit,False,14,10,698353.5,2342.98,2020
HINDUNILVR,2020-02-03,2020-02-14,1969.9565,2068.4544,3.29,2.96,5.01,0.05,0.047,take_profit,False,11,9,558682.8,26258.09,2020
DLF,2020-02-04,2020-02-10,234.464,222.7408,4.87,1.89,5.99,-0.05,-0.053,stopped_out,True,6,4,761576.05,-40363.53,2020
INDIAGLYCO,2020-02-04,2020-02-05,137.2581,144.121,7.38,1.78,7.61,0.05,0.047,take_profit,False,1,1,609260.84,28635.26,2020
M&MFIN,2020-02-05,2020-02-18,217.2729,206.4092,1.36,1.69,5.39,-0.05,-0.053,stopped_out,True,13,9,779301.52,-41302.98,2020
SWANCORP,2020-02-05,2020-02-10,135.944,142.7412,12.22,6.49,20.31,0.05,0.047,take_profit,False,5,3,623441.22,29301.74,2020
JBCHEPHARM,2020-02-10,2020-02-17,268.7923,255.3527,1.4,2.05,1.67,-0.05,-0.053,stopped_out,True,7,5,618835.26,-32798.27,2020
SWANCORP,2020-02-10,2020-02-12,148.8649,141.4216,1.21,2.77,6.57,-0.05,-0.053,stopped_out,True,2,2,773544.07,-40997.84,2020
REFEX,2020-02-12,2020-02-13,13.319,12.653,3.64,3.96,4.71,-0.05,-0.053,stopped_out,True,1,1,641577.45,-34003.6,2020
IIFL,2020-02-13,2020-02-17,195.9944,186.1947,1.46,1.76,6.64,-0.05,-0.053,stopped_out,True,4,2,634776.73,-33643.17,2020
NAVINFLUOR,2020-02-14,2020-02-18,1190.9599,1250.5079,3.27,2.78,6.73,0.05,0.047,take_profit,False,4,2,624809.56,29366.05,2020
BALKRISIND,2020-02-17,2020-02-26,1202.5322,1142.4056,1.75,6.11,8.69,-0.05,-0.053,stopped_out,True,9,6,877421.06,-46503.32,2020
VTL,2020-02-17,2020-02-24,195.0697,204.8232,0.97,6.61,4.59,0.05,0.047,take_profit,False,7,4,701936.84,32991.03,2020
BALKRISIND,2020-02-17,2020-02-26,1202.5322,1142.4056,5.26,6.11,8.69,-0.05,-0.053,stopped_out,True,9,6,561549.48,-29762.12,2020
GANECOS,2020-02-18,2020-02-24,358.9611,341.013,2.85,1.57,3.87,-0.05,-0.053,stopped_out,True,6,3,727674.41,-38566.74,2020
APOLLOHOSP,2020-02-18,2020-03-04,1746.8503,1728.9101,0.77,2.24,3.43,-0.01027,-0.01327,time_exit,False,15,10,582139.53,-7724.99,2020
TIINDIA,2020-02-24,2020-02-27,535.9615,562.7596,1.08,5.59,8.04,0.05,0.047,take_profit,False,3,3,750518.73,35274.38,2020
TIINDIA,2020-02-24,2020-02-27,535.9615,562.7596,3.76,5.59,8.04,0.05,0.047,take_profit,False,3,3,600414.99,28219.5,2020
NEOGEN,2020-02-26,2020-02-27,519.9842,545.9834,5.71,5.92,14.18,0.05,0.047,take_profit,False,1,1,752873.01,35385.03,2020
JBCHEPHARM,2020-02-26,2020-02-28,261.5749,248.4961,1.83,2.32,4.25,-0.05,-0.053,stopped_out,True,2,2,602298.41,-31921.82,2020
NLCINDIA,2020-02-27,2020-03-06,44.8727,39.06,4.52,4.69,10.33,-0.129539,-0.132539,stopped_out_gap,False,8,6,922375.85,-122250.77,2020
MIDHANI,2020-02-27,2020-02-28,237.4014,225.5313,5.0,3.21,19.73,-0.05,-0.053,stopped_out,True,1,1,737900.68,-39108.74,2020
ESCORTS,2020-03-02,2020-03-06,815.9572,775.1593,3.8,2.35,2.96,-0.05,-0.053,stopped_out,True,4,4,844154.25,-44740.18,2020
DEEPAKNTR,2020-03-02,2020-03-03,492.0036,516.6038,5.58,2.25,4.58,0.05,0.047,take_profit,False,1,1,675323.4,31740.2,2020
TATAELXSI,2020-03-03,2020-03-04,973.4453,924.7731,2.27,2.01,7.86,-0.05,-0.053,stopped_out,True,1,1,545337.15,-28902.87,2020
IPCALAB,2020-03-03,2020-03-04,739.695,702.7103,3.92,1.54,3.58,-0.05,-0.053,stopped_out,True,1,1,681671.44,-36128.59,2020
JBCHEPHARM,2020-03-04,2020-03-06,272.8481,259.2057,1.04,1.91,2.67,-0.05,-0.053,stopped_out,True,2,2,783548.06,-41528.05,2020
DRREDDY,2020-03-04,2020-03-11,611.0147,580.464,2.78,2.13,3.47,-0.05,-0.053,stopped_out,True,7,4,626838.45,-33222.44,2020
DRREDDY,2020-03-04,2020-03-11,611.0147,580.464,1.27,2.13,3.47,-0.05,-0.053,stopped_out,True,7,4,501470.76,-26577.95,2020
DIXON,2020-03-06,2020-03-12,883.5351,821.7712,1.57,2.3,15.08,-0.069905,-0.072905,stopped_out_gap,False,6,3,869488.44,-63390.05,2020
FINPIPE,2020-03-09,2020-03-12,103.9142,98.7185,1.61,2.35,3.8,-0.05,-0.053,stopped_out,True,3,2,695590.75,-36866.31,2020
ZYDUSLIFE,2020-03-20,2020-03-23,272.4095,286.03,7.68,3.05,13.41,0.05,0.047,take_profit,False,3,1,1063138.93,49967.53,2020
CIPLA,2020-03-30,2020-04-03,416.0693,436.8728,3.18,1.65,4.34,0.05,0.047,take_profit,False,4,3,686804.76,32279.82,2020
CIPLA,2020-03-30,2020-04-03,416.0693,436.8728,2.08,1.65,4.34,0.05,0.047,take_profit,False,4,3,1073132.44,50437.22,2020
AJANTPHARM,2020-03-30,2020-03-31,818.6953,859.63,3.98,1.54,7.36,0.05,0.047,take_profit,False,1,1,858505.95,40349.78,2020
IPCALAB,2020-03-31,2020-04-07,683.7796,784.978,3.38,1.56,3.82,0.147999,0.144999,take_profit_gap,False,7,3,729214.95,105735.44,2020
TORNTPHARM,2020-04-03,2020-04-07,967.953,1016.3507,6.22,2.24,4.95,0.05,0.047,take_profit,False,4,1,951902.81,44739.43,2020
CIPLA,2020-04-03,2020-04-07,432.8856,461.1419,4.7,2.87,5.69,0.065274,0.062274,take_profit_gap,False,4,1,761522.25,47423.04,2020
AARTIDRUGS,2020-04-07,2020-04-08,149.3373,156.8042,9.54,1.79,10.32,0.05,0.047,take_profit,False,1,1,582310.6,27368.6,2020
APLLTD,2020-04-07,2020-04-08,573.1613,601.8194,10.77,2.16,6.18,0.05,0.047,take_profit,False,1,1,727888.25,34210.75,2020
TORNTPHARM,2020-04-07,2020-04-08,1097.2076,1152.068,10.49,2.31,9.01,0.05,0.047,take_profit,False,1,1,465848.48,21894.88,2020
CIPLA,2020-04-07,2020-04-08,474.372,498.0906,7.17,3.06,2.77,0.05,0.047,take_profit,False,1,1,1137325.38,53454.29,2020
BIOCON,2020-04-07,2020-04-08,315.249,331.0115,3.99,1.95,6.1,0.05,0.047,take_profit,False,1,1,909860.31,42763.43,2020
FACT,2020-04-08,2020-04-09,34.5034,40.247,18.79,3.71,18.49,0.166463,0.163463,take_profit_gap,False,1,1,480568.84,78555.22,2020
APLLTD,2020-04-08,2020-04-09,601.9508,632.0484,1.97,2.68,1.72,0.05,0.047,take_profit,False,1,1,600711.05,28233.42,2020
GRANULES,2020-04-08,2020-04-17,169.1234,160.6672,4.67,1.83,11.29,-0.05,-0.053,stopped_out,True,9,5,1173263.77,-62182.98,2020
ZYDUSWELL,2020-04-08,2020-04-09,284.4009,311.4039,6.56,5.2,4.61,0.094947,0.091947,take_profit_gap,False,1,1,938611.02,86302.47,2020
MIDHANI,2020-04-08,2020-04-13,188.4847,208.752,3.63,2.01,4.64,0.107528,0.104528,take_profit_gap,False,5,2,750888.82,78488.91,2020
SUDARSCHEM,2020-04-09,2020-04-15,407.7408,387.3538,4.29,2.63,5.46,-0.05,-0.053,stopped_out,True,6,2,827051.48,-43833.73,2020
LUPIN,2020-04-09,2020-04-13,764.7737,803.0124,8.17,3.49,7.74,0.05,0.047,take_profit,False,4,1,661641.18,31097.14,2020
DIVISLAB,2020-04-09,2020-04-16,2242.7793,2354.9182,3.05,2.11,3.86,0.05,0.047,take_profit,False,7,3,529312.95,24877.71,2020
IDEA,2020-04-13,2020-04-15,4.102,4.4478,1.52,2.34,24.24,0.084281,0.081281,take_profit_gap,False,2,1,727873.57,59162.29,2020
IDEA,2020-04-13,2020-04-15,4.102,4.4478,17.07,2.34,24.24,0.084281,0.081281,take_profit_gap,False,2,1,582298.85,47329.83,2020
TRIDENT,2020-04-15,2020-04-16,5.0056,5.4173,2.2,3.46,17.39,0.08225,0.07925,take_profit_gap,False,1,1,905815.54,71785.88,2020
ERIS,2020-04-15,2020-04-16,482.991,458.8415,0.98,2.0,5.54,-0.05,-0.053,stopped_out,True,1,1,724652.43,-38406.58,2020
DEEPAKFERT,2020-04-15,2020-04-17,79.638,84.3122,5.86,4.88,8.24,0.058693,0.055693,take_profit_gap,False,2,2,579721.95,32286.45,2020
FSL,2020-04-16,2020-04-21,34.0471,32.0542,3.3,2.71,3.66,-0.058534,-0.061534,stopped_out_gap,False,5,3,580726.49,-35734.42,2020
FSL,2020-04-16,2020-04-21,34.0471,32.0542,7.85,2.71,3.66,-0.058534,-0.061534,stopped_out_gap,False,5,3,907385.14,-55835.04,2020
IRCON,2020-04-16,2020-04-17,38.5193,36.5933,5.2,4.28,17.25,-0.05,-0.053,stopped_out,True,1,1,725908.11,-38473.13,2020
CESC,2020-04-17,2020-04-29,44.9208,47.1669,7.75,3.11,11.66,0.05,0.047,take_profit,False,12,8,757348.82,35595.39,2020
SUMICHEM,2020-04-17,2020-04-21,221.9665,210.8682,2.64,3.3,4.45,-0.05,-0.053,stopped_out,True,4,2,605879.06,-32111.59,2020
GMMPFAUDLR,2020-04-17,2020-04-20,1019.6563,1070.6391,11.73,2.06,6.24,0.05,0.047,take_profit,False,3,1,946686.03,44494.24,2020
NATIONALUM,2020-04-20,2020-04-21,25.554,24.2763,3.6,1.99,3.33,-0.05,-0.053,stopped_out,True,1,1,682939.3,-36195.78,2020
LAURUSLABS,2020-04-21,2020-04-22,89.2268,93.6882,10.21,6.23,12.82,0.05,0.047,take_profit,False,1,1,547718.18,25742.75,2020
IRCTC,2020-04-21,2020-04-23,280.5203,266.4943,1.64,2.47,3.7,-0.05,-0.053,stopped_out,True,2,2,684647.73,-36286.33,2020
UCOBANK,2020-04-21,2020-04-22,14.3907,15.1103,12.63,7.26,5.02,0.05,0.047,take_profit,False,1,1,1069762.07,50278.82,2020
OPTIEMUS,2020-04-21,2020-04-23,20.5752,22.4413,9.02,2.53,7.25,0.090696,0.087696,take_profit_gap,False,2,2,855809.66,75051.08,2020
STLTECH,2020-04-22,2020-04-24,88.3866,83.9673,1.96,1.71,6.63,-0.05,-0.053,stopped_out,True,2,2,776874.91,-41174.37,2020
RELIANCE,2020-04-22,2020-04-24,610.3157,640.8315,7.43,2.93,3.3,0.05,0.047,take_profit,False,2,2,621499.93,29210.5,2020
MUTHOOTFIN,2020-04-23,2020-04-30,754.2135,791.9242,3.88,1.86,6.32,0.05,0.047,take_profit,False,7,5,813044.37,38213.09,2020
MUTHOOTFIN,2020-04-23,2020-04-30,754.2135,791.9242,3.68,1.86,6.32,0.05,0.047,take_profit,False,7,5,650435.5,30570.47,2020
ALKEM,2020-04-24,2020-04-30,2595.8009,2466.0109,4.32,2.23,9.38,-0.05,-0.053,stopped_out,True,6,4,797630.59,-42274.42,2020
DEEPAKFERT,2020-04-24,2020-04-27,86.5962,90.926,3.99,7.22,14.89,0.05,0.047,take_profit,False,3,1,638104.47,29990.91,2020
LUMAXTECH,2020-04-27,2020-04-28,75.8491,72.0567,8.82,4.6,13.57,-0.05,-0.053,stopped_out,True,1,1,644102.65,-34137.44,2020
MANAPPURAM,2020-04-28,2020-05-04,116.48,110.656,5.24,1.97,10.9,-0.05,-0.053,stopped_out,True,6,3,637275.17,-33775.58,2020
TRITURBINE,2020-04-29,2020-04-30,74.1371,77.844,8.43,5.56,14.65,0.05,0.047,take_profit,False,1,1,668408.98,31415.22,2020
BSE,2020-04-30,2020-05-13,39.4517,41.4243,1.26,3.2,2.09,0.05,0.047,take_profit,False,13,8,1132215.94,53214.15,2020
HUDCO,2020-04-30,2020-05-04,18.4947,17.57,6.06,5.06,7.19,-0.05,-0.053,stopped_out,True,4,1,905772.75,-48005.96,2020
HINDALCO,2020-04-30,2020-05-04,125.074,116.5039,7.61,2.24,8.5,-0.06852,-0.07152,stopped_out_gap,False,4,1,724618.2,-51824.69,2020
MOTHERSON,2020-04-30,2020-05-04,23.1342,21.8572,5.22,1.81,2.4,-0.0552,-0.0582,stopped_out_gap,False,4,1,579694.56,-33738.22,2020
BHARTIARTL,2020-05-04,2020-05-12,509.2795,534.7435,1.9,2.15,5.98,0.05,0.047,take_profit,False,8,6,999758.89,46988.67,2020
RALLIS,2020-05-04,2020-05-05,206.6316,216.9631,2.18,3.04,5.18,0.05,0.047,take_profit,False,1,1,799807.11,37590.93,2020
BAJAJELEC,2020-05-05,2020-05-08,327.8379,344.2298,2.55,3.8,3.52,0.05,0.047,take_profit,False,3,3,645860.24,30355.43,2020
DEEPAKNTR,2020-05-05,2020-05-06,502.3791,527.4981,5.18,2.3,3.63,0.05,0.047,take_profit,False,1,1,516688.19,24284.35,2020
HCG,2020-05-05,2020-05-06,88.7443,93.1816,9.36,7.41,10.46,0.05,0.047,take_profit,False,1,1,807325.3,37944.29,2020
COFORGE,2020-05-06,2020-05-14,264.4551,251.2324,8.12,5.87,14.89,-0.05,-0.053,stopped_out,True,8,6,690598.98,-36601.75,2020
JBCHEPHARM,2020-05-06,2020-05-08,283.6207,297.8017,1.74,3.39,3.04,0.05,0.047,take_profit,False,2,2,552479.18,25966.52,2020
JBCHEPHARM,2020-05-08,2020-05-12,306.2335,290.9218,3.04,2.58,3.91,-0.05,-0.053,stopped_out,True,4,2,692915.62,-36724.53,2020
CASTROLIND,2020-05-08,2020-05-11,94.2951,89.5803,1.14,2.26,1.66,-0.05,-0.053,stopped_out,True,3,1,554332.5,-29379.62,2020
SUNFLAG,2020-05-11,2020-05-12,29.2314,27.7698,0.85,6.5,8.52,-0.05,-0.053,stopped_out,True,1,1,548456.57,-29068.2,2020
EXIDEIND,2020-05-12,2020-05-26,146.6601,153.9931,1.08,1.6,3.29,0.05,0.047,take_profit,False,14,9,565267.63,26567.58,2020
INDUSTOWER,2020-05-12,2020-05-14,164.7577,172.9955,1.06,1.63,2.49,0.05,0.047,take_profit,False,2,2,883230.66,41511.84,2020
VEDL,2020-05-12,2020-05-13,39.4045,43.2994,8.98,3.05,12.08,0.098844,0.095844,take_profit_gap,False,1,1,706584.53,67721.89,2020
IEX,2020-05-13,2020-05-15,47.7774,50.1663,2.58,2.54,1.84,0.05,0.047,take_profit,False,2,2,675329.12,31740.47,2020
BDL,2020-05-13,2020-05-19,111.8985,106.3035,2.54,5.08,6.19,-0.05,-0.053,stopped_out,True,6,4,844161.4,-44740.55,2020
MSTCLTD,2020-05-14,2020-05-18,81.5472,85.6246,1.07,2.48,4.99,0.05,0.047,take_profit,False,4,2,856011.24,40232.53,2020
AARTIDRUGS,2020-05-14,2020-05-18,205.279,195.0151,5.05,4.91,10.92,-0.05,-0.053,stopped_out,True,4,2,684809.0,-36294.88,2020
HCG,2020-05-15,2020-05-18,94.2971,99.012,0.62,1.98,5.54,0.05,0.047,take_profit,False,3,1,689261.11,32395.27,2020
HCG,2020-05-18,2020-05-21,104.8024,99.5623,5.44,3.96,10.26,-0.05,-0.053,stopped_out,True,3,3,1004691.75,-53248.66,2020
ZENTEC,2020-05-18,2020-05-19,35.7768,38.3152,7.34,3.15,5.25,0.070951,0.067951,take_profit_gap,False,1,1,803753.4,54615.85,2020
CIPLA,2020-05-18,2020-05-22,578.6424,607.5745,0.87,2.34,5.23,0.05,0.047,take_profit,False,4,4,643002.72,30221.13,2020
BHARTIARTL,2020-05-19,2020-05-26,572.6884,544.0539,4.94,3.55,7.22,-0.05,-0.053,stopped_out,True,7,4,676768.15,-35868.71,2020
ADANIPOWER,2020-05-19,2020-05-21,7.0635,6.7104,2.41,4.46,12.06,-0.05,-0.053,stopped_out,True,2,2,845960.19,-44835.89,2020
HINDALCO,2020-05-21,2020-05-28,124.4016,130.6217,1.27,1.79,6.67,0.05,0.047,take_profit,False,7,4,713542.4,33536.49,2020
TATACOMM,2020-05-21,2020-05-26,453.7084,476.3938,1.29,1.73,3.52,0.05,0.047,take_profit,False,5,2,891928.0,41920.62,2020
JUBLFOOD,2020-05-22,2020-05-26,320.9831,337.0323,0.94,1.66,3.35,0.05,0.047,take_profit,False,4,1,705478.69,33157.5,2020
DCMSHRIRAM,2020-05-26,2020-05-28,249.7897,262.2791,3.0,2.66,6.24,0.05,0.047,take_profit,False,2,2,1145426.84,53835.06,2020
ULTRACEMCO,2020-05-26,2020-06-09,3673.9911,3675.5056,1.85,1.94,3.3,0.000412,-0.002588,time_exit,False,14,10,916341.47,-2371.49,2020
ACC,2020-05-26,2020-06-09,1219.5862,1192.616,2.87,1.66,3.35,-0.022114,-0.025114,time_exit,False,14,10,733073.18,-18410.4,2020
SUNFLAG,2020-05-26,2020-05-28,30.2789,28.765,5.44,6.23,11.79,-0.05,-0.053,stopped_out,True,2,2,586458.54,-31082.3,2020
MOTHERSON,2020-05-28,2020-05-29,24.4158,25.6366,1.67,2.69,6.51,0.05,0.047,take_profit,False,1,1,969510.24,45566.98,2020
NCC,2020-05-28,2020-06-01,21.7709,22.8595,4.04,2.03,8.29,0.05,0.047,take_profit,False,4,2,775608.19,36453.59,2020
SPARC,2020-05-28,2020-06-02,136.3682,143.1866,4.04,2.51,4.85,0.05,0.047,take_profit,False,5,3,620486.56,29162.87,2020
CONCOR,2020-05-29,2020-06-01,348.5752,366.004,5.33,2.98,6.85,0.05,0.047,take_profit,False,3,1,699404.69,32872.02,2020
PHOENIXLTD,2020-06-01,2020-06-02,281.8852,295.9795,0.71,1.7,4.49,0.05,0.047,take_profit,False,1,1,868391.45,40814.4,2020
UCOBANK,2020-06-01,2020-06-03,11.493,12.0676,4.27,3.46,6.36,0.05,0.047,take_profit,False,2,2,694713.16,32651.52,2020
JSWENERGY,2020-06-02,2020-06-04,42.7094,40.5739,1.46,3.38,8.83,-0.05,-0.053,stopped_out,True,2,2,867541.58,-45979.7,2020
AMBER,2020-06-02,2020-06-03,1438.0687,1509.9721,7.05,2.47,6.47,0.05,0.047,take_profit,False,1,1,694033.27,32619.56,2020
KEC,2020-06-03,2020-06-05,220.582,231.6111,4.4,2.32,1.69,0.05,0.047,take_profit,False,2,2,846030.11,39763.42,2020
INDIANB,2020-06-03,2020-06-04,43.2174,45.3782,4.35,4.87,4.44,0.05,0.047,take_profit,False,1,1,676824.09,31810.73,2020
TDPOWERSYS,2020-06-04,2020-06-05,20.7316,22.2393,6.84,4.54,5.16,0.072724,0.069724,take_profit_gap,False,1,1,847498.61,59090.99,2020
IGL,2020-06-04,2020-06-08,225.1884,213.929,2.47,2.19,2.05,-0.05,-0.053,stopped_out,True,4,2,677998.89,-35933.94,2020
J&KBANK,2020-06-05,2020-06-08,13.8579,15.2285,12.76,2.01,8.21,0.098901,0.095901,take_profit_gap,False,3,1,720700.59,69115.91,2020
JKTYRE,2020-06-05,2020-06-08,54.184,56.8932,3.21,1.78,3.69,0.05,0.047,take_profit,False,3,1,900875.74,42341.16,2020
SURYAROSNI,2020-06-08,2020-06-09,24.5218,23.2957,2.04,4.41,4.16,-0.05,-0.053,stopped_out,True,1,1,1051580.14,-55733.75,2020
BPCL,2020-06-08,2020-06-10,133.3561,126.6883,4.65,1.53,3.82,-0.05,-0.053,stopped_out,True,2,2,841264.11,-44587.0,2020
GSFC,2020-06-08,2020-06-09,44.2665,46.4798,0.68,1.91,2.39,0.05,0.047,take_profit,False,1,1,673011.29,31631.53,2020
RBLBANK,2020-06-09,2020-06-10,138.2446,145.1569,0.94,2.55,4.58,0.05,0.047,take_profit,False,1,1,1204233.43,56598.97,2020
BHEL,2020-06-09,2020-06-10,30.2598,31.7728,5.87,1.85,8.5,0.05,0.047,take_profit,False,1,1,963386.74,45279.18,2020
VMART,2020-06-09,2020-06-10,445.4859,467.7602,0.63,1.8,1.97,0.05,0.047,take_profit,False,1,1,770709.39,36223.34,2020
SPARC,2020-06-09,2020-06-10,145.2726,152.5362,0.96,3.07,2.94,0.05,0.047,take_profit,False,1,1,616567.52,28978.67,2020
NETWORK18,2020-06-10,2020-06-12,32.9165,34.5623,0.61,2.03,8.58,0.05,0.047,take_profit,False,2,2,1117587.91,52526.63,2020
DCAL,2020-06-10,2020-06-11,122.6113,116.4807,7.14,5.1,24.8,-0.05,-0.053,stopped_out,True,1,1,1396984.88,-74040.2,2020
EIDPARRY,2020-06-10,2020-06-11,214.9818,225.7309,3.1,1.65,5.76,0.05,0.047,take_profit,False,1,1,894070.33,42021.31,2020
SOLARINDS,2020-06-10,2020-06-24,959.385,930.3761,1.36,6.35,3.55,-0.030237,-0.033237,time_exit,False,14,10,715256.26,-23772.97,2020
PRAJIND,2020-06-10,2020-06-11,63.7606,67.4101,5.61,1.88,5.35,0.057238,0.054238,take_profit_gap,False,1,1,572205.01,31035.26,2020
INDUSINDBK,2020-06-11,2020-06-12,505.4608,472.9584,5.42,2.46,2.53,-0.064302,-0.067302,stopped_out_gap,False,1,1,1030219.32,-69335.82,2020
NEOGEN,2020-06-11,2020-06-15,506.2691,480.9557,3.96,2.88,12.12,-0.05,-0.053,stopped_out,True,4,2,824175.46,-43681.3,2020
FACT,2020-06-11,2020-06-15,45.9215,43.6254,1.19,2.75,6.35,-0.05,-0.053,stopped_out,True,4,2,659340.37,-34945.04,2020
NETWORK18,2020-06-12,2020-06-16,34.6673,38.1309,3.9,3.09,10.53,0.09991,0.09691,take_profit_gap,False,4,2,762937.52,73936.28,2020
MGL,2020-06-12,2020-06-26,918.6525,920.2545,1.23,2.01,6.89,0.001744,-0.001256,time_exit,False,14,10,953671.9,-1197.81,2020
OFSS,2020-06-15,2020-06-16,2134.2832,2240.9973,6.4,1.86,7.09,0.05,0.047,take_profit,False,1,1,713062.33,33513.93,2020
SUMICHEM,2020-06-15,2020-06-19,289.5216,303.9977,2.32,2.53,4.95,0.05,0.047,take_profit,False,4,4,891327.91,41892.41,2020
ECLERX,2020-06-16,2020-06-18,282.7807,296.9197,2.72,1.7,4.73,0.05,0.047,take_profit,False,2,2,887139.88,41695.57,2020
MOIL,2020-06-16,2020-06-19,135.3585,125.0636,1.04,6.0,7.4,-0.076057,-0.079057,stopped_out_gap,False,3,3,709711.9,-56107.69,2020
HINDCOPPER,2020-06-18,2020-06-24,30.9688,32.5173,5.34,3.07,10.02,0.05,0.047,take_profit,False,6,4,753536.61,35416.22,2020
EIDPARRY,2020-06-19,2020-06-22,252.2085,264.819,9.89,2.2,10.12,0.05,0.047,take_profit,False,3,1,920194.2,43249.13,2020
PERSISTENT,2020-06-19,2020-06-26,287.8788,302.2727,0.85,1.58,2.82,0.05,0.047,take_profit,False,7,5,736155.36,34599.3,2020
QUESS,2020-06-22,2020-06-24,300.2247,330.6238,5.61,1.61,2.22,0.101254,0.098254,take_profit_gap,False,2,2,781612.95,76796.6,2020
ATGL,2020-06-24,2020-06-25,160.9704,169.0189,1.71,2.02,5.6,0.05,0.047,take_profit,False,1,1,1093059.49,51373.8,2020
GALLANTT,2020-06-24,2020-06-25,40.2457,38.2334,3.84,12.23,12.53,-0.05,-0.053,stopped_out,True,1,1,874447.59,-46345.72,2020
TARIL,2020-06-24,2020-06-25,5.2754,5.0117,8.53,4.85,17.88,-0.05,-0.053,stopped_out,True,1,1,699558.08,-37076.58,2020
GUJGASLTD,2020-06-25,2020-07-01,294.676,309.4098,2.96,1.95,8.03,0.05,0.047,take_profit,False,6,4,1086649.79,51072.54,2020
HFCL,2020-06-25,2020-06-29,14.4153,15.4402,1.72,1.53,4.68,0.071093,0.068093,take_profit_gap,False,4,2,869319.83,59194.6,2020
ASTRAL,2020-06-25,2020-07-09,536.4262,533.5525,1.72,1.51,3.98,-0.005357,-0.008357,time_exit,False,14,10,695455.87,-5811.92,2020
HFCL,2020-06-26,2020-06-30,15.1089,16.4299,1.31,2.22,2.69,0.087437,0.084437,take_profit_gap,False,4,2,901010.44,76078.62,2020
TI,2020-06-26,2020-06-29,20.2819,21.296,5.39,9.55,5.15,0.05,0.047,take_profit,False,3,1,720808.35,33877.99,2020
AVANTIFEED,2020-06-29,2020-07-01,492.3989,467.779,2.51,7.68,3.42,-0.05,-0.053,stopped_out,True,2,2,913286.84,-48404.2,2020
NFL,2020-06-29,2020-06-30,30.7663,32.3046,1.54,3.56,5.68,0.05,0.047,take_profit,False,1,1,730629.47,34339.59,2020
JSL,2020-06-30,2020-07-14,39.9423,38.7721,1.64,1.66,2.14,-0.029296,-0.032296,time_exit,False,14,10,746332.16,-24103.54,2020
ASTRAMICRO,2020-06-30,2020-07-01,102.5624,107.6906,3.92,2.47,8.68,0.05,0.047,take_profit,False,1,1,932915.2,43847.01,2020
SEQUENT,2020-07-01,2020-07-13,96.4864,101.3107,1.19,1.82,5.05,0.05,0.047,take_profit,False,12,8,1192939.17,56068.14,2020
KRBL,2020-07-01,2020-07-06,249.3584,261.8263,0.84,2.96,5.68,0.05,0.047,take_profit,False,5,3,954351.33,44854.51,2020
SWANCORP,2020-07-01,2020-07-07,142.1799,149.2889,2.21,1.67,7.14,0.05,0.047,take_profit,False,6,4,763481.07,35883.61,2020
IRCON,2020-07-06,2020-07-08,40.8065,38.7662,5.85,6.6,9.27,-0.05,-0.053,stopped_out,True,2,2,810626.02,-42963.18,2020
BBTC,2020-07-07,2020-07-08,1096.3922,1151.2118,1.18,3.41,4.74,0.05,0.047,take_profit,False,1,1,808373.75,37993.57,2020
INDUSINDBK,2020-07-08,2020-07-14,533.9149,507.2192,3.67,2.11,3.48,-0.05,-0.053,stopped_out,True,6,4,969505.03,-51383.77,2020
THYROCARE,2020-07-08,2020-07-13,155.005,162.7552,0.78,2.35,1.5,0.05,0.047,take_profit,False,5,3,775604.03,36453.39,2020
GNFC,2020-07-09,2020-07-13,143.8259,151.0172,1.0,1.84,3.34,0.05,0.047,take_profit,False,4,2,758412.01,35645.36,2020
LTIM,2020-07-13,2020-07-15,2060.1406,2163.1477,0.88,3.13,3.44,0.05,0.047,take_profit,False,2,2,1177754.03,55354.44,2020
INTELLECT,2020-07-13,2020-07-16,114.2735,119.9872,2.75,2.17,3.71,0.05,0.047,take_profit,False,3,3,942203.22,44283.55,2020
HCC,2020-07-13,2020-07-15,6.4032,5.8971,4.1,1.73,1.59,-0.079046,-0.082046,stopped_out_gap,False,2,2,753762.58,-61843.2,2020
FORTIS,2020-07-14,2020-07-17,126.6657,132.999,2.35,2.41,2.99,0.05,0.047,take_profit,False,3,3,931080.04,43760.76,2020
DRREDDY,2020-07-14,2020-07-28,772.366,784.8054,0.8,1.65,2.03,0.016106,0.013106,time_exit,False,14,10,744864.03,9762.19,2020
TIINDIA,2020-07-15,2020-07-17,469.5696,493.0481,2.23,4.0,4.59,0.05,0.047,take_profit,False,2,2,980896.79,46102.15,2020
PERSISTENT,2020-07-15,2020-07-22,365.9019,347.6068,0.92,2.78,2.36,-0.05,-0.053,stopped_out,True,7,5,784717.43,-41590.02,2020
BPCL,2020-07-16,2020-07-17,133.2884,139.9528,2.45,2.2,5.67,0.05,0.047,take_profit,False,1,1,825071.3,38778.35,2020
MUTHOOTFIN,2020-07-17,2020-07-20,1110.0955,1050.9532,2.77,2.51,5.54,-0.053277,-0.056277,stopped_out_gap,False,3,1,986555.94,-55520.41,2020
SBICARD,2020-07-17,2020-07-21,746.5216,783.8477,1.06,2.64,4.7,0.05,0.047,take_profit,False,4,2,789244.75,37094.5,2020
CHENNPETRO,2020-07-17,2020-07-21,72.8102,76.4507,4.53,1.79,6.91,0.05,0.047,take_profit,False,4,2,1233194.92,57960.16,2020
IMFA,2020-07-20,2020-07-24,73.3658,69.6975,2.2,1.8,1.74,-0.05,-0.053,stopped_out,True,4,4,817602.91,-43332.95,2020
RALLIS,2020-07-21,2020-07-23,283.5011,297.6762,0.79,2.12,1.89,0.05,0.047,take_profit,False,2,2,1077581.19,50646.32,2020
VIPIND,2020-07-21,2020-07-22,280.6624,294.6956,1.88,3.87,5.12,0.05,0.047,take_profit,False,1,1,862064.95,40517.05,2020
FEDERALBNK,2020-07-22,2020-07-30,54.2249,51.5137,3.0,1.7,4.04,-0.05,-0.053,stopped_out,True,8,6,1018793.85,-53996.07,2020
M&MFIN,2020-07-22,2020-07-24,141.3595,132.7276,0.67,2.03,13.96,-0.061063,-0.064063,stopped_out_gap,False,2,2,815035.08,-52213.59,2020
OBEROIRLTY,2020-07-23,2020-07-27,398.4355,378.5137,0.82,2.59,6.21,-0.05,-0.053,stopped_out,True,4,2,877673.56,-46516.7,2020
TECHM,2020-07-24,2020-07-28,527.5892,553.9687,1.26,2.16,3.18,0.05,0.047,take_profit,False,4,2,807645.71,37959.35,2020
ITI,2020-07-24,2020-07-27,138.3191,131.4032,0.53,2.3,2.83,-0.05,-0.053,stopped_out,True,3,1,1009557.14,-53506.53,2020
ASIANPAINT,2020-07-27,2020-08-10,1700.2494,1702.5619,1.35,2.96,3.55,0.00136,-0.00164,time_exit,False,14,10,1003558.06,-1645.84,2020
KAJARIACER,2020-07-27,2020-07-30,403.5065,383.3312,0.77,2.83,5.14,-0.05,-0.053,stopped_out,True,3,3,802846.45,-42550.86,2020
THANGAMAYL,2020-07-28,2020-07-29,168.3149,159.8992,7.12,5.69,15.81,-0.05,-0.053,stopped_out,True,1,1,962323.42,-51003.14,2020
TECHM,2020-07-28,2020-08-04,553.2572,525.5943,1.75,3.26,2.14,-0.05,-0.053,stopped_out,True,7,5,769858.73,-40802.51,2020
SONATSOFTW,2020-07-29,2020-08-03,87.176,91.5348,4.46,2.87,3.25,0.05,0.047,take_profit,False,5,3,798151.04,37513.1,2020
DIVISLAB,2020-07-30,2020-08-03,2486.8175,2611.1584,1.62,2.77,5.23,0.05,0.047,take_profit,False,4,2,983539.5,46226.36,2020
SUNPHARMA,2020-07-30,2020-07-31,480.4898,504.5142,2.2,1.95,3.4,0.05,0.047,take_profit,False,1,1,786831.6,36981.09,2020
DIVISLAB,2020-07-31,2020-08-06,2539.42,2666.391,1.09,2.1,1.81,0.05,0.047,take_profit,False,6,4,794227.82,37328.71,2020
MOTHERSON,2020-08-03,2020-08-10,25.8163,27.1071,1.16,1.76,2.3,0.05,0.047,take_profit,False,7,5,806774.61,37918.41,2020
AMBER,2020-08-03,2020-08-17,1723.0611,1773.3629,9.94,7.41,15.58,0.029193,0.026193,time_exit,False,14,10,1008468.26,26414.81,2020
ALLCARGO,2020-08-04,2020-08-10,22.6612,23.7943,1.65,1.87,3.91,0.05,0.047,take_profit,False,6,4,791230.93,37187.85,2020
PRESTIGE,2020-08-06,2020-08-10,218.4682,229.3916,7.38,2.76,8.37,0.05,0.047,take_profit,False,4,2,799296.05,37566.91,2020
INDIAGLYCO,2020-08-10,2020-08-14,141.0908,134.0363,3.14,2.32,4.79,-0.05,-0.053,stopped_out,True,4,4,1341814.24,-71116.15,2020
PFC,2020-08-10,2020-08-13,49.8489,52.3413,1.17,1.56,1.88,0.05,0.047,take_profit,False,3,3,1073451.39,50452.22,2020
GREAVESCOT,2020-08-10,2020-08-13,84.0185,88.2194,3.35,3.89,4.53,0.05,0.047,take_profit,False,3,3,858761.11,40361.77,2020
M&M,2020-08-10,2020-08-24,600.2685,573.9712,0.94,1.94,3.95,-0.043809,-0.046809,time_exit,False,14,10,687008.89,-32158.2,2020
BLS,2020-08-13,2020-08-17,26.4777,29.0478,3.66,1.59,3.42,0.097067,0.094067,take_profit_gap,False,4,2,954212.41,89759.9,2020
CHALET,2020-08-13,2020-08-14,144.9619,137.7138,0.81,5.61,6.15,-0.05,-0.053,stopped_out,True,1,1,763369.93,-40458.61,2020
JSWENERGY,2020-08-14,2020-08-20,54.3897,57.1092,2.77,3.32,3.03,0.05,0.047,take_profit,False,6,4,1009417.82,47442.64,2020
REDINGTON,2020-08-14,2020-08-17,45.9336,48.2303,3.35,6.86,9.4,0.05,0.047,take_profit,False,3,1,807534.26,37954.11,2020
GNFC,2020-08-17,2020-08-20,149.2278,156.6892,2.09,2.23,3.73,0.05,0.047,take_profit,False,3,3,1230896.15,57852.12,2020
ADVENZYMES,2020-08-17,2020-08-27,225.7372,214.4503,1.95,3.5,6.41,-0.05,-0.053,stopped_out,True,10,8,984716.92,-52190.0,2020
APLAPOLLO,2020-08-17,2020-08-21,224.9571,236.205,1.32,1.81,3.31,0.05,0.047,take_profit,False,4,4,787773.54,37025.36,2020
NTPC,2020-08-20,2020-08-21,81.7735,85.8621,5.04,4.41,6.87,0.05,0.047,take_profit,False,1,1,1099340.58,51669.01,2020
GNFC,2020-08-20,2020-08-21,158.8947,166.8394,3.69,1.7,6.37,0.05,0.047,take_profit,False,1,1,879472.46,41335.21,2020
CARBORUNIV,2020-08-21,2020-08-31,274.4877,260.7633,3.87,4.64,2.69,-0.05,-0.053,stopped_out,True,10,6,1026320.96,-54395.01,2020
KIRLOSENG,2020-08-21,2020-08-25,102.4366,107.5584,1.54,3.85,1.62,0.05,0.047,take_profit,False,4,2,821056.77,38589.67,2020
WABAG,2020-08-21,2020-08-24,216.9005,206.0555,5.98,7.47,14.76,-0.05,-0.053,stopped_out,True,3,1,1282901.2,-67993.76,2020
STLTECH,2020-08-24,2020-08-31,164.1465,155.9392,7.63,3.98,13.84,-0.05,-0.053,stopped_out,True,7,5,824637.63,-43705.79,2020
KAJARIACER,2020-08-24,2020-08-28,454.0932,431.3885,0.95,3.79,4.79,-0.05,-0.053,stopped_out,True,4,4,1030797.04,-54632.24,2020
CHOLAFIN,2020-08-25,2020-08-28,239.0956,251.0503,3.78,1.63,3.51,0.05,0.047,take_profit,False,3,3,831639.39,39087.05,2020
POONAWALLA,2020-08-27,2020-08-28,39.8218,41.8129,3.6,1.73,4.01,0.05,0.047,take_profit,False,1,1,851816.9,40035.39,2020
OBEROIRLTY,2020-08-28,2020-08-31,404.9489,430.5222,3.62,2.09,5.55,0.063152,0.060152,take_profit_gap,False,3,1,1229202.23,73938.97,2020
NMDC,2020-08-28,2020-08-31,18.9024,17.9573,1.25,6.75,7.39,-0.05,-0.053,stopped_out,True,3,1,983361.78,-52118.17,2020
AXISBANK,2020-08-28,2020-09-01,507.3363,481.9695,2.38,2.26,6.87,-0.05,-0.053,stopped_out,True,4,2,786689.42,-41694.54,2020
ADANIGREEN,2020-09-01,2020-09-02,494.8973,519.6422,1.27,1.86,8.93,0.05,0.047,take_profit,False,1,1,1575799.03,74062.55,2020
BIOCON,2020-09-01,2020-09-03,401.4646,421.5379,1.02,3.63,5.99,0.05,0.047,take_profit,False,2,2,1260639.23,59250.04,2020
POLYMED,2020-09-02,2020-09-03,430.1954,451.7052,3.99,1.6,7.82,0.05,0.047,take_profit,False,1,1,685303.65,32209.27,2020
ESCORTS,2020-09-02,2020-09-07,1185.1749,1125.9162,3.15,2.84,9.47,-0.05,-0.053,stopped_out,True,5,3,856629.57,-45401.37,2020
JUBLFOOD,2020-09-02,2020-09-11,445.876,468.1698,0.93,2.4,5.42,0.05,0.047,take_profit,False,9,7,1070786.96,50326.99,2020
NAUKRI,2020-09-02,2020-09-07,682.5297,648.4032,1.9,1.78,4.54,-0.05,-0.053,stopped_out,True,5,3,1338483.7,-70939.64,2020
BIOCON,2020-09-03,2020-09-16,421.2729,442.3366,1.19,1.89,3.24,0.05,0.047,take_profit,False,13,9,955723.36,44919.0,2020
GRASIM,2020-09-03,2020-09-08,704.2812,669.0671,1.76,1.79,5.8,-0.05,-0.053,stopped_out,True,5,3,764578.69,-40522.67,2020
DIXON,2020-09-07,2020-09-08,1781.0305,1870.082,1.96,1.99,3.84,0.05,0.047,take_profit,False,1,1,1027417.4,48288.62,2020
DIXON,2020-09-07,2020-09-08,1781.0305,1870.082,1.02,1.99,3.84,0.05,0.047,take_profit,False,1,1,821933.92,38630.89,2020
ICIL,2020-09-08,2020-09-09,76.9048,73.0595,2.05,2.77,4.16,-0.05,-0.053,stopped_out,True,1,1,1189612.51,-63049.46,2020
DIXON,2020-09-08,2020-09-14,1917.721,2013.607,2.28,3.66,6.73,0.05,0.047,take_profit,False,6,4,951690.01,44729.43,2020
RELIANCE,2020-09-09,2020-09-10,980.5136,1029.5393,2.51,1.71,3.66,0.05,0.047,take_profit,False,1,1,789331.69,37098.59,2020
GALLANTT,2020-09-09,2020-09-10,33.9697,35.6682,5.13,4.69,13.48,0.05,0.047,take_profit,False,1,1,986664.62,46373.24,2020
ATGL,2020-09-10,2020-09-18,208.1324,197.7258,1.01,2.2,3.71,-0.05,-0.053,stopped_out,True,8,6,1003358.98,-53178.03,2020
SUNFLAG,2020-09-10,2020-09-18,46.6405,44.3085,7.38,4.06,11.31,-0.05,-0.053,stopped_out,True,8,6,802687.19,-42542.42,2020
COLPAL,2020-09-11,2020-09-22,1249.2624,1186.7993,1.37,2.3,1.7,-0.05,-0.053,stopped_out,True,11,7,866372.54,-45917.74,2020
ASTERDM,2020-09-14,2020-09-17,100.5589,105.5868,1.89,2.47,6.64,0.05,0.047,take_profit,False,3,3,892381.92,41941.95,2020
ZENTEC,2020-09-16,2020-09-18,80.8736,84.9173,3.7,4.3,9.07,0.05,0.047,take_profit,False,2,2,914034.01,42959.6,2020
GOKEX,2020-09-17,2020-09-21,64.8975,61.6526,1.0,2.27,6.56,-0.05,-0.053,stopped_out,True,4,2,918091.98,-48658.87,2020
ZYDUSLIFE,2020-09-18,2020-09-22,395.3461,375.5788,1.28,4.63,3.71,-0.05,-0.053,stopped_out,True,4,2,811479.97,-43008.44,2020
LAURUSLABS,2020-09-18,2020-09-21,292.9296,278.2831,6.06,2.41,3.14,-0.05,-0.053,stopped_out,True,3,1,1014349.96,-53760.55,2020
NATCOPHARM,2020-09-18,2020-09-22,856.0685,813.2651,9.26,11.85,12.59,-0.05,-0.053,stopped_out,True,4,2,1267937.45,-67200.68,2020
ELGIEQUIP,2020-09-21,2020-09-22,123.8224,117.6312,0.83,5.21,1.98,-0.05,-0.053,stopped_out,True,1,1,1015188.48,-53804.99,2020
CIEINDIA,2020-09-22,2020-09-23,126.4618,132.7849,4.58,3.04,8.42,0.05,0.047,take_profit,False,1,1,1562360.1,73430.92,2020
ZENSARTECH,2020-09-23,2020-09-24,186.7249,196.0612,6.05,2.83,7.9,0.05,0.047,take_profit,False,1,1,1577046.28,74121.18,2020
ADVENZYMES,2020-09-24,2020-09-25,258.7568,277.2395,11.04,7.25,22.14,0.071429,0.068429,take_profit_gap,False,1,1,1591870.52,108930.11,2020
APOLLOHOSP,2020-09-24,2020-09-25,1923.4743,2019.648,4.4,3.78,6.78,0.05,0.047,take_profit,False,1,1,1273496.41,59854.33,2020
PRINCEPIPE,2020-09-24,2020-09-25,236.5222,248.3484,3.93,1.56,7.0,0.05,0.047,take_profit,False,1,1,1018797.13,47883.47,2020
VEDL,2020-09-24,2020-09-28,58.2992,61.7995,0.87,1.63,2.85,0.06004,0.05704,take_profit_gap,False,4,2,815037.7,46489.75,2020
GAEL,2020-09-25,2020-10-01,53.6499,56.3324,2.44,1.86,6.54,0.05,0.047,take_profit,False,6,4,753764.64,35426.94,2020
GMRAIRPORT,2020-09-25,2020-10-12,21.1824,22.2415,4.26,2.88,8.29,0.05,0.047,take_profit,False,17,10,942205.8,44283.67,2020
ERIS,2020-09-25,2020-10-08,527.1307,500.7741,0.96,10.64,1.85,-0.05,-0.053,stopped_out,True,13,8,1177757.24,-62421.13,2020
APOLLOHOSP,2020-09-25,2020-09-30,2002.4813,2102.6054,1.24,2.19,3.08,0.05,0.047,take_profit,False,5,3,1472196.56,69193.24,2020
MCX,2020-09-28,2020-10-08,340.4104,323.3899,4.51,2.37,9.14,-0.05,-0.053,stopped_out,True,10,7,775317.2,-41091.81,2020
KPITTECH,2020-09-30,2020-10-05,119.1859,125.1452,1.84,2.45,2.56,0.05,0.047,take_profit,False,5,2,928531.72,43640.99,2020
GAEL,2020-10-01,2020-10-06,59.9072,62.9025,3.75,1.76,10.82,0.05,0.047,take_profit,False,5,2,900663.69,42331.19,2020
TCS,2020-10-05,2020-10-08,2365.1918,2483.4514,4.07,2.88,3.27,0.05,0.047,take_profit,False,3,3,914965.49,43003.38,2020
TIMETECHNO,2020-10-06,2020-10-07,19.9636,20.9618,2.2,2.93,4.81,0.05,0.047,take_profit,False,1,1,920571.37,43266.85,2020
AMBUJACEM,2020-10-07,2020-10-13,211.8088,222.3992,1.55,4.01,3.89,0.05,0.047,take_profit,False,6,4,929224.74,43673.56,2020
BALRAMCHIN,2020-10-08,2020-10-15,153.6945,146.0097,1.33,2.07,5.39,-0.05,-0.053,stopped_out,True,7,5,1304885.87,-69158.95,2020
JUSTDIAL,2020-10-08,2020-10-09,435.1675,413.4091,4.7,5.65,12.62,-0.05,-0.053,stopped_out,True,1,1,1043908.69,-55327.16,2020
AARTIDRUGS,2020-10-08,2020-10-12,994.3705,899.3256,3.42,3.13,8.8,-0.095583,-0.098583,stopped_out_gap,False,4,2,835126.96,-82329.32,2020
JKCEMENT,2020-10-09,2020-10-14,1609.6721,1690.1557,1.4,4.01,2.49,0.05,0.047,take_profit,False,5,3,865817.87,40693.44,2020
COFORGE,2020-10-12,2020-10-13,501.1073,526.1626,5.33,2.91,8.13,0.05,0.047,take_profit,False,1,1,1040511.72,48904.05,2020
JSL,2020-10-12,2020-10-14,50.5181,53.044,10.13,9.69,13.73,0.05,0.047,take_profit,False,2,2,832409.37,39123.24,2020
SONATSOFTW,2020-10-13,2020-10-15,120.2079,114.1975,3.33,4.14,6.57,-0.05,-0.053,stopped_out,True,2,2,1078390.31,-57154.69,2020
ICIL,2020-10-13,2020-10-14,116.1243,121.9305,1.48,2.17,5.44,0.05,0.047,take_profit,False,1,1,862712.25,40547.48,2020
OPTIEMUS,2020-10-14,2020-10-16,76.8837,84.6514,6.85,2.38,6.54,0.101032,0.098032,take_profit_gap,False,2,2,981144.43,96183.55,2020
TATACHEM,2020-10-14,2020-10-28,296.6759,300.5262,1.72,3.43,2.93,0.012978,0.009978,time_exit,False,14,10,784915.54,7831.89,2020
SBICARD,2020-10-14,2020-10-22,881.0229,836.9718,0.58,3.43,3.74,-0.05,-0.053,stopped_out,True,8,6,1226430.53,-65000.82,2020
JUSTDIAL,2020-10-15,2020-10-16,460.9804,484.0294,10.45,5.03,11.98,0.05,0.047,take_profit,False,1,1,1079324.94,50728.27,2020
RENUKA,2020-10-15,2020-10-19,9.9049,10.8446,7.07,2.62,3.12,0.094864,0.091864,take_profit_gap,False,4,2,863459.95,79320.89,2020
SUNTECK,2020-10-16,2020-10-20,268.4654,281.8887,1.32,2.91,8.17,0.05,0.047,take_profit,False,4,2,1132244.2,53215.48,2020
GPPL,2020-10-16,2020-10-19,69.3101,72.7756,6.77,2.61,8.41,0.05,0.047,take_profit,False,3,1,905795.36,42572.38,2020
TECHNOE,2020-10-19,2020-10-27,187.435,178.0632,1.48,1.68,2.37,-0.05,-0.053,stopped_out,True,8,6,1102866.0,-58451.9,2020
JSL,2020-10-19,2020-10-26,58.8312,55.8897,1.17,3.31,1.79,-0.05,-0.053,stopped_out,True,7,5,882292.8,-46761.52,2020
FACT,2020-10-20,2020-10-21,47.517,50.4084,13.85,5.16,8.05,0.060848,0.057848,take_profit_gap,False,1,1,942926.18,54546.39,2020
NEWGEN,2020-10-21,2020-10-22,118.9808,124.9298,7.74,11.68,8.18,0.05,0.047,take_profit,False,1,1,953835.46,44830.27,2020
CHENNPETRO,2020-10-22,2020-10-23,71.5343,67.9576,7.44,13.0,13.63,-0.05,-0.053,stopped_out,True,1,1,1195087.45,-63339.64,2020
RELIGARE,2020-10-22,2020-10-27,53.4267,50.7554,3.56,2.81,7.88,-0.05,-0.053,stopped_out,True,5,3,956069.96,-50671.71,2020
JKTYRE,2020-10-23,2020-10-29,69.2732,65.8095,4.33,6.96,8.17,-0.05,-0.053,stopped_out,True,6,4,991205.53,-52533.89,2020
JUSTDIAL,2020-10-26,2020-10-27,641.3705,673.439,0.63,1.72,9.77,0.05,0.047,take_profit,False,1,1,960070.68,45123.32,2020
KOTAKBANK,2020-10-27,2020-11-05,316.3671,332.1854,3.16,6.25,9.3,0.05,0.047,take_profit,False,9,7,1359057.82,63875.72,2020
NESTLEIND,2020-10-27,2020-11-10,808.4845,784.5608,2.03,3.86,4.55,-0.029591,-0.032591,time_exit,False,14,10,1087246.26,-35434.44,2020
IGL,2020-10-27,2020-11-10,183.8054,189.8815,1.34,1.55,4.0,0.033057,0.030057,time_exit,False,14,10,869797.01,26143.49,2020
KPRMILL,2020-10-28,2020-11-05,140.4753,147.4991,2.54,6.65,3.28,0.05,0.047,take_profit,False,8,6,854387.09,40156.19,2020
PIDILITIND,2020-10-29,2020-11-12,776.9013,766.6845,0.72,4.96,3.77,-0.013151,-0.016151,time_exit,False,14,10,871244.0,-14071.46,2020
SRF,2020-11-05,2020-11-10,955.5962,1003.376,8.1,4.95,6.03,0.05,0.047,take_profit,False,5,3,928392.45,43634.45,2020
BRIGADE,2020-11-05,2020-11-10,200.793,190.7534,5.06,4.93,10.05,-0.05,-0.053,stopped_out,True,5,3,1160490.56,-61506.0,2020
JAMNAAUTO,2020-11-10,2020-11-18,44.2241,46.4353,1.76,2.01,3.98,0.05,0.047,take_profit,False,8,6,1546466.71,72683.94,2020
LT,2020-11-10,2020-11-17,981.4122,1030.4828,4.51,1.98,6.02,0.05,0.047,take_profit,False,7,5,1237173.37,58147.15,2020
BAJFINANCE,2020-11-10,2020-11-11,412.4603,433.0833,6.07,2.2,7.94,0.05,0.047,take_profit,False,1,1,989738.7,46517.72,2020
BHARATFORG,2020-11-10,2020-11-12,501.7907,476.7012,1.66,3.05,4.37,-0.05,-0.053,stopped_out,True,2,2,791790.96,-41964.92,2020
BAJAJFINSV,2020-11-11,2020-11-13,693.2675,727.9309,1.68,2.72,3.81,0.05,0.047,take_profit,False,2,2,840684.05,39512.15,2020
ADANIGREEN,2020-11-12,2020-11-14,942.8212,1017.491,4.82,2.81,3.1,0.079198,0.076198,take_profit_gap,False,2,2,993946.95,75736.77,2020
AUROPHARMA,2020-11-12,2020-11-24,812.3772,852.9961,2.15,4.3,3.01,0.05,0.047,take_profit,False,12,8,795157.56,37372.41,2020
360ONE,2020-11-13,2020-11-27,208.9098,219.3553,0.88,2.45,2.87,0.05,0.047,take_profit,False,14,10,812165.29,38171.77,2020
SUNFLAG,2020-11-14,2020-11-17,55.0209,57.7719,2.81,1.55,2.13,0.05,0.047,take_profit,False,3,1,863668.98,40592.44,2020
ATGL,2020-11-17,2020-11-18,292.0648,306.6681,18.47,4.88,18.7,0.05,0.047,take_profit,False,1,1,1130851.57,53150.02,2020
INDIANB,2020-11-17,2020-11-25,56.34,59.157,0.78,2.19,2.38,0.05,0.047,take_profit,False,8,6,904681.26,42520.02,2020
LT,2020-11-18,2020-12-03,1090.073,1067.1687,1.05,2.09,6.22,-0.021012,-0.024012,time_exit,False,15,10,1284375.45,-30840.42,2020
LT,2020-11-18,2020-12-03,1090.073,1067.1687,0.95,2.09,6.22,-0.021012,-0.024012,time_exit,False,15,10,1027500.36,-24672.34,2020
FORTIS,2020-11-24,2020-12-01,145.755,153.0428,0.51,3.38,2.52,0.05,0.047,take_profit,False,7,4,988506.28,46459.8,2020
TATAPOWER,2020-11-25,2020-11-27,59.1114,62.067,0.75,3.1,1.74,0.05,0.047,take_profit,False,2,2,980245.28,46071.53,2020
ACE,2020-11-27,2020-12-01,112.2909,117.9054,7.59,3.95,11.08,0.05,0.047,take_profit,False,4,1,1159527.0,54497.77,2020
AARTIIND,2020-11-27,2020-12-07,569.5632,598.0414,1.64,2.36,3.99,0.05,0.047,take_profit,False,10,5,927621.6,43598.22,2020
JBMA,2020-12-01,2020-12-15,56.2729,53.4593,1.59,2.13,4.01,-0.05,-0.053,stopped_out,True,14,10,953516.36,-50536.37,2020
RVNL,2020-12-01,2020-12-04,19.0057,19.956,2.4,3.32,2.23,0.05,0.047,take_profit,False,3,3,1191895.45,56019.09,2020
SBICARD,2020-12-03,2020-12-17,828.1902,828.9902,4.2,2.74,4.71,0.000966,-0.002034,time_exit,False,14,10,1214085.7,-2469.45,2020
SCI,2020-12-03,2020-12-04,57.0666,60.3328,5.91,2.71,1.5,0.057234,0.054234,take_profit_gap,False,1,1,971268.56,52675.78,2020
PRAJIND,2020-12-04,2020-12-09,94.3542,99.0719,2.02,1.89,3.45,0.05,0.047,take_profit,False,5,3,1231386.62,57875.17,2020
PRSMJOHNSN,2020-12-04,2020-12-14,87.8439,92.2361,2.96,2.79,5.47,0.05,0.047,take_profit,False,10,6,985109.3,46300.14,2020
TRIDENT,2020-12-07,2020-12-18,9.2232,8.762,4.02,2.61,6.42,-0.05,-0.053,stopped_out,True,11,9,982331.4,-52063.56,2020
DATAMATICS,2020-12-09,2020-12-10,98.7073,93.7719,5.14,5.77,13.87,-0.05,-0.053,stopped_out,True,1,1,1043717.48,-55317.03,2020
ITC,2020-12-10,2020-12-21,163.2671,155.1038,2.61,1.99,2.93,-0.05,-0.053,stopped_out,True,11,7,1032654.07,-54730.67,2020
INTELLECT,2020-12-14,2020-12-16,295.8911,310.6857,2.36,2.1,5.16,0.05,0.047,take_profit,False,2,2,1032405.15,48523.04,2020
VGUARD,2020-12-15,2020-12-21,192.931,183.2844,2.41,2.54,3.17,-0.05,-0.053,stopped_out,True,6,4,1006520.12,-53345.57,2020
SAMMAANCAP,2020-12-16,2020-12-21,173.3191,164.6531,4.26,3.31,6.26,-0.05,-0.053,stopped_out,True,5,3,1021401.73,-54134.29,2020
GODREJAGRO,2020-12-17,2020-12-21,510.7594,485.2215,3.55,4.43,3.57,-0.05,-0.053,stopped_out,True,4,2,1059444.63,-56150.57,2020
CAMS,2020-12-18,2020-12-21,294.9612,309.7093,4.85,3.14,5.98,0.05,0.047,take_profit,False,3,1,1033609.27,48579.64,2020
BORORENEW,2020-12-21,2020-12-22,170.3852,180.9095,2.38,3.47,1.95,0.061768,0.058768,take_profit_gap,False,1,1,1823657.09,107172.68,2020
TATAELXSI,2020-12-22,2020-12-23,1576.8009,1655.641,1.0,1.99,6.59,0.05,0.047,take_profit,False,1,1,1845091.63,86719.31,2020
BSOFT,2020-12-22,2020-12-23,218.8063,229.7467,3.01,3.65,11.71,0.05,0.047,take_profit,False,1,1,1476073.3,69375.45,2020
TATACONSUM,2020-12-23,2021-01-07,582.6159,577.7547,3.14,1.63,4.76,-0.008344,-0.011344,time_exit,False,15,10,768536.81,-8718.28,2021
PERSISTENT,2020-12-23,2020-12-30,695.9862,730.7855,1.13,2.94,4.26,0.05,0.047,take_profit,False,7,4,960671.02,45151.54,2020
PERSISTENT,2020-12-23,2020-12-30,695.9862,730.7855,3.85,2.94,4.26,0.05,0.047,take_profit,False,7,4,1200838.77,56439.42,2020
SAMMAANCAP,2020-12-23,2020-12-28,170.5893,179.1188,6.2,1.8,8.61,0.05,0.047,take_profit,False,5,2,1876310.58,88186.6,2020
PCBL,2020-12-23,2020-12-30,69.356,72.8238,3.75,3.13,8.47,0.05,0.047,take_profit,False,7,4,1501048.46,70549.28,2020
SAREGAMA,2020-12-28,2021-01-01,74.1247,77.8309,3.28,8.94,7.07,0.05,0.047,take_profit,False,4,4,1007728.89,47363.26,2021
USHAMART,2020-12-30,2020-12-31,34.1923,35.9019,5.63,2.22,8.55,0.05,0.047,take_profit,False,1,1,1573122.81,73936.77,2020
HEMIPROP,2020-12-30,2020-12-31,88.2941,97.2514,20.28,3.35,18.14,0.101448,0.098448,take_profit_gap,False,1,1,1258498.25,123896.64,2020
BORORENEW,2020-12-30,2020-12-31,308.0539,292.6512,10.95,2.77,1.7,-0.05,-0.053,stopped_out,True,1,1,1006798.6,-53360.33,2020
SAIL,2020-12-31,2021-01-04,62.935,66.0818,3.73,2.36,7.08,0.05,0.047,take_profit,False,4,2,1602017.42,75294.82,2021
SAIL,2020-12-31,2021-01-04,62.935,66.0818,2.56,2.36,7.08,0.05,0.047,take_profit,False,4,2,1281613.94,60235.86,2021
SOBHA,2020-12-31,2021-01-07,407.2614,430.5994,2.97,3.67,7.7,0.057305,0.054305,take_profit_gap,False,7,5,1025291.15,55678.44,2021
BHEL,2021-01-01,2021-01-04,38.2073,40.1177,5.81,2.37,7.05,0.05,0.047,take_profit,False,3,1,1031251.35,48468.81,2021
SPARC,2021-01-04,2021-01-06,203.9019,193.7068,1.1,3.59,3.09,-0.05,-0.053,stopped_out,True,2,2,1644777.52,-87173.21,2021
TCS,2021-01-04,2021-01-11,2668.1691,2832.609,1.23,1.73,3.03,0.06163,0.05863,take_profit_gap,False,7,5,1315822.02,77146.64,2021
TCS,2021-01-04,2021-01-11,2668.1691,2832.609,3.28,1.73,3.03,0.06163,0.05863,take_profit_gap,False,7,5,1052657.61,61717.32,2021
GAIL,2021-01-06,2021-01-12,69.6227,73.1346,1.9,2.05,2.45,0.050442,0.047442,take_profit_gap,False,6,4,1153646.95,54731.32,2021
MOTILALOFS,2021-01-07,2021-01-11,623.62,654.801,4.69,7.6,6.11,0.05,0.047,take_profit,False,4,2,1291075.19,60680.53,2021
BHARTIARTL,2021-01-07,2021-01-13,523.3461,563.8147,1.02,2.38,2.49,0.077327,0.074327,take_profit_gap,False,6,4,1032860.15,76769.4,2021
MARUTI,2021-01-11,2021-01-18,7894.5229,7499.7968,0.97,2.24,1.65,-0.05,-0.053,stopped_out,True,7,5,1022789.11,-54207.82,2021
HCLTECH,2021-01-11,2021-01-15,859.5387,816.5618,3.34,1.96,3.95,-0.05,-0.053,stopped_out,True,4,4,1278486.38,-67759.78,2021
ARVIND,2021-01-11,2021-01-25,50.4523,47.9297,0.59,3.36,2.57,-0.05,-0.053,stopped_out,True,14,10,1598107.98,-84699.72,2021
SOLARINDS,2021-01-12,2021-01-27,1171.8767,1172.4372,1.45,3.17,3.04,0.000478,-0.002522,time_exit,False,15,10,1059906.94,-2673.09,2021
TATAELXSI,2021-01-13,2021-01-14,2264.9117,2378.1573,4.94,6.21,10.31,0.05,0.047,take_profit,False,1,1,1069851.46,50283.02,2021
UPL,2021-01-14,2021-01-18,484.1463,508.3536,1.1,2.12,3.1,0.05,0.047,take_profit,False,4,2,1079908.07,50755.68,2021
NAM-INDIA,2021-01-15,2021-01-25,281.0429,266.9907,3.46,5.91,5.78,-0.05,-0.053,stopped_out,True,10,6,1106071.77,-58621.8,2021
UPL,2021-01-18,2021-01-21,533.4733,560.147,4.59,3.96,6.92,0.05,0.047,take_profit,False,3,3,1304706.42,61321.2,2021
SHAKTIPUMP,2021-01-18,2021-01-20,61.4133,65.9997,6.47,1.93,3.76,0.07468,0.07168,take_profit_gap,False,2,2,1043765.14,74817.09,2021
FEDERALBNK,2021-01-20,2021-01-22,73.9257,70.2294,1.66,2.2,1.98,-0.05,-0.053,stopped_out,True,2,2,1058728.56,-56112.61,2021
HAVELLS,2021-01-21,2021-01-28,1095.1821,1149.9412,7.25,7.79,6.29,0.05,0.047,take_profit,False,7,4,1120188.37,52648.85,2021
JKTYRE,2021-01-22,2021-01-25,129.5066,135.9363,15.25,6.31,8.02,0.049648,0.046648,take_profit_gap,False,3,1,1096673.89,51157.64,2021
GRASIM,2021-01-25,2021-02-01,1039.5375,1091.5143,1.9,5.97,4.37,0.05,0.047,take_profit,False,7,4,1619077.06,76096.62,2021
ATGL,2021-01-25,2021-02-02,377.3461,396.2134,0.66,2.04,2.22,0.05,0.047,take_profit,False,8,5,1295261.65,60877.3,2021
ATGL,2021-01-25,2021-02-02,377.3461,396.2134,1.79,2.04,2.22,0.05,0.047,take_profit,False,8,5,1036209.32,48701.84,2021
UBL,2021-01-27,2021-02-10,1273.9019,1210.2068,0.81,2.21,4.22,-0.05,-0.053,stopped_out,True,14,10,1040414.23,-55141.95,2021
ARVIND,2021-01-28,2021-02-09,50.2178,52.7287,2.99,1.83,9.29,0.05,0.047,take_profit,False,12,8,1066898.83,50144.24,2021
NIACL,2021-02-01,2021-02-09,133.7414,127.0543,1.59,2.6,8.12,-0.05,-0.053,stopped_out,True,8,6,1192553.8,-63205.35,2021
INDIANB,2021-02-02,2021-02-04,88.7531,93.1907,2.76,2.17,6.01,0.05,0.047,take_profit,False,2,2,1153802.45,54228.71,2021
INDIANB,2021-02-02,2021-02-04,88.7531,93.1907,2.27,2.17,6.01,0.05,0.047,take_profit,False,2,2,1442253.06,67785.89,2021
BANCOINDIA,2021-02-04,2021-02-08,61.9274,65.0237,1.53,2.11,1.64,0.05,0.047,take_profit,False,4,2,1173324.78,55146.26,2021
BAJAJELEC,2021-02-04,2021-02-05,713.6279,749.3093,5.73,3.27,2.73,0.05,0.047,take_profit,False,1,1,1466655.98,68932.83,2021
SBIN,2021-02-05,2021-02-16,362.9013,381.0463,9.35,3.37,1.58,0.05,0.047,take_profit,False,11,7,1245777.59,58551.55,2021
PATELENG,2021-02-08,2021-02-15,13.4769,12.803,4.73,3.56,10.45,-0.05,-0.053,stopped_out,True,7,5,1242316.28,-65842.76,2021
REFEX,2021-02-09,2021-02-11,20.599,21.6289,2.5,4.21,2.42,0.05,0.047,take_profit,False,2,2,1443131.33,67827.17,2021
IRCON,2021-02-09,2021-02-10,38.4581,40.381,8.03,9.9,6.85,0.05,0.047,take_profit,False,1,1,1154505.06,54261.74,2021
IRCON,2021-02-10,2021-02-15,42.8302,40.6887,7.98,8.88,6.55,-0.05,-0.053,stopped_out,True,5,3,1362411.86,-72207.83,2021
MUTHOOTFIN,2021-02-10,2021-02-15,1170.0324,1228.534,2.88,4.27,5.66,0.05,0.047,take_profit,False,5,3,1089929.49,51226.69,2021
SHAKTIPUMP,2021-02-11,2021-02-12,75.5096,79.285,1.57,3.42,5.49,0.05,0.047,take_profit,False,1,1,1174135.29,55184.36,2021
IRCTC,2021-02-12,2021-02-22,332.9111,316.2655,2.6,3.36,6.42,-0.05,-0.053,stopped_out,True,10,6,1185172.16,-62814.12,2021
POLYMED,2021-02-15,2021-02-17,615.7107,646.4962,1.12,6.6,4.15,0.05,0.047,take_profit,False,2,2,1068610.87,50224.71,2021
SHARDACROP,2021-02-15,2021-02-16,314.1456,329.8528,6.8,2.19,3.47,0.05,0.047,take_profit,False,1,1,1669704.48,78476.11,2021
POWERINDIA,2021-02-15,2021-02-18,1353.7107,1421.3962,1.69,2.58,2.86,0.05,0.047,take_profit,False,3,3,1335763.58,62780.89,2021
ONGC,2021-02-16,2021-02-18,74.6928,78.4274,3.16,2.56,4.53,0.05,0.047,take_profit,False,2,2,1465390.64,68873.36,2021
OPTIEMUS,2021-02-16,2021-02-18,115.599,127.2999,12.34,1.76,2.92,0.10122,0.09822,take_profit_gap,False,2,2,1172312.51,115144.53,2021
SUBROS,2021-02-17,2021-02-22,340.3907,323.3712,2.15,3.89,4.82,-0.05,-0.053,stopped_out,True,5,3,1161617.12,-61565.71,2021
GVT&D,2021-02-18,2021-02-19,131.4182,137.9891,3.3,3.09,6.46,0.05,0.047,take_profit,False,1,1,1418677.44,66677.84,2021
COALINDIA,2021-02-18,2021-02-25,89.316,93.7818,1.07,1.51,3.67,0.05,0.047,take_profit,False,7,5,1773346.8,83347.3,2021
BEML,2021-02-18,2021-02-22,414.0739,393.3702,0.63,2.34,3.33,-0.05,-0.053,stopped_out,True,4,2,1134941.95,-60151.92,2021
IDFCFIRSTB,2021-02-19,2021-02-25,62.2275,65.3389,2.88,4.08,6.67,0.05,0.047,take_profit,False,6,4,1205024.62,56636.16,2021
RELINFRA,2021-02-22,2021-03-01,31.6658,33.2491,0.79,1.5,2.43,0.05,0.047,take_profit,False,7,5,1623459.59,76302.6,2021
SONATSOFTW,2021-02-22,2021-02-23,158.8336,166.7753,13.18,10.58,15.17,0.05,0.047,take_profit,False,1,1,1298767.67,61042.08,2021
TATACHEM,2021-02-22,2021-02-24,594.3313,624.0479,1.34,2.18,1.78,0.05,0.047,take_profit,False,2,2,1039014.14,48833.66,2021
MMTC,2021-02-23,2021-02-24,33.967,35.6653,3.09,4.42,8.12,0.05,0.047,take_profit,False,1,1,1103173.26,51849.14,2021
ABFRL,2021-02-24,2021-03-01,179.3396,188.3066,3.6,1.91,5.44,0.05,0.047,take_profit,False,5,3,1331112.65,62562.29,2021
ABFRL,2021-02-24,2021-03-01,179.3396,188.3066,0.95,1.91,5.44,0.05,0.047,take_profit,False,5,3,1064890.12,50049.84,2021
TRIVENI,2021-02-25,2021-02-26,78.4807,82.4047,0.9,4.65,5.3,0.05,0.047,take_profit,False,1,1,1475583.07,69352.4,2021
NBCC,2021-02-25,2021-03-01,26.8363,28.1781,1.42,2.2,5.61,0.05,0.047,take_profit,False,4,2,1180466.46,55481.92,2021
TRIVENI,2021-02-26,2021-03-01,82.0522,86.1548,1.78,2.56,5.43,0.05,0.047,take_profit,False,3,1,1253360.26,58907.93,2021
IRFC,2021-03-01,2021-03-15,22.7139,21.5782,1.93,2.75,5.07,-0.05,-0.053,stopped_out,True,14,9,2354006.94,-124762.37,2021
HERITGFOOD,2021-03-01,2021-03-02,167.4829,159.1088,0.65,1.94,9.09,-0.05,-0.053,stopped_out,True,1,1,1883205.55,-99809.89,2021
IFCI,2021-03-01,2021-03-02,9.5048,9.98,2.11,2.71,4.97,0.05,0.047,take_profit,False,1,1,1506564.44,70808.53,2021
NETWORK18,2021-03-01,2021-03-09,42.7214,44.8574,5.74,9.14,10.91,0.05,0.047,take_profit,False,8,6,1205251.55,56646.82,2021
JAIBALAJI,2021-03-01,2021-03-03,5.933,6.4968,3.71,3.86,4.96,0.095026,0.092026,take_profit_gap,False,2,2,964201.24,88731.58,2021
ABFRL,2021-03-02,2021-03-03,206.2531,216.5657,5.07,2.2,5.72,0.05,0.047,take_profit,False,1,1,1443514.72,67845.19,2021
GHCL,2021-03-02,2021-03-03,206.3759,216.6947,6.23,3.29,5.53,0.05,0.047,take_profit,False,1,1,1154811.78,54276.15,2021
JSWSTEEL,2021-03-03,2021-03-05,405.4983,385.2234,1.66,1.58,3.09,-0.05,-0.053,stopped_out,True,2,2,1342820.44,-71169.48,2021
SAMMAANCAP,2021-03-03,2021-03-05,208.302,197.8869,2.66,1.88,7.31,-0.05,-0.053,stopped_out,True,2,2,1074256.36,-56935.59,2021
WELENT,2021-03-03,2021-03-04,87.2817,91.6458,6.98,3.77,8.47,0.05,0.047,take_profit,False,1,1,1678525.56,78890.7,2021
INDHOTEL,2021-03-04,2021-03-15,123.3493,117.1818,0.72,1.6,3.04,-0.05,-0.053,stopped_out,True,11,6,1210888.34,-64177.08,2021
CSBBANK,2021-03-05,2021-03-08,259.9799,272.9789,4.73,9.41,8.72,0.05,0.047,take_profit,False,3,1,1426505.01,67045.74,2021
ASTRAMICRO,2021-03-05,2021-03-08,147.1848,154.5441,3.29,4.13,6.6,0.05,0.047,take_profit,False,3,1,1141204.01,53636.59,2021
BEML,2021-03-08,2021-03-09,580.5235,618.8518,7.06,4.12,14.13,0.066024,0.063024,take_profit_gap,False,1,1,1450641.48,91425.23,2021
SAREGAMA,2021-03-08,2021-03-09,135.2066,128.4463,9.06,6.59,19.96,-0.05,-0.053,stopped_out,True,1,1,1160513.18,-61507.2,2021
KPITTECH,2021-03-09,2021-03-10,157.5182,165.876,4.02,5.43,10.0,0.053059,0.050059,take_profit_gap,False,1,1,1709004.76,85551.07,2021
IFCI,2021-03-09,2021-03-10,13.0065,13.6568,3.85,4.2,9.24,0.05,0.047,take_profit,False,1,1,1367203.81,64258.58,2021
RELINFRA,2021-03-09,2021-03-10,35.6178,37.3987,6.46,3.05,8.7,0.05,0.047,take_profit,False,1,1,1093763.05,51406.86,2021
RELINFRA,2021-03-10,2021-03-12,39.1696,37.2111,3.83,2.16,6.1,-0.05,-0.053,stopped_out,True,2,1,1119518.76,-59334.49,2021
KPRMILL,2021-03-10,2021-03-15,210.3588,220.8767,7.26,2.95,8.33,0.05,0.047,take_profit,False,5,2,1749248.06,82214.66,2021
LTIM,2021-03-10,2021-03-19,3892.8866,3698.2423,1.94,5.56,4.4,-0.05,-0.053,stopped_out,True,9,6,1399398.45,-74168.12,2021
DEEPAKFERT,2021-03-12,2021-03-15,205.8128,216.1034,1.44,1.66,2.85,0.05,0.047,take_profit,False,3,1,1107651.86,52059.64,2021
OBEROIRLTY,2021-03-15,2021-03-17,584.333,555.1164,1.86,2.62,6.25,-0.05,-0.053,stopped_out,True,2,2,2159547.5,-114456.02,2021
TARIL,2021-03-15,2021-03-16,9.2758,9.7396,6.2,4.06,6.0,0.05,0.047,take_profit,False,1,1,1727638.0,81198.99,2021
SARDAEN,2021-03-15,2021-03-16,38.5238,40.45,6.89,2.62,6.32,0.05,0.047,take_profit,False,1,1,1382110.4,64959.19,2021
COFORGE,2021-03-15,2021-03-16,530.7499,557.2874,1.1,2.58,3.12,0.05,0.047,take_profit,False,1,1,1105688.32,51967.35,2021
PERSISTENT,2021-03-16,2021-03-19,912.5141,866.8884,0.92,2.25,6.89,-0.05,-0.053,stopped_out,True,3,3,1131048.39,-59945.56,2021
GLAND,2021-03-16,2021-03-17,2665.7617,2532.4736,0.74,2.92,6.76,-0.05,-0.053,stopped_out,True,1,1,1413810.48,-74931.96,2021
ZENSARTECH,2021-03-16,2021-03-17,310.1219,294.6158,5.52,4.32,13.64,-0.05,-0.053,stopped_out,True,1,1,1767263.1,-93664.94,2021
ADANIPOWER,2021-03-17,2021-03-19,17.4487,18.3212,5.72,1.69,3.32,0.05,0.047,take_profit,False,2,2,1916352.34,90068.56,2021
ADANIPOWER,2021-03-17,2021-03-19,17.4487,18.3212,2.58,1.69,3.32,0.05,0.047,take_profit,False,2,2,1533081.87,72054.85,2021
ITC,2021-03-18,2021-04-05,171.1829,167.0046,1.42,2.73,2.18,-0.024408,-0.027408,time_exit,False,18,10,1226465.5,-33614.97,2021
ADANIPOWER,2021-03-19,2021-03-23,18.4492,20.3098,2.28,1.54,4.77,0.100851,0.097851,take_profit_gap,False,4,2,2182750.56,213584.32,2021
AAVAS,2021-03-19,2021-03-22,2254.8769,2367.6207,2.05,5.63,2.76,0.05,0.047,take_profit,False,3,1,1746200.45,82071.42,2021
AARTIDRUGS,2021-03-19,2021-03-25,739.7201,702.7341,4.93,8.56,8.05,-0.05,-0.053,stopped_out,True,6,4,1396960.36,-74038.9,2021
INTELLECT,2021-03-19,2021-03-22,662.4223,695.5434,8.38,3.41,16.09,0.05,0.047,take_profit,False,3,1,1117568.28,52525.71,2021
SCI,2021-03-22,2021-03-24,112.4465,106.8242,6.04,1.78,11.47,-0.05,-0.053,stopped_out,True,2,2,1493727.8,-79167.57,2021
ADANIENT,2021-03-22,2021-03-23,989.1429,1038.6,9.65,2.99,10.99,0.05,0.047,take_profit,False,1,1,1194982.24,56164.17,2021
BANKINDIA,2021-03-23,2021-03-24,66.1354,62.8286,3.0,1.73,8.44,-0.05,-0.053,stopped_out,True,1,1,1685482.05,-89330.55,2021
RELINFRA,2021-03-23,2021-03-24,39.8199,37.8289,1.88,1.52,5.85,-0.05,-0.053,stopped_out,True,1,1,1348385.64,-71464.44,2021
KPITTECH,2021-03-24,2021-03-26,167.5032,175.8783,1.68,2.57,3.03,0.05,0.047,take_profit,False,2,2,1936235.1,91003.05,2021
JKIL,2021-03-24,2021-03-31,198.2389,188.327,1.12,3.36,2.65,-0.05,-0.053,stopped_out,True,7,4,1548988.08,-82096.37,2021
ZYDUSWELL,2021-03-24,2021-04-05,390.3645,409.8827,0.87,2.4,3.29,0.05,0.047,take_profit,False,12,6,1239190.46,58241.95,2021
REDINGTON,2021-03-25,2021-03-26,74.7995,71.0595,1.63,8.54,15.68,-0.05,-0.053,stopped_out,True,1,1,1255936.66,-66564.64,2021
SAIL,2021-03-26,2021-03-30,66.227,69.5384,1.52,1.8,4.0,0.05,0.047,take_profit,False,4,1,1318457.09,61967.48,2021
HCG,2021-03-26,2021-04-08,185.3426,176.0755,0.67,13.33,4.07,-0.05,-0.053,stopped_out,True,13,7,1648071.36,-87347.78,2021
MOIL,2021-03-30,2021-04-08,136.3524,143.17,6.15,5.52,12.3,0.05,0.047,take_profit,False,9,6,1330850.59,62549.98,2021
JPPOWER,2021-03-31,2021-04-05,3.2516,3.5482,3.08,2.08,4.84,0.091216,0.088216,take_profit_gap,False,5,2,1358058.81,119802.52,2021
RELIGARE,2021-04-05,2021-04-07,99.7498,104.7373,1.9,1.6,5.39,0.05,0.047,take_profit,False,2,2,1880075.9,88363.57,2021
ADVENZYMES,2021-04-05,2021-04-07,344.7881,362.0275,1.18,2.12,3.44,0.05,0.047,take_profit,False,2,2,1504060.72,70690.85,2021
SAIL,2021-04-05,2021-04-08,77.3584,81.2263,5.3,2.62,3.64,0.05,0.047,take_profit,False,3,3,1203248.58,56552.68,2021
WABAG,2021-04-07,2021-04-12,259.5621,246.584,3.98,1.95,6.82,-0.05,-0.053,stopped_out,True,5,3,1671237.07,-88575.56,2021
PRINCEPIPE,2021-04-07,2021-04-08,444.7085,466.944,5.52,1.66,6.53,0.05,0.047,take_profit,False,1,1,1336989.66,62838.51,2021
NAM-INDIA,2021-04-08,2021-04-12,305.8216,290.5305,0.66,3.21,4.85,-0.05,-0.053,stopped_out,True,4,2,2192342.44,-116194.15,2021
JKLAKSHMI,2021-04-08,2021-04-09,423.1471,444.3044,2.85,1.55,3.31,0.05,0.047,take_profit,False,1,1,1753873.95,82432.08,2021
PRAJIND,2021-04-08,2021-04-12,189.1373,179.6804,3.12,1.64,3.68,-0.05,-0.053,stopped_out,True,4,2,1403099.16,-74364.26,2021
LUMAXTECH,2021-04-08,2021-04-12,156.5645,148.7363,4.02,4.97,5.91,-0.05,-0.053,stopped_out,True,4,2,1122479.33,-59491.4,2021
MAHABANK,2021-04-09,2021-04-12,21.4741,20.4004,1.82,5.1,15.38,-0.05,-0.053,stopped_out,True,3,1,1265244.67,-67057.97,2021
AURIONPRO,2021-04-12,2021-04-13,87.5622,83.1841,16.61,3.88,4.44,-0.05,-0.053,stopped_out,True,1,1,2461939.6,-130482.8,2021
IPCALAB,2021-04-12,2021-04-28,1061.4439,1008.3717,0.65,3.2,3.01,-0.05,-0.053,stopped_out,True,16,10,1969551.68,-104386.24,2021
BAJAJFINSV,2021-04-13,2021-04-28,978.9579,1027.9058,1.4,1.95,6.59,0.05,0.047,take_profit,False,15,9,2041932.71,95970.84,2021
KPRMILL,2021-04-13,2021-04-19,241.051,228.9985,5.75,4.88,12.25,-0.05,-0.053,stopped_out,True,6,3,1633546.17,-86577.95,2021
TRIVENI,2021-04-13,2021-04-15,88.2085,92.6189,3.25,2.01,4.92,0.05,0.047,take_profit,False,2,1,1306836.93,61421.34,2021
MAHABANK,2021-04-13,2021-04-15,23.4263,22.255,1.48,4.68,17.39,-0.05,-0.053,stopped_out,True,2,1,1045469.55,-55409.89,2021
CENTURYPLY,2021-04-15,2021-04-16,328.7899,345.2294,6.09,8.26,9.78,0.05,0.047,take_profit,False,1,1,1308039.22,61477.84,2021
REFEX,2021-04-15,2021-04-16,21.1645,22.2228,7.17,5.88,15.11,0.05,0.047,take_profit,False,1,1,1046431.38,49182.27,2021
CAMS,2021-04-16,2021-04-22,382.3093,401.4247,4.93,7.41,10.83,0.05,0.047,take_profit,False,6,3,1064137.0,50014.44,2021
STAR,2021-04-16,2021-04-29,910.7625,865.2244,1.3,2.86,7.3,-0.05,-0.053,stopped_out,True,13,8,1330171.25,-70499.08,2021
NEWGEN,2021-04-19,2021-04-20,154.3776,162.0965,1.38,4.97,2.98,0.05,0.047,take_profit,False,1,1,1160703.24,54553.05,2021
MARKSANS,2021-04-20,2021-04-22,57.253,60.1157,5.48,5.6,6.38,0.05,0.047,take_profit,False,2,1,1171613.85,55065.85,2021
ELECON,2021-04-22,2021-04-26,40.0133,42.1559,2.02,2.61,6.96,0.053547,0.050547,take_profit_gap,False,4,2,1405457.31,71041.65,2021
POLYMED,2021-04-22,2021-04-23,983.9192,1038.6286,9.57,5.0,10.96,0.055604,0.052604,take_profit_gap,False,1,1,1124365.85,59146.14,2021
RAILTEL,2021-04-23,2021-05-07,114.9858,113.9851,7.59,4.9,12.67,-0.008703,-0.011703,time_exit,False,14,10,1136195.08,-13296.89,2021
ICICIGI,2021-04-26,2021-05-10,1401.9834,1444.7726,1.12,2.61,2.86,0.030521,0.027521,time_exit,False,14,10,1204255.85,33142.33,2021
RADICO,2021-04-28,2021-05-12,560.9969,563.7477,3.22,2.49,3.08,0.004903,0.001903,time_exit,False,14,10,1764018.48,3356.93,2021
SHAKTIPUMP,2021-04-28,2021-04-29,88.5592,92.9871,3.32,4.68,6.67,0.05,0.047,take_profit,False,1,1,1411214.78,66327.09,2021
RELINFRA,2021-04-29,2021-04-30,37.5188,39.3947,3.73,1.67,4.17,0.05,0.047,take_profit,False,1,1,1341131.71,63033.19,2021
CARBORUNIV,2021-04-29,2021-04-30,514.3164,540.0322,0.71,4.62,3.11,0.05,0.047,take_profit,False,1,1,1676414.64,78791.49,2021
STARCEMENT,2021-04-30,2021-05-17,102.1255,100.8336,1.07,4.36,4.2,-0.01265,-0.01565,time_exit,False,17,10,1704779.57,-26679.8,2021
JINDALSAW,2021-04-30,2021-05-03,39.9789,41.9779,0.82,4.52,5.68,0.05,0.047,take_profit,False,3,1,1363823.66,64099.71,2021
VBL,2021-05-03,2021-05-04,88.1658,92.5741,2.59,4.7,3.49,0.05,0.047,take_profit,False,1,1,1376643.6,64702.25,2021
ANGELONE,2021-05-04,2021-05-05,391.2155,371.6548,2.11,7.5,11.3,-0.05,-0.053,stopped_out,True,1,1,1389584.05,-73647.95,2021
ANURAS,2021-05-05,2021-05-07,678.0681,711.9715,4.34,1.95,6.26,0.05,0.047,take_profit,False,2,2,1374854.46,64618.16,2021
UTIAMC,2021-05-07,2021-05-17,599.6119,629.5925,4.23,1.87,5.17,0.05,0.047,take_profit,False,10,5,1612357.73,75780.81,2021
HAPPSTMNDS,2021-05-07,2021-05-12,806.6052,766.2749,2.95,2.52,2.06,-0.05,-0.053,stopped_out,True,5,3,1289886.18,-68363.97,2021
GLAND,2021-05-10,2021-05-12,2737.434,2874.3056,2.5,2.14,4.3,0.05,0.047,take_profit,False,2,2,1279388.58,60131.26,2021
CENTRALBK,2021-05-12,2021-05-14,18.0829,17.1788,1.63,4.05,7.27,-0.05,-0.053,stopped_out,True,2,1,1889194.36,-100127.3,2021
THANGAMAYL,2021-05-12,2021-05-21,315.5249,331.3012,1.69,2.56,2.09,0.05,0.047,take_profit,False,9,6,1511355.49,71033.71,2021
AVANTIFEED,2021-05-12,2021-05-14,484.6837,508.9179,3.6,6.12,4.99,0.05,0.047,take_profit,False,2,1,1209084.39,56826.97,2021
CDSL,2021-05-14,2021-05-17,395.1069,414.8623,2.72,2.86,2.58,0.05,0.047,take_profit,False,3,1,1578263.19,74178.37,2021
COLPAL,2021-05-14,2021-05-21,1414.5465,1485.2738,0.93,2.38,2.08,0.05,0.047,take_profit,False,7,5,1262610.55,59342.7,2021
DALBHARAT,2021-05-17,2021-05-21,1739.8353,1826.8271,2.93,1.84,1.71,0.05,0.047,take_profit,False,4,4,2013824.42,94649.75,2021
SUNDRMFAST,2021-05-17,2021-05-18,709.3861,744.8554,4.87,3.71,7.95,0.05,0.047,take_profit,False,1,1,1611059.54,75719.8,2021
BLUEDART,2021-05-17,2021-05-18,5377.0646,5645.9179,0.51,1.8,3.67,0.05,0.047,take_profit,False,1,1,1288847.63,60575.84,2021
THOMASCOOK,2021-05-18,2021-05-20,49.6409,54.6395,8.48,1.9,2.87,0.100695,0.097695,take_profit_gap,False,2,2,1310654.93,128044.43,2021
HINDZINC,2021-05-18,2021-05-24,229.9856,218.4863,7.02,5.27,7.48,-0.05,-0.053,stopped_out,True,6,4,1638318.66,-86830.89,2021
PNB,2021-05-20,2021-05-24,34.8119,36.5525,1.87,2.07,2.74,0.05,0.047,take_profit,False,4,2,1336263.82,62804.4,2021
JBCHEPHARM,2021-05-21,2021-06-02,690.4317,724.9533,2.2,2.22,4.34,0.05,0.047,take_profit,False,12,8,2071574.38,97364.0,2021
BDL,2021-05-21,2021-06-04,172.2979,174.8305,1.17,2.86,2.73,0.014699,0.011699,time_exit,False,14,10,1657259.5,19388.28,2021
LXCHEM,2021-05-21,2021-05-24,222.5585,233.6865,1.56,1.55,2.25,0.05,0.047,take_profit,False,3,1,1325807.6,62312.96,2021
360ONE,2021-05-24,2021-06-07,264.0911,260.1033,4.18,7.86,4.27,-0.0151,-0.0181,time_exit,False,14,10,1928381.39,-34903.7,2021
SHAKTIPUMP,2021-05-24,2021-06-02,122.7449,116.6077,1.73,2.79,7.63,-0.05,-0.053,stopped_out,True,9,7,1542705.11,-81763.37,2021
JUBLINGREA,2021-05-24,2021-06-02,464.7973,488.0372,3.1,1.51,10.06,0.05,0.047,take_profit,False,9,7,1234164.09,58005.71,2021
EMAMILTD,2021-06-02,2021-06-04,482.6766,506.8105,0.54,1.96,3.5,0.05,0.047,take_profit,False,2,2,1261914.4,59309.98,2021
IOB,2021-06-02,2021-06-04,17.5088,18.3842,3.14,2.11,5.11,0.05,0.047,take_profit,False,2,2,1577393.0,74137.47,2021
BLS,2021-06-02,2021-06-09,30.9205,32.4665,1.5,8.75,7.94,0.05,0.047,take_profit,False,7,5,1971741.25,92671.84,2021
RBA,2021-06-04,2021-06-07,156.7283,164.5647,4.25,1.56,4.02,0.05,0.047,take_profit,False,3,1,1939412.05,91152.37,2021
CREDITACC,2021-06-04,2021-06-09,732.0141,695.4134,4.75,3.98,6.44,-0.05,-0.053,stopped_out,True,5,3,1551529.64,-82231.07,2021
GSPL,2021-06-04,2021-06-16,290.3381,304.855,4.8,8.94,6.24,0.05,0.047,take_profit,False,12,8,1241223.71,58337.51,2021
CAMS,2021-06-07,2021-06-11,508.8423,534.2844,3.69,1.69,7.55,0.05,0.047,take_profit,False,4,4,1777787.39,83556.01,2021
FORTIS,2021-06-07,2021-06-21,234.8883,233.561,2.03,1.65,3.53,-0.005651,-0.008651,time_exit,False,14,10,1422229.91,-12303.71,2021
JPPOWER,2021-06-09,2021-06-10,4.2021,4.4978,11.9,3.32,7.69,0.070358,0.067358,take_profit_gap,False,1,1,1844526.26,124243.6,2021
FSL,2021-06-09,2021-06-10,148.1902,155.5998,1.43,2.48,2.64,0.05,0.047,take_profit,False,1,1,1475621.01,69354.19,2021
SAMMAANCAP,2021-06-10,2021-06-14,249.6735,262.1572,0.88,3.31,7.33,0.05,0.047,take_profit,False,4,2,1506596.66,70810.04,2021
JSL,2021-06-10,2021-06-11,99.2654,104.2286,2.82,4.7,7.8,0.05,0.047,take_profit,False,1,1,1883245.82,88512.55,2021
DCBBANK,2021-06-11,2021-06-21,106.7066,101.3713,2.56,4.37,5.95,-0.05,-0.053,stopped_out,True,10,6,1971897.68,-104510.58,2021
APLLTD,2021-06-11,2021-06-21,944.9835,892.4291,0.86,4.18,2.65,-0.055614,-0.058614,stopped_out_gap,False,10,6,1577518.14,-92464.65,2021
IMFA,2021-06-14,2021-06-17,226.8829,215.5388,5.0,4.02,10.02,-0.05,-0.053,stopped_out,True,3,3,1577495.85,-83607.28,2021
JPPOWER,2021-06-16,2021-06-18,5.3527,5.8471,0.98,2.22,1.9,0.092365,0.089365,take_profit_gap,False,2,2,1521908.93,136005.39,2021
HFCL,2021-06-17,2021-06-18,52.7076,50.0722,1.04,1.6,1.82,-0.05,-0.053,stopped_out,True,1,1,1516304.86,-80364.16,2021
IDEA,2021-06-18,2021-06-24,10.3552,9.8374,1.93,3.94,8.95,-0.05,-0.053,stopped_out,True,6,4,1831814.89,-97086.19,2021
HINDUNILVR,2021-06-18,2021-07-02,2300.959,2302.7331,1.66,2.57,2.6,0.000771,-0.002229,time_exit,False,14,10,1465451.91,-3266.49,2021
MOIL,2021-06-21,2021-07-05,173.7816,173.6079,1.56,2.27,7.74,-0.001,-0.004,time_exit,False,14,10,1359894.33,-5439.58,2021
UNIONBANK,2021-06-21,2021-07-05,34.3905,33.5793,2.89,2.18,8.45,-0.02359,-0.02659,time_exit,False,14,10,2124834.89,-56499.36,2021
INDIANB,2021-06-21,2021-06-22,127.2463,133.6086,2.48,2.08,6.95,0.05,0.047,take_profit,False,1,1,1699867.91,79893.79,2021
SHRIPISTON,2021-06-22,2021-06-24,463.1454,505.349,5.25,1.59,2.16,0.091124,0.088124,take_profit_gap,False,2,2,1443867.8,127239.41,2021
CSBBANK,2021-06-24,2021-06-28,333.1665,349.8248,1.13,2.1,3.1,0.05,0.047,take_profit,False,4,2,1816261.42,85364.29,2021
INFY,2021-06-24,2021-07-08,1388.1008,1388.092,1.15,1.67,2.78,-6e-06,-0.003006,time_exit,False,14,10,1453009.14,-4367.75,2021
NATIONALUM,2021-06-28,2021-07-07,63.0221,66.1732,2.87,6.18,6.52,0.05,0.047,take_profit,False,9,7,1542732.45,72508.43,2021
PRSMJOHNSN,2021-07-02,2021-07-06,134.3672,141.0855,1.49,1.88,3.31,0.05,0.047,take_profit,False,4,2,1526623.05,71751.28,2021
GODREJCP,2021-07-05,2021-07-06,888.3606,932.7786,2.02,1.98,2.55,0.05,0.047,take_profit,False,1,1,1905856.49,89575.26,2021
MOTILALOFS,2021-07-05,2021-07-07,837.9958,879.8955,2.67,4.92,4.74,0.05,0.047,take_profit,False,2,2,1524685.19,71660.2,2021
BAJFINANCE,2021-07-06,2021-07-20,607.8681,577.4747,1.04,1.91,2.43,-0.05,-0.053,stopped_out,True,14,10,1550807.5,-82192.8,2021
SAREGAMA,2021-07-06,2021-07-08,318.4596,334.3825,5.11,4.4,3.84,0.05,0.047,take_profit,False,2,2,1938509.37,91109.94,2021
RAIN,2021-07-07,2021-07-09,213.6784,224.3623,3.84,4.46,8.86,0.05,0.047,take_profit,False,2,2,1882963.25,88499.27,2021
MOTILALOFS,2021-07-07,2021-07-12,925.0961,992.6393,1.8,4.4,8.46,0.073012,0.070012,take_profit_gap,False,5,3,1506370.6,105464.02,2021
WESTLIFE,2021-07-08,2021-07-19,541.6467,514.5644,1.52,9.11,5.03,-0.05,-0.053,stopped_out,True,11,7,1900748.62,-100739.68,2021
HOMEFIRST,2021-07-08,2021-07-09,568.1462,596.5535,3.55,5.2,4.41,0.05,0.047,take_profit,False,1,1,1520598.9,71468.15,2021
VTL,2021-07-09,2021-07-12,281.2624,295.3255,2.21,4.34,3.16,0.05,0.047,take_profit,False,3,1,1929185.03,90671.7,2021
CESC,2021-07-09,2021-07-13,64.7118,67.9474,3.65,1.83,3.81,0.05,0.047,take_profit,False,4,2,1543348.03,72537.36,2021
KRBL,2021-07-12,2021-07-16,284.7768,270.538,2.71,2.07,8.62,-0.05,-0.053,stopped_out,True,4,4,1568813.35,-83147.11,2021
WELSPUNLIV,2021-07-12,2021-07-13,112.3162,117.932,2.85,2.44,6.14,0.05,0.047,take_profit,False,1,1,1961016.69,92167.78,2021
GOKEX,2021-07-13,2021-07-14,200.2881,210.3025,6.64,1.66,7.74,0.05,0.047,take_profit,False,1,1,1591091.72,74781.31,2021
GOKEX,2021-07-13,2021-07-14,200.2881,210.3025,0.84,1.66,7.74,0.05,0.047,take_profit,False,1,1,1988864.66,93476.64,2021
WIPRO,2021-07-14,2021-07-23,259.6069,272.5872,5.25,4.34,6.74,0.05,0.047,take_profit,False,9,6,2022516.25,95058.26,2021
RTNINDIA,2021-07-14,2021-07-16,47.8739,52.6737,4.28,1.81,3.12,0.100258,0.097258,take_profit_gap,False,2,2,1618013.0,157364.71,2021
ELECON,2021-07-16,2021-07-20,69.6183,66.1374,1.71,2.79,5.04,-0.05,-0.053,stopped_out,True,4,2,1946619.19,-103170.82,2021
HAVELLS,2021-07-16,2021-07-22,1049.1025,1110.6366,0.78,2.95,2.93,0.058654,0.055654,take_profit_gap,False,6,3,1557295.35,86669.72,2021
DATAMATICS,2021-07-19,2021-07-20,290.2304,275.7189,5.74,3.51,22.25,-0.05,-0.053,stopped_out,True,1,1,1605838.07,-85109.42,2021
DMART,2021-07-20,2021-08-03,3398.9987,3568.9486,1.0,1.97,1.5,0.05,0.047,take_profit,False,14,9,2251228.8,105807.75,2021
KANSAINER,2021-07-20,2021-07-30,396.0454,415.8477,2.27,2.54,1.88,0.05,0.047,take_profit,False,10,7,1800983.04,84646.2,2021
GUJGASLTD,2021-07-20,2021-08-02,680.9327,714.9793,2.97,3.59,4.5,0.05,0.047,take_profit,False,13,8,1440786.43,67716.96,2021
MANAPPURAM,2021-07-22,2021-07-27,178.4895,187.414,2.75,3.43,6.45,0.05,0.047,take_profit,False,5,3,1481422.16,69626.84,2021
BAJAJELEC,2021-07-23,2021-07-29,1041.8372,1093.929,1.01,4.69,3.87,0.05,0.047,take_profit,False,6,4,1608652.63,75606.67,2021
HINDALCO,2021-07-27,2021-07-29,402.9728,423.1215,1.75,3.16,3.3,0.05,0.047,take_profit,False,2,2,1597131.9,75065.2,2021
BAJAJFINSV,2021-07-29,2021-08-11,1457.7098,1384.8243,0.68,2.05,4.58,-0.05,-0.053,stopped_out,True,13,9,1948996.8,-103296.83,2021
VEDL,2021-07-29,2021-07-30,140.7502,147.7878,6.77,4.07,6.22,0.05,0.047,take_profit,False,1,1,1559197.44,73282.28,2021
AARTIIND,2021-07-30,2021-08-03,921.7133,967.799,3.23,1.73,4.48,0.05,0.047,take_profit,False,4,2,1950979.75,91696.05,2021
LAURUSLABS,2021-07-30,2021-08-06,632.7891,665.1687,3.26,2.98,6.92,0.05117,0.04817,take_profit_gap,False,7,5,1560783.8,75182.96,2021
ASTRAL,2021-08-02,2021-08-04,1620.4729,1701.4966,4.47,2.94,4.52,0.05,0.047,take_profit,False,2,2,1550327.72,72865.4,2021
HAVELLS,2021-08-03,2021-08-17,1198.6823,1190.7737,1.43,2.01,2.78,-0.006598,-0.009598,time_exit,False,14,10,1696163.71,-16279.78,2021
TITAN,2021-08-03,2021-08-17,1817.2716,1849.2446,1.03,4.29,3.38,0.017594,0.014594,time_exit,False,14,10,2120204.64,30942.27,2021
ICICIPRULI,2021-08-04,2021-08-11,667.1333,633.7767,1.29,3.66,2.5,-0.05,-0.053,stopped_out,True,7,5,1681569.6,-89123.19,2021
INDUSINDBK,2021-08-06,2021-08-20,994.6894,944.9549,1.52,2.19,2.44,-0.05,-0.053,stopped_out,True,14,9,1672449.03,-88639.8,2021
SIEMENS,2021-08-11,2021-08-26,1262.6713,1272.7201,0.69,7.47,10.68,0.007958,0.004958,time_exit,False,15,10,2025588.5,10042.87,2021
ALLCARGO,2021-08-11,2021-08-13,47.7003,50.0853,1.32,1.54,8.74,0.05,0.047,take_profit,False,2,2,1620470.8,76162.13,2021
TDPOWERSYS,2021-08-13,2021-08-16,43.7657,46.1564,16.93,7.05,20.57,0.054624,0.051624,take_profit_gap,False,3,1,1635703.22,84441.54,2021
RELAXO,2021-08-16,2021-08-31,1189.6352,1172.8929,1.27,5.37,1.72,-0.014073,-0.017073,time_exit,False,15,10,1652591.53,-28214.7,2021
NAM-INDIA,2021-08-17,2021-08-26,343.4405,360.6126,0.82,1.51,2.64,0.05,0.047,take_profit,False,9,6,2088279.39,98149.13,2021
TCS,2021-08-17,2021-08-30,3147.1055,3304.4608,1.19,1.85,2.04,0.05,0.047,take_profit,False,13,8,1670623.52,78519.31,2021
VBL,2021-08-20,2021-08-26,106.6217,111.9528,1.87,2.07,1.59,0.05,0.047,take_profit,False,6,4,1653260.66,77703.25,2021
SWANCORP,2021-08-26,2021-08-27,147.9442,140.547,2.76,6.06,11.22,-0.05,-0.053,stopped_out,True,1,1,2513213.29,-133200.3,2021
ZYDUSWELL,2021-08-26,2021-09-09,451.8226,469.6435,0.83,6.39,2.39,0.039442,0.036442,time_exit,False,14,10,2010570.63,73269.21,2021
SWSOLAR,2021-08-26,2021-09-02,311.6057,327.186,3.84,4.04,9.28,0.05,0.047,take_profit,False,7,5,1608456.5,75597.46,2021
ULTRACEMCO,2021-08-27,2021-09-02,7400.8582,7770.9012,2.01,1.89,3.21,0.05,0.047,take_profit,False,6,4,1762767.8,82850.09,2021
ABB,2021-08-30,2021-09-14,1887.7927,1871.7743,1.09,4.36,2.49,-0.008485,-0.011485,time_exit,False,15,10,1760042.8,-20214.09,2021
IGL,2021-08-31,2021-09-06,245.1862,257.4455,0.83,2.21,2.08,0.05,0.047,take_profit,False,6,4,1732909.61,81446.75,2021
PRESTIGE,2021-09-02,2021-09-03,379.0178,397.9687,0.64,2.08,2.93,0.05,0.047,take_profit,False,1,1,2092262.06,98336.32,2021
ERIS,2021-09-02,2021-09-17,745.2516,782.5142,1.18,2.66,4.1,0.05,0.047,take_profit,False,15,10,1673809.65,78669.05,2021
CLEAN,2021-09-03,2021-09-13,1595.179,1674.938,1.82,1.61,3.02,0.05,0.047,take_profit,False,10,5,1777167.39,83526.87,2021
VOLTAS,2021-09-06,2021-09-07,1101.4353,1156.5071,2.58,1.99,3.08,0.05,0.047,take_profit,False,1,1,1784605.19,83876.44,2021
JKLAKSHMI,2021-09-07,2021-09-09,709.8416,674.3495,1.5,2.01,3.46,-0.05,-0.053,stopped_out,True,2,2,1801380.47,-95473.17,2021
BSE,2021-09-09,2021-09-20,131.8268,123.8884,1.76,4.01,4.34,-0.060219,-0.063219,stopped_out_gap,False,11,6,2199053.81,-139021.98,2021
ONGC,2021-09-09,2021-09-15,90.8494,95.3919,1.31,1.87,2.56,0.05,0.047,take_profit,False,6,3,1759243.05,82684.42,2021
FDC,2021-09-13,2021-09-20,360.9773,342.9284,2.3,5.69,4.89,-0.05,-0.053,stopped_out,True,7,5,1779533.29,-94315.26,2021
SOLARINDS,2021-09-14,2021-09-17,1975.9945,1877.1947,1.21,5.55,8.44,-0.05,-0.053,stopped_out,True,3,3,1771592.37,-93894.4,2021
TARC,2021-09-15,2021-09-17,40.8704,43.2783,4.28,1.54,4.74,0.058916,0.055916,take_profit_gap,False,2,2,1785659.39,99846.93,2021
KARURVYSYA,2021-09-17,2021-09-20,38.7518,36.8142,1.7,9.75,8.48,-0.05,-0.053,stopped_out,True,3,1,1594665.03,-84517.25,2021
DCMSHRIRAM,2021-09-17,2021-09-21,986.8731,937.5294,0.5,3.37,5.47,-0.05,-0.053,stopped_out,True,4,2,1993331.29,-105646.56,2021
INDIGO,2021-09-17,2021-09-22,2193.4414,2303.1135,6.48,7.74,10.08,0.05,0.047,take_profit,False,5,3,2491664.12,117108.21,2021
GNFC,2021-09-20,2021-09-21,315.6101,331.3907,1.73,6.64,6.47,0.05,0.047,take_profit,False,1,1,2326811.56,109360.14,2021
GMRAIRPORT,2021-09-20,2021-09-22,30.692,32.2266,1.03,6.13,8.61,0.05,0.047,take_profit,False,2,2,1861449.24,87488.11,2021
RELINFRA,2021-09-20,2021-09-21,98.049,93.1465,2.33,4.57,3.7,-0.05,-0.053,stopped_out,True,1,1,1489159.4,-78925.45,2021
ITC,2021-09-21,2021-10-05,195.4328,189.7401,0.56,1.82,2.79,-0.029129,-0.032129,time_exit,False,14,10,2338145.59,-75122.28,2021
HSCL,2021-09-21,2021-10-05,52.6782,55.3121,2.56,5.69,9.5,0.05,0.047,take_profit,False,14,10,1870516.47,87914.27,2021
GNFC,2021-09-21,2021-09-24,340.2637,357.2769,4.01,6.34,7.77,0.05,0.047,take_profit,False,3,3,1496413.18,70331.42,2021
TARC,2021-09-22,2021-09-24,45.8729,48.1666,1.96,1.84,4.2,0.05,0.047,take_profit,False,2,2,1686937.98,79286.09,2021
CEATLTD,2021-09-22,2021-10-06,1322.1361,1301.6049,2.2,3.17,3.61,-0.015529,-0.018529,time_exit,False,14,10,2108672.48,-39071.59,2021
IDEA,2021-09-24,2021-09-28,11.5057,10.9305,1.74,1.91,8.49,-0.05,-0.053,stopped_out,True,4,2,2016144.12,-106855.64,2021
RCF,2021-09-24,2021-09-27,73.9627,77.6609,6.0,12.19,10.81,0.05,0.047,take_profit,False,3,1,1612915.3,75807.02,2021
ICIL,2021-09-27,2021-10-01,288.0722,273.6685,2.36,4.38,8.25,-0.05,-0.053,stopped_out,True,4,4,1628076.7,-86288.07,2021
BHEL,2021-09-28,2021-09-29,59.5817,62.5608,4.64,3.0,5.97,0.05,0.047,take_profit,False,1,1,1684319.06,79163.0,2021
COALINDIA,2021-09-29,2021-10-05,125.6356,131.9174,4.2,4.86,6.42,0.05,0.047,take_profit,False,6,4,1700151.66,79907.13,2021
TDPOWERSYS,2021-10-01,2021-10-05,64.8193,68.0603,4.82,1.52,6.42,0.05,0.047,take_profit,False,4,2,1668479.05,78418.52,2021
APTUS,2021-10-05,2021-10-06,323.2999,307.1349,1.43,2.44,8.58,-0.05,-0.053,stopped_out,True,1,1,2884465.32,-152876.66,2021
ARVINDFASN,2021-10-05,2021-10-06,341.1606,324.1026,3.1,3.53,20.13,-0.05,-0.053,stopped_out,True,1,1,2307572.26,-122301.33,2021
SUMICHEM,2021-10-05,2021-10-20,409.9384,389.4415,1.07,3.76,3.71,-0.05,-0.053,stopped_out,True,15,10,1846057.81,-97841.06,2021
IRCON,2021-10-05,2021-10-20,41.9012,39.8061,2.53,3.6,4.86,-0.05,-0.053,stopped_out,True,15,10,1476846.25,-78272.85,2021
NAZARA,2021-10-06,2021-10-08,328.0577,344.4606,5.23,2.0,4.05,0.05,0.047,take_profit,False,2,2,2578769.09,121202.15,2021
CASTROLIND,2021-10-06,2021-10-21,118.6025,117.8692,0.73,4.13,1.8,-0.006183,-0.009183,time_exit,False,15,10,2063015.27,-18944.67,2021
CARTRADE,2021-10-06,2021-10-12,1427.6135,1356.2328,2.18,2.41,6.09,-0.05,-0.053,stopped_out,True,6,4,1650412.22,-87471.85,2021
THOMASCOOK,2021-10-08,2021-10-13,78.9696,82.9181,9.54,6.87,10.69,0.05,0.047,take_profit,False,5,3,1860324.02,87435.23,2021
MAHSEAMLES,2021-10-12,2021-10-13,206.3989,216.7188,6.01,4.83,2.15,0.05,0.047,take_profit,False,1,1,1800847.29,84639.82,2021
SONACOMS,2021-10-13,2021-10-14,724.9273,761.1736,0.62,2.97,10.66,0.05,0.047,take_profit,False,1,1,1765861.69,82995.5,2021
KNRCON,2021-10-13,2021-10-20,311.3744,295.8057,0.8,2.11,4.6,-0.05,-0.053,stopped_out,True,7,4,2207327.11,-116988.34,2021
WIPRO,2021-10-14,2021-10-25,327.3394,310.9724,4.85,6.3,1.61,-0.05,-0.053,stopped_out,True,11,6,1782460.79,-94470.42,2021
TANLA,2021-10-20,2021-10-22,940.8926,1002.0094,1.21,2.64,1.88,0.064956,0.061956,take_profit_gap,False,2,2,2473394.41,153241.62,2021
DBREALTY,2021-10-20,2021-10-22,44.5222,47.8761,2.58,1.96,5.95,0.075329,0.072329,take_profit_gap,False,2,2,1978715.53,143118.52,2021
TECHNOE,2021-10-21,2021-10-25,276.8257,262.9844,0.53,2.74,8.41,-0.05,-0.053,stopped_out,True,4,2,1991786.54,-105564.69,2021
RVNL,2021-10-21,2021-10-22,32.3882,34.0076,7.1,6.4,9.12,0.05,0.047,take_profit,False,1,1,1593429.24,74891.17,2021
RVNL,2021-10-22,2021-10-25,38.8388,36.8969,5.11,8.4,17.95,-0.05,-0.053,stopped_out,True,3,1,1637184.95,-86770.8,2021
IRB,2021-10-22,2021-10-25,28.6902,31.2387,5.88,4.39,15.14,0.088829,0.085829,take_profit_gap,False,3,1,2558101.49,219559.29,2021
FEDERALBNK,2021-10-22,2021-10-27,100.1695,95.1611,2.21,4.9,6.89,-0.05,-0.053,stopped_out,True,5,3,2046481.19,-108463.5,2021
AXISBANK,2021-10-25,2021-10-27,842.0069,799.9065,1.46,3.45,1.81,-0.05,-0.053,stopped_out,True,2,2,2890205.39,-153180.89,2021
CUB,2021-10-25,2021-10-29,170.7355,162.1987,1.53,2.6,3.07,-0.05,-0.053,stopped_out,True,4,4,2312164.31,-122544.71,2021
TTML,2021-10-25,2021-10-27,50.4752,55.5222,2.68,1.54,6.89,0.09999,0.09699,take_profit_gap,False,2,2,1849731.45,179405.45,2021
QUESS,2021-10-25,2021-10-28,858.1776,815.2687,1.63,1.85,5.85,-0.05,-0.053,stopped_out,True,3,3,1479785.16,-78428.61,2021
UPL,2021-10-27,2021-11-01,712.9604,677.3123,0.56,1.66,3.78,-0.05,-0.053,stopped_out,True,5,3,2524663.95,-133807.19,2021
ORIENTCEM,2021-10-27,2021-11-01,154.8081,162.5485,2.21,2.17,1.96,0.05,0.047,take_profit,False,5,3,2019731.16,94927.36,2021
VTL,2021-10-27,2021-11-03,380.6855,399.7198,4.92,6.27,8.31,0.05,0.047,take_profit,False,7,5,1615784.93,75941.89,2021
BSOFT,2021-10-28,2021-11-09,396.7734,416.612,0.5,1.82,2.52,0.05,0.047,take_profit,False,12,7,1572899.25,73926.26,2021
ELECON,2021-10-29,2021-11-02,84.4802,80.2562,3.09,2.91,11.5,-0.05,-0.053,stopped_out,True,4,2,1696243.32,-89900.9,2021
DCBBANK,2021-11-01,2021-11-08,92.3192,96.9352,3.12,2.13,5.71,0.05,0.047,take_profit,False,7,4,1806478.17,84904.47,2021
SAIL,2021-11-01,2021-11-15,109.7936,104.304,4.11,3.75,1.83,-0.05,-0.053,stopped_out,True,14,9,2258097.71,-119679.18,2021
AMBER,2021-11-02,2021-11-03,3349.3237,3516.7899,3.48,2.51,5.24,0.05,0.047,take_profit,False,1,1,1766451.02,83023.2,2021
LT,2021-11-03,2021-11-18,1814.2287,1819.6093,0.72,3.7,3.93,0.002966,-3.4e-05,time_exit,False,15,10,2121401.02,-72.13,2021
MUTHOOTFIN,2021-11-03,2021-11-08,1426.832,1498.1736,0.59,2.12,1.73,0.05,0.047,take_profit,False,5,2,1697120.82,79764.68,2021
KPRMILL,2021-11-08,2021-11-09,531.1914,504.6319,3.36,2.21,3.24,-0.05,-0.053,stopped_out,True,1,1,2091350.28,-110841.57,2021
IOC,2021-11-08,2021-11-17,71.0201,67.4691,2.81,2.1,4.04,-0.05,-0.053,stopped_out,True,9,7,1673080.23,-88673.25,2021
KTKBANK,2021-11-09,2021-11-10,65.2339,68.4956,1.02,1.93,2.57,0.05,0.047,take_profit,False,1,1,2063931.03,97004.76,2021
ABB,2021-11-09,2021-11-22,2146.4963,2039.1715,1.22,1.89,4.3,-0.05,-0.053,stopped_out,True,13,8,1651144.82,-87510.68,2021
HEG,2021-11-10,2021-11-12,420.9636,399.9154,3.11,4.71,5.49,-0.05,-0.053,stopped_out,True,2,2,1753103.02,-92914.46,2021
MAHSEAMLES,2021-11-12,2021-11-15,252.8398,265.4818,6.14,1.59,4.26,0.05,0.047,take_profit,False,3,1,1734520.12,81522.45,2021
ESCORTS,2021-11-15,2021-11-18,1599.0287,1678.9802,1.6,1.72,3.24,0.05,0.047,take_profit,False,3,3,2178508.32,102389.89,2021
FINCABLES,2021-11-15,2021-11-16,532.7851,559.4243,7.46,8.81,8.03,0.05,0.047,take_profit,False,1,1,1742806.66,81911.91,2021
BIOCON,2021-11-16,2021-11-29,365.8097,347.5192,1.41,2.27,2.09,-0.05,-0.053,stopped_out,True,13,8,1759189.04,-93237.02,2021
KIMS,2021-11-17,2021-11-22,246.173,233.8644,0.98,2.26,4.7,-0.05,-0.053,stopped_out,True,5,2,1724232.63,-91384.33,2021
SCI,2021-11-18,2021-11-24,132.118,138.7238,1.35,7.4,7.7,0.05,0.047,take_profit,False,6,3,2259831.52,106212.08,2021
ESCORTS,2021-11-18,2021-12-03,1757.2746,1817.1076,5.0,6.68,9.93,0.034049,0.031049,time_exit,False,15,10,1807865.22,56132.41,2021
TRIDENT,2021-11-22,2021-11-24,45.3662,49.9055,5.9,2.83,4.98,0.100058,0.097058,take_profit_gap,False,2,2,2085588.66,202423.06,2021
BHARTIARTL,2021-11-23,2021-12-01,742.0893,704.9848,1.65,1.65,1.87,-0.05,-0.053,stopped_out,True,8,6,1668470.93,-88428.96,2021
SCI,2021-11-24,2021-11-26,134.0436,140.7458,0.81,3.28,3.03,0.05,0.047,take_profit,False,2,2,2265587.81,106482.63,2021
ELGIEQUIP,2021-11-24,2021-11-29,263.8091,250.6187,7.54,9.26,13.48,-0.05,-0.053,stopped_out,True,5,3,1812470.25,-96060.92,2021
SAMMAANCAP,2021-11-26,2021-11-29,215.6868,204.9024,1.57,5.86,9.8,-0.05,-0.053,stopped_out,True,3,1,1924390.29,-101992.69,2021
BEML,2021-11-29,2021-12-02,769.4659,807.9392,1.22,6.86,13.09,0.05,0.047,take_profit,False,3,3,2580464.02,121281.81,2021
LALPATHLAB,2021-11-29,2021-11-30,1882.0288,1787.9274,7.2,5.94,3.61,-0.05,-0.053,stopped_out,True,1,1,2064371.21,-109411.67,2021
AURIONPRO,2021-11-29,2021-12-01,117.8675,124.1052,4.62,1.66,1.7,0.052921,0.049921,take_profit_gap,False,2,2,1651496.97,82444.38,2021
SUNDRMFAST,2021-11-30,2021-12-06,847.4985,805.1236,1.94,1.64,6.05,-0.05,-0.053,stopped_out,True,6,4,1712189.49,-90746.04,2021
AURIONPRO,2021-12-01,2021-12-03,128.0514,141.004,4.74,3.17,3.08,0.101152,0.098152,take_profit_gap,False,2,2,2032548.25,199498.68,2021
IDEA,2021-12-01,2021-12-02,12.8064,13.4467,6.25,3.14,15.32,0.05,0.047,take_profit,False,1,1,1626038.6,76423.81,2021
NEOGEN,2021-12-02,2021-12-03,1503.2869,1578.4513,6.82,2.71,9.47,0.05,0.047,take_profit,False,1,1,2181672.53,102538.61,2021
GREAVESCOT,2021-12-02,2021-12-06,154.2947,146.58,6.87,3.6,10.63,-0.05,-0.053,stopped_out,True,4,2,1745338.02,-92502.92,2021
KIMS,2021-12-03,2021-12-06,268.024,281.4252,1.29,6.59,3.84,0.05,0.047,take_profit,False,3,1,2672321.56,125599.11,2021
IEX,2021-12-03,2021-12-09,240.152,252.1596,2.1,2.62,3.31,0.05,0.047,take_profit,False,6,4,2137857.25,100479.29,2021
CLEAN,2021-12-03,2021-12-06,2433.6945,2555.3792,5.93,3.88,5.79,0.05,0.047,take_profit,False,3,1,1710285.8,80383.43,2021
IDEA,2021-12-06,2021-12-07,15.0075,14.2571,6.57,1.71,1.69,-0.05,-0.053,stopped_out,True,1,1,2352641.86,-124690.02,2021
HFCL,2021-12-06,2021-12-07,77.7324,81.619,4.53,3.02,9.36,0.05,0.047,take_profit,False,1,1,1882113.49,88459.33,2021
HCC,2021-12-06,2021-12-07,12.9565,13.6432,3.47,2.17,6.58,0.053001,0.050001,take_profit_gap,False,1,1,2940802.33,147043.06,2021
BEML,2021-12-06,2021-12-14,826.4868,785.1625,2.0,2.68,4.96,-0.05,-0.053,stopped_out,True,8,6,1505690.79,-79801.61,2021
TIPSMUSIC,2021-12-07,2021-12-09,131.8632,145.2288,3.22,1.56,2.9,0.10136,0.09836,take_profit_gap,False,2,2,2129461.32,209453.81,2021
PATELENG,2021-12-07,2021-12-09,24.4041,25.6243,2.58,4.93,9.84,0.05,0.047,take_profit,False,2,2,2661826.64,125105.85,2021
GRAVITA,2021-12-07,2021-12-08,211.667,222.2503,4.88,2.26,6.68,0.05,0.047,take_profit,False,1,1,1703569.05,80067.75,2021
UNOMINDA,2021-12-08,2021-12-13,454.8762,485.1284,3.45,1.66,5.67,0.066506,0.063506,take_profit_gap,False,5,3,1719582.6,109203.81,2021
RVNL,2021-12-09,2021-12-16,33.1883,31.5289,1.15,2.01,3.27,-0.05,-0.053,stopped_out,True,7,5,1823041.86,-96621.22,2021
GMDCLTD,2021-12-09,2021-12-15,64.4952,67.7199,1.78,2.07,1.69,0.05,0.047,take_profit,False,6,4,2278802.33,107103.71,2021
NATCOPHARM,2021-12-09,2021-12-14,837.1272,878.9836,2.26,2.42,3.43,0.05,0.047,take_profit,False,5,3,2848502.91,133879.64,2021
CDSL,2021-12-13,2021-12-14,760.422,798.443,0.71,2.91,2.85,0.05,0.047,take_profit,False,1,1,1824190.77,85736.97,2021
CGPOWER,2021-12-14,2021-12-17,179.8774,170.8835,5.11,2.53,3.41,-0.05,-0.053,stopped_out,True,3,3,2722992.51,-144318.6,2021
SUBROS,2021-12-14,2021-12-15,394.1169,374.4111,1.27,4.84,9.59,-0.05,-0.053,stopped_out,True,1,1,2178394.01,-115454.88,2021
PGEL,2021-12-14,2021-12-16,71.4059,67.8356,0.87,2.8,8.58,-0.05,-0.053,stopped_out,True,2,2,1742715.21,-92363.91,2021
SWANCORP,2021-12-15,2021-12-16,141.7595,148.8475,6.27,13.77,12.58,0.05,0.047,take_profit,False,1,1,2283941.2,107345.24,2021
PIIND,2021-12-15,2021-12-20,3049.4014,2891.0533,2.36,2.84,4.17,-0.051928,-0.054928,stopped_out_gap,False,5,3,1827152.96,-100361.86,2021
JINDWORLD,2021-12-16,2021-12-20,45.2108,42.9503,7.56,3.79,13.35,-0.05,-0.053,stopped_out,True,4,2,1673813.79,-88712.13,2021
WEBELSOLAR,2021-12-16,2021-12-17,9.7899,10.2794,9.91,10.2,16.98,0.05,0.047,take_profit,False,1,1,2092267.24,98336.56,2021
AMBER,2021-12-16,2021-12-20,3433.716,3262.0302,0.83,2.04,2.76,-0.05,-0.053,stopped_out,True,4,2,2615334.05,-138612.7,2021
PERSISTENT,2021-12-17,2021-12-20,2242.9197,2130.7737,2.24,4.12,1.76,-0.05,-0.053,stopped_out,True,3,1,2292906.57,-121524.05,2021
WIPRO,2021-12-17,2021-12-28,310.0308,325.5323,1.95,6.78,1.64,0.05,0.047,take_profit,False,11,7,1834325.26,86213.29,2021
MINDACORP,2021-12-21,2021-12-22,161.5135,169.5891,0.76,1.87,2.66,0.05,0.047,take_profit,False,1,1,3059459.53,143794.6,2021
HCLTECH,2021-12-21,2021-12-24,1017.275,1068.1388,3.13,2.0,3.09,0.05,0.047,take_profit,False,3,3,2447567.63,115035.68,2021
MOIL,2021-12-21,2022-01-04,158.0503,151.7436,3.1,2.4,4.18,-0.039903,-0.042903,time_exit,False,14,10,1958054.1,-84006.4,2022
UNOMINDA,2021-12-21,2021-12-22,547.9551,575.3529,3.52,2.15,5.43,0.05,0.047,take_profit,False,1,1,1566443.28,73622.83,2021
RADICO,2021-12-22,2021-12-23,1110.3791,1165.8981,2.88,3.48,5.0,0.05,0.047,take_profit,False,1,1,2221818.67,104425.48,2021
BRIGADE,2021-12-22,2022-01-05,483.1972,461.8987,5.18,5.47,7.4,-0.044078,-0.047078,time_exit,False,14,10,1777454.94,-83679.02,2022
GOKEX,2021-12-23,2021-12-24,304.2041,319.4143,6.37,2.07,6.32,0.05,0.047,take_profit,False,1,1,1887212.78,88699.0,2021
SHARDACROP,2021-12-24,2021-12-30,324.9449,341.1922,2.97,12.22,6.26,0.05,0.047,take_profit,False,6,4,2417473.24,113621.24,2021
ALOKINDS,2021-12-24,2021-12-28,25.4627,26.7359,1.01,1.55,1.8,0.05,0.047,take_profit,False,4,2,1933978.59,90896.99,2021
TARIL,2021-12-28,2021-12-29,17.4015,18.2716,12.64,6.95,12.44,0.05,0.047,take_profit,False,1,1,2336265.7,109804.49,2021
MPHASIS,2021-12-28,2022-01-11,3049.451,2934.4222,1.64,1.69,2.08,-0.037721,-0.040721,time_exit,False,14,10,1869012.56,-76108.06,2022
INDIAGLYCO,2021-12-29,2021-12-31,449.5571,427.0792,11.81,8.47,19.69,-0.05,-0.053,stopped_out,True,2,2,1984424.09,-105174.48,2021
INTELLECT,2021-12-30,2022-01-04,760.4624,722.4393,0.52,6.33,6.91,-0.05,-0.053,stopped_out,True,5,3,2093758.17,-110969.18,2022
TITAN,2021-12-31,2022-01-07,2490.9717,2615.5203,1.15,2.21,3.07,0.05,0.047,take_profit,False,7,5,2050856.46,96390.25,2022
APOLLOTYRE,2022-01-04,2022-01-14,213.1478,223.8052,0.71,1.95,2.08,0.05,0.047,take_profit,False,10,8,2412052.5,113366.47,2022
ONGC,2022-01-04,2022-01-07,113.9899,119.6894,2.67,1.66,3.28,0.05,0.047,take_profit,False,3,3,1929642.0,90693.17,2022
SAPPHIRE,2022-01-05,2022-01-07,253.8068,266.4972,2.15,1.95,5.44,0.05,0.047,take_profit,False,2,2,1882468.78,88476.03,2022
SHAREINDIA,2022-01-07,2022-01-17,225.192,236.4516,3.86,2.27,8.1,0.05,0.047,take_profit,False,10,6,2733680.37,128482.98,2022
DEVYANI,2022-01-07,2022-01-18,186.9434,196.2906,3.26,2.58,6.38,0.05,0.047,take_profit,False,11,7,2186944.29,102786.38,2022
ABREL,2022-01-07,2022-01-11,934.7654,981.5037,1.72,1.64,3.28,0.05,0.047,take_profit,False,4,2,1749555.44,82229.11,2022
AUBANK,2022-01-11,2022-01-21,646.4916,614.167,3.1,1.68,4.57,-0.05,-0.053,stopped_out,True,10,8,2124582.16,-112602.85,2022
VARROC,2022-01-11,2022-01-12,394.634,414.3657,5.57,3.12,7.47,0.05,0.047,take_profit,False,1,1,1699665.73,79884.29,2022
TATACOMM,2022-01-12,2022-01-18,1468.8274,1395.3861,2.26,3.98,4.9,-0.05,-0.053,stopped_out,True,6,4,1715642.58,-90929.06,2022
WELENT,2022-01-14,2022-01-21,94.1556,89.4478,1.03,6.64,2.93,-0.05,-0.053,stopped_out,True,7,5,1877597.86,-99512.69,2022
MMTC,2022-01-17,2022-01-18,49.0245,46.5733,1.12,3.42,8.89,-0.05,-0.053,stopped_out,True,1,1,2074510.96,-109949.08,2022
ELECTCAST,2022-01-18,2022-01-19,41.3202,43.3862,7.79,6.64,5.31,0.05,0.047,take_profit,False,1,1,1814662.39,85289.13,2022
GAEL,2022-01-18,2022-01-19,94.1957,98.9055,4.08,6.75,2.78,0.05,0.047,take_profit,False,1,1,2835409.98,133264.27,2022
DBREALTY,2022-01-18,2022-01-20,74.4372,78.8606,3.49,1.82,3.33,0.059424,0.056424,take_profit_gap,False,2,2,2268327.99,127988.14,2022
BIOCON,2022-01-19,2022-02-02,363.8289,382.0203,0.54,3.0,3.98,0.05,0.047,take_profit,False,14,9,2425455.06,113996.39,2022
TATAELXSI,2022-01-19,2022-01-20,6748.4683,7085.8917,7.36,9.75,6.56,0.05,0.047,take_profit,False,1,1,1940364.05,91197.11,2022
TIMETECHNO,2022-01-20,2022-01-21,43.1902,45.3497,0.68,5.03,5.34,0.05,0.047,take_profit,False,1,1,2437866.7,114579.73,2022
NAZARA,2022-01-20,2022-01-21,327.5324,311.1558,1.85,1.55,3.93,-0.05,-0.053,stopped_out,True,1,1,1950293.36,-103365.55,2022
SHARDACROP,2022-01-21,2022-01-24,363.0386,401.5919,9.57,8.77,3.63,0.106196,0.103196,take_profit_gap,False,3,1,2046798.36,211221.4,2022
CCL,2022-01-21,2022-01-25,444.875,422.6313,0.73,4.65,2.88,-0.05,-0.053,stopped_out,True,4,2,1637438.68,-86784.25,2022
JBMA,2022-01-21,2022-01-24,324.6239,308.3927,2.49,1.51,2.59,-0.05,-0.053,stopped_out,True,3,1,3198122.43,-169500.49,2022
POWERINDIA,2022-01-21,2022-01-24,3025.3461,2874.0788,0.61,10.11,7.09,-0.05,-0.053,stopped_out,True,3,1,2558497.94,-135600.39,2022
SHARDACROP,2022-01-24,2022-01-25,419.0305,439.9821,9.18,9.07,4.24,0.05,0.047,take_profit,False,1,1,2851858.8,134037.36,2022
BANKBARODA,2022-01-25,2022-01-27,87.3655,91.7337,2.54,2.06,7.07,0.05,0.047,take_profit,False,2,1,3188797.16,149873.47,2022
MARUTI,2022-01-25,2022-02-09,8301.7728,8627.8636,0.78,3.13,7.67,0.03928,0.03628,time_exit,False,15,10,2551037.73,92551.65,2022
SHARDACROP,2022-01-25,2022-01-27,502.8271,527.9684,9.52,6.86,16.74,0.05,0.047,take_profit,False,2,1,2040830.18,95919.02,2022
AXISBANK,2022-01-25,2022-02-01,749.4469,786.9192,2.88,3.4,5.35,0.05,0.047,take_profit,False,7,4,1632664.15,76735.21,2022
MMTC,2022-01-27,2022-01-28,52.5763,56.4718,9.13,3.49,6.38,0.074092,0.071092,take_profit_gap,False,1,1,1920972.22,136565.76,2022
BANKINDIA,2022-01-27,2022-02-03,48.5022,51.1774,4.26,2.57,6.57,0.055155,0.052155,take_profit_gap,False,7,5,2401215.28,125235.38,2022
GPIL,2022-01-28,2022-01-31,284.9657,299.214,4.52,2.22,4.17,0.05,0.047,take_profit,False,3,1,1948285.38,91569.41,2022
CHALET,2022-01-31,2022-02-02,258.393,245.4734,1.16,9.36,9.9,-0.05,-0.053,stopped_out,True,2,2,1966599.26,-104229.76,2022
ULTRACEMCO,2022-02-01,2022-02-14,7352.5827,6984.9535,1.94,1.76,3.48,-0.05,-0.053,stopped_out,True,13,9,1915159.28,-101503.44,2022
ELGIEQUIP,2022-02-02,2022-02-03,377.0535,395.9062,12.37,3.91,11.67,0.05,0.047,take_profit,False,1,1,2412491.61,113387.11,2022
ACE,2022-02-02,2022-02-07,241.9859,229.8866,0.62,3.08,5.98,-0.05,-0.053,stopped_out,True,5,3,1929993.29,-102289.64,2022
RPOWER,2022-02-03,2022-02-07,16.8584,18.091,2.8,1.69,4.01,0.07311,0.07011,take_profit_gap,False,4,2,2554460.51,179093.23,2022
BSE,2022-02-03,2022-02-08,232.7302,221.0937,4.1,2.08,5.38,-0.05,-0.053,stopped_out,True,5,3,2043568.41,-108309.13,2022
GNFC,2022-02-07,2022-02-08,458.0234,480.9246,6.13,7.0,2.97,0.05,0.047,take_profit,False,1,1,2547106.2,119713.99,2022
BIOCON,2022-02-07,2022-02-21,395.4726,383.4021,1.0,1.72,2.25,-0.030522,-0.033522,time_exit,False,14,10,2037684.96,-68307.28,2022
SKIPPER,2022-02-08,2022-02-11,77.206,73.3457,6.19,3.21,9.39,-0.05,-0.053,stopped_out,True,3,3,2550563.86,-135179.88,2022
RAIN,2022-02-09,2022-02-14,232.9066,221.2612,2.66,3.06,4.49,-0.05,-0.053,stopped_out,True,5,3,2569168.97,-136165.96,2022
NATIONALUM,2022-02-09,2022-02-15,101.314,96.2483,3.09,1.63,2.8,-0.05,-0.053,stopped_out,True,6,4,2055335.17,-108932.76,2022
SCHNEIDER,2022-02-11,2022-02-14,128.4142,134.8349,11.14,13.37,13.68,0.05,0.047,take_profit,False,3,1,2127344.93,99985.21,2022
RHIM,2022-02-15,2022-02-16,513.2186,538.8795,1.59,2.65,5.61,0.05,0.047,take_profit,False,1,1,3385954.23,159139.85,2022
HEROMOTOCO,2022-02-15,2022-02-24,2370.2561,2251.7433,2.27,1.52,4.85,-0.05,-0.053,stopped_out,True,9,7,2708763.38,-143564.46,2022
LICHSGFIN,2022-02-15,2022-02-22,360.6899,333.5608,1.55,1.63,7.2,-0.075215,-0.078215,stopped_out_gap,False,7,5,2167010.71,-169492.74,2022
EICHERMOT,2022-02-15,2022-02-24,2614.5417,2483.8146,3.02,2.98,7.24,-0.05,-0.053,stopped_out,True,9,7,1733608.57,-91881.25,2022
M&MFIN,2022-02-16,2022-02-21,149.661,141.856,3.97,4.15,1.95,-0.052151,-0.055151,stopped_out_gap,False,5,3,2095905.67,-115591.29,2022
CHALET,2022-02-21,2022-02-22,282.5783,268.4494,2.86,10.43,13.1,-0.05,-0.053,stopped_out,True,1,1,2466662.95,-130733.14,2022
HINDALCO,2022-02-25,2022-02-28,519.0742,545.0279,0.82,1.53,1.7,0.05,0.047,take_profit,False,3,1,2945124.13,138420.83,2022
SUPRIYA,2022-02-25,2022-03-07,429.0379,402.1468,0.51,1.58,6.59,-0.062678,-0.065678,stopped_out_gap,False,10,5,3681405.16,-241787.33,2022
DABUR,2022-02-28,2022-03-07,539.4698,497.4597,2.09,4.31,3.79,-0.077873,-0.080873,stopped_out_gap,False,7,4,2972808.29,-240419.93,2022
MARICO,2022-02-28,2022-03-07,493.536,468.8592,1.34,1.9,4.24,-0.05,-0.053,stopped_out,True,7,4,2378246.64,-126047.07,2022
ADVENZYMES,2022-02-28,2022-03-02,303.7804,318.9694,8.57,4.74,3.49,0.05,0.047,take_profit,False,2,1,1902597.31,89422.07,2022
HINDALCO,2022-02-28,2022-03-02,557.8176,585.7085,4.94,3.34,6.84,0.05,0.047,take_profit,False,2,1,1522077.85,71537.66,2022
GAIL,2022-03-02,2022-03-07,84.8305,89.072,4.16,2.87,4.49,0.05,0.047,take_profit,False,5,3,1934789.25,90935.09,2022
COALINDIA,2022-03-02,2022-03-03,136.5727,143.4013,9.15,4.49,8.07,0.05,0.047,take_profit,False,1,1,1547831.4,72748.08,2022
GMDCLTD,2022-03-03,2022-03-04,138.9367,145.8835,6.9,3.96,11.05,0.05,0.047,take_profit,False,1,1,1562381.02,73431.91,2022
ATGL,2022-03-04,2022-03-07,1804.0897,1713.8852,3.72,1.92,1.99,-0.05,-0.053,stopped_out,True,3,1,1577067.4,-83584.57,2022
ONGC,2022-03-07,2022-03-09,145.7027,138.4176,3.64,4.47,11.88,-0.05,-0.053,stopped_out,True,2,2,3650336.51,-193467.83,2022
GESHIP,2022-03-07,2022-03-09,273.0172,286.6681,1.42,1.51,2.35,0.05,0.047,take_profit,False,2,2,2920269.21,137252.65,2022
IMFA,2022-03-08,2022-03-11,338.6114,355.542,3.5,3.86,11.36,0.05,0.047,take_profit,False,3,3,2336215.37,109802.12,2022
GHCL,2022-03-08,2022-03-09,401.5362,421.613,4.73,2.39,7.75,0.05,0.047,take_profit,False,1,1,1868972.29,87841.7,2022
CIPLA,2022-03-08,2022-03-11,939.4917,986.4663,1.45,2.1,3.36,0.05,0.047,take_profit,False,3,3,1495177.83,70273.36,2022
INDHOTEL,2022-03-09,2022-03-23,205.2635,215.5267,2.65,2.77,5.23,0.05,0.047,take_profit,False,14,9,2890383.17,135848.01,2022
OPTIEMUS,2022-03-09,2022-03-10,296.2534,311.0661,9.41,3.19,17.2,0.05,0.047,take_profit,False,1,1,2312306.54,108678.41,2022
DATAPATTNS,2022-03-09,2022-03-10,705.697,670.4121,1.49,1.97,10.9,-0.05,-0.053,stopped_out,True,1,1,1849845.23,-98041.8,2022
GREENPANEL,2022-03-10,2022-03-14,494.3428,519.06,6.54,2.0,2.94,0.05,0.047,take_profit,False,4,2,1851547.09,87022.71,2022
GANECOS,2022-03-10,2022-03-11,696.236,731.0478,4.52,2.83,4.9,0.05,0.047,take_profit,False,1,1,2314433.86,108778.39,2022
NH,2022-03-11,2022-03-25,696.1175,730.9234,2.14,1.81,3.29,0.05,0.047,take_profit,False,14,9,2768173.86,130104.17,2022
BALRAMCHIN,2022-03-11,2022-03-14,474.6293,498.3608,3.2,3.22,7.96,0.05,0.047,take_profit,False,3,1,2214539.08,104083.34,2022
JSWSTEEL,2022-03-11,2022-03-15,640.5181,608.4922,0.96,1.73,3.28,-0.05,-0.053,stopped_out,True,4,2,1771631.27,-93896.46,2022
GREENPANEL,2022-03-14,2022-03-17,541.232,568.2936,0.62,1.93,7.17,0.05,0.047,take_profit,False,3,3,2268743.46,106630.94,2022
JKPAPER,2022-03-14,2022-03-15,259.2615,272.2246,0.78,3.85,3.3,0.05,0.047,take_profit,False,1,1,1814994.77,85304.75,2022
MINDACORP,2022-03-15,2022-03-24,195.9025,205.6976,5.16,2.3,7.15,0.05,0.047,take_profit,False,9,6,2167602.68,101877.33,2022
HSCL,2022-03-15,2022-03-21,60.729,63.7654,4.01,3.36,7.19,0.05,0.047,take_profit,False,6,3,1734082.14,81501.86,2022
ONGC,2022-03-17,2022-03-22,132.7263,139.3626,1.44,1.69,2.22,0.05,0.047,take_profit,False,5,2,1862340.6,87530.01,2022
HSCL,2022-03-21,2022-03-29,63.3629,66.531,1.02,2.24,5.2,0.05,0.047,take_profit,False,8,6,1852989.28,87090.5,2022
CENTURYPLY,2022-03-22,2022-03-23,706.4366,741.7584,1.55,3.37,1.56,0.05,0.047,take_profit,False,1,1,1872365.54,88001.18,2022
ADANIPOWER,2022-03-23,2022-03-25,26.053,27.3557,4.19,1.72,4.41,0.05,0.047,take_profit,False,2,2,2495212.01,117274.96,2022
LTF,2022-03-23,2022-03-24,82.8259,78.6846,4.7,7.81,15.72,-0.05,-0.053,stopped_out,True,1,1,1996169.61,-105796.99,2022
GMDCLTD,2022-03-24,2022-03-25,158.1603,166.0683,7.05,1.59,6.17,0.05,0.047,take_profit,False,1,1,2428906.22,114158.59,2022
ZEEL,2022-03-24,2022-03-29,287.4278,273.0564,8.96,4.47,6.12,-0.05,-0.053,stopped_out,True,5,3,1943124.97,-102985.62,2022
INDIAGLYCO,2022-03-25,2022-03-31,463.0962,486.251,0.51,1.89,2.75,0.05,0.047,take_profit,False,6,4,2532212.75,119014.0,2022
CONCOR,2022-03-25,2022-03-28,653.0614,620.4083,3.48,8.2,10.72,-0.05,-0.053,stopped_out,True,3,1,3165265.94,-167759.09,2022
ADANIPOWER,2022-03-25,2022-03-28,28.6543,30.087,7.12,2.69,7.31,0.05,0.047,take_profit,False,3,1,2025770.2,95211.2,2022
MOIL,2022-03-28,2022-03-30,169.5522,178.0299,1.7,2.17,3.55,0.05,0.047,take_profit,False,2,2,2115451.05,99426.2,2022
AWL,2022-03-28,2022-03-29,461.2305,484.292,10.87,2.05,8.5,0.05,0.047,take_profit,False,1,1,2644313.81,124282.75,2022
INDHOTEL,2022-03-29,2022-04-06,238.2859,250.2002,1.72,1.76,2.67,0.05,0.047,take_profit,False,8,6,3002123.98,141099.83,2022
POLYMED,2022-03-29,2022-03-31,881.6867,925.7711,1.69,3.34,3.85,0.05,0.047,take_profit,False,2,2,2401699.18,112879.86,2022
PRICOLLTD,2022-03-29,2022-04-01,127.8297,134.2212,1.05,2.47,5.21,0.05,0.047,take_profit,False,3,3,1921359.34,90303.89,2022
USHAMART,2022-03-30,2022-04-01,128.8342,122.3925,0.56,1.94,5.47,-0.05,-0.053,stopped_out,True,2,2,1980062.93,-104943.34,2022
BEML,2022-03-31,2022-04-18,749.2395,786.7015,2.58,3.09,7.5,0.05,0.047,take_profit,False,18,10,2617211.5,123008.94,2022
ACE,2022-03-31,2022-04-07,238.9555,227.0077,4.1,4.24,7.85,-0.05,-0.053,stopped_out,True,7,5,2093769.2,-110969.77,2022
HDFCAMC,2022-04-01,2022-04-04,1048.2207,1100.6318,4.26,2.06,5.4,0.05,0.047,take_profit,False,3,1,1961897.54,92209.18,2022
RECLTD,2022-04-01,2022-04-06,73.3944,77.0641,2.48,1.96,3.05,0.05,0.047,take_profit,False,5,3,2452371.92,115261.48,2022
LUPIN,2022-04-04,2022-04-20,774.444,760.6051,1.19,2.17,2.8,-0.01787,-0.02087,time_exit,False,16,10,1980339.38,-41329.68,2022
WELCORP,2022-04-06,2022-04-13,188.4949,197.9197,3.54,3.55,7.05,0.05,0.047,take_profit,False,7,5,2726442.94,128142.82,2022
JISLJALEQS,2022-04-06,2022-04-07,45.6728,47.9565,1.2,1.62,6.29,0.05,0.047,take_profit,False,1,1,2181154.35,102514.25,2022
DCBBANK,2022-04-07,2022-04-12,84.6939,80.4592,0.58,8.52,11.77,-0.05,-0.053,stopped_out,True,5,3,2598217.09,-137705.51,2022
REFEX,2022-04-07,2022-04-08,26.4342,27.7559,2.26,3.73,2.15,0.05,0.047,take_profit,False,1,1,2078573.67,97692.96,2022
JKTYRE,2022-04-08,2022-04-13,130.9983,124.4484,7.1,4.57,11.07,-0.05,-0.053,stopped_out,True,5,3,2098112.27,-111199.95,2022
JUSTDIAL,2022-04-12,2022-04-13,884.392,928.6116,7.41,7.26,10.08,0.05,0.047,take_profit,False,1,1,2170592.13,102017.83,2022
JINDWORLD,2022-04-13,2022-04-18,66.148,69.4554,0.59,4.65,8.27,0.05,0.047,take_profit,False,5,1,2021949.0,95031.6,2022
GODFRYPHLP,2022-04-13,2022-04-18,401.4732,421.5468,2.34,6.18,5.15,0.05,0.047,take_profit,False,5,1,3159295.31,148486.88,2022
REDINGTON,2022-04-13,2022-04-19,145.0618,137.8088,1.11,5.41,2.62,-0.05,-0.053,stopped_out,True,6,2,2527436.25,-133954.12,2022
NTPC,2022-04-18,2022-05-02,143.975,136.2517,0.58,3.9,5.36,-0.053643,-0.056643,stopped_out_gap,False,14,10,3250555.84,-184121.23,2022
PGEL,2022-04-18,2022-04-25,81.8482,77.7558,2.1,3.68,9.89,-0.05,-0.053,stopped_out,True,7,5,2600444.68,-137823.57,2022
SJVN,2022-04-18,2022-05-02,26.4678,26.1217,0.69,1.87,2.12,-0.013077,-0.016077,time_exit,False,14,10,2080355.74,-33445.88,2022
SUNFLAG,2022-04-19,2022-04-20,108.7448,114.182,8.67,5.77,3.81,0.05,0.047,take_profit,False,1,1,2142981.02,100720.11,2022
OPTIEMUS,2022-04-20,2022-04-25,414.6355,393.9037,0.61,4.94,9.12,-0.05,-0.053,stopped_out,True,5,3,2550926.98,-135199.13,2022
TIINDIA,2022-04-20,2022-04-25,1720.9316,1806.9781,2.62,1.62,2.69,0.05,0.047,take_profit,False,5,3,2040741.58,95914.85,2022
RELIGARE,2022-04-25,2022-05-02,130.9154,124.3697,5.54,7.04,8.14,-0.05,-0.053,stopped_out,True,7,5,3035594.34,-160886.5,2022
NETWORK18,2022-04-25,2022-04-26,105.7528,111.0405,1.37,4.52,7.91,0.05,0.047,take_profit,False,1,1,2428475.48,114138.35,2022
CIEINDIA,2022-04-25,2022-04-26,192.9775,209.4558,8.67,8.94,2.84,0.08539,0.08239,take_profit_gap,False,1,1,1942780.38,160065.68,2022
CIEINDIA,2022-04-26,2022-05-04,216.8935,206.0488,3.4,12.14,3.45,-0.05,-0.053,stopped_out,True,8,5,2483316.28,-131615.76,2022
CHOLAFIN,2022-04-26,2022-05-04,759.0247,721.0735,2.68,2.06,5.96,-0.05,-0.053,stopped_out,True,8,5,1986653.02,-105292.61,2022
GOKEX,2022-05-02,2022-05-04,462.3262,439.2099,1.3,9.78,14.99,-0.05,-0.053,stopped_out,True,2,1,2039637.04,-108100.76,2022
SOLARINDS,2022-05-02,2022-05-04,2901.9793,3049.1003,3.66,1.7,4.29,0.050697,0.047697,take_profit_gap,False,2,1,3186932.88,152007.14,2022
HOMEFIRST,2022-05-02,2022-05-04,725.4256,761.6969,2.15,1.86,5.77,0.05,0.047,take_profit,False,2,1,2549546.31,119828.68,2022
SUMICHEM,2022-05-04,2022-05-06,440.9603,418.9123,1.04,10.72,1.95,-0.05,-0.053,stopped_out,True,2,2,3253033.66,-172410.78,2022
GMDCLTD,2022-05-04,2022-05-05,168.2405,176.6525,4.48,2.03,9.4,0.05,0.047,take_profit,False,1,1,2602426.93,122314.07,2022
DCMSHRIRAM,2022-05-04,2022-05-06,1144.1757,1086.9669,0.92,1.87,2.36,-0.05,-0.053,stopped_out,True,2,2,4066292.08,-215513.48,2022
PETRONET,2022-05-04,2022-05-18,180.7294,189.7658,1.92,1.84,2.59,0.05,0.047,take_profit,False,14,10,2081941.54,97851.25,2022
HIKAL,2022-05-05,2022-05-06,415.8109,436.6015,4.68,7.8,10.98,0.05,0.047,take_profit,False,1,1,1768401.15,83114.85,2022
TIMETECHNO,2022-05-05,2022-05-06,50.7619,48.2238,0.96,2.7,10.43,-0.05,-0.053,stopped_out,True,1,1,2210501.43,-117156.58,2022
REFEX,2022-05-09,2022-05-10,27.7678,26.3794,4.37,9.34,1.82,-0.05,-0.053,stopped_out,True,1,1,3589973.39,-190268.59,2022
DIACABS,2022-05-09,2022-05-23,18.009,18.4908,2.78,5.77,2.86,0.026751,0.023751,time_exit,False,14,10,2871978.71,68212.37,2022
REFEX,2022-05-09,2022-05-10,27.7678,26.3794,0.68,9.34,1.82,-0.05,-0.053,stopped_out,True,1,1,2297582.97,-121771.9,2022
POWERGRID,2022-05-09,2022-05-12,153.9288,146.2324,1.37,3.44,2.57,-0.05,-0.053,stopped_out,True,3,3,1838066.37,-97417.52,2022
AVANTIFEED,2022-05-12,2022-05-24,433.7231,412.0369,4.28,6.97,12.69,-0.05,-0.053,stopped_out,True,12,8,2933686.04,-155485.36,2022
KRBL,2022-05-12,2022-05-13,227.0384,215.6865,1.91,4.54,10.25,-0.05,-0.053,stopped_out,True,1,1,2346948.83,-124388.29,2022
TATAELXSI,2022-05-13,2022-05-18,7628.0489,8009.4514,11.9,3.24,9.84,0.05,0.047,take_profit,False,5,3,1857656.94,87309.88,2022
JKTYRE,2022-05-13,2022-05-18,114.5211,120.2472,1.94,1.51,3.84,0.05,0.047,take_profit,False,5,3,2322071.18,109137.35,2022
WELCORP,2022-05-18,2022-05-20,190.1052,199.6617,0.75,2.37,4.5,0.05027,0.04727,take_profit_gap,False,2,2,2797319.18,132229.28,2022
WELCORP,2022-05-18,2022-05-20,190.1052,199.6617,0.86,2.37,4.5,0.05027,0.04727,take_profit_gap,False,2,2,2237855.34,105783.42,2022
YESBANK,2022-05-18,2022-05-25,13.9069,13.2116,3.01,2.26,2.96,-0.05,-0.053,stopped_out,True,7,5,1790284.28,-94885.07,2022
KSB,2022-05-20,2022-05-30,286.5906,272.2611,3.44,5.34,6.62,-0.05,-0.053,stopped_out,True,10,6,2486864.87,-131803.84,2022
GMMPFAUDLR,2022-05-20,2022-05-26,1555.8108,1478.0203,4.3,3.32,3.13,-0.05,-0.053,stopped_out,True,6,4,1989491.89,-105443.07,2022
STARHEALTH,2022-05-23,2022-05-25,742.5711,705.4426,4.12,2.54,9.24,-0.05,-0.053,stopped_out,True,2,2,2179631.73,-115520.48,2022
ASHOKLEY,2022-05-24,2022-06-07,64.8972,64.1665,2.98,1.85,2.32,-0.011258,-0.014258,time_exit,False,14,10,2299345.52,-32784.07,2022
BALKRISIND,2022-05-25,2022-05-27,2106.3009,2211.616,2.08,2.68,4.02,0.05,0.047,take_profit,False,2,2,2591378.51,121794.79,2022
ITI,2022-05-26,2022-05-27,98.9995,94.0495,2.43,15.64,14.92,-0.05,-0.053,stopped_out,True,1,1,1959930.06,-103876.29,2022
ASTERDM,2022-05-26,2022-05-30,145.1084,152.3638,2.09,3.29,6.28,0.05,0.047,take_profit,False,4,2,2449912.57,115145.89,2022
EIDPARRY,2022-05-27,2022-05-30,516.1036,541.9088,2.64,2.33,3.69,0.05,0.047,take_profit,False,3,1,2481789.46,116644.1,2022
EIDPARRY,2022-05-27,2022-05-30,516.1036,541.9088,2.94,2.33,3.69,0.05,0.047,take_profit,False,3,1,1985431.57,93315.28,2022
JUBLFOOD,2022-05-30,2022-06-06,562.3818,534.2627,4.98,4.74,7.0,-0.05,-0.053,stopped_out,True,7,5,3507805.23,-185913.68,2022
HUDCO,2022-05-30,2022-06-13,29.7034,28.9214,3.6,3.14,2.31,-0.026326,-0.029326,time_exit,False,14,10,2806244.19,-82295.92,2022
PGEL,2022-05-30,2022-05-31,77.8142,81.7049,6.07,4.96,2.96,0.05,0.047,take_profit,False,1,1,2244995.35,105514.78,2022
GAEL,2022-05-30,2022-06-01,168.3287,159.9123,5.33,2.91,4.63,-0.05,-0.053,stopped_out,True,2,2,1795996.28,-95187.8,2022
BALKRISIND,2022-05-31,2022-06-07,2279.1698,2165.2113,0.77,3.56,2.14,-0.05,-0.053,stopped_out,True,7,5,1906899.05,-101065.65,2022
BEL,2022-06-01,2022-06-15,78.7972,76.8152,3.33,1.97,4.57,-0.025153,-0.028153,time_exit,False,14,10,1865680.93,-52524.52,2022
BAJAJ-AUTO,2022-06-06,2022-06-14,3455.0548,3282.302,0.81,2.23,4.29,-0.05,-0.053,stopped_out,True,8,6,2156923.06,-114316.92,2022
MRPL,2022-06-07,2022-06-08,106.5336,111.8603,18.08,3.74,13.25,0.05,0.047,take_profit,False,1,1,2540017.42,119380.82,2022
TIMETECHNO,2022-06-07,2022-06-09,52.4418,55.0639,0.79,3.91,4.06,0.05,0.047,take_profit,False,2,2,2032013.93,95504.65,2022
MRPL,2022-06-08,2022-06-09,116.2364,122.0482,3.73,5.14,7.18,0.05,0.047,take_profit,False,1,1,2157490.79,101402.07,2022
TIMETECHNO,2022-06-09,2022-06-13,56.3372,53.5203,3.28,3.09,9.2,-0.05,-0.053,stopped_out,True,4,2,2603274.93,-137973.57,2022
OIL,2022-06-09,2022-06-13,164.1365,155.9297,1.75,5.17,5.33,-0.05,-0.053,stopped_out,True,4,2,2082619.94,-110378.86,2022
SHILPAMED,2022-06-14,2022-06-16,224.0228,212.8217,0.5,2.18,8.08,-0.05,-0.053,stopped_out,True,2,2,3506915.32,-185866.51,2022
BLS,2022-06-14,2022-06-16,100.6058,105.6141,6.43,2.56,9.76,0.049781,0.046781,take_profit_gap,False,2,2,2805532.26,131245.6,2022
CHOICEIN,2022-06-15,2022-06-23,90.3577,94.8755,3.2,1.54,5.41,0.05,0.047,take_profit,False,8,6,2607057.09,122531.68,2022
ASAHIINDIA,2022-06-21,2022-06-22,510.2566,484.7438,3.16,6.62,14.69,-0.05,-0.053,stopped_out,True,1,1,2669768.8,-141497.75,2022
NAVA,2022-06-21,2022-06-24,82.3167,86.4326,1.3,2.44,17.26,0.05,0.047,take_profit,False,3,3,3337211.01,156848.92,2022
KSB,2022-06-22,2022-06-24,266.5629,279.8911,0.51,1.61,3.16,0.05,0.047,take_profit,False,2,2,2641469.25,124149.05,2022
ITI,2022-06-22,2022-06-23,104.2521,99.0395,6.43,8.06,16.16,-0.05,-0.053,stopped_out,True,1,1,2113175.4,-111998.3,2022
ELECON,2022-06-22,2022-06-23,133.497,140.1718,3.47,2.02,3.91,0.05,0.047,take_profit,False,1,1,1690540.32,79455.4,2022
HEROMOTOCO,2022-06-23,2022-07-06,2331.5009,2448.0759,1.89,2.47,3.95,0.05,0.047,take_profit,False,13,9,2652584.58,124671.48,2022
TVSMOTOR,2022-06-23,2022-06-28,762.4054,800.5256,3.94,1.51,3.49,0.05,0.047,take_profit,False,5,3,2122067.66,99737.18,2022
KEC,2022-06-23,2022-06-30,406.7171,386.3812,5.47,6.02,9.41,-0.05,-0.053,stopped_out,True,7,5,1697654.13,-89975.67,2022
JUBLINGREA,2022-06-24,2022-07-08,475.4258,475.3843,3.04,1.63,5.1,-8.7e-05,-0.003087,time_exit,False,14,10,2088047.16,-6445.8,2022
IMAGICAA,2022-06-24,2022-06-27,15.7579,17.2913,13.65,3.99,6.06,0.097315,0.094315,take_profit_gap,False,3,1,2610058.95,246167.71,2022
PRICOLLTD,2022-06-27,2022-07-04,127.73,134.1165,2.34,1.8,2.07,0.05,0.047,take_profit,False,7,5,2241683.06,105359.1,2022
KSB,2022-06-28,2022-07-11,289.4559,303.9287,1.09,2.55,5.2,0.05,0.047,take_profit,False,13,9,2237707.42,105172.25,2022
SOBHA,2022-06-30,2022-07-04,570.1279,541.6215,3.66,4.76,2.86,-0.05,-0.053,stopped_out,True,4,2,2111701.63,-111920.19,2022
GODREJCP,2022-07-04,2022-07-06,780.7489,819.7864,1.61,1.55,3.69,0.05,0.047,take_profit,False,2,2,2558726.02,120260.12,2022
USHAMART,2022-07-04,2022-07-07,124.4099,130.6304,3.21,1.83,5.12,0.05,0.047,take_profit,False,3,3,2046980.82,96208.1,2022
CCL,2022-07-06,2022-07-20,393.6598,402.8771,2.68,4.03,5.22,0.023415,0.020415,time_exit,False,14,10,2728833.09,55709.13,2022
CUMMINSIND,2022-07-06,2022-07-18,1044.8891,1097.1336,1.87,2.94,3.17,0.05,0.047,take_profit,False,12,8,2183066.47,102604.12,2022
PRAJIND,2022-07-07,2022-07-15,376.5334,357.7068,1.44,2.02,3.92,-0.05,-0.053,stopped_out,True,8,6,2175090.96,-115279.82,2022
LT,2022-07-08,2022-07-21,1620.2276,1701.2389,1.71,2.87,4.1,0.05,0.047,take_profit,False,13,9,2156393.04,101350.47,2022
ATGL,2022-07-11,2022-07-13,2714.9794,2850.7283,4.46,1.77,6.54,0.05,0.047,take_profit,False,2,2,2193690.37,103103.45,2022
PATELENG,2022-07-13,2022-07-15,21.4446,20.3724,3.56,2.97,3.06,-0.05,-0.053,stopped_out,True,2,2,2214311.06,-117358.49,2022
EPL,2022-07-15,2022-07-27,166.5772,157.846,1.21,3.41,7.29,-0.052416,-0.055416,stopped_out_gap,False,12,8,2602801.59,-144236.85,2022
OLECTRA,2022-07-15,2022-07-22,610.2137,640.7244,0.55,2.43,4.43,0.05,0.047,take_profit,False,7,5,2082241.27,97865.34,2022
TORNTPOWER,2022-07-18,2022-08-01,474.0954,483.0601,1.81,1.55,3.37,0.018909,0.015909,time_exit,False,14,10,2122927.14,33773.65,2022
MCX,2022-07-20,2022-08-01,273.0789,259.4249,3.15,1.68,1.98,-0.05,-0.053,stopped_out,True,12,8,2255250.15,-119528.26,2022
ABCAPITAL,2022-07-21,2022-07-29,100.05,105.0525,3.95,2.24,3.47,0.05,0.047,take_profit,False,8,6,2255748.83,106020.19,2022
GRASIM,2022-07-22,2022-08-03,1487.2925,1561.6571,0.93,2.11,3.85,0.05,0.047,take_profit,False,12,8,2240620.38,105309.16,2022
GRASIM,2022-07-27,2022-08-11,1512.2216,1592.0341,1.33,1.64,2.18,0.052778,0.049778,take_profit_gap,False,15,10,2284209.25,113703.37,2022
GMMPFAUDLR,2022-07-29,2022-08-02,1591.5344,1671.1111,9.1,11.43,10.23,0.05,0.047,take_profit,False,4,2,2299721.21,108086.9,2022
AARTIIND,2022-08-01,2022-08-17,793.9578,822.2806,1.34,2.36,2.2,0.035673,0.032673,time_exit,False,16,10,2698261.5,88160.3,2022
GUJGASLTD,2022-08-01,2022-08-04,450.9552,428.4074,1.43,2.82,4.77,-0.05,-0.053,stopped_out,True,3,3,2158609.2,-114406.29,2022
MAHABANK,2022-08-02,2022-08-10,15.9985,15.1986,0.87,2.46,4.69,-0.05,-0.053,stopped_out,True,8,5,2208448.98,-117047.8,2022
ENGINERSIN,2022-08-03,2022-08-19,63.8025,61.1269,0.65,1.78,2.88,-0.041936,-0.044936,time_exit,False,16,10,2235945.09,-100474.43,2022
JPPOWER,2022-08-04,2022-08-05,7.3037,7.6688,2.05,2.87,2.1,0.05,0.047,take_profit,False,1,1,2197596.66,103287.04,2022
BECTORFOOD,2022-08-05,2022-08-08,66.3295,69.646,1.28,3.72,3.14,0.05,0.047,take_profit,False,3,1,2218254.07,104257.94,2022
LEMONTREE,2022-08-08,2022-08-16,76.7383,72.9014,0.78,3.58,3.79,-0.05,-0.053,stopped_out,True,8,4,2239105.65,-118672.6,2022
RAINBOW,2022-08-10,2022-08-11,527.851,554.2436,10.52,9.89,12.52,0.05,0.047,take_profit,False,1,1,2209564.76,103849.54,2022
PRESTIGE,2022-08-11,2022-08-26,453.8681,460.0093,0.55,3.48,2.97,0.013531,0.010531,time_exit,False,15,10,2709917.19,28538.14,2022
SBICARD,2022-08-11,2022-08-17,932.5836,979.2128,1.41,1.81,2.96,0.05,0.047,take_profit,False,6,3,2167933.75,101892.89,2022
ADANIPORTS,2022-08-16,2022-08-19,811.6081,852.1885,2.6,1.93,4.02,0.05,0.047,take_profit,False,3,3,2158433.61,101446.38,2022
IMAGICAA,2022-08-17,2022-08-19,28.9645,31.7841,2.72,1.63,1.58,0.097348,0.094348,take_profit_gap,False,2,2,2737996.58,258324.5,2022
MAHABANK,2022-08-17,2022-09-01,16.0433,16.2511,0.56,1.64,2.29,0.012953,0.009953,time_exit,False,15,10,2190397.26,21801.02,2022
LT,2022-08-19,2022-09-05,1882.7296,1912.2268,1.34,1.91,2.21,0.015667,0.012667,time_exit,False,17,10,3230652.16,40922.67,2022
TATACOMM,2022-08-19,2022-08-25,1084.2337,1138.4454,2.67,3.09,3.11,0.05,0.047,take_profit,False,6,4,2584521.73,121472.52,2022
PGIL,2022-08-19,2022-08-23,273.3992,259.7292,2.09,4.79,3.89,-0.05,-0.053,stopped_out,True,4,2,2067617.38,-109583.72,2022
KIRLOSENG,2022-08-23,2022-08-24,182.7336,191.8703,2.66,1.79,3.73,0.05,0.047,take_profit,False,1,1,2045700.64,96147.93,2022
RHIM,2022-08-24,2022-08-30,557.0528,584.9054,0.51,2.37,3.46,0.05,0.047,take_profit,False,6,4,2064930.22,97051.72,2022
IDBI,2022-08-25,2022-08-26,40.7622,42.8003,6.39,3.92,6.03,0.05,0.047,take_profit,False,1,1,2193143.03,103077.72,2022
SURYAROSNI,2022-08-26,2022-08-29,108.9536,114.4013,15.09,9.46,18.6,0.05,0.047,take_profit,False,3,1,2761449.64,129788.13,2022
RELINFRA,2022-08-26,2022-08-29,157.4287,165.3001,5.34,4.99,11.24,0.05,0.047,take_profit,False,3,1,2209159.71,103830.51,2022
BRITANNIA,2022-08-29,2022-09-13,3553.5452,3597.9152,1.32,1.63,2.48,0.012486,0.009486,time_exit,False,15,10,2808173.37,26638.33,2022
TARC,2022-08-29,2022-09-07,43.3717,45.5403,0.92,2.46,8.51,0.05,0.047,take_profit,False,9,6,2246538.69,105587.32,2022
HAVELLS,2022-08-30,2022-09-14,1363.4228,1339.7425,1.46,1.81,3.07,-0.017368,-0.020368,time_exit,False,15,10,2229627.34,-45413.05,2022
MANINFRA,2022-09-01,2022-09-15,93.8388,94.9531,0.77,3.2,5.72,0.011874,0.008874,time_exit,False,14,10,2226141.53,19754.78,2022
WEBELSOLAR,2022-09-05,2022-09-06,9.7099,10.1953,4.69,3.57,6.88,0.05,0.047,take_profit,False,1,1,2435228.19,114455.72,2022
WOCKPHARMA,2022-09-06,2022-09-07,255.6278,268.4091,1.78,2.88,4.16,0.05,0.047,take_profit,False,1,1,2458119.34,115531.61,2022
GRSE,2022-09-07,2022-09-16,336.1173,352.9232,6.1,4.23,15.31,0.05,0.047,take_profit,False,9,7,2361320.69,110982.07,2022
WOCKPHARMA,2022-09-07,2022-09-09,278.139,264.232,2.73,4.98,9.54,-0.05,-0.053,stopped_out,True,2,2,2951650.86,-156437.5,2022
ALLCARGO,2022-09-09,2022-09-13,91.442,96.0141,7.31,3.28,10.31,0.05,0.047,take_profit,False,4,2,2448099.22,115060.66,2022
BAJAJFINSV,2022-09-13,2022-09-26,1782.708,1693.5726,0.56,2.05,1.7,-0.05,-0.053,stopped_out,True,13,9,3038073.7,-161017.91,2022
LTF,2022-09-13,2022-09-21,80.3349,76.3181,0.54,3.55,3.51,-0.05,-0.053,stopped_out,True,8,6,2430458.96,-128814.32,2022
SBIN,2022-09-14,2022-09-26,541.0135,513.9629,1.38,1.76,3.95,-0.05,-0.053,stopped_out,True,12,8,2381210.02,-126204.13,2022
JKTYRE,2022-09-15,2022-09-16,182.0472,191.1496,9.93,8.1,17.4,0.05,0.047,take_profit,False,1,1,2354147.28,110644.92,2022
TI,2022-09-16,2022-09-20,86.5608,91.8945,5.81,7.69,4.76,0.061618,0.058618,take_profit_gap,False,4,2,2870736.82,168276.85,2022
DBREALTY,2022-09-16,2022-09-20,108.8544,119.8401,4.73,8.82,2.16,0.100921,0.097921,take_profit_gap,False,4,2,2296589.45,224884.34,2022
SOLARINDS,2022-09-20,2022-09-26,3840.3015,3648.2864,1.45,3.78,5.43,-0.05,-0.053,stopped_out,True,6,4,2359495.24,-125053.25,2022
JUBLPHARMA,2022-09-20,2022-09-23,344.0037,326.8035,3.98,7.52,11.11,-0.05,-0.053,stopped_out,True,3,3,2949369.06,-156316.56,2022
ARVINDFASN,2022-09-21,2022-09-23,322.6646,306.5313,5.35,8.97,9.21,-0.05,-0.053,stopped_out,True,2,2,2347925.12,-124440.03,2022
LALPATHLAB,2022-09-23,2022-09-27,1224.8655,1286.1088,0.98,2.09,3.04,0.05,0.047,take_profit,False,4,2,2881647.61,135437.44,2022
LALPATHLAB,2022-09-23,2022-09-27,1224.8655,1286.1088,1.39,2.09,3.04,0.05,0.047,take_profit,False,4,2,2305318.09,108349.95,2022
TARIL,2022-09-26,2022-09-27,27.4523,28.825,1.09,2.33,7.96,0.05,0.047,take_profit,False,1,1,3317555.21,155925.09,2022
GUJGASLTD,2022-09-27,2022-10-03,498.5362,473.6094,1.19,1.76,4.18,-0.05,-0.053,stopped_out,True,6,4,2838330.14,-150431.5,2022
LALPATHLAB,2022-09-27,2022-09-30,1290.251,1225.7385,0.9,1.82,3.08,-0.05,-0.053,stopped_out,True,3,3,2270664.11,-120345.2,2022
IGL,2022-09-27,2022-09-30,193.6356,183.9538,2.61,2.63,6.12,-0.05,-0.053,stopped_out,True,3,3,4434890.85,-235049.21,2022
HCC,2022-09-27,2022-09-28,14.6073,13.8769,5.14,4.53,12.31,-0.05,-0.053,stopped_out,True,1,1,3547912.68,-188039.37,2022
ASTERDM,2022-09-27,2022-10-11,190.2271,199.7384,2.25,2.68,8.27,0.05,0.047,take_profit,False,14,9,1816531.29,85376.97,2022
SUNPHARMA,2022-09-28,2022-10-03,886.1647,930.4729,1.66,1.92,2.67,0.05,0.047,take_profit,False,5,3,2125199.69,99884.39,2022
MAZDOCK,2022-09-30,2022-10-03,237.6081,249.4885,4.32,1.87,6.58,0.05,0.047,take_profit,False,3,1,2970191.87,139599.02,2022
PHOENIXLTD,2022-09-30,2022-10-10,695.8595,730.6525,1.42,2.29,7.04,0.05,0.047,take_profit,False,10,5,2376153.49,111679.21,2022
COCHINSHIP,2022-10-03,2022-10-06,230.4626,241.9858,6.51,5.2,10.57,0.05,0.047,take_profit,False,3,2,3505477.52,164757.44,2022
ZYDUSLIFE,2022-10-03,2022-10-18,400.1776,405.8326,4.28,5.21,5.29,0.014131,0.011131,time_exit,False,15,10,2804382.01,31215.58,2022
GOKEX,2022-10-03,2022-10-06,366.6036,384.9337,3.18,3.43,3.97,0.05,0.047,take_profit,False,3,2,2243505.61,105444.76,2022
INDIACEM,2022-10-06,2022-10-11,278.3891,264.4697,1.67,1.73,6.41,-0.05,-0.053,stopped_out,True,5,3,2998641.55,-158928.0,2022
HINDZINC,2022-10-06,2022-10-20,214.2194,209.3424,1.83,2.14,2.84,-0.022767,-0.025767,time_exit,False,14,10,2398913.24,-61812.8,2022
GRAVITA,2022-10-10,2022-10-20,351.4895,369.0639,1.08,3.69,4.15,0.05,0.047,take_profit,False,10,8,2416697.14,113584.77,2022
JBMA,2022-10-12,2022-10-13,224.7626,213.5245,0.69,13.03,10.45,-0.05,-0.053,stopped_out,True,1,1,2305345.66,-122183.32,2022
KIRLOSENG,2022-10-12,2022-10-14,276.3633,262.5451,1.46,3.31,9.72,-0.05,-0.053,stopped_out,True,2,2,2881682.07,-152729.15,2022
RITES,2022-10-13,2022-10-14,168.4528,176.8754,4.63,3.5,9.96,0.05,0.047,take_profit,False,1,1,2280908.99,107202.72,2022
RKFORGE,2022-10-14,2022-10-18,221.0266,232.0779,3.71,4.34,3.93,0.05,0.047,take_profit,False,4,2,2848140.12,133862.59,2022
COFORGE,2022-10-14,2022-10-21,716.2638,752.077,0.99,1.58,1.68,0.05,0.047,take_profit,False,7,5,2278512.1,107090.07,2022
HAL,2022-10-18,2022-11-02,1182.3332,1188.7304,2.51,1.57,4.28,0.005411,0.002411,time_exit,False,15,10,2986329.74,7200.04,2022
WESTLIFE,2022-10-18,2022-10-27,752.7489,715.1115,1.39,2.07,3.41,-0.05,-0.053,stopped_out,True,9,6,2389063.79,-126620.38,2022
NESTLEIND,2022-10-20,2022-11-04,964.3682,986.7323,0.67,1.79,1.73,0.02319,0.02019,time_exit,False,15,10,2884727.5,58242.65,2022
PNB,2022-10-20,2022-10-25,38.4234,40.3446,0.74,2.0,3.58,0.05,0.047,take_profit,False,5,3,2307782.0,108465.75,2022
BANKINDIA,2022-10-21,2022-10-25,46.4021,48.7222,1.98,2.41,2.33,0.05,0.047,take_profit,False,4,2,2323346.03,109197.26,2022
BANKBARODA,2022-10-25,2022-11-07,135.5424,145.1277,1.25,1.83,2.81,0.070718,0.067718,take_profit_gap,False,13,8,2828435.04,191535.96,2022
BDL,2022-10-25,2022-11-02,486.2107,461.9002,0.77,2.28,3.13,-0.05,-0.053,stopped_out,True,8,5,2262748.03,-119925.65,2022
SJVN,2022-10-27,2022-11-07,33.7124,35.3981,6.21,5.91,9.35,0.05,0.047,take_profit,False,11,7,2262687.11,106346.29,2022
ALKEM,2022-11-02,2022-11-11,3209.8004,3049.3104,1.24,2.38,2.22,-0.05,-0.053,stopped_out,True,9,6,2837420.12,-150383.27,2022
REDINGTON,2022-11-02,2022-11-03,135.4543,142.227,7.1,8.3,7.17,0.05,0.047,take_profit,False,1,1,2269936.09,106687.0,2022
MIDHANI,2022-11-03,2022-11-07,246.8256,259.1669,3.12,2.37,6.21,0.05,0.047,take_profit,False,4,2,2291273.49,107689.85,2022
ASTRAMICRO,2022-11-04,2022-11-09,324.5632,340.7914,1.37,3.72,3.35,0.05,0.047,take_profit,False,5,2,2421612.82,113815.8,2022
ABCAPITAL,2022-11-07,2022-11-22,128.5642,125.6371,2.72,4.92,2.8,-0.022768,-0.025768,time_exit,False,15,10,2236725.64,-57635.95,2022
TRIDENT,2022-11-07,2022-11-10,36.0509,37.8534,5.62,2.91,3.75,0.05,0.047,take_profit,False,3,2,2795907.05,131407.63,2022
MANAPPURAM,2022-11-07,2022-11-14,100.1688,105.1773,1.12,1.72,2.2,0.05,0.047,take_profit,False,7,4,3494883.81,164259.54,2022
ADANIPORTS,2022-11-09,2022-11-23,877.2438,859.4456,0.82,2.87,3.64,-0.020289,-0.023289,time_exit,False,14,10,2296466.24,-53482.4,2022
ENDURANCE,2022-11-10,2022-11-18,1441.6316,1513.7132,1.09,3.52,4.62,0.05,0.047,take_profit,False,8,6,2422635.92,113863.89,2022
COFORGE,2022-11-11,2022-11-25,748.5929,756.8913,4.9,2.74,3.8,0.011085,0.008085,time_exit,False,14,10,2475516.11,20014.55,2022
AKZOINDIA,2022-11-14,2022-11-28,2070.8481,2031.156,1.17,2.52,2.85,-0.019167,-0.022167,time_exit,False,14,10,2712241.56,-60122.26,2022
IOB,2022-11-18,2022-11-21,21.3607,22.4287,3.51,2.79,4.91,0.05,0.047,take_profit,False,3,1,2677093.21,125823.38,2022
EASEMYTRIP,2022-11-21,2022-11-22,28.5919,30.0215,17.71,5.27,8.11,0.05,0.047,take_profit,False,1,1,2702257.88,127006.12,2022
UCOBANK,2022-11-22,2022-11-23,20.5793,19.5503,3.82,5.78,8.55,-0.05,-0.053,stopped_out,True,1,1,3163477.05,-167664.28,2022
BECTORFOOD,2022-11-22,2022-11-29,82.4156,86.5364,3.04,1.67,3.07,0.05,0.047,take_profit,False,7,5,2530781.64,118946.74,2022
RCF,2022-11-23,2022-11-24,108.5089,113.9343,7.52,10.81,11.51,0.05,0.047,take_profit,False,1,1,2457907.7,115521.66,2022
NBCC,2022-11-23,2022-12-07,27.0755,26.7562,5.04,6.32,8.46,-0.011793,-0.014793,time_exit,False,14,10,3072384.63,-45449.79,2022
WELSPUNLIV,2022-11-24,2022-12-08,79.2977,78.3804,2.18,6.44,4.55,-0.011568,-0.014568,time_exit,False,14,10,2481012.04,-36143.38,2022
RATEGAIN,2022-11-25,2022-11-30,306.103,290.7978,1.96,2.87,6.71,-0.05,-0.053,stopped_out,True,5,3,2483915.76,-131647.54,2022
DBL,2022-11-28,2022-12-05,232.2272,243.8385,4.1,2.18,4.51,0.05,0.047,take_profit,False,7,5,2517556.47,118325.15,2022
CCL,2022-11-29,2022-12-05,526.1987,499.8888,3.71,4.23,3.68,-0.05,-0.053,stopped_out,True,6,4,2543990.85,-134831.52,2022
CIPLA,2022-11-30,2022-12-14,1109.6831,1082.3588,0.89,1.55,1.65,-0.024624,-0.027624,time_exit,False,14,10,2505646.32,-69215.97,2022
ABCAPITAL,2022-12-05,2022-12-16,158.7293,150.7929,2.05,2.42,4.03,-0.05,-0.053,stopped_out,True,11,9,3013525.25,-159716.84,2022
SOBHA,2022-12-05,2022-12-07,664.8491,631.6066,1.47,3.79,4.47,-0.05,-0.053,stopped_out,True,2,2,2410820.2,-127773.47,2022
UCOBANK,2022-12-07,2022-12-08,21.8563,22.9491,2.47,1.68,4.22,0.05,0.047,take_profit,False,1,1,2990652.48,140560.67,2022
HINDUNILVR,2022-12-07,2022-12-21,2563.7554,2522.2644,0.95,1.54,1.78,-0.016184,-0.019184,time_exit,False,14,10,2392521.98,-45898.14,2022
IOB,2022-12-08,2022-12-09,25.6128,26.8934,1.56,2.64,5.35,0.05,0.047,take_profit,False,1,1,3029233.94,142374.0,2022
JKLAKSHMI,2022-12-08,2022-12-14,834.8297,876.5712,2.15,5.05,5.41,0.05,0.047,take_profit,False,6,4,2423387.15,113899.2,2022
VGUARD,2022-12-09,2022-12-19,257.272,270.1356,1.17,8.46,2.56,0.05,0.047,take_profit,False,10,6,2573031.31,120932.47,2022
CUB,2022-12-14,2022-12-16,197.9614,188.0633,0.56,2.63,2.94,-0.05,-0.053,stopped_out,True,2,2,3053168.39,-161817.92,2022
PCBL,2022-12-14,2022-12-21,124.7096,118.4742,2.22,4.64,3.55,-0.05,-0.053,stopped_out,True,7,5,2442534.71,-129454.34,2022
FACT,2022-12-16,2022-12-19,267.8006,281.1906,12.46,6.56,17.73,0.05,0.047,take_profit,False,3,1,3103059.54,145843.8,2022
NAVA,2022-12-16,2022-12-21,105.2889,110.5533,5.08,10.69,2.12,0.05,0.047,take_profit,False,5,3,2482447.64,116675.04,2022
SCI,2022-12-19,2022-12-20,132.2053,138.8155,5.49,3.07,7.8,0.05,0.047,take_profit,False,1,1,3174531.53,149202.98,2022
JKPAPER,2022-12-19,2022-12-20,402.8035,422.9437,1.65,3.27,2.82,0.05,0.047,take_profit,False,1,1,2539625.23,119362.39,2022
JAIBALAJI,2022-12-20,2022-12-21,11.7159,12.3016,5.81,8.25,19.37,0.05,0.047,take_profit,False,1,1,3228244.61,151727.5,2022
SUDARSCHEM,2022-12-20,2022-12-22,391.5485,371.9711,0.57,8.67,5.61,-0.05,-0.053,stopped_out,True,2,2,2582595.69,-136877.57,2022
IPCALAB,2022-12-21,2022-12-26,890.3123,845.7967,0.65,3.41,3.5,-0.05,-0.053,stopped_out,True,5,3,2147244.21,-113803.94,2022
DIVISLAB,2022-12-21,2023-01-04,3455.2744,3370.2037,3.17,3.6,4.88,-0.024621,-0.027621,time_exit,False,14,10,2684055.26,-74136.29,2023
LUPIN,2022-12-21,2023-01-04,740.6215,723.3869,2.51,1.81,3.28,-0.02327,-0.02627,time_exit,False,14,10,4193836.35,-110172.08,2023
THYROCARE,2022-12-21,2022-12-22,216.0979,205.293,0.68,15.71,13.45,-0.05,-0.053,stopped_out,True,1,1,3355069.08,-177818.66,2022
USHAMART,2022-12-23,2022-12-26,140.6836,147.7177,0.9,2.58,3.94,0.05,0.047,take_profit,False,3,1,2842389.07,133592.29,2022
USHAMART,2022-12-26,2022-12-27,164.9697,173.2182,12.59,6.39,15.81,0.05,0.047,take_profit,False,1,1,3275795.58,153962.39,2022
YESBANK,2022-12-26,2022-12-27,19.6098,20.5903,3.57,1.83,11.36,0.05,0.047,take_profit,False,1,1,2620636.47,123169.91,2022
EASEMYTRIP,2022-12-26,2023-01-04,27.2696,25.9061,4.3,1.91,21.44,-0.05,-0.053,stopped_out,True,9,7,2096509.17,-111114.99,2023
JINDALSTEL,2022-12-27,2023-01-09,572.117,600.7229,5.47,3.69,7.64,0.05,0.047,take_profit,False,13,9,2911920.21,136860.25,2023
HINDALCO,2022-12-27,2023-01-10,462.121,468.0792,3.94,1.92,5.15,0.012893,0.009893,time_exit,False,14,10,2329536.17,23046.1,2023
CARBORUNIV,2023-01-04,2023-01-18,919.6123,909.8056,1.17,5.26,5.48,-0.010664,-0.013664,time_exit,False,14,10,2879539.54,-39346.03,2023
ANANDRATHI,2023-01-04,2023-01-05,350.8035,368.3437,2.07,6.81,1.66,0.05,0.047,take_profit,False,1,1,3599424.42,169172.95,2023
SHRIPISTON,2023-01-04,2023-01-06,651.5323,692.2864,5.1,2.38,3.28,0.062551,0.059551,take_profit_gap,False,2,2,2303631.63,137183.57,2023
BALKRISIND,2023-01-05,2023-01-19,2133.8003,2170.5389,1.72,4.64,2.08,0.017217,0.014217,time_exit,False,14,10,2596624.78,36916.21,2023
PAYTM,2023-01-06,2023-01-10,551.6257,579.2069,3.23,2.1,2.1,0.05,0.047,take_profit,False,4,2,2565462.86,120576.75,2023
CGPOWER,2023-01-09,2023-01-12,286.0742,300.378,4.94,4.54,6.42,0.05,0.047,take_profit,False,3,3,2662126.38,125119.94,2023
SYNGENE,2023-01-10,2023-01-24,609.8415,579.3494,1.49,1.72,2.01,-0.05,-0.053,stopped_out,True,14,10,3137425.48,-166283.55,2023
HINDCOPPER,2023-01-10,2023-01-16,121.4023,127.4724,2.27,3.69,3.09,0.05,0.047,take_profit,False,6,4,2509940.38,117967.2,2023
PVRINOX,2023-01-12,2023-01-16,1754.2267,1666.5153,0.86,2.33,2.43,-0.05,-0.053,stopped_out,True,4,2,2565401.57,-135966.28,2023
ADANIGREEN,2023-01-16,2023-01-19,2090.8449,1986.3027,1.35,5.3,8.55,-0.05,-0.053,stopped_out,True,3,3,2451031.87,-129904.69,2023
HEG,2023-01-16,2023-01-24,211.6183,201.0373,1.23,3.69,4.15,-0.05,-0.053,stopped_out,True,8,6,3063789.83,-162380.86,2023
HDFCBANK,2023-01-18,2023-02-02,788.2098,771.0945,1.34,1.79,2.01,-0.021714,-0.024714,time_exit,False,15,10,2528864.19,-62498.35,2023
DATAMATICS,2023-01-19,2023-01-27,300.2528,285.2402,6.23,11.64,11.16,-0.05,-0.053,stopped_out,True,8,5,3014024.99,-159743.32,2023
SARDAEN,2023-01-19,2023-01-23,114.1021,108.397,1.24,1.57,3.13,-0.05,-0.053,stopped_out,True,4,2,2411219.99,-127794.66,2023
GAIL,2023-01-23,2023-01-30,88.8099,84.3694,2.35,2.78,2.25,-0.05,-0.053,stopped_out,True,7,4,2385661.06,-126440.04,2023
MARUTI,2023-01-24,2023-02-08,8449.8801,8573.3128,2.28,2.21,2.94,0.014608,0.011608,time_exit,False,15,10,3083039.03,35787.92,2023
AMBER,2023-01-24,2023-01-27,2044.0716,1941.868,1.1,5.56,4.22,-0.05,-0.053,stopped_out,True,3,2,2466431.22,-130720.85,2023
BAJAJ-AUTO,2023-01-27,2023-02-02,3697.286,3512.4217,2.0,6.78,2.25,-0.05,-0.053,stopped_out,True,6,4,3011143.38,-159590.6,2023
BAJAJ-AUTO,2023-01-27,2023-02-02,3697.286,3512.4217,3.6,6.78,2.25,-0.05,-0.053,stopped_out,True,6,4,2408914.71,-127672.48,2023
JINDALSAW,2023-01-30,2023-02-01,59.8599,62.8529,2.06,1.89,5.25,0.05,0.047,take_profit,False,2,2,2378975.97,111811.87,2023
INDHOTEL,2023-02-01,2023-02-15,324.0743,312.2056,2.54,6.05,2.74,-0.036623,-0.039623,time_exit,False,14,10,2401338.34,-95148.23,2023
CLEAN,2023-02-02,2023-02-16,1461.5852,1445.5573,3.1,4.7,7.64,-0.010966,-0.013966,time_exit,False,14,10,3440902.85,-48055.65,2023
BBTC,2023-02-02,2023-02-15,933.1429,886.4858,1.68,9.1,4.75,-0.05,-0.053,stopped_out,True,13,9,2752722.28,-145894.28,2023
BLUESTARCO,2023-02-02,2023-02-13,654.3446,687.0619,3.81,3.17,5.13,0.05,0.047,take_profit,False,11,7,2202177.82,103502.36,2023
PGIL,2023-02-08,2023-02-09,207.5381,221.204,9.39,9.17,4.24,0.065847,0.062847,take_profit_gap,False,1,1,2385507.65,149922.0,2023
TRENT,2023-02-09,2023-02-23,1338.5212,1323.5314,1.24,4.71,4.02,-0.011199,-0.014199,time_exit,False,14,10,2415492.05,-34297.57,2023
VAIBHAVGBL,2023-02-13,2023-02-20,293.2455,307.9077,1.68,3.64,3.35,0.05,0.047,take_profit,False,7,5,2393529.67,112495.89,2023
TECHM,2023-02-15,2023-02-16,977.3112,1026.1767,4.51,2.86,5.57,0.05,0.047,take_profit,False,1,1,2317941.89,108943.27,2023
TORNTPOWER,2023-02-15,2023-02-28,462.6753,485.809,4.98,11.31,2.02,0.05,0.047,take_profit,False,13,9,2897427.36,136179.09,2023
HAL,2023-02-16,2023-02-23,1281.3271,1217.2608,4.73,3.19,6.87,-0.05,-0.053,stopped_out,True,7,5,3018299.98,-159969.9,2023
SRF,2023-02-16,2023-02-27,2306.4488,2191.1264,1.96,1.51,3.02,-0.05,-0.053,stopped_out,True,11,7,2414639.99,-127975.92,2023
JBMA,2023-02-20,2023-02-23,289.775,275.2862,2.55,3.5,4.02,-0.05,-0.053,stopped_out,True,3,3,2432917.1,-128944.61,2023
USHAMART,2023-02-23,2023-02-27,176.7463,167.909,1.11,2.11,7.81,-0.05,-0.053,stopped_out,True,4,2,3455033.09,-183116.75,2023
PRSMJOHNSN,2023-02-23,2023-02-27,108.104,102.6988,1.06,6.3,5.88,-0.05,-0.053,stopped_out,True,4,2,2764026.47,-146493.4,2023
BDL,2023-02-23,2023-03-10,478.3665,454.4482,2.07,2.38,4.64,-0.05,-0.053,stopped_out,True,15,10,2211221.18,-117194.72,2023
OLECTRA,2023-02-27,2023-02-28,535.9869,509.1875,1.14,11.29,6.53,-0.05,-0.053,stopped_out,True,1,1,2723359.71,-144338.06,2023
TIINDIA,2023-02-27,2023-02-28,2652.6689,2785.3024,1.36,1.6,3.68,0.05,0.047,take_profit,False,1,1,3404199.64,159997.38,2023
EQUITASBNK,2023-02-28,2023-03-03,69.9171,73.4129,1.61,2.8,2.14,0.05,0.047,take_profit,False,3,3,2055195.03,96594.17,2023
BERGEPAINT,2023-02-28,2023-03-15,474.7815,483.7587,2.91,1.74,4.81,0.018908,0.015908,time_exit,False,15,10,2568993.79,40867.55,2023
ABCAPITAL,2023-02-28,2023-03-02,145.9229,153.2191,1.92,1.57,3.04,0.05,0.047,take_profit,False,2,2,4014052.79,188660.48,2023
PHOENIXLTD,2023-02-28,2023-03-08,687.9018,653.5067,0.9,1.99,4.52,-0.05,-0.053,stopped_out,True,8,5,3211242.23,-170195.84,2023
TEGA,2023-03-02,2023-03-09,663.9856,697.1849,1.88,2.11,4.13,0.05,0.047,take_profit,False,7,4,2484698.68,116780.84,2023
IMAGICAA,2023-03-03,2023-03-06,49.2746,51.7384,12.39,8.23,16.16,0.05,0.047,take_profit,False,3,1,2418116.78,113651.49,2023
GODREJIND,2023-03-06,2023-03-13,437.4186,415.5477,2.41,2.42,3.85,-0.05,-0.053,stopped_out,True,7,4,2440847.08,-129364.9,2023
NCC,2023-03-08,2023-03-16,94.7533,99.4909,4.76,5.81,4.6,0.05,0.047,take_profit,False,8,6,2560886.94,120361.69,2023
JBMA,2023-03-09,2023-03-10,311.9694,327.5679,3.36,2.87,4.76,0.05,0.047,take_profit,False,1,1,2569005.46,120743.26,2023
SEQUENT,2023-03-10,2023-03-13,80.8904,76.8459,17.34,11.26,6.38,-0.05,-0.053,stopped_out,True,3,1,2409567.52,-127707.08,2023
KSB,2023-03-10,2023-03-16,410.3604,389.8424,1.82,6.03,6.05,-0.05,-0.053,stopped_out,True,6,4,3011959.4,-159633.85,2023
ZENTEC,2023-03-14,2023-03-16,292.9378,278.2909,1.99,2.51,12.0,-0.05,-0.053,stopped_out,True,2,2,2846322.54,-150855.09,2023
PETRONET,2023-03-15,2023-03-24,211.3512,200.7836,2.07,1.73,2.47,-0.05,-0.053,stopped_out,True,9,7,2799030.3,-148348.61,2023
IEX,2023-03-15,2023-03-24,143.6796,136.4956,1.55,3.63,2.89,-0.05,-0.053,stopped_out,True,9,7,2239224.24,-118678.88,2023
TITAN,2023-03-16,2023-03-31,2428.3801,2489.8599,0.88,2.42,1.53,0.025317,0.022317,time_exit,False,15,10,3437187.72,76707.72,2023
VARROC,2023-03-16,2023-03-22,276.4385,262.6166,2.17,1.85,2.61,-0.05,-0.053,stopped_out,True,6,4,2749750.17,-145736.76,2023
TITAN,2023-03-16,2023-03-31,2428.3801,2489.8599,1.37,2.42,1.53,0.025317,0.022317,time_exit,False,15,10,2199800.14,49092.94,2023
CHOICEIN,2023-03-22,2023-03-23,137.3436,144.2108,4.53,3.35,6.27,0.05,0.047,take_profit,False,1,1,2280642.79,107190.21,2023
COROMANDEL,2023-03-23,2023-03-29,876.2503,832.4378,0.7,3.4,2.66,-0.05,-0.053,stopped_out,True,6,4,2302080.84,-122010.28,2023
CYIENT,2023-03-24,2023-04-05,943.8979,991.0928,3.69,6.46,6.24,0.05,0.047,take_profit,False,12,6,2236728.06,105126.22,2023
GESHIP,2023-03-24,2023-03-31,562.8089,590.9493,2.39,2.28,3.35,0.05,0.047,take_profit,False,7,4,2795910.08,131407.77,2023
JKCEMENT,2023-03-29,2023-04-18,2928.3206,2973.1055,1.53,2.05,3.91,0.015294,0.012294,time_exit,False,20,10,2225396.56,27359.03,2023
SANSERA,2023-03-31,2023-04-19,742.8129,720.6756,1.09,2.96,3.1,-0.029802,-0.032802,time_exit,False,19,10,3518338.52,-115408.54,2023
PGIL,2023-03-31,2023-04-18,196.9723,206.8209,0.89,4.82,2.44,0.05,0.047,take_profit,False,18,9,2814670.82,132289.53,2023
APOLLOTYRE,2023-03-31,2023-04-19,307.6149,322.9956,1.03,1.66,2.17,0.05,0.047,take_profit,False,19,10,2251736.65,105831.62,2023
ANANTRAJ,2023-04-05,2023-04-12,132.6144,139.2451,1.03,2.22,5.96,0.05,0.047,take_profit,False,7,4,2269760.18,106678.73,2023
KPIGREEN,2023-04-12,2023-04-17,98.5797,103.5087,0.73,1.53,1.6,0.05,0.047,take_profit,False,5,2,2291095.93,107681.51,2023
SONACOMS,2023-04-17,2023-04-28,451.4447,474.0169,2.72,1.59,3.45,0.05,0.047,take_profit,False,11,9,2312632.23,108693.71,2023
IDFCFIRSTB,2023-04-18,2023-04-27,56.3438,59.161,1.68,2.02,2.45,0.05,0.047,take_profit,False,9,7,2312039.17,108665.84,2023
IDFCFIRSTB,2023-04-18,2023-04-27,56.3438,59.161,1.63,2.02,2.45,0.05,0.047,take_profit,False,9,7,2890048.97,135832.3,2023
BIKAJI,2023-04-19,2023-05-04,372.9548,369.2492,1.83,9.7,3.55,-0.009936,-0.012936,time_exit,False,15,10,3001730.99,-38830.39,2023
LEMONTREE,2023-04-19,2023-04-20,82.9915,87.141,3.25,3.18,4.54,0.05,0.047,take_profit,False,1,1,2401384.79,112865.09,2023
RVNL,2023-04-20,2023-04-24,76.0348,79.8365,1.17,1.91,2.94,0.05,0.047,take_profit,False,4,2,2423957.81,113926.02,2023
KFINTECH,2023-04-24,2023-05-04,305.9038,321.1989,2.67,2.69,3.27,0.05,0.047,take_profit,False,10,7,2446743.01,114996.92,2023
CENTRALBK,2023-04-27,2023-05-02,28.423,30.3528,5.86,2.6,3.76,0.067897,0.064897,take_profit_gap,False,5,2,3046711.67,197722.45,2023
GESHIP,2023-04-27,2023-05-12,599.1307,609.3366,1.25,1.62,2.41,0.017034,0.014034,time_exit,False,15,10,2437369.33,34206.04,2023
TDPOWERSYS,2023-04-28,2023-05-05,172.9343,181.581,1.75,1.77,2.2,0.05,0.047,take_profit,False,7,4,2434160.66,114405.55,2023
IRB,2023-05-02,2023-05-16,28.033,28.3974,0.55,2.43,1.96,0.012997,0.009997,time_exit,False,14,10,2596215.35,25954.36,2023
COROMANDEL,2023-05-04,2023-05-18,954.7206,906.9846,0.7,2.45,3.18,-0.05,-0.053,stopped_out,True,14,10,2545520.31,-134912.58,2023
IONEXCHANG,2023-05-04,2023-05-08,357.907,375.8024,4.46,3.25,6.34,0.05,0.047,take_profit,False,4,2,3181900.39,149549.32,2023
HAPPSTMNDS,2023-05-05,2023-05-19,850.8188,853.4307,0.8,8.37,5.13,0.00307,7e-05,time_exit,False,14,10,2546129.49,178.23,2023
ASTRAL,2023-05-08,2023-05-16,1533.9896,1637.0956,0.86,1.58,1.85,0.067214,0.064214,take_profit_gap,False,8,6,2703193.53,173582.87,2023
ADVENZYMES,2023-05-12,2023-05-15,276.3113,290.1269,0.52,4.74,5.02,0.05,0.047,take_profit,False,3,1,2656869.9,124872.89,2023
UJJIVANSFB,2023-05-15,2023-05-16,31.5405,33.1175,5.45,4.36,6.45,0.05,0.047,take_profit,False,1,1,2681844.48,126046.69,2023
HUDCO,2023-05-16,2023-05-23,53.3277,50.6613,3.16,4.58,6.35,-0.05,-0.053,stopped_out,True,7,5,3806843.04,-201762.68,2023
ASTRAL,2023-05-16,2023-05-26,1676.0001,1759.8001,3.69,9.16,2.27,0.05,0.047,take_profit,False,10,8,3045474.43,143137.3,2023
BDL,2023-05-16,2023-05-25,520.1126,494.107,2.6,2.04,3.4,-0.05,-0.053,stopped_out,True,9,7,2436379.54,-129128.12,2023
TEGA,2023-05-18,2023-05-24,744.1441,781.3513,3.68,7.34,8.87,0.05,0.047,take_profit,False,6,4,2431225.18,114267.58,2023
ADANIPORTS,2023-05-19,2023-05-22,677.6285,711.5099,0.5,1.57,3.63,0.05,0.047,take_profit,False,3,1,2454241.69,115349.36,2023
ELGIEQUIP,2023-05-22,2023-05-31,551.8803,524.2863,9.64,10.84,14.95,-0.05,-0.053,stopped_out,True,9,7,2477311.56,-131297.51,2023
BALKRISIND,2023-05-23,2023-05-29,2365.7152,2247.4295,2.85,4.35,4.74,-0.05,-0.053,stopped_out,True,6,4,2702865.32,-143251.86,2023
AMBER,2023-05-24,2023-06-07,2131.5152,2132.7832,0.8,1.51,4.69,0.000595,-0.002405,time_exit,False,14,10,2671390.81,-6424.69,2023
SKYGOLD,2023-05-25,2023-05-26,40.8456,38.8034,7.74,9.29,18.89,-0.05,-0.053,stopped_out,True,1,1,2598562.93,-137723.84,2023
KTKBANK,2023-05-26,2023-05-29,133.6181,140.299,4.35,3.0,3.57,0.05,0.047,take_profit,False,3,1,3208740.51,150810.8,2023
BORORENEW,2023-05-26,2023-05-31,513.8068,539.4971,4.51,4.49,5.95,0.05,0.047,take_profit,False,5,3,2566992.41,120648.64,2023
PRINCEPIPE,2023-05-29,2023-06-12,635.5678,667.3462,3.36,9.54,4.05,0.05,0.047,take_profit,False,14,10,2589941.51,121727.25,2023
AHLUCONT,2023-05-29,2023-06-12,579.6027,585.7591,6.69,8.61,3.31,0.010622,0.007622,time_exit,False,14,10,3237426.88,24675.67,2023
ICIL,2023-05-31,2023-06-01,169.1285,177.5849,6.3,9.22,3.56,0.05,0.047,take_profit,False,1,1,3078684.22,144698.16,2023
TORNTPHARM,2023-05-31,2023-06-14,1780.2566,1774.3114,2.32,9.27,4.96,-0.00334,-0.00634,time_exit,False,14,10,2462947.38,-15615.09,2023
WELSPUNLIV,2023-06-01,2023-06-05,95.0388,99.7908,1.74,1.62,3.88,0.05,0.047,take_profit,False,4,2,2615034.38,122906.62,2023
TATACHEM,2023-06-05,2023-06-19,954.3519,953.7111,0.94,5.51,1.63,-0.000671,-0.003671,time_exit,False,14,10,2639615.7,-9690.03,2023
ITI,2023-06-07,2023-06-12,113.6068,107.9264,1.06,4.34,4.65,-0.05,-0.053,stopped_out,True,5,3,2644685.79,-140168.35,2023
INTELLECT,2023-06-12,2023-06-26,590.1978,601.4455,1.59,1.71,2.98,0.019057,0.016057,time_exit,False,14,10,2439300.08,39167.84,2023
USHAMART,2023-06-12,2023-06-13,265.095,278.3497,6.51,4.07,5.14,0.05,0.047,take_profit,False,1,1,3811406.38,179136.1,2023
NAZARA,2023-06-12,2023-06-13,165.3451,173.6124,4.24,3.49,4.48,0.05,0.047,take_profit,False,1,1,3049125.1,143308.88,2023
ARVIND,2023-06-13,2023-06-27,125.2867,126.0046,2.54,1.68,5.61,0.00573,0.00273,time_exit,False,14,10,2710428.29,7399.47,2023
GPIL,2023-06-13,2023-06-14,422.0505,443.153,4.74,5.09,4.21,0.05,0.047,take_profit,False,1,1,3388035.36,159237.66,2023
BLS,2023-06-14,2023-06-22,191.9824,201.5815,1.99,2.11,4.26,0.05,0.047,take_profit,False,8,6,3367263.69,158261.39,2023
IMAGICAA,2023-06-14,2023-06-15,47.1736,51.4243,10.18,5.83,7.16,0.090108,0.087108,take_profit_gap,False,1,1,2693810.95,234652.48,2023
FORTIS,2023-06-15,2023-06-30,304.1866,312.921,3.17,3.64,3.31,0.028714,0.025714,time_exit,False,15,10,2740741.45,70475.43,2023
BORORENEW,2023-06-19,2023-06-23,549.0244,521.5732,1.37,3.32,3.54,-0.05,-0.053,stopped_out,True,4,4,2718578.29,-144084.65,2023
BSE,2023-06-22,2023-07-03,196.5961,206.426,2.24,6.08,2.94,0.05,0.047,take_profit,False,11,6,2879967.65,135358.48,2023
NATCOPHARM,2023-06-23,2023-07-03,659.9779,692.9768,6.87,5.28,7.34,0.05,0.047,take_profit,False,10,5,2818872.85,132487.02,2023
ZENTEC,2023-06-26,2023-07-11,418.1689,439.0773,0.84,1.71,6.83,0.05,0.047,take_profit,False,15,10,2750791.87,129287.22,2023
ELECON,2023-06-27,2023-07-03,292.7101,307.3456,1.88,2.87,6.25,0.05,0.047,take_profit,False,6,3,2744199.04,128977.36,2023
KFINTECH,2023-06-30,2023-07-10,366.3829,348.0637,1.92,5.88,6.84,-0.05,-0.053,stopped_out,True,10,6,2757602.61,-146152.94,2023
CAMS,2023-07-03,2023-07-17,436.7068,432.3978,2.18,6.46,2.44,-0.009867,-0.012867,time_exit,False,14,10,3974054.57,-51134.16,2023
LTF,2023-07-03,2023-07-06,131.3571,124.7892,1.75,3.66,5.61,-0.05,-0.053,stopped_out,True,3,3,3179243.66,-168499.91,2023
CANBK,2023-07-03,2023-07-07,59.9024,62.8975,4.51,3.49,5.12,0.05,0.047,take_profit,False,4,4,2543394.92,119539.56,2023
BSE,2023-07-06,2023-07-12,229.9189,241.4148,1.64,3.82,3.29,0.05,0.047,take_profit,False,6,4,2636864.69,123932.64,2023
SOUTHBANK,2023-07-07,2023-07-12,20.8935,21.9381,1.84,3.03,6.11,0.05,0.047,take_profit,False,5,3,2642078.65,124177.7,2023
ASHOKA,2023-07-10,2023-07-12,86.6933,91.028,3.0,5.57,5.16,0.05,0.047,take_profit,False,2,2,2635952.85,123889.78,2023
ELECON,2023-07-11,2023-07-14,358.7642,376.7024,10.39,8.58,13.72,0.05,0.047,take_profit,False,3,3,2684778.1,126184.57,2023
RBLBANK,2023-07-12,2023-07-14,193.9654,203.6637,0.61,1.76,2.71,0.05,0.047,take_profit,False,2,2,3044161.39,143075.59,2023
BRIGADE,2023-07-12,2023-07-26,576.7969,565.8546,1.95,1.87,3.73,-0.018971,-0.021971,time_exit,False,14,10,2435329.11,-53506.62,2023
NLCINDIA,2023-07-12,2023-07-25,109.5707,115.0492,2.08,1.94,4.1,0.05,0.047,take_profit,False,13,9,3805201.74,178844.48,2023
PERSISTENT,2023-07-14,2023-07-25,2425.4055,2304.1352,0.69,2.33,2.18,-0.05,-0.053,stopped_out,True,11,7,3147903.22,-166838.87,2023
FSL,2023-07-14,2023-07-17,129.1167,135.5726,4.82,3.83,3.71,0.05,0.047,take_profit,False,3,1,2518322.58,118361.16,2023
INDUSTOWER,2023-07-17,2023-07-26,171.6358,180.2176,2.42,2.25,4.25,0.05,0.047,take_profit,False,9,7,3326578.89,156349.21,2023
COCHINSHIP,2023-07-17,2023-07-25,321.0009,337.051,0.72,2.94,4.37,0.05,0.047,take_profit,False,8,6,2661263.11,125079.37,2023
JYOTHYLAB,2023-07-25,2023-07-26,285.95,300.4924,18.03,10.66,19.05,0.050857,0.047857,take_profit_gap,False,1,1,4079301.1,195223.11,2023
HINDALCO,2023-07-25,2023-08-08,441.0263,445.7313,1.97,1.57,3.06,0.010668,0.007668,time_exit,False,14,10,3263440.88,25024.06,2023
HEG,2023-07-25,2023-07-31,323.2067,339.367,2.71,5.61,3.92,0.05,0.047,take_profit,False,6,4,2610752.7,122705.38,2023
KEC,2023-07-26,2023-07-28,667.462,634.0889,1.36,2.21,4.07,-0.05,-0.053,stopped_out,True,2,2,2634532.56,-139630.23,2023
RBLBANK,2023-07-26,2023-07-27,235.2765,247.0403,2.09,2.11,6.19,0.05,0.047,take_profit,False,1,1,3293165.7,154778.79,2023
IRCON,2023-07-26,2023-07-28,92.4494,87.8269,0.62,1.84,5.39,-0.05,-0.053,stopped_out,True,2,2,4116457.12,-218172.23,2023
SPARC,2023-07-27,2023-07-31,234.117,245.8228,1.73,1.67,2.01,0.05,0.047,take_profit,False,4,2,2797214.95,131469.1,2023
MAHLIFE,2023-07-28,2023-08-11,504.7884,511.1005,3.86,3.16,5.01,0.012504,0.009504,time_exit,False,14,10,3516409.4,33419.95,2023
JMFINANCIL,2023-07-28,2023-08-02,72.7806,76.4196,0.78,6.64,3.78,0.05,0.047,take_profit,False,5,3,2813127.52,132216.99,2023
EMAMILTD,2023-07-31,2023-08-02,438.1014,416.1963,1.56,3.75,2.35,-0.05,-0.053,stopped_out,True,2,2,3382930.44,-179295.31,2023
LAURUSLABS,2023-07-31,2023-08-03,350.4005,367.9206,0.91,2.73,3.83,0.05,0.047,take_profit,False,3,3,2706344.35,127198.18,2023
SAMMAANCAP,2023-08-02,2023-08-03,130.3919,136.9114,2.82,3.46,5.34,0.05,0.047,take_profit,False,1,1,3394871.41,159558.96,2023
STARCEMENT,2023-08-02,2023-08-03,157.5055,165.3808,8.51,10.91,9.07,0.05,0.047,take_profit,False,1,1,2715897.13,127647.17,2023
VAIBHAVGBL,2023-08-03,2023-08-04,347.1773,364.5362,2.78,2.91,2.04,0.05,0.047,take_profit,False,1,1,2572173.53,120892.16,2023
FDC,2023-08-03,2023-08-08,364.6438,382.876,4.71,12.29,8.1,0.05,0.047,take_profit,False,5,3,4019021.15,188893.99,2023
AUROPHARMA,2023-08-03,2023-08-09,833.9279,875.6243,1.43,1.85,2.62,0.05,0.047,take_profit,False,6,4,3215216.92,151115.2,2023
GRAPHITE,2023-08-04,2023-08-07,426.7263,448.0626,5.34,2.03,5.33,0.05,0.047,take_profit,False,3,1,2596351.96,122028.54,2023
SEQUENT,2023-08-07,2023-08-11,99.2996,94.3346,6.6,2.72,6.78,-0.05,-0.053,stopped_out,True,4,4,2620757.67,-138900.16,2023
VIPIND,2023-08-08,2023-08-10,656.9157,689.7615,2.2,4.48,5.1,0.05,0.047,take_profit,False,2,2,3595882.15,169006.46,2023
NLCINDIA,2023-08-08,2023-08-09,117.6309,123.5124,2.04,1.51,3.38,0.05,0.047,take_profit,False,1,1,2876705.72,135205.17,2023
JSWENERGY,2023-08-09,2023-08-10,312.1411,327.7481,6.35,4.37,8.05,0.05,0.047,take_profit,False,1,1,3577013.18,168119.62,2023
JBCHEPHARM,2023-08-09,2023-08-18,1321.7156,1255.6298,4.42,4.1,6.31,-0.05,-0.053,stopped_out,True,9,6,2861610.54,-151665.36,2023
SOLARINDS,2023-08-10,2023-08-17,4104.0036,4309.2038,1.7,2.03,3.46,0.05,0.047,take_profit,False,7,4,3033034.17,142552.61,2023
BANCOINDIA,2023-08-10,2023-08-16,195.8642,205.6574,3.34,3.35,6.39,0.05,0.047,take_profit,False,6,3,3791292.72,178190.76,2023
ELECON,2023-08-11,2023-08-17,415.3289,394.5624,3.04,1.86,5.82,-0.05,-0.053,stopped_out,True,6,3,3632764.71,-192536.53,2023
EDELWEISS,2023-08-11,2023-08-14,47.2556,49.6184,3.48,2.24,2.16,0.05,0.047,take_profit,False,3,1,2906211.77,136591.95,2023
MAZDOCK,2023-08-14,2023-08-16,907.2082,952.5686,2.42,3.65,6.99,0.05,0.047,take_profit,False,2,1,2933530.16,137875.92,2023
JSWENERGY,2023-08-16,2023-08-18,365.5303,347.2538,2.2,2.32,2.51,-0.05,-0.053,stopped_out,True,2,2,3755002.04,-199015.11,2023
MIDHANI,2023-08-16,2023-08-23,380.8703,399.9138,6.16,3.58,10.88,0.05,0.047,take_profit,False,7,5,3004001.63,141188.08,2023
MINDACORP,2023-08-17,2023-08-24,305.9747,321.2735,2.32,2.21,3.32,0.05,0.047,take_profit,False,7,5,2981091.44,140111.3,2023
HEMIPROP,2023-08-17,2023-08-18,114.7073,120.4427,2.62,1.97,5.43,0.05,0.047,take_profit,False,1,1,3726364.3,175139.12,2023
SHILPAMED,2023-08-18,2023-08-25,184.9934,175.7437,0.93,1.78,4.59,-0.05,-0.053,stopped_out,True,7,5,2827750.57,-149870.78,2023
TDPOWERSYS,2023-08-18,2023-08-25,252.6212,265.2522,1.28,2.48,2.46,0.05,0.047,take_profit,False,7,5,3534688.21,166130.35,2023
ADANIENT,2023-08-18,2023-08-22,2576.4035,2705.2237,3.62,2.89,4.03,0.05,0.047,take_profit,False,4,2,4418360.26,207662.93,2023
ARVIND,2023-08-22,2023-08-24,162.9859,171.1352,2.13,1.61,2.05,0.05,0.047,take_profit,False,2,2,3187405.09,149808.04,2023
IMFA,2023-08-23,2023-09-04,352.6753,370.309,2.56,3.56,6.01,0.05,0.047,take_profit,False,12,8,3178962.01,149411.21,2023
ESCORTS,2023-08-24,2023-08-30,2936.0647,3082.8679,0.54,1.58,2.96,0.05,0.047,take_profit,False,6,4,3834852.79,180238.08,2023
RALLIS,2023-08-24,2023-09-07,225.6142,232.9016,2.24,5.38,5.57,0.0323,0.0293,time_exit,False,14,10,3067882.23,89888.95,2023
CHENNPETRO,2023-08-25,2023-08-29,363.8054,381.9956,0.89,1.74,1.89,0.05,0.047,take_profit,False,4,2,3730045.45,175312.14,2023
KFINTECH,2023-08-25,2023-08-31,422.8103,443.9508,5.82,12.26,4.87,0.05,0.047,take_profit,False,6,4,2984036.36,140249.71,2023
SHAREINDIA,2023-08-29,2023-09-12,267.7386,262.9775,2.76,2.8,1.88,-0.017783,-0.020783,time_exit,False,14,10,3168300.61,-65846.79,2023
AARTIDRUGS,2023-08-30,2023-09-05,577.5468,606.4241,2.54,1.99,4.71,0.05,0.047,take_profit,False,6,4,3337658.66,156869.96,2023
NSLNISP,2023-08-31,2023-09-01,56.4282,59.2496,2.75,1.53,2.55,0.05,0.047,take_profit,False,1,1,3294984.14,154864.25,2023
RAILTEL,2023-09-01,2023-09-04,237.3305,225.464,6.89,4.49,15.14,-0.05,-0.053,stopped_out,True,3,1,3325956.99,-176275.72,2023
SJVN,2023-09-04,2023-09-06,62.636,59.5042,0.55,2.16,1.96,-0.05,-0.053,stopped_out,True,2,2,3956376.49,-209687.95,2023
PERSISTENT,2023-09-04,2023-09-18,2848.2999,2873.1813,2.51,1.97,3.85,0.008736,0.005736,time_exit,False,14,10,3165101.19,18155.02,2023
UCOBANK,2023-09-05,2023-09-08,33.7912,35.4808,1.31,2.32,2.99,0.05,0.047,take_profit,False,3,3,3230986.68,151856.37,2023
CHOICEIN,2023-09-06,2023-09-21,202.5262,203.6981,1.18,1.93,2.88,0.005786,0.002786,time_exit,False,15,10,3334127.05,9288.88,2023
STAR,2023-09-07,2023-09-12,473.4224,449.7513,2.53,5.31,3.52,-0.05,-0.053,stopped_out,True,5,3,3298855.88,-174839.36,2023
TIINDIA,2023-09-08,2023-09-11,3304.831,3470.0726,2.14,1.91,2.42,0.05,0.047,take_profit,False,3,1,3315653.31,155835.71,2023
PRAJIND,2023-09-11,2023-09-12,579.486,550.5117,4.32,5.9,7.77,-0.05,-0.053,stopped_out,True,1,1,3346820.45,-177381.48,2023
TCS,2023-09-12,2023-09-27,3327.9358,3332.5016,0.52,2.62,2.54,0.001372,-0.001628,time_exit,False,15,10,2916248.46,-4747.65,2023
JBCHEPHARM,2023-09-12,2023-09-22,1430.5697,1359.0412,1.87,4.63,2.29,-0.05,-0.053,stopped_out,True,10,7,4556638.22,-241501.83,2023
ITI,2023-09-12,2023-09-13,167.3336,158.8705,4.01,12.73,7.21,-0.050576,-0.053576,stopped_out_gap,False,1,1,3645310.58,-195301.16,2023
BLUEDART,2023-09-13,2023-09-28,6760.5866,6623.0945,1.04,2.11,4.06,-0.020337,-0.023337,time_exit,False,15,10,3023000.65,-70547.77,2023
POWERGRID,2023-09-18,2023-10-04,180.7652,179.5918,1.12,1.75,2.48,-0.006491,-0.009491,time_exit,False,16,10,3055051.76,-28995.5,2023
GAEL,2023-09-21,2023-09-22,147.7458,155.1331,5.69,2.4,7.75,0.05,0.047,take_profit,False,1,1,3112724.6,146298.06,2023
GAEL,2023-09-22,2023-09-25,156.7808,164.6199,2.7,7.53,3.26,0.05,0.047,take_profit,False,3,1,4005011.49,188235.54,2023
IFCI,2023-09-22,2023-09-25,23.0615,21.9084,0.87,4.37,13.27,-0.05,-0.053,stopped_out,True,3,1,3204009.19,-169812.49,2023
MANINFRA,2023-09-25,2023-09-27,149.6311,157.1127,3.75,1.77,4.08,0.05,0.047,take_profit,False,2,2,4008696.1,188408.72,2023
STAR,2023-09-25,2023-09-28,532.7244,506.0882,2.48,4.44,3.45,-0.05,-0.053,stopped_out,True,3,3,3206956.88,-169968.71,2023
POLYCAB,2023-09-27,2023-10-12,5308.9442,5185.4563,0.58,1.67,3.93,-0.02326,-0.02626,time_exit,False,15,10,3987286.63,-104706.15,2023
EQUITASBNK,2023-09-27,2023-10-03,88.4597,92.8826,0.69,1.51,1.76,0.05,0.047,take_profit,False,6,3,3189829.3,149921.98,2023
SYRMA,2023-09-28,2023-10-03,594.43,624.1515,0.52,3.37,6.37,0.05,0.047,take_profit,False,5,2,3749751.65,176238.33,2023
IOB,2023-09-28,2023-10-03,46.3732,48.6918,1.19,1.99,2.21,0.05,0.047,take_profit,False,5,2,2999801.32,140990.66,2023
STARCEMENT,2023-10-03,2023-10-16,159.7882,167.7776,1.12,2.25,5.23,0.05,0.047,take_profit,False,13,9,4481147.71,210613.94,2023
CARTRADE,2023-10-03,2023-10-06,585.0924,614.347,3.64,1.51,5.42,0.05,0.047,take_profit,False,3,3,3584918.16,168491.15,2023
SUZLON,2023-10-03,2023-10-05,26.9635,28.5857,3.34,1.55,3.85,0.060164,0.057164,take_profit_gap,False,2,2,2867934.53,163942.61,2023
MPHASIS,2023-10-04,2023-10-17,2330.5822,2214.0531,1.44,1.79,2.55,-0.05,-0.053,stopped_out,True,13,9,2899558.88,-153676.62,2023
MFSL,2023-10-05,2023-10-19,912.356,938.4306,1.68,1.86,2.61,0.028579,0.025579,time_exit,False,14,10,2926022.53,74844.73,2023
MCX,2023-10-06,2023-10-09,406.0363,426.3381,4.22,2.1,4.38,0.05,0.047,take_profit,False,3,1,3091499.89,145300.49,2023
KAYNES,2023-10-09,2023-10-10,2632.4655,2764.0888,0.63,2.58,2.94,0.05,0.047,take_profit,False,1,1,3120559.99,146666.32,2023
CARTRADE,2023-10-10,2023-10-13,628.8142,660.255,1.06,2.28,2.2,0.05,0.047,take_profit,False,3,3,3149893.25,148044.98,2023
POWERINDIA,2023-10-12,2023-10-16,4316.4882,4532.3126,3.68,1.7,4.33,0.05,0.047,take_profit,False,4,2,3296430.7,154932.24,2023
TEXRAIL,2023-10-13,2023-10-16,132.4309,147.7755,6.45,1.95,6.47,0.115869,0.112869,take_profit_gap,False,3,1,3296732.2,372098.87,2023
NAVA,2023-10-16,2023-10-23,222.1609,211.0528,0.66,1.96,4.12,-0.05,-0.053,stopped_out,True,7,5,4999776.9,-264988.18,2023
BEML,2023-10-16,2023-10-20,1192.5628,1132.9346,1.76,2.54,5.05,-0.05,-0.053,stopped_out,True,4,4,3999821.52,-211990.54,2023
HERITGFOOD,2023-10-16,2023-10-17,242.6867,254.821,1.27,2.12,1.87,0.05,0.047,take_profit,False,1,1,3199857.21,150393.29,2023
SUPREMEIND,2023-10-17,2023-10-20,4554.3634,4782.0816,2.49,2.45,6.34,0.05,0.047,take_profit,False,3,3,3023289.86,142094.62,2023
SARDAEN,2023-10-17,2023-10-20,227.5348,216.1581,1.42,2.33,5.39,-0.05,-0.053,stopped_out,True,3,3,3779112.32,-200292.95,2023
NESTLEIND,2023-10-19,2023-11-03,1172.8271,1171.953,2.3,4.11,3.76,-0.000745,-0.003745,time_exit,False,15,10,3018805.34,-11305.43,2023
ANGELONE,2023-10-20,2023-10-23,2274.1624,2160.4543,0.81,3.17,6.33,-0.05,-0.053,stopped_out,True,3,1,4521451.24,-239636.92,2023
PTC,2023-10-20,2023-10-23,133.7465,127.0592,2.24,6.77,1.62,-0.05,-0.053,stopped_out,True,3,1,3617160.99,-191709.53,2023
MUTHOOTFIN,2023-10-20,2023-10-31,1238.8347,1301.2477,1.34,1.76,1.61,0.05038,0.04738,take_profit_gap,False,11,6,2893728.79,137104.87,2023
BSE,2023-10-23,2023-10-25,564.4332,592.6549,5.92,4.02,4.09,0.05,0.047,take_profit,False,2,1,4803393.93,225759.51,2023
BSE,2023-10-23,2023-10-25,564.4332,592.6549,5.34,4.02,4.09,0.05,0.047,take_profit,False,2,1,3842715.15,180607.61,2023
CREDITACC,2023-10-23,2023-10-27,1496.2888,1571.1032,2.32,11.47,5.78,0.05,0.047,take_profit,False,4,3,3074172.12,144486.09,2023
SHAREINDIA,2023-10-25,2023-11-01,286.3314,300.6479,0.77,2.04,4.19,0.05,0.047,take_profit,False,7,5,4269832.93,200682.15,2023
NUVAMA,2023-10-26,2023-10-30,437.5727,468.7259,2.77,1.68,8.18,0.071195,0.068195,take_profit_gap,False,4,2,3415866.35,232945.01,2023
PATANJALI,2023-10-27,2023-10-31,420.0,441.0,0.72,1.51,1.98,0.05,0.047,take_profit,False,4,2,3376424.72,158691.96,2023
DBREALTY,2023-10-30,2023-11-02,167.5837,175.9629,0.6,2.14,2.29,0.05,0.047,take_profit,False,3,3,3430902.05,161252.4,2023
THOMASCOOK,2023-10-31,2023-11-02,134.3915,141.1111,1.11,7.17,3.92,0.05,0.047,take_profit,False,2,2,4057911.71,190721.85,2023
ARVIND,2023-10-31,2023-11-01,191.3228,181.7567,0.93,6.97,8.99,-0.05,-0.053,stopped_out,True,1,1,3246329.36,-172055.46,2023
SHAREINDIA,2023-11-01,2023-11-02,304.9142,320.1599,2.91,2.93,2.78,0.05,0.047,take_profit,False,1,1,4106021.29,192983.0,2023
KARURVYSYA,2023-11-01,2023-11-10,120.8173,126.8582,0.95,2.25,2.49,0.05,0.047,take_profit,False,9,7,3284817.03,154386.4,2023
SPARC,2023-11-02,2023-11-09,238.0189,249.9199,0.69,4.53,2.34,0.05,0.047,take_profit,False,7,5,5055812.08,237623.17,2023
LUPIN,2023-11-02,2023-11-09,1157.4795,1215.3534,2.8,2.67,2.58,0.05,0.047,take_profit,False,7,5,4044649.67,190098.53,2023
NLCINDIA,2023-11-02,2023-11-08,136.389,143.2084,2.47,2.08,4.04,0.05,0.047,take_profit,False,6,4,3235719.73,152078.83,2023
BLS,2023-11-03,2023-11-10,274.2822,260.5681,3.28,1.81,4.74,-0.05,-0.053,stopped_out,True,7,5,3190075.77,-169074.02,2023
GPPL,2023-11-08,2023-11-13,117.9391,123.8361,2.7,2.88,5.42,0.05,0.047,take_profit,False,5,3,3229620.33,151792.16,2023
ELGIEQUIP,2023-11-09,2023-11-13,531.2504,504.6878,1.02,4.9,1.85,-0.05,-0.053,stopped_out,True,4,2,4489332.95,-237934.65,2023
GABRIEL,2023-11-09,2023-11-15,359.4895,377.464,1.66,2.83,4.46,0.05,0.047,take_profit,False,6,3,3591466.36,168798.92,2023
KPIGREEN,2023-11-10,2023-11-16,234.3354,246.0521,7.18,6.03,6.39,0.05,0.047,take_profit,False,6,3,4165214.13,195765.06,2023
WOCKPHARMA,2023-11-10,2023-11-13,250.6252,263.1565,3.39,4.29,4.68,0.05,0.047,take_profit,False,3,1,3332171.3,156612.05,2023
BHEL,2023-11-13,2023-11-23,136.1675,142.9759,1.01,3.51,5.85,0.05,0.047,take_profit,False,10,7,4890055.87,229832.63,2023
EICHERMOT,2023-11-13,2023-11-15,3561.0795,3739.1334,2.94,2.24,1.54,0.05,0.047,take_profit,False,2,1,3912044.7,183866.1,2023
BECTORFOOD,2023-11-13,2023-11-16,265.5997,252.3197,0.69,2.65,6.67,-0.05,-0.053,stopped_out,True,3,2,3129635.76,-165870.7,2023
GABRIEL,2023-11-15,2023-11-30,403.3009,423.466,6.3,9.97,10.54,0.05,0.047,take_profit,False,15,10,3259955.06,153217.89,2023
SANDUMA,2023-11-15,2023-11-30,87.4196,85.5527,2.86,2.14,6.63,-0.021356,-0.024356,time_exit,False,15,10,4074943.82,-99249.33,2023
HCLTECH,2023-11-16,2023-12-01,1211.1881,1233.6497,1.78,2.06,2.12,0.018545,0.015545,time_exit,False,15,10,4072912.9,63313.43,2023
POWERINDIA,2023-11-16,2023-11-22,4576.351,4805.1685,2.82,1.88,4.1,0.05,0.047,take_profit,False,6,4,3258330.32,153141.52,2023
VTL,2023-11-22,2023-12-07,410.9999,390.4499,5.78,11.42,9.11,-0.05,-0.053,stopped_out,True,15,10,3288958.62,-174314.81,2023
AFFLE,2023-11-23,2023-11-29,1085.1423,1139.3994,1.95,3.93,3.2,0.05,0.047,take_profit,False,6,3,3655144.6,171791.8,2023
CYIENT,2023-11-29,2023-12-04,1872.1462,1965.7535,1.85,1.55,2.26,0.05,0.047,take_profit,False,5,3,3689502.96,173406.64,2023
GRANULES,2023-11-30,2023-12-14,397.4731,384.206,0.88,3.13,3.11,-0.033379,-0.036379,time_exit,False,14,10,4429375.85,-161136.26,2023
VAIBHAVGBL,2023-11-30,2023-12-01,407.5079,427.8833,0.98,1.76,1.8,0.05,0.047,take_profit,False,1,1,3543500.68,166544.53,2023
GAIL,2023-12-01,2023-12-04,122.6347,128.7664,2.79,3.49,1.53,0.05,0.047,take_profit,False,3,1,3523243.88,165592.46,2023
DIXON,2023-12-01,2023-12-11,5949.8499,6247.3424,1.98,5.41,7.62,0.05,0.047,take_profit,False,10,6,4404054.85,206990.58,2023
GREAVESCOT,2023-12-04,2023-12-18,136.5336,135.223,2.58,4.38,4.42,-0.009599,-0.012599,time_exit,False,14,10,4328944.29,-54540.37,2023
BPCL,2023-12-04,2023-12-18,196.6095,199.341,1.2,2.6,3.71,0.013893,0.010893,time_exit,False,14,10,3463155.43,37724.15,2023
HOMEFIRST,2023-12-07,2023-12-21,1018.885,981.9875,3.88,3.3,7.06,-0.036214,-0.039214,time_exit,False,14,10,3393453.11,-133070.87,2023
AFFLE,2023-12-11,2023-12-18,1188.0437,1247.4459,2.24,2.54,5.36,0.05,0.047,take_profit,False,7,5,3636971.57,170937.66,2023
SHRIRAMFIN,2023-12-14,2023-12-20,410.6439,390.1117,2.76,2.26,5.6,-0.05,-0.053,stopped_out,True,6,4,3763225.18,-199450.93,2023
RATEGAIN,2023-12-18,2023-12-20,717.7587,681.8708,1.7,1.94,1.9,-0.05,-0.053,stopped_out,True,2,2,3409419.96,-180699.26,2023
WEBELSOLAR,2023-12-18,2023-12-19,26.7584,28.7856,4.82,1.53,9.25,0.07576,0.07276,take_profit_gap,False,1,1,5327218.69,387608.43,2023
AARTIDRUGS,2023-12-18,2023-12-19,488.3658,512.7841,2.6,2.1,4.0,0.05,0.047,take_profit,False,1,1,4261774.95,200303.42,2023
GESHIP,2023-12-19,2023-12-22,920.0776,966.0815,2.17,3.74,5.0,0.05,0.047,take_profit,False,3,3,3810333.66,179085.68,2023
PCJEWELLER,2023-12-19,2023-12-20,4.1671,4.3754,17.65,5.68,16.5,0.05,0.047,take_profit,False,1,1,4762917.07,223857.1,2023
GALLANTT,2023-12-20,2023-12-21,123.3271,117.1607,0.57,5.51,6.82,-0.05,-0.053,stopped_out,True,1,1,5404120.75,-286418.4,2023
OIL,2023-12-20,2023-12-21,224.2885,235.5029,4.41,7.36,3.03,0.05,0.047,take_profit,False,1,1,4323296.6,203194.94,2023
VOLTAS,2023-12-20,2023-12-27,920.0023,966.0024,1.41,5.56,2.21,0.05,0.047,take_profit,False,7,4,3458637.28,162555.95,2023
SONACOMS,2023-12-21,2023-12-27,563.424,591.5952,0.73,2.4,6.21,0.05,0.047,take_profit,False,6,3,5347825.05,251347.78,2023
GALLANTT,2023-12-21,2023-12-22,131.0973,137.6522,1.75,3.28,6.56,0.05,0.047,take_profit,False,1,1,4278260.04,201078.22,2023
VMART,2023-12-21,2024-01-05,509.2295,534.691,2.48,3.44,4.78,0.05,0.047,take_profit,False,15,10,3422608.03,160862.58,2024
GLAND,2023-12-22,2023-12-27,1832.1837,1923.7929,1.31,2.21,2.6,0.05,0.047,take_profit,False,5,2,4431837.94,208296.38,2023
JUBLPHARMA,2023-12-22,2024-01-01,527.5856,565.9951,0.87,1.7,2.67,0.072802,0.069802,take_profit_gap,False,10,5,3545470.36,247480.92,2024
LICI,2023-12-27,2024-01-01,803.5747,843.7534,0.97,1.87,4.64,0.05,0.047,take_profit,False,5,3,3589424.87,168702.97,2024
HINDALCO,2023-12-27,2024-01-09,598.0633,568.1602,1.43,2.04,4.05,-0.05,-0.053,stopped_out,True,13,9,5608476.36,-297249.25,2024
BAJAJ-AUTO,2023-12-27,2024-01-03,6494.2953,6819.0101,2.85,2.14,3.7,0.05,0.047,take_profit,False,7,5,4486781.09,210878.71,2024
SPARC,2024-01-01,2024-01-02,307.6538,323.0364,5.56,5.21,6.79,0.05,0.047,take_profit,False,1,1,4381755.72,205942.52,2024
JPPOWER,2024-01-01,2024-01-02,14.7574,15.4952,1.08,1.61,5.36,0.05,0.047,take_profit,False,1,1,3505404.58,164754.02,2024
ALLCARGO,2024-01-02,2024-01-09,87.1368,82.78,5.96,3.73,4.77,-0.05,-0.053,stopped_out,True,7,5,4455895.03,-236162.44,2024
SHRIPISTON,2024-01-02,2024-01-15,1587.5569,1508.1791,0.7,1.83,1.98,-0.05,-0.053,stopped_out,True,13,9,3564716.02,-188929.95,2024
RELINFRA,2024-01-03,2024-01-04,215.2576,226.0204,1.77,2.5,3.46,0.05,0.047,take_profit,False,1,1,3791304.78,178191.32,2024
NIACL,2024-01-04,2024-01-10,224.2509,213.0384,1.97,1.82,3.85,-0.05,-0.053,stopped_out,True,6,4,3826943.04,-202827.98,2024
CREDITACC,2024-01-05,2024-01-18,1716.3546,1630.5368,5.16,4.29,8.27,-0.05,-0.053,stopped_out,True,13,9,3778248.56,-200247.17,2024
GMDCLTD,2024-01-09,2024-01-15,458.1796,435.2706,2.26,3.2,2.99,-0.05,-0.053,stopped_out,True,6,4,3943032.63,-208980.73,2024
PURVA,2024-01-09,2024-01-10,215.5431,226.3203,2.83,2.12,7.21,0.05,0.047,take_profit,False,1,1,4928790.79,231653.17,2024
YESBANK,2024-01-10,2024-01-18,25.5127,24.2371,0.59,1.85,5.59,-0.05,-0.053,stopped_out,True,8,6,4911337.91,-260300.91,2024
TRENT,2024-01-10,2024-01-25,3170.2633,3225.1754,0.93,1.74,1.51,0.017321,0.014321,time_exit,False,15,10,3929070.32,56268.22,2024
IRCON,2024-01-15,2024-01-17,195.183,204.9422,1.04,2.54,3.05,0.05,0.047,take_profit,False,2,2,4565223.85,214565.52,2024
NHPC,2024-01-15,2024-01-18,68.0373,64.6354,1.1,2.0,4.09,-0.05,-0.053,stopped_out,True,3,3,3652179.08,-193565.49,2024
ICICIGI,2024-01-17,2024-02-02,1435.6804,1478.2257,2.74,7.19,3.15,0.029634,0.026634,time_exit,False,16,10,3877701.14,103278.69,2024
OFSS,2024-01-18,2024-01-19,6057.7017,6360.5867,20.05,9.83,16.99,0.05,0.047,take_profit,False,1,1,5439691.31,255665.49,2024
FDC,2024-01-18,2024-01-23,428.3917,406.9721,3.1,4.5,4.6,-0.05,-0.053,stopped_out,True,5,2,4351753.05,-230642.91,2024
HOMEFIRST,2024-01-18,2024-01-19,977.5554,1026.4331,1.11,2.43,1.96,0.05,0.047,take_profit,False,1,1,3481402.44,163625.91,2024
MAXHEALTH,2024-01-19,2024-01-23,730.0587,766.5616,3.5,2.83,2.35,0.05,0.047,take_profit,False,4,1,3722559.18,174960.28,2024
CEATLTD,2024-01-19,2024-01-23,2542.5631,2852.587,7.84,3.79,2.2,0.121934,0.118934,take_profit_gap,False,4,1,4653198.98,553423.57,2024
CIPLA,2024-01-23,2024-01-29,1383.0775,1313.9237,4.54,3.95,1.73,-0.05,-0.053,stopped_out,True,6,3,5623097.78,-298024.18,2024
KARURVYSYA,2024-01-23,2024-01-29,149.2041,156.6643,2.82,7.31,3.54,0.05,0.047,take_profit,False,6,3,4498478.22,211428.48,2024
MEDANTA,2024-01-23,2024-02-01,1130.6583,1187.1912,1.26,1.66,2.77,0.05,0.047,take_profit,False,9,6,3598782.58,169142.78,2024
AMBUJACEM,2024-01-25,2024-02-09,556.7054,572.0843,5.68,2.02,5.69,0.027625,0.024625,time_exit,False,15,10,3676093.77,90523.81,2024
JKIL,2024-01-29,2024-02-05,648.1459,680.5532,3.09,6.77,6.74,0.05,0.047,take_profit,False,7,5,4947871.07,232549.94,2024
LATENTVIEW,2024-01-29,2024-02-06,474.187,497.8963,1.51,4.48,3.7,0.05,0.047,take_profit,False,8,6,3958296.86,186039.95,2024
KPIGREEN,2024-02-01,2024-02-05,440.9081,485.6071,12.76,2.91,3.87,0.101379,0.098379,take_profit_gap,False,4,2,3920222.56,385667.58,2024
NTPC,2024-02-02,2024-02-16,314.066,321.8179,0.96,1.53,2.62,0.024683,0.021683,time_exit,False,14,10,3932374.01,85265.67,2024
NLCINDIA,2024-02-05,2024-02-06,264.6418,277.8739,2.16,3.23,1.66,0.05,0.047,take_profit,False,1,1,5043161.44,237028.59,2024
PHOENIXLTD,2024-02-05,2024-02-07,1324.2608,1390.4738,1.32,1.57,7.11,0.05,0.047,take_profit,False,2,2,4034529.15,189622.87,2024
JINDWORLD,2024-02-06,2024-02-07,69.2067,65.7464,4.99,13.34,13.57,-0.05,-0.053,stopped_out,True,1,1,5112528.69,-270964.02,2024
LATENTVIEW,2024-02-06,2024-02-09,524.212,498.0014,3.26,5.26,6.71,-0.05,-0.053,stopped_out,True,3,3,4090022.95,-216771.22,2024
IOB,2024-02-07,2024-02-08,79.6898,75.7053,2.95,4.55,17.05,-0.05,-0.053,stopped_out,True,1,1,5085161.7,-269513.57,2024
YESBANK,2024-02-07,2024-02-08,29.8149,31.3056,10.74,1.57,14.18,0.05,0.047,take_profit,False,1,1,4068129.36,191202.08,2024
YATHARTH,2024-02-08,2024-02-09,425.1124,446.3681,1.08,3.04,4.14,0.05,0.047,take_profit,False,1,1,5069499.4,238266.47,2024
YATHARTH,2024-02-08,2024-02-09,425.1124,446.3681,0.86,3.04,4.14,0.05,0.047,take_profit,False,1,1,4055599.52,190613.18,2024
GRASIM,2024-02-09,2024-02-13,2153.4451,2045.7728,0.6,2.56,5.41,-0.05,-0.053,stopped_out,True,4,2,3421823.59,-181356.65,2024
ACC,2024-02-09,2024-02-23,2611.3416,2659.8528,2.68,3.07,4.29,0.018577,0.015577,time_exit,False,14,10,4277279.48,66627.18,2024
ETERNAL,2024-02-09,2024-02-12,149.5247,157.001,1.34,3.36,1.74,0.05,0.047,take_profit,False,3,1,6683249.2,314112.71,2024
SUNPHARMA,2024-02-09,2024-02-23,1506.7636,1531.1986,1.44,2.47,2.26,0.016217,0.013217,time_exit,False,14,10,5346599.36,70666.0,2024
JINDWORLD,2024-02-12,2024-02-13,68.6367,72.0686,1.19,1.94,5.34,0.05,0.047,take_profit,False,1,1,4136931.25,194435.77,2024
360ONE,2024-02-13,2024-02-15,679.577,713.5558,2.12,2.67,6.29,0.05,0.047,take_profit,False,2,2,4823911.79,226723.85,2024
LUMAXTECH,2024-02-13,2024-02-14,410.4077,430.9281,1.0,5.37,6.63,0.05,0.047,take_profit,False,1,1,3859129.43,181379.08,2024
KPIGREEN,2024-02-14,2024-02-16,445.0088,490.1243,7.87,1.55,10.19,0.101381,0.098381,take_profit_gap,False,2,2,3895405.25,383233.86,2024
DCAL,2024-02-15,2024-02-16,205.3026,215.5677,2.0,3.65,9.44,0.05,0.047,take_profit,False,1,1,4126451.33,193943.21,2024
DATAPATTNS,2024-02-16,2024-02-19,2010.0161,2110.5169,0.92,7.63,5.99,0.05,0.047,take_profit,False,3,1,3727677.27,175200.83,2024
GRANULES,2024-02-16,2024-02-26,453.381,476.05,4.53,2.98,4.01,0.05,0.047,take_profit,False,10,6,4659596.59,219001.04,2024
MAHLIFE,2024-02-16,2024-02-23,587.0161,616.3669,0.89,2.18,3.19,0.05,0.047,take_profit,False,7,5,5824495.73,273751.3,2024
RELINFRA,2024-02-19,2024-02-22,242.9714,230.8229,0.51,2.76,5.63,-0.05,-0.053,stopped_out,True,3,3,3762717.43,-199424.02,2024
DCAL,2024-02-22,2024-02-23,238.9194,250.8654,3.43,4.11,10.05,0.05,0.047,take_profit,False,1,1,3722832.63,174973.13,2024
SAMMAANCAP,2024-02-23,2024-02-27,204.4849,194.2607,4.93,2.54,9.7,-0.05,-0.053,stopped_out,True,4,2,6929711.07,-367274.69,2024
JIOFIN,2024-02-23,2024-02-27,333.5968,316.917,6.12,4.72,9.21,-0.05,-0.053,stopped_out,True,4,2,5543768.85,-293819.75,2024
RAILTEL,2024-02-23,2024-02-27,401.9388,422.0358,5.2,2.18,6.78,0.05,0.047,take_profit,False,4,2,4435015.08,208445.71,2024
SAPPHIRE,2024-02-23,2024-03-11,301.5507,297.5611,0.86,2.27,3.93,-0.01323,-0.01623,time_exit,False,17,10,3548012.07,-57584.24,2024
CARTRADE,2024-02-26,2024-02-29,760.6801,798.7141,7.04,3.45,8.77,0.05,0.047,take_profit,False,3,3,3814129.18,179264.07,2024
ICICIGI,2024-02-27,2024-03-01,1704.4663,1619.243,1.36,5.22,3.7,-0.05,-0.053,stopped_out,True,3,3,6342472.6,-336151.05,2024
ABSLAMC,2024-02-27,2024-03-13,502.1635,477.0553,1.52,5.21,3.12,-0.05,-0.053,stopped_out,True,15,10,5073978.08,-268920.84,2024
ABSLAMC,2024-02-27,2024-03-13,502.1635,477.0553,1.58,5.21,3.12,-0.05,-0.053,stopped_out,True,15,10,4059182.46,-215136.67,2024
ZENTEC,2024-02-29,2024-03-04,864.5471,973.4576,2.02,1.59,3.45,0.125974,0.122974,take_profit_gap,False,4,2,4046024.62,497555.83,2024
INDUSTOWER,2024-03-01,2024-03-06,263.2316,250.07,3.12,1.53,4.07,-0.05,-0.053,stopped_out,True,5,3,4438084.01,-235218.45,2024
PNCINFRA,2024-03-04,2024-03-06,461.8865,438.7922,5.2,2.8,6.04,-0.05,-0.053,stopped_out,True,2,2,4459183.3,-236336.71,2024
PIDILITIND,2024-03-06,2024-03-21,1399.7419,1432.8378,3.17,4.0,4.88,0.023644,0.020644,time_exit,False,15,10,5252489.06,108432.38,2024
ICICIPRULI,2024-03-06,2024-03-11,575.778,604.5669,0.98,3.03,3.94,0.05,0.047,take_profit,False,5,2,4201991.25,197493.59,2024
INDIGO,2024-03-11,2024-03-26,3214.7267,3375.463,2.2,8.44,6.12,0.05,0.047,take_profit,False,15,10,3951660.43,185728.04,2024
KPIL,2024-03-11,2024-03-12,1091.972,1037.3734,4.51,5.38,2.92,-0.05,-0.053,stopped_out,True,1,1,4939575.54,-261797.5,2024
SOLARINDS,2024-03-14,2024-03-15,8138.0162,8544.917,1.33,1.96,10.87,0.05,0.047,take_profit,False,1,1,5826704.56,273855.11,2024
SOLARINDS,2024-03-15,2024-03-20,8848.0703,8405.6667,1.02,3.21,7.08,-0.05,-0.053,stopped_out,True,5,3,5881475.58,-311718.21,2024
JAMNAAUTO,2024-03-15,2024-03-20,117.2019,123.062,3.98,2.01,5.0,0.05,0.047,take_profit,False,5,3,4705180.46,221143.48,2024
SAPPHIRE,2024-03-15,2024-03-19,288.204,302.6142,3.38,3.89,4.42,0.05,0.047,take_profit,False,4,2,3764144.37,176914.79,2024
SAPPHIRE,2024-03-19,2024-03-20,303.9219,319.118,1.9,1.95,4.39,0.05,0.047,take_profit,False,1,1,3799527.33,178577.78,2024
SAREGAMA,2024-03-20,2024-03-27,366.1703,347.8618,1.29,1.77,5.3,-0.05,-0.053,stopped_out,True,7,4,3798053.85,-201296.85,2024
SAPPHIRE,2024-03-20,2024-03-22,310.8053,326.3456,1.94,4.78,2.32,0.05,0.047,take_profit,False,2,2,5934459.15,278919.58,2024
MARUTI,2024-03-20,2024-03-27,11708.6053,12294.0355,1.22,2.1,2.49,0.05,0.047,take_profit,False,7,4,4747567.32,223135.66,2024
HEG,2024-03-21,2024-03-22,377.6029,396.483,2.26,1.54,5.02,0.05,0.047,take_profit,False,1,1,4110627.37,193199.49,2024
CAMS,2024-03-22,2024-03-27,597.8948,568.0001,1.51,2.28,5.11,-0.05,-0.053,stopped_out,True,5,2,5391943.02,-285772.98,2024
DMART,2024-03-22,2024-03-27,4299.7489,4514.7363,1.38,2.15,3.31,0.05,0.047,take_profit,False,5,2,4313554.41,202737.06,2024
DMART,2024-03-26,2024-04-04,4488.4433,4712.8655,1.26,3.61,3.95,0.05,0.047,take_profit,False,9,6,4278321.22,201081.1,2024
SIEMENS,2024-03-27,2024-04-02,3095.0856,3249.8399,2.37,2.44,3.09,0.05,0.047,take_profit,False,6,3,7060641.28,331850.14,2024
JAMNAAUTO,2024-03-27,2024-04-03,127.7866,134.176,1.32,1.8,4.77,0.05,0.047,take_profit,False,7,4,5648513.02,265480.11,2024
SIEMENS,2024-03-27,2024-04-02,3095.0856,3249.8399,2.36,2.44,3.09,0.05,0.047,take_profit,False,6,3,4518810.42,212384.09,2024
INDHOTEL,2024-03-27,2024-04-03,582.6716,611.8052,2.07,1.93,2.86,0.05,0.047,take_profit,False,7,4,3615048.33,169907.27,2024
REDINGTON,2024-04-02,2024-04-15,211.3044,199.548,3.33,5.31,4.89,-0.055638,-0.058638,stopped_out_gap,False,13,8,5316775.85,-311765.1,2024
ACC,2024-04-02,2024-04-09,2631.8104,2500.2198,1.9,1.59,3.67,-0.05,-0.053,stopped_out,True,7,5,4253420.68,-225431.3,2024
QUESS,2024-04-03,2024-04-04,526.4337,552.7554,2.92,2.08,1.98,0.05,0.047,take_profit,False,1,1,4274021.03,200878.99,2024
AUBANK,2024-04-03,2024-04-04,603.6523,633.8349,3.36,3.04,2.55,0.05,0.047,take_profit,False,1,1,5342526.29,251098.74,2024
GVT&D,2024-04-04,2024-04-08,967.7563,919.3685,1.19,2.03,2.64,-0.05,-0.053,stopped_out,True,4,2,6328802.3,-335426.52,2024
MTARTECH,2024-04-04,2024-04-15,1954.5768,1849.075,1.31,2.73,2.5,-0.053977,-0.056977,stopped_out_gap,False,11,6,5063041.84,-288476.94,2024
DMART,2024-04-04,2024-04-22,4647.3723,4755.621,1.35,2.49,1.82,0.023292,0.020292,time_exit,False,18,10,4050433.47,82191.4,2024
CHOICEIN,2024-04-08,2024-04-22,304.4521,323.6881,3.35,3.5,3.19,0.063182,0.060182,take_profit_gap,False,14,8,4439021.93,267149.22,2024
HINDZINC,2024-04-09,2024-04-12,370.1483,388.6557,1.06,8.71,15.11,0.05,0.047,take_profit,False,3,2,4356815.42,204770.32,2024
QUESS,2024-04-12,2024-04-23,576.8264,605.6677,0.51,6.45,3.78,0.05,0.047,take_profit,False,11,6,4397769.49,206695.17,2024
PURVA,2024-04-15,2024-04-16,355.0774,372.8313,6.61,2.61,9.88,0.05,0.047,take_profit,False,1,1,4379304.58,205827.32,2024
ONGC,2024-04-15,2024-04-30,252.2356,254.6848,0.98,3.91,3.99,0.00971,0.00671,time_exit,False,15,10,5474130.72,36731.42,2024
TEGA,2024-04-16,2024-04-23,1418.8965,1489.8413,3.17,2.27,5.66,0.05,0.047,take_profit,False,7,4,4420470.04,207762.09,2024
ARE&M,2024-04-22,2024-04-23,1022.7779,1073.9168,1.1,1.7,2.1,0.05,0.047,take_profit,False,1,1,5304135.24,249294.36,2024
MFSL,2024-04-22,2024-04-25,1060.8302,1007.7887,1.31,1.93,2.74,-0.05,-0.053,stopped_out,True,3,3,4243308.19,-224895.33,2024
IEX,2024-04-23,2024-04-29,147.474,154.8477,1.7,1.59,2.07,0.05,0.047,take_profit,False,6,4,6351871.83,298537.98,2024
BDL,2024-04-23,2024-04-24,954.2392,1001.9512,1.87,2.33,3.73,0.05,0.047,take_profit,False,1,1,5081497.46,238830.38,2024
GRSE,2024-04-23,2024-04-24,945.4254,992.6966,8.68,4.49,10.14,0.05,0.047,take_profit,False,1,1,4065197.97,191064.3,2024
BECTORFOOD,2024-04-24,2024-04-26,229.7444,241.2316,2.52,1.99,4.96,0.05,0.047,take_profit,False,2,2,5167476.4,242871.39,2024
ORIENTCEM,2024-04-24,2024-04-25,229.1367,240.5935,1.22,5.83,11.76,0.05,0.047,take_profit,False,1,1,4133981.12,194297.11,2024
EMAMILTD,2024-04-25,2024-04-29,447.4483,469.8207,2.8,3.93,3.83,0.05,0.047,take_profit,False,4,2,3981218.49,187117.27,2024
BHARATFORG,2024-04-25,2024-05-03,1296.8702,1232.0266,2.06,4.24,5.73,-0.05,-0.053,stopped_out,True,8,5,4976523.11,-263755.73,2024
WESTLIFE,2024-04-26,2024-04-30,886.1687,841.8603,3.05,2.65,7.45,-0.05,-0.053,stopped_out,True,4,2,4267044.35,-226153.35,2024
UNIONBANK,2024-04-29,2024-05-06,147.7837,140.3945,0.56,1.55,3.12,-0.05,-0.053,stopped_out,True,7,4,5577384.59,-295601.38,2024
CESC,2024-04-29,2024-05-02,138.5149,145.4406,1.12,2.37,2.01,0.05,0.047,take_profit,False,3,2,4461907.67,209709.66,2024
M&M,2024-04-30,2024-05-14,2124.6766,2230.9104,4.49,1.91,4.02,0.05,0.047,take_profit,False,14,9,5479876.77,257554.21,2024
KFINTECH,2024-04-30,2024-05-02,741.1162,778.172,3.43,4.5,2.73,0.05,0.047,take_profit,False,2,1,4383901.41,206043.37,2024
JSFB,2024-05-02,2024-05-06,665.8327,632.5411,8.36,7.2,9.46,-0.05,-0.053,stopped_out,True,4,2,5359433.55,-284049.98,2024
WELCORP,2024-05-02,2024-05-06,596.809,566.9685,1.22,5.94,7.12,-0.05,-0.053,stopped_out,True,4,2,4287546.84,-227239.98,2024
RAINBOW,2024-05-03,2024-05-06,1457.9925,1530.8922,1.15,3.71,4.87,0.05,0.047,take_profit,False,3,1,4372590.95,205511.77,2024
MARICO,2024-05-06,2024-05-07,522.5534,553.2368,7.19,2.19,1.8,0.058718,0.055718,take_profit_gap,False,1,1,3736160.28,208171.38,2024
ABB,2024-05-06,2024-05-13,6879.182,7475.9788,0.53,1.89,3.43,0.086754,0.083754,take_profit_gap,False,7,5,4670200.34,391147.96,2024
JUBLFOOD,2024-05-06,2024-05-07,471.0896,494.6441,0.96,2.07,1.86,0.05,0.047,take_profit,False,1,1,7297188.04,342967.84,2024
SWSOLAR,2024-05-06,2024-05-09,715.2074,750.9678,3.1,1.61,3.45,0.05,0.047,take_profit,False,3,3,5837750.43,274374.27,2024
HINDUNILVR,2024-05-07,2024-05-22,2288.2625,2273.966,2.67,3.11,5.0,-0.006248,-0.009248,time_exit,False,15,10,5305825.73,-49068.28,2024
DABUR,2024-05-07,2024-05-22,545.1104,540.2263,3.33,3.99,4.67,-0.00896,-0.01196,time_exit,False,15,10,4244660.58,-50766.14,2024
JWL,2024-05-09,2024-05-10,418.344,439.2612,1.18,6.25,2.25,0.05,0.047,take_profit,False,1,1,4618153.4,217053.21,2024
LALPATHLAB,2024-05-10,2024-05-13,1155.0093,1212.7598,2.99,3.28,5.24,0.05,0.047,take_profit,False,3,1,4661564.05,219093.51,2024
SHARDACROP,2024-05-13,2024-05-14,379.187,398.1463,3.61,11.3,3.83,0.05,0.047,take_profit,False,1,1,4574121.93,214983.73,2024
ABB,2024-05-13,2024-05-17,7913.8812,8309.5753,8.84,5.99,5.75,0.05,0.047,take_profit,False,4,4,5717652.41,268729.66,2024
IRFC,2024-05-14,2024-05-17,153.6466,161.329,4.16,1.57,7.01,0.05,0.047,take_profit,False,3,3,4611683.89,216749.14,2024
NATIONALUM,2024-05-14,2024-05-21,174.0222,183.1427,5.35,1.59,6.42,0.05241,0.04941,take_profit_gap,False,7,4,5764604.87,284829.13,2024
DATAPATTNS,2024-05-17,2024-05-21,3174.3752,3381.2365,6.1,2.35,6.34,0.065166,0.062166,take_profit_gap,False,4,1,5852310.14,363814.71,2024
BRIGADE,2024-05-17,2024-05-21,1186.1249,1245.4311,5.29,1.99,8.81,0.05,0.047,take_profit,False,4,1,4681848.11,220046.86,2024
POLYMED,2024-05-21,2024-05-22,1740.2242,1827.2354,1.35,8.4,3.1,0.05,0.047,take_profit,False,1,1,7178969.25,337411.55,2024
STARCEMENT,2024-05-21,2024-05-22,242.9078,230.7624,4.66,4.85,6.41,-0.05,-0.053,stopped_out,True,1,1,5743175.4,-304388.3,2024
NBCC,2024-05-21,2024-05-28,97.7239,92.8377,0.81,2.23,2.23,-0.05,-0.053,stopped_out,True,7,5,4594540.32,-243510.64,2024
CIEINDIA,2024-05-22,2024-05-27,517.3122,543.1778,3.31,6.14,5.53,0.05,0.047,take_profit,False,5,3,5220349.58,245356.43,2024
FINCABLES,2024-05-22,2024-05-24,1142.8101,1199.9506,4.05,7.71,9.49,0.05,0.047,take_profit,False,2,2,4176279.66,196285.14,2024
HAL,2024-05-22,2024-05-24,4818.4305,5059.352,1.44,1.74,2.31,0.05,0.047,take_profit,False,2,2,8156796.22,383369.42,2024
CLEAN,2024-05-22,2024-05-30,1382.3649,1313.2467,3.92,3.48,4.38,-0.05,-0.053,stopped_out,True,8,6,6525436.97,-345848.16,2024
KPITTECH,2024-05-24,2024-05-29,1534.3562,1457.6383,2.12,1.51,2.46,-0.05,-0.053,stopped_out,True,5,3,5923569.82,-313949.2,2024
CHENNPETRO,2024-05-24,2024-05-30,923.9291,877.7327,3.09,1.61,3.45,-0.05,-0.053,stopped_out,True,6,4,4738855.86,-251159.36,2024
JBMA,2024-05-27,2024-05-31,1056.8889,1004.0445,0.55,6.11,6.93,-0.05,-0.053,stopped_out,True,4,4,4884225.89,-258863.97,2024
GLENMARK,2024-05-28,2024-06-04,1156.2837,1098.4695,1.69,5.39,3.59,-0.05,-0.053,stopped_out,True,7,5,4777586.65,-253212.09,2024
SUNTECK,2024-05-29,2024-05-31,478.6408,454.7087,1.66,4.79,4.62,-0.05,-0.053,stopped_out,True,2,2,4943993.44,-262031.65,2024
KNRCON,2024-05-30,2024-05-31,302.1464,317.2537,3.19,12.47,4.71,0.05,0.047,take_profit,False,1,1,6088651.81,286166.64,2024
KNRCON,2024-05-30,2024-05-31,302.1464,317.2537,2.02,12.47,4.71,0.05,0.047,take_profit,False,1,1,4870921.45,228933.31,2024
NLCINDIA,2024-05-31,2024-06-03,229.0641,240.5173,5.35,2.24,7.45,0.05,0.047,take_profit,False,3,1,4123205.91,193790.68,2024
JKIL,2024-05-31,2024-06-04,747.4994,710.1244,7.05,12.07,11.81,-0.05,-0.053,stopped_out,True,4,2,5154007.39,-273162.39,2024
PRAJIND,2024-05-31,2024-06-03,511.3169,536.8827,3.55,9.16,2.06,0.05,0.047,take_profit,False,3,1,6442509.24,302797.93,2024
ADANIPOWER,2024-05-31,2024-06-03,151.2356,173.913,15.51,4.14,7.08,0.149948,0.146948,take_profit_gap,False,3,1,8053136.54,1183392.31,2024
SKIPPER,2024-06-03,2024-06-04,326.323,310.0068,3.27,4.37,4.58,-0.05,-0.053,stopped_out,True,1,1,7358331.25,-389991.56,2024
ULTRACEMCO,2024-06-03,2024-06-04,10347.937,9830.5402,1.93,2.03,1.65,-0.05,-0.053,stopped_out,True,1,1,5886665.0,-311993.25,2024
PRESTIGE,2024-06-03,2024-06-04,1732.4103,1645.7898,7.02,1.79,3.59,-0.05,-0.053,stopped_out,True,1,1,4709332.0,-249594.6,2024
COLPAL,2024-06-04,2024-06-05,2729.661,2866.1441,3.45,2.14,3.64,0.05,0.047,take_profit,False,1,1,9049059.28,425305.79,2024
DABUR,2024-06-04,2024-06-05,564.3887,592.6081,4.03,3.67,5.42,0.05,0.047,take_profit,False,1,1,7239247.42,340244.63,2024
UBL,2024-06-04,2024-06-05,1907.3496,2002.717,1.64,2.74,1.95,0.05,0.047,take_profit,False,1,1,5791397.94,272195.7,2024
HINDUNILVR,2024-06-04,2024-06-05,2400.6848,2520.7191,5.51,3.33,5.15,0.05,0.047,take_profit,False,1,1,4633118.35,217756.56,2024
MARICO,2024-06-04,2024-06-05,605.5727,635.8513,1.48,1.77,2.08,0.05,0.047,take_profit,False,1,1,3706494.68,174205.25,2024
NESTLEIND,2024-06-05,2024-06-20,1230.3321,1243.7448,1.69,2.16,3.29,0.010902,0.007902,time_exit,False,15,10,9335000.87,73765.18,2024
TRENT,2024-06-05,2024-06-13,4902.005,5180.9175,2.77,1.61,4.69,0.056898,0.053898,take_profit_gap,False,8,6,7468000.69,402510.3,2024
EMAMILTD,2024-06-05,2024-06-07,672.6158,706.2466,1.82,3.42,10.84,0.05,0.047,take_profit,False,2,2,5974400.56,280796.83,2024
NESTLEIND,2024-06-05,2024-06-20,1230.3321,1243.7448,0.58,2.16,3.29,0.010902,0.007902,time_exit,False,15,10,4779520.44,37767.77,2024
BECTORFOOD,2024-06-05,2024-06-06,281.9951,296.0949,12.34,5.54,12.72,0.05,0.047,take_profit,False,1,1,3823616.36,179709.97,2024
MAZDOCK,2024-06-06,2024-06-13,1555.9702,1633.7687,4.58,1.66,11.36,0.05,0.047,take_profit,False,7,5,3859558.35,181399.24,2024
IRB,2024-06-07,2024-06-10,76.1103,72.3048,3.35,2.01,7.78,-0.05,-0.053,stopped_out,True,3,1,4338686.16,-229950.37,2024
BLUEDART,2024-06-10,2024-06-13,7632.9444,8014.5917,3.3,4.26,3.15,0.05,0.047,take_profit,False,3,3,4292696.08,201756.72,2024
NEOGEN,2024-06-13,2024-06-24,1606.5295,1686.856,1.69,2.15,3.64,0.05,0.047,take_profit,False,11,6,4297818.33,201997.46,2024
OFSS,2024-06-13,2024-06-28,9219.7472,9424.3919,5.28,8.28,9.32,0.022196,0.019196,time_exit,False,15,10,6715341.14,128907.69,2024
DCMSHRIRAM,2024-06-13,2024-06-24,1041.2496,989.1871,2.91,7.1,6.12,-0.05,-0.053,stopped_out,True,11,6,5372272.91,-284730.46,2024
NIACL,2024-06-20,2024-06-25,247.0154,234.6647,2.9,2.25,5.81,-0.05,-0.053,stopped_out,True,5,3,6283465.52,-333023.67,2024
NAVINFLUOR,2024-06-20,2024-06-25,3750.1236,3562.6175,1.42,4.03,2.87,-0.05,-0.053,stopped_out,True,5,3,5026772.41,-266418.94,2024
BORORENEW,2024-06-24,2024-06-25,507.2535,532.6162,2.46,2.26,3.38,0.05,0.047,take_profit,False,1,1,5938889.58,279127.81,2024
INTELLECT,2024-06-24,2024-07-01,1060.2997,1113.3146,1.06,2.04,2.11,0.05,0.047,take_profit,False,7,5,4751111.66,223302.25,2024
GODREJAGRO,2024-06-25,2024-07-01,657.6418,690.5239,5.01,4.85,6.14,0.05,0.047,take_profit,False,6,4,7186651.87,337772.64,2024
BANCOINDIA,2024-06-25,2024-06-26,321.6919,337.7765,4.66,4.92,7.4,0.05,0.047,take_profit,False,1,1,5749321.5,270218.11,2024
PGIL,2024-06-25,2024-06-27,747.2041,709.8439,1.12,13.54,15.24,-0.05,-0.053,stopped_out,True,2,2,4599457.2,-243771.23,2024
POWERINDIA,2024-06-26,2024-07-01,12629.1591,13260.617,2.07,1.85,9.59,0.05,0.047,take_profit,False,5,3,4883473.68,229523.26,2024
PRICOLLTD,2024-06-27,2024-07-11,495.0159,497.3601,0.76,1.78,2.78,0.004735,0.001735,time_exit,False,14,10,4777916.14,8289.68,2024
PERSISTENT,2024-06-28,2024-07-01,4193.9436,4403.6408,0.62,1.79,4.99,0.05,0.047,take_profit,False,3,1,5191182.68,243985.59,2024
JKTYRE,2024-07-01,2024-07-10,438.5752,460.504,0.94,3.52,2.48,0.05,0.047,take_profit,False,9,7,8762346.87,411830.3,2024
GODREJAGRO,2024-07-01,2024-07-02,732.5291,769.1556,10.52,2.52,10.81,0.05,0.047,take_profit,False,1,1,7009877.49,329464.24,2024
NAZARA,2024-07-01,2024-07-02,221.6108,232.6913,2.66,2.03,2.84,0.05,0.047,take_profit,False,1,1,5607901.99,263571.39,2024
MGL,2024-07-01,2024-07-02,1674.4031,1590.6829,1.59,4.81,8.84,-0.05,-0.053,stopped_out,True,1,1,4486321.6,-237775.04,2024
APLLTD,2024-07-02,2024-07-16,952.8302,1000.4718,2.91,3.51,4.89,0.05,0.047,take_profit,False,14,10,5664743.69,266242.95,2024
KPIL,2024-07-02,2024-07-08,1203.3483,1263.5157,1.68,1.82,3.26,0.05,0.047,take_profit,False,6,4,4531794.95,212994.36,2024
SEQUENT,2024-07-02,2024-07-04,125.2626,131.5257,2.02,1.63,1.79,0.05,0.047,take_profit,False,2,2,7080929.61,332803.69,2024
HCLTECH,2024-07-04,2024-07-15,1436.2686,1508.082,1.09,1.71,2.52,0.05,0.047,take_profit,False,11,7,5108182.62,240084.58,2024
ONGC,2024-07-08,2024-07-15,269.6311,283.1127,1.35,2.69,3.16,0.05,0.047,take_profit,False,7,5,5035503.96,236668.69,2024
MANINFRA,2024-07-10,2024-07-18,201.3992,191.3292,1.77,2.3,4.07,-0.05,-0.053,stopped_out,True,8,5,5863238.6,-310751.65,2024
GPPL,2024-07-11,2024-07-16,214.976,204.2272,0.55,2.66,7.17,-0.05,-0.053,stopped_out,True,5,3,5647832.05,-299335.1,2024
PGIL,2024-07-15,2024-07-16,750.6613,788.1944,4.06,2.12,2.8,0.05,0.047,take_profit,False,1,1,6642353.61,312190.62,2024
CANBK,2024-07-15,2024-07-22,113.2509,107.5884,0.68,1.7,3.53,-0.05,-0.053,stopped_out,True,7,4,5313882.89,-281635.79,2024
KITEX,2024-07-16,2024-07-19,77.4777,73.6039,0.9,6.34,5.84,-0.05,-0.053,stopped_out,True,3,2,5054663.6,-267897.17,2024
TTML,2024-07-16,2024-07-18,81.3607,85.4287,3.26,6.82,4.27,0.05,0.047,take_profit,False,2,1,6318329.5,296961.49,2024
ANURAS,2024-07-16,2024-07-31,775.3204,782.279,1.3,3.17,2.86,0.008975,0.005975,time_exit,False,15,10,7897911.87,47190.02,2024
MARICO,2024-07-18,2024-07-24,674.8457,641.1035,0.79,2.1,3.1,-0.05,-0.053,stopped_out,True,6,4,6477286.47,-343296.18,2024
KARURVYSYA,2024-07-18,2024-07-25,168.5316,176.9582,2.42,2.82,1.71,0.05,0.047,take_profit,False,7,5,5181829.17,243545.97,2024
VSTIND,2024-07-19,2024-07-24,402.7689,382.6305,5.89,14.43,3.1,-0.05,-0.053,stopped_out,True,5,3,5102816.62,-270449.28,2024
CHALET,2024-07-22,2024-07-24,811.3071,851.8724,0.91,3.27,6.12,0.05,0.047,take_profit,False,2,2,5088702.72,239169.03,2024
PPLPHARMA,2024-07-24,2024-07-30,166.5254,174.8517,4.23,3.79,5.75,0.05,0.047,take_profit,False,6,4,7329808.05,344500.98,2024
ELECTCAST,2024-07-24,2024-07-30,205.981,216.28,2.62,3.25,6.05,0.05,0.047,take_profit,False,6,4,5863846.44,275600.78,2024
CAMPUS,2024-07-24,2024-07-30,302.7759,317.9147,1.12,2.64,5.97,0.05,0.047,take_profit,False,6,4,4691077.15,220480.63,2024
PETRONET,2024-07-25,2024-08-08,345.6821,344.0605,2.24,2.77,6.02,-0.004691,-0.007691,time_exit,False,14,10,4837936.75,-37208.57,2024
CLEAN,2024-07-30,2024-08-01,1569.522,1647.9981,1.39,2.26,4.44,0.05,0.047,take_profit,False,2,2,6092329.76,286339.5,2024
CAMS,2024-07-30,2024-08-01,912.7257,867.0894,4.78,4.74,9.39,-0.05,-0.053,stopped_out,True,2,2,4873863.81,-258314.78,2024
CAMS,2024-07-30,2024-08-01,912.7257,867.0894,3.49,4.74,9.39,-0.05,-0.053,stopped_out,True,2,2,7615412.21,-403616.85,2024
AJANTPHARM,2024-07-31,2024-08-02,2642.5428,2774.6699,3.11,3.98,6.06,0.05,0.047,take_profit,False,2,2,5488111.43,257941.24,2024
NAZARA,2024-08-01,2024-08-02,237.4562,249.329,2.32,2.3,4.4,0.05,0.047,take_profit,False,1,1,8031691.87,377489.52,2024
LLOYDSME,2024-08-01,2024-08-05,776.7337,737.897,0.77,3.73,5.69,-0.05,-0.053,stopped_out,True,4,2,6425353.5,-340543.74,2024
AJANTPHARM,2024-08-01,2024-08-07,2738.0434,2874.9456,0.68,1.6,4.0,0.05,0.047,take_profit,False,6,4,5140282.8,241593.29,2024
GHCL,2024-08-02,2024-08-05,616.7697,585.9312,2.56,11.32,11.23,-0.05,-0.053,stopped_out,True,3,1,6943273.05,-367993.47,2024
AWL,2024-08-02,2024-08-05,383.3416,364.1745,1.25,6.53,11.38,-0.05,-0.053,stopped_out,True,3,1,5554618.44,-294394.78,2024
BLS,2024-08-06,2024-08-09,381.0727,400.1263,3.51,7.38,1.76,0.05,0.047,take_profit,False,3,3,5137764.71,241474.94,2024
PATANJALI,2024-08-06,2024-08-21,582.6116,611.7422,3.43,3.18,2.44,0.05,0.047,take_profit,False,15,10,6422205.88,301843.68,2024
GRAVITA,2024-08-06,2024-08-08,1706.5502,1791.8777,3.26,3.19,4.87,0.05,0.047,take_profit,False,2,2,8027757.35,377304.6,2024
SAMHI,2024-08-07,2024-08-09,190.095,199.5998,2.05,2.52,2.41,0.05,0.047,take_profit,False,2,2,5186586.98,243769.59,2024
HONASA,2024-08-08,2024-08-09,496.5982,471.7683,2.27,8.37,9.1,-0.05,-0.053,stopped_out,True,1,1,6790427.61,-359892.66,2024
DCMSHRIRAM,2024-08-08,2024-08-14,1136.2573,1079.4444,0.76,6.77,4.58,-0.05,-0.053,stopped_out,True,6,4,5432342.09,-287914.13,2024
WOCKPHARMA,2024-08-09,2024-08-14,957.0783,907.546,2.43,1.65,2.86,-0.051754,-0.054754,stopped_out_gap,False,5,3,7793899.9,-426747.2,2024
IMAGICAA,2024-08-09,2024-08-14,94.8874,90.143,2.51,4.76,5.38,-0.05,-0.053,stopped_out,True,5,3,6235119.92,-330461.36,2024
AFFLE,2024-08-09,2024-08-14,1595.9976,1516.1977,2.92,6.24,5.8,-0.05,-0.053,stopped_out,True,5,3,4988095.94,-264369.08,2024
POLICYBZR,2024-08-14,2024-08-16,1574.8371,1653.5789,4.58,7.47,6.06,0.05,0.047,take_profit,False,2,1,4412656.62,207394.86,2024
UNOMINDA,2024-08-14,2024-08-19,1104.2561,1160.9507,5.75,2.29,5.64,0.051342,0.048342,take_profit_gap,False,5,2,5515820.78,266645.81,2024
MARKSANS,2024-08-14,2024-08-22,213.2464,223.9087,4.14,6.52,7.17,0.05,0.047,take_profit,False,8,5,6894775.98,324054.47,2024
POLICYBZR,2024-08-14,2024-08-16,1574.8371,1653.5789,1.46,7.47,6.06,0.05,0.047,take_profit,False,2,1,8618469.97,405068.09,2024
LTTS,2024-08-16,2024-08-22,5125.5595,5381.8375,5.24,2.9,4.46,0.05,0.047,take_profit,False,6,4,6258843.21,294165.63,2024
LTTS,2024-08-16,2024-08-22,5125.5595,5381.8375,2.06,2.9,4.46,0.05,0.047,take_profit,False,6,4,5007074.57,235332.5,2024
PGEL,2024-08-19,2024-08-22,519.7113,545.6969,3.32,1.81,3.97,0.05,0.047,take_profit,False,3,3,5162152.97,242621.19,2024
DCAL,2024-08-21,2024-08-26,188.2141,197.6248,6.0,2.05,9.25,0.05,0.047,take_profit,False,5,3,5474532.29,257303.02,2024
JYOTICNC,2024-08-22,2024-08-26,1222.8611,1284.0042,4.63,2.76,7.8,0.05,0.047,take_profit,False,4,2,9263429.93,435381.21,2024
ABDL,2024-08-22,2024-08-27,330.3116,346.8272,3.91,3.8,7.39,0.05,0.047,take_profit,False,5,3,7410743.95,348304.97,2024
DEVYANI,2024-08-22,2024-08-23,181.4807,190.5547,2.45,1.61,2.77,0.05,0.047,take_profit,False,1,1,5928595.16,278643.97,2024
AARTIPHARM,2024-08-22,2024-08-29,661.2743,694.338,0.88,1.84,2.52,0.05,0.047,take_profit,False,7,5,4742876.13,222915.18,2024
TATAELXSI,2024-08-23,2024-08-26,7012.3682,7362.9866,0.89,2.61,1.62,0.05,0.047,take_profit,False,3,1,5035748.73,236680.19,2024
ELGIEQUIP,2024-08-26,2024-09-09,717.4973,708.3182,1.44,3.7,2.89,-0.012793,-0.015793,time_exit,False,14,10,8169214.05,-129016.4,2024
POLYMED,2024-08-26,2024-09-03,2322.9925,2439.1421,2.23,4.7,3.5,0.05,0.047,take_profit,False,8,6,6535371.24,307162.45,2024
TI,2024-08-26,2024-08-30,254.9631,267.7113,1.47,1.62,2.53,0.05,0.047,take_profit,False,4,4,5228296.99,245729.96,2024
ECLERX,2024-08-27,2024-09-02,2808.9844,2949.4336,1.39,4.91,1.61,0.05,0.047,take_profit,False,6,4,5734447.38,269519.03,2024
CHOICEIN,2024-08-29,2024-09-10,439.7698,461.7583,2.05,1.53,1.94,0.05,0.047,take_profit,False,12,8,5580716.16,262293.66,2024
RADICO,2024-08-30,2024-09-02,1940.2073,2037.2177,5.76,8.15,6.79,0.05,0.047,take_profit,False,3,1,5559378.32,261290.78,2024
THANGAMAYL,2024-09-02,2024-09-03,2213.5317,2324.2083,7.34,7.33,9.39,0.05,0.047,take_profit,False,1,1,5449943.81,256147.36,2024
GAEL,2024-09-02,2024-09-09,146.8832,139.5391,0.53,3.91,2.19,-0.05,-0.053,stopped_out,True,7,5,6812429.76,-361058.78,2024
AEGISLOG,2024-09-03,2024-09-17,827.9794,786.5804,1.72,1.56,2.62,-0.05,-0.053,stopped_out,True,14,10,5495744.01,-291274.43,2024
CHALET,2024-09-03,2024-09-05,875.518,919.2939,1.54,1.67,2.46,0.05,0.047,take_profit,False,2,2,6869680.02,322874.96,2024
PVRINOX,2024-09-05,2024-09-13,1580.9401,1659.9871,0.6,3.19,3.39,0.05,0.047,take_profit,False,8,6,5835106.21,274249.99,2024
BALUFORGE,2024-09-09,2024-09-12,854.4122,811.6916,3.89,2.3,10.78,-0.05,-0.053,stopped_out,True,3,3,7566398.69,-401019.13,2024
UNITDSPR,2024-09-09,2024-09-20,1484.9344,1559.1811,0.68,2.1,2.76,0.05,0.047,take_profit,False,11,9,6053118.95,284496.59,2024
AETHER,2024-09-10,2024-09-11,1059.8797,1006.8857,0.84,7.91,6.04,-0.05,-0.053,stopped_out,True,1,1,6011097.13,-318588.15,2024
PRSMJOHNSN,2024-09-11,2024-09-12,232.7263,221.09,3.13,11.32,11.4,-0.05,-0.053,stopped_out,True,1,1,5947379.5,-315211.11,2024
ABREL,2024-09-12,2024-09-13,2781.9963,2921.0961,1.58,2.34,6.39,0.05,0.047,take_profit,False,1,1,7317413.19,343918.42,2024
AUROPHARMA,2024-09-12,2024-09-20,1556.3884,1478.569,0.56,3.02,2.63,-0.05,-0.053,stopped_out,True,8,6,5853930.55,-310258.32,2024
NEWGEN,2024-09-13,2024-09-19,1186.284,1245.5982,4.45,4.14,9.24,0.05,0.047,take_profit,False,6,4,5949825.6,279641.8,2024
WIPRO,2024-09-13,2024-09-27,258.1954,253.8148,0.87,2.28,3.15,-0.016966,-0.019966,time_exit,False,14,10,7437282.0,-148492.77,2024
NAVA,2024-09-17,2024-09-18,619.0633,650.0165,0.76,7.43,13.12,0.05,0.047,take_profit,False,1,1,5800754.4,272635.46,2024
SHRIRAMFIN,2024-09-18,2024-10-03,699.6391,666.6392,0.93,1.83,3.78,-0.047167,-0.050167,time_exit,False,15,10,5855281.49,-293741.91,2024
JUBLFOOD,2024-09-19,2024-10-01,694.5867,659.8574,1.1,1.68,2.32,-0.05,-0.053,stopped_out,True,12,8,5930118.67,-314296.29,2024
MANKIND,2024-09-20,2024-09-23,2536.0181,2662.819,5.57,3.12,1.8,0.05,0.047,take_profit,False,3,1,7120352.49,334656.57,2024
RITES,2024-09-20,2024-09-25,356.8441,339.0019,1.25,3.96,4.83,-0.05,-0.053,stopped_out,True,5,3,5696281.99,-301902.95,2024
KARURVYSYA,2024-09-23,2024-10-04,181.4961,172.4212,1.65,3.33,3.23,-0.05,-0.053,stopped_out,True,11,8,6048027.41,-320545.45,2024
SENCO,2024-09-25,2024-10-01,725.2788,761.5428,3.27,1.91,3.84,0.05,0.047,take_profit,False,6,4,5917297.74,278112.99,2024
CANBK,2024-09-27,2024-10-03,109.2425,103.7803,0.64,3.76,2.15,-0.05,-0.053,stopped_out,True,6,3,6191596.03,-328154.59,2024
POLYCAB,2024-10-01,2024-10-16,7289.4217,7137.9654,1.79,2.78,4.85,-0.020778,-0.023778,time_exit,False,15,10,5852418.76,-139158.81,2024
TEGA,2024-10-01,2024-10-07,1973.5233,1874.8471,1.34,4.61,4.82,-0.05,-0.053,stopped_out,True,6,3,7315523.45,-387722.74,2024
KITEX,2024-10-03,2024-10-04,185.0794,175.8254,2.66,2.42,2.12,-0.05,-0.053,stopped_out,True,1,1,6966931.21,-369247.35,2024
PETRONET,2024-10-03,2024-10-07,344.8306,327.5891,2.91,4.79,7.19,-0.05,-0.053,stopped_out,True,4,2,5573544.97,-295397.88,2024
JKPAPER,2024-10-04,2024-10-11,483.462,507.6351,1.98,7.06,5.28,0.05,0.047,take_profit,False,7,5,6923869.14,325421.85,2024
APTUS,2024-10-04,2024-10-07,352.2778,369.8917,2.1,3.44,5.74,0.05,0.047,take_profit,False,3,1,5539095.31,260337.48,2024
CGPOWER,2024-10-07,2024-10-09,756.3518,794.1694,0.72,2.55,5.73,0.05,0.047,take_profit,False,2,2,8032352.37,377520.56,2024
SKIPPER,2024-10-08,2024-10-09,501.2081,526.2685,3.06,3.96,11.37,0.05,0.047,take_profit,False,1,1,6425881.89,302016.45,2024
M&M,2024-10-08,2024-10-17,3142.1885,2985.079,2.47,1.56,2.99,-0.05,-0.053,stopped_out,True,9,7,5140705.51,-272457.39,2024
AIIL,2024-10-09,2024-10-14,364.2873,346.0729,4.49,2.03,5.77,-0.05,-0.053,stopped_out,True,5,3,7140118.67,-378426.29,2024
IPCALAB,2024-10-09,2024-10-14,1608.7137,1689.1494,2.46,1.95,4.35,0.05,0.047,take_profit,False,5,3,5712094.93,268468.46,2024
BANDHANBNK,2024-10-11,2024-10-14,208.4608,198.0378,3.73,6.29,4.09,-0.05,-0.053,stopped_out,True,3,1,6019534.14,-319035.31,2024
TIMETECHNO,2024-10-14,2024-10-15,208.1084,218.5139,6.04,1.63,4.94,0.05,0.047,take_profit,False,1,1,8504178.24,399696.38,2024
HIKAL,2024-10-14,2024-10-21,362.377,380.4958,3.64,3.04,7.13,0.05,0.047,take_profit,False,7,5,6803342.59,319757.1,2024
BSE,2024-10-14,2024-10-16,1598.9253,1518.979,4.16,2.08,6.03,-0.05,-0.053,stopped_out,True,2,2,5442674.07,-288461.73,2024
HINDPETRO,2024-10-15,2024-10-22,408.0528,387.6501,4.08,2.16,2.15,-0.05,-0.053,stopped_out,True,7,5,6134914.18,-325150.45,2024
HDFCAMC,2024-10-16,2024-10-22,2370.6679,2252.1345,1.27,5.3,5.87,-0.05,-0.053,stopped_out,True,6,4,7081425.8,-375315.57,2024
BEML,2024-10-16,2024-10-18,1921.7717,2017.8603,0.94,5.9,2.7,0.05,0.047,take_profit,False,2,2,5665140.64,266261.61,2024
LATENTVIEW,2024-10-17,2024-10-22,484.9424,460.6952,0.89,5.39,2.93,-0.05,-0.053,stopped_out,True,5,3,5505762.14,-291805.39,2024
WIPRO,2024-10-18,2024-10-30,257.281,270.1451,1.64,4.34,3.13,0.05,0.047,take_profit,False,12,8,5590890.16,262771.84,2024
TATACHEM,2024-10-21,2024-10-22,1175.9687,1117.1702,0.85,5.37,4.3,-0.05,-0.053,stopped_out,True,1,1,5897332.07,-312558.6,2024
CUB,2024-10-22,2024-10-29,167.0207,175.3717,2.97,13.78,2.75,0.05,0.047,take_profit,False,7,5,9380786.49,440896.96,2024
CUB,2024-10-22,2024-10-29,167.0207,175.3717,4.04,13.78,2.75,0.05,0.047,take_profit,False,7,5,7504629.19,352717.57,2024
POLYMED,2024-10-22,2024-10-28,2521.0849,2647.1391,0.92,3.93,2.82,0.05,0.047,take_profit,False,6,4,6003703.35,282174.06,2024
COFORGE,2024-10-23,2024-11-06,1494.9961,1547.1926,7.82,5.8,8.76,0.034914,0.031914,time_exit,False,14,10,4802962.68,153281.75,2024
LAURUSLABS,2024-10-28,2024-11-11,490.9675,493.6207,0.55,1.8,6.16,0.005404,0.002404,time_exit,False,14,10,5099545.63,12259.31,2024
FIRSTCRY,2024-10-29,2024-10-30,694.5971,659.8673,2.54,1.73,11.36,-0.05,-0.053,stopped_out,True,1,1,7615442.54,-403618.45,2024
ICICIBANK,2024-10-29,2024-11-05,1322.3128,1256.1972,2.35,1.53,2.34,-0.05,-0.053,stopped_out,True,7,5,6092354.04,-322894.76,2024
BEL,2024-10-30,2024-11-06,286.4396,300.7616,1.45,2.09,1.8,0.05,0.047,take_profit,False,7,5,7486980.45,351888.08,2024
SUPRIYA,2024-10-30,2024-11-04,624.718,655.9539,1.49,3.33,2.52,0.05,0.047,take_profit,False,5,3,5989584.36,281510.46,2024
RATEGAIN,2024-11-04,2024-11-07,795.4475,835.2199,1.71,1.77,3.65,0.05,0.047,take_profit,False,3,3,6045886.45,284156.66,2024
PARADEEP,2024-11-05,2024-11-07,108.607,114.0374,2.57,2.02,5.87,0.05,0.047,take_profit,False,2,2,5990601.01,281558.25,2024
KALYANKJIL,2024-11-06,2024-11-13,698.3066,663.3912,3.39,1.8,7.86,-0.05,-0.053,stopped_out,True,7,5,7351503.4,-389629.68,2024
IFCI,2024-11-06,2024-11-07,65.2526,68.5152,10.2,2.99,13.41,0.05,0.047,take_profit,False,1,1,5881202.72,276416.53,2024
JSWENERGY,2024-11-07,2024-11-11,712.3424,747.9595,3.22,2.76,3.44,0.05,0.047,take_profit,False,4,2,6765541.2,317980.44,2024
KEC,2024-11-07,2024-11-11,1044.635,992.4032,3.16,8.85,7.65,-0.05,-0.053,stopped_out,True,4,2,5412432.96,-286858.95,2024
AVALON,2024-11-07,2024-11-08,707.9538,743.3515,7.04,11.53,6.41,0.05,0.047,take_profit,False,1,1,8456926.5,397475.55,2024
INDHOTEL,2024-11-08,2024-11-21,731.1166,767.6724,4.65,6.62,3.23,0.05,0.047,take_profit,False,13,7,6100826.78,286738.86,2024
JSWENERGY,2024-11-11,2024-11-12,736.7083,773.5437,2.39,2.37,4.14,0.05,0.047,take_profit,False,1,1,8344841.54,392207.55,2024
ZAGGLE,2024-11-11,2024-11-13,433.2165,411.5557,0.61,1.72,2.36,-0.05,-0.053,stopped_out,True,2,2,6675873.23,-353821.28,2024
PFC,2024-11-11,2024-11-13,458.7217,435.7857,0.71,3.29,6.08,-0.05,-0.053,stopped_out,True,2,2,5340698.59,-283057.03,2024
ERIS,2024-11-12,2024-11-25,1362.3997,1430.5197,0.5,3.54,3.22,0.05,0.047,take_profit,False,13,7,6019968.69,282938.53,2024
BANCOINDIA,2024-11-14,2024-11-18,403.0156,423.1663,3.15,10.18,6.49,0.05,0.047,take_profit,False,4,1,5429944.57,255207.39,2024
DCMSHRIRAM,2024-11-14,2024-11-19,1287.8111,1352.2016,2.24,2.86,9.43,0.05,0.047,take_profit,False,5,2,8484288.4,398761.55,2024
EICHERMOT,2024-11-14,2024-12-02,4823.5966,4756.6132,2.93,4.42,3.35,-0.013887,-0.016887,time_exit,False,18,10,6787430.72,-114619.34,2024
NATIONALUM,2024-11-18,2024-11-21,222.3679,233.4863,2.77,4.77,6.16,0.05,0.047,take_profit,False,3,2,5480986.05,257606.34,2024
MTARTECH,2024-11-19,2024-12-04,1744.1717,1786.0066,1.2,5.08,7.3,0.023986,0.020986,time_exit,False,15,10,6161398.83,129303.12,2024
INDHOTEL,2024-11-21,2024-12-05,784.8853,817.2866,2.49,2.86,3.53,0.041282,0.038282,time_exit,False,14,10,7354350.67,281539.25,2024
WEBELSOLAR,2024-11-21,2024-11-22,137.9139,131.0182,0.76,1.52,2.49,-0.05,-0.053,stopped_out,True,1,1,5883480.54,-311824.47,2024
CCL,2024-11-22,2024-11-27,734.6408,771.3729,3.17,1.65,3.65,0.05,0.047,take_profit,False,5,3,5821115.65,273592.44,2024
POLICYBZR,2024-11-25,2024-11-28,1807.2032,1897.5634,1.72,3.73,2.46,0.05,0.047,take_profit,False,3,3,5917473.96,278121.28,2024
HCC,2024-11-27,2024-11-28,40.9805,43.0295,6.64,2.53,6.81,0.05,0.047,take_profit,False,1,1,5952920.78,279787.28,2024
SUDARSCHEM,2024-11-28,2024-12-03,1041.0347,1093.0864,3.55,1.79,5.41,0.05,0.047,take_profit,False,5,3,7247997.29,340655.87,2024
STAR,2024-11-28,2024-12-04,1588.9658,1509.5175,0.95,2.03,3.86,-0.05,-0.053,stopped_out,True,6,4,5798397.83,-307315.08,2024
VAIBHAVGBL,2024-12-02,2024-12-10,285.6169,299.8977,1.72,1.83,4.79,0.05,0.047,take_profit,False,8,6,5973280.54,280744.19,2024
GALLANTT,2024-12-03,2024-12-10,381.8683,362.7749,4.15,1.77,5.0,-0.05,-0.053,stopped_out,True,7,5,6296355.06,-333706.82,2024
IOB,2024-12-04,2024-12-13,58.9995,56.0495,0.73,5.77,8.0,-0.05,-0.053,stopped_out,True,9,7,5914752.79,-313481.9,2024
IOB,2024-12-04,2024-12-13,58.9995,56.0495,3.44,5.77,8.0,-0.05,-0.053,stopped_out,True,9,7,7393440.99,-391852.37,2024
BORORENEW,2024-12-05,2024-12-06,512.306,537.9213,6.29,5.29,2.82,0.05,0.047,take_profit,False,1,1,6258980.22,294172.07,2024
IRFC,2024-12-06,2024-12-11,155.7766,163.5654,3.64,3.04,4.75,0.05,0.047,take_profit,False,5,3,6317814.63,296937.29,2024
CIEINDIA,2024-12-10,2024-12-18,499.9093,474.9138,3.5,4.35,3.91,-0.05,-0.053,stopped_out,True,8,6,7497586.3,-397372.07,2024
SYRMA,2024-12-10,2024-12-12,577.8697,606.7631,3.84,2.2,3.76,0.05,0.047,take_profit,False,2,2,5998069.04,281909.24,2024
IXIGO,2024-12-11,2024-12-16,156.9885,146.9265,5.67,7.63,8.21,-0.064094,-0.067094,stopped_out_gap,False,5,3,6121405.62,-410709.59,2024
WAAREEENER,2024-12-12,2024-12-16,3292.0495,3127.447,0.79,3.01,1.77,-0.05,-0.053,stopped_out,True,4,2,6153120.15,-326115.37,2024
SHAKTIPUMP,2024-12-13,2024-12-17,898.7763,982.3894,7.09,1.55,6.06,0.09303,0.09003,take_profit_gap,False,4,2,5954454.42,536079.53,2024
V2RETAIL,2024-12-13,2024-12-17,1461.4804,1596.2015,2.14,1.85,5.08,0.092181,0.089181,take_profit_gap,False,4,2,7443068.02,663780.25,2024
SHAREINDIA,2024-12-16,2024-12-17,310.4943,326.0191,0.73,3.81,3.42,0.05,0.047,take_profit,False,1,1,7071103.69,332341.87,2024
ANANTRAJ,2024-12-16,2024-12-17,786.6467,825.9791,3.42,1.56,3.65,0.05,0.047,take_profit,False,1,1,5656882.96,265873.5,2024
FIVESTAR,2024-12-17,2024-12-20,740.5547,777.5825,2.07,2.87,5.65,0.05,0.047,take_profit,False,3,3,10110223.21,475180.49,2024
BLUEJET,2024-12-17,2024-12-18,543.3161,570.4819,5.35,5.26,3.62,0.05,0.047,take_profit,False,1,1,8088178.57,380144.39,2024
MAZDOCK,2024-12-17,2024-12-19,2637.5427,2458.7171,0.53,2.36,5.07,-0.0678,-0.0708,stopped_out_gap,False,2,2,6470542.86,-458114.43,2024
EDELWEISS,2024-12-17,2024-12-19,136.9005,127.9546,1.84,3.06,7.54,-0.065346,-0.068346,stopped_out_gap,False,2,2,5176434.29,-353788.58,2024
BLUEJET,2024-12-18,2024-12-19,572.7292,601.3656,1.26,4.47,4.84,0.05,0.047,take_profit,False,1,1,5803883.89,272782.54,2024
SUPREMEIND,2024-12-18,2024-12-20,5065.4944,4812.2197,0.65,1.97,2.45,-0.05,-0.053,stopped_out,True,2,2,7254854.87,-384507.31,2024
ANANTRAJ,2024-12-19,2024-12-30,837.0613,878.9144,2.42,1.53,7.39,0.05,0.047,take_profit,False,11,6,5136291.35,241405.69,2024
KFINTECH,2024-12-19,2024-12-23,1420.2557,1349.2429,3.65,4.99,9.75,-0.05,-0.053,stopped_out,True,4,2,6420364.18,-340279.3,2024
DRREDDY,2024-12-19,2024-12-27,1317.9045,1383.7997,2.75,3.23,3.97,0.05,0.047,take_profit,False,8,5,8025455.23,377196.4,2024
NEWGEN,2024-12-20,2024-12-26,1567.1594,1645.5174,0.7,3.14,2.55,0.05,0.047,take_profit,False,6,3,7600183.33,357208.62,2024
MTARTECH,2024-12-20,2024-12-27,1723.0611,1636.908,1.06,5.3,3.12,-0.05,-0.053,stopped_out,True,7,4,6080146.66,-322247.77,2024
DEVYANI,2024-12-23,2024-12-27,177.3887,186.2581,1.19,3.28,2.49,0.05,0.047,take_profit,False,4,3,6080134.31,285766.31,2024
HSCL,2024-12-26,2025-01-03,565.3674,593.6358,1.71,2.2,1.95,0.05,0.047,take_profit,False,8,6,6455585.83,303412.53,2025
SAGILITY,2024-12-27,2024-12-31,53.8331,51.1415,0.86,1.5,3.2,-0.05,-0.053,stopped_out,True,4,2,9269758.89,-491297.22,2024
CAMPUS,2024-12-27,2024-12-30,314.7873,330.5267,3.21,4.07,3.24,0.05,0.047,take_profit,False,3,1,7415807.11,348542.93,2024
SAGILITY,2024-12-27,2024-12-31,53.8331,51.1415,1.17,1.5,3.2,-0.05,-0.053,stopped_out,True,4,2,5932645.69,-314430.22,2024
HAPPSTMNDS,2024-12-30,2025-01-06,741.9372,704.8403,3.37,8.63,6.98,-0.05,-0.053,stopped_out,True,7,5,5899620.78,-312679.9,2025
INOXGREEN,2024-12-30,2025-01-06,175.2776,166.5137,1.97,1.58,8.14,-0.05,-0.053,stopped_out,True,7,5,7374525.97,-390849.88,2025
IFCI,2024-12-31,2025-01-06,62.2911,59.1766,0.59,1.51,5.17,-0.05,-0.053,stopped_out,True,6,4,7599032.05,-402748.7,2025
RELINFRA,2024-12-31,2025-01-02,304.3021,319.5172,1.05,1.74,3.43,0.05,0.047,take_profit,False,2,2,6079225.64,285723.61,2025
BAJFINANCE,2025-01-02,2025-01-16,734.7556,721.1621,5.57,2.97,5.86,-0.018501,-0.021501,time_exit,False,14,10,6136370.36,-131938.1,2025
QUESS,2025-01-03,2025-01-06,655.3061,622.5408,1.14,3.58,1.68,-0.05,-0.053,stopped_out,True,3,1,6260895.96,-331827.49,2025
ITI,2025-01-06,2025-01-07,544.6222,574.8624,6.03,2.62,14.99,0.055525,0.052525,take_profit_gap,False,1,1,5195730.19,272905.73,2025
RBLBANK,2025-01-06,2025-01-09,166.2688,157.9553,1.08,1.63,1.77,-0.05,-0.053,stopped_out,True,3,3,10147910.53,-537839.26,2025
AEGISLOG,2025-01-06,2025-01-07,837.8298,879.7213,2.38,10.68,4.79,0.05,0.047,take_profit,False,1,1,8118328.42,381561.44,2025
EQUITASBNK,2025-01-06,2025-01-16,69.4147,72.8854,1.66,4.18,4.17,0.05,0.047,take_profit,False,10,8,6494662.74,305249.15,2025
VIJAYA,2025-01-07,2025-01-13,1207.7722,1268.1608,0.69,6.04,4.91,0.05,0.047,take_profit,False,6,4,5560231.45,261330.88,2025
NAVINFLUOR,2025-01-07,2025-01-09,3471.3283,3644.8947,1.21,2.09,3.83,0.05,0.047,take_profit,False,2,2,6950289.31,326663.6,2025
NAVINFLUOR,2025-01-09,2025-01-10,3816.8841,3626.0398,2.38,11.43,6.52,-0.05,-0.053,stopped_out,True,1,1,7825589.99,-414756.27,2025
NAVINFLUOR,2025-01-09,2025-01-10,3816.8841,3626.0398,1.91,11.43,6.52,-0.05,-0.053,stopped_out,True,1,1,6260471.99,-331805.02,2025
TCS,2025-01-10,2025-01-24,4050.684,4011.635,2.1,3.46,1.56,-0.00964,-0.01264,time_exit,False,14,10,7676277.74,-97028.15,2025
HCLTECH,2025-01-10,2025-01-14,1909.1455,1813.6882,1.05,1.9,3.05,-0.05,-0.053,stopped_out,True,4,2,6141022.19,-325474.18,2025
KITEX,2025-01-13,2025-01-17,236.8996,224.3355,2.15,1.74,2.78,-0.053036,-0.056036,stopped_out_gap,False,4,4,6077130.22,-340538.07,2025
IOB,2025-01-14,2025-01-15,53.7969,51.107,2.6,4.57,17.89,-0.05,-0.053,stopped_out,True,1,1,6024813.78,-319315.13,2025
ANANTRAJ,2025-01-15,2025-01-22,894.6208,849.8898,4.23,1.78,7.14,-0.05,-0.053,stopped_out,True,7,5,5960950.75,-315930.39,2025
JWL,2025-01-16,2025-01-20,493.777,518.4658,5.82,11.48,12.96,0.05,0.047,take_profit,False,4,2,5863703.54,275594.07,2025
IDBI,2025-01-16,2025-01-17,78.0011,81.9011,3.77,5.69,7.25,0.05,0.047,take_profit,False,1,1,7329629.43,344492.58,2025
GODREJCP,2025-01-17,2025-01-23,1163.6802,1105.4962,0.53,1.7,3.01,-0.05,-0.053,stopped_out,True,6,4,7373105.67,-390774.6,2025
BDL,2025-01-17,2025-01-20,1267.4839,1330.8581,4.24,4.13,6.23,0.05,0.047,take_profit,False,3,1,5898484.53,277228.77,2025
KRN,2025-01-20,2025-01-21,829.1644,870.6226,0.64,2.28,9.2,0.05,0.047,take_profit,False,1,1,7181789.81,337544.12,2025
KRN,2025-01-20,2025-01-21,829.1644,870.6226,5.78,2.28,9.2,0.05,0.047,take_profit,False,1,1,5745431.85,270035.3,2025
PARADEEP,2025-01-21,2025-01-24,124.0142,117.8135,2.03,2.65,7.82,-0.05,-0.053,stopped_out,True,3,3,7303305.69,-387075.2,2025
CENTURYPLY,2025-01-21,2025-01-27,818.0228,777.1216,0.72,3.95,3.89,-0.05,-0.053,stopped_out,True,6,4,5842644.55,-309660.16,2025
STARCEMENT,2025-01-22,2025-01-24,228.0406,216.6385,0.7,2.84,6.92,-0.05,-0.053,stopped_out,True,2,2,5803119.72,-307565.34,2025
GODIGIT,2025-01-23,2025-01-24,327.5137,311.138,4.38,8.73,8.04,-0.05,-0.053,stopped_out,True,1,1,6038961.99,-320064.99,2025
CGCL,2025-01-24,2025-01-27,200.4868,190.4625,3.69,17.3,6.76,-0.05,-0.053,stopped_out,True,3,1,9973155.88,-528577.26,2025
MAZDOCK,2025-01-28,2025-01-31,2306.885,2422.2293,1.66,1.93,3.69,0.05,0.047,take_profit,False,3,3,10974037.3,515779.75,2025
BANKINDIA,2025-01-28,2025-02-03,105.7288,100.4424,1.94,4.1,5.48,-0.05,-0.053,stopped_out,True,6,5,8779229.84,-465299.18,2025
BAJFINANCE,2025-01-28,2025-01-30,756.3731,794.1918,1.24,2.26,2.93,0.05,0.047,take_profit,False,2,2,7023383.88,330099.04,2025
BANKINDIA,2025-01-28,2025-02-03,105.7288,100.4424,2.68,4.1,5.48,-0.05,-0.053,stopped_out,True,6,5,5618707.1,-297791.48,2025
AUBANK,2025-01-28,2025-02-10,588.2689,578.7464,3.06,2.14,2.56,-0.016187,-0.019187,time_exit,False,13,10,4494965.68,-86244.91,2025
UJJIVANSFB,2025-01-30,2025-02-03,35.3977,37.1676,2.36,1.8,4.06,0.05,0.047,take_profit,False,4,3,5066669.13,238133.45,2025
TATACONSUM,2025-01-31,2025-02-13,1017.6204,1014.7678,3.88,2.57,5.63,-0.002803,-0.005803,time_exit,False,13,10,6351298.71,-36856.59,2025
DEVYANI,2025-02-03,2025-02-10,185.1025,175.8474,3.82,3.19,4.53,-0.05,-0.053,stopped_out,True,7,5,5676140.0,-300835.42,2025
GREENPANEL,2025-02-03,2025-02-07,375.97,357.1715,1.31,6.07,4.78,-0.05,-0.053,stopped_out,True,4,4,7095174.99,-376044.27,2025
GREENPANEL,2025-02-03,2025-02-07,375.97,357.1715,3.85,6.07,4.78,-0.05,-0.053,stopped_out,True,4,4,8868968.74,-470055.34,2025
GODFRYPHLP,2025-02-07,2025-02-10,1804.3905,1714.171,7.67,10.82,15.77,-0.05,-0.053,stopped_out,True,3,1,7564520.82,-400919.6,2025
CHAMBLFERT,2025-02-07,2025-02-11,544.9295,517.683,2.09,5.78,6.79,-0.05,-0.053,stopped_out,True,4,2,6051616.66,-320735.68,2025
ASHOKLEY,2025-02-12,2025-02-27,107.097,109.9555,3.14,4.58,7.52,0.026691,0.023691,time_exit,False,15,10,9376994.83,222150.38,2025
PGIL,2025-02-12,2025-02-19,1397.3713,1467.2399,0.59,4.33,11.62,0.05,0.047,take_profit,False,7,5,7501595.87,352575.01,2025
SBICARD,2025-02-13,2025-02-28,857.7172,838.3806,4.0,3.35,4.22,-0.022544,-0.025544,time_exit,False,15,10,7264165.12,-185555.83,2025
BAJAJFINSV,2025-02-13,2025-02-28,1849.2737,1870.4526,1.31,1.98,2.51,0.011453,0.008453,time_exit,False,15,10,5811332.1,49123.19,2025
REDINGTON,2025-02-13,2025-02-18,239.3456,227.3784,3.31,2.82,7.21,-0.05,-0.053,stopped_out,True,5,3,4649065.68,-246400.48,2025
NH,2025-02-18,2025-02-25,1365.2686,1433.532,0.67,1.73,3.62,0.05,0.047,take_profit,False,7,5,4599785.58,216189.92,2025
KRN,2025-02-19,2025-02-25,854.8772,897.6211,2.6,2.03,14.85,0.05,0.047,take_profit,False,6,4,5250662.64,246781.14,2025
NH,2025-02-25,2025-03-03,1462.8376,1535.9795,2.39,9.18,5.19,0.05,0.047,take_profit,False,6,3,6263213.97,294371.06,2025
THANGAMAYL,2025-02-25,2025-02-27,1851.6583,1759.0754,2.03,2.73,18.51,-0.05,-0.053,stopped_out,True,2,1,5010571.17,-265560.27,2025
CREDITACC,2025-02-27,2025-02-28,971.9357,923.339,0.79,10.07,10.48,-0.05,-0.053,stopped_out,True,1,1,6877288.16,-364496.27,2025
CHOLAFIN,2025-02-27,2025-03-13,1437.6466,1442.2493,1.32,2.54,2.31,0.003202,0.000202,time_exit,False,14,10,5501830.53,1111.37,2025
AETHER,2025-02-28,2025-03-03,855.7777,898.5665,2.01,4.66,7.72,0.05,0.047,take_profit,False,3,1,8291835.72,389716.28,2025
HOMEFIRST,2025-02-28,2025-03-03,1016.0148,965.2141,1.19,13.48,11.76,-0.05,-0.053,stopped_out,True,3,1,6633468.57,-351573.83,2025
ANURAS,2025-03-03,2025-03-04,709.1918,673.7322,2.78,3.25,11.0,-0.05,-0.053,stopped_out,True,1,1,4920822.38,-260803.59,2025
NH,2025-03-03,2025-03-05,1612.6099,1531.9794,1.9,9.97,11.42,-0.05,-0.053,stopped_out,True,2,2,6151027.97,-326004.48,2025
BLUESTARCO,2025-03-03,2025-03-04,2023.7947,2124.9845,1.58,5.01,4.91,0.05,0.047,take_profit,False,1,1,9610981.21,451716.12,2025
DBL,2025-03-03,2025-03-05,437.3271,459.1935,3.16,1.82,5.66,0.05,0.047,take_profit,False,2,2,7688784.97,361372.89,2025
KRN,2025-03-04,2025-03-05,923.5615,969.7396,3.0,1.92,7.01,0.05,0.047,take_profit,False,1,1,6881201.13,323416.45,2025
NLCINDIA,2025-03-04,2025-03-11,222.1519,211.0443,2.7,1.72,11.87,-0.05,-0.053,stopped_out,True,7,5,5504960.9,-291762.93,2025
REDINGTON,2025-03-05,2025-03-11,241.7337,229.647,3.76,1.82,7.5,-0.05,-0.053,stopped_out,True,6,4,8619928.51,-456856.21,2025
INDIGO,2025-03-05,2025-03-19,4692.5194,4927.1454,1.02,1.62,1.69,0.05,0.047,take_profit,False,14,9,6895942.81,324109.31,2025
TATASTEEL,2025-03-05,2025-03-10,142.8419,149.984,3.6,1.91,5.11,0.05,0.047,take_profit,False,5,3,5516754.25,259287.45,2025
SOLARINDS,2025-03-10,2025-03-20,9836.1305,10327.937,0.52,3.06,3.77,0.05,0.047,take_profit,False,10,7,5568611.74,261724.75,2025
SARDAEN,2025-03-11,2025-03-19,526.3926,559.2659,1.61,4.0,7.56,0.06245,0.05945,take_profit_gap,False,8,5,7130143.44,423887.03,2025
THANGAMAYL,2025-03-11,2025-03-12,1843.5083,1751.3329,0.68,3.21,13.24,-0.05,-0.053,stopped_out,True,1,1,5704114.75,-302318.08,2025
BALRAMCHIN,2025-03-12,2025-03-19,483.5304,508.8883,2.55,4.84,7.49,0.052443,0.049443,take_profit_gap,False,7,4,5643651.14,279039.04,2025
DMART,2025-03-13,2025-03-25,3798.9986,3988.9486,0.82,4.09,3.15,0.05,0.047,take_profit,False,12,7,5615509.29,263928.94,2025
FEDERALBNK,2025-03-19,2025-03-24,185.1622,194.4203,4.46,1.71,2.41,0.05,0.047,take_profit,False,5,3,8631761.99,405692.81,2025
FEDERALBNK,2025-03-19,2025-03-24,185.1622,194.4203,1.3,1.71,2.41,0.05,0.047,take_profit,False,5,3,6905409.59,324554.25,2025
GICRE,2025-03-19,2025-03-21,407.4201,427.7911,2.06,1.92,3.55,0.05,0.047,take_profit,False,2,2,5524327.67,259643.4,2025
PARAS,2025-03-20,2025-04-04,497.2157,492.3742,3.25,5.11,2.02,-0.009737,-0.012737,time_exit,False,15,10,5585529.43,-71142.89,2025
POONAWALLA,2025-03-21,2025-03-24,334.9674,351.7158,3.17,3.02,5.25,0.05,0.047,take_profit,False,3,1,5625217.76,264385.23,2025
BHEL,2025-03-24,2025-04-07,217.1924,193.4964,2.28,1.56,1.65,-0.109101,-0.112101,stopped_out_gap,False,14,9,7145262.83,-800991.11,2025
CHOLAHLDNG,2025-03-24,2025-04-01,1774.4645,1685.7413,0.97,1.65,3.25,-0.05,-0.053,stopped_out,True,8,5,5716210.26,-302959.14,2025
CONCOR,2025-03-24,2025-04-07,563.2852,504.5989,1.84,1.74,2.57,-0.104186,-0.107186,stopped_out_gap,False,14,9,8931578.54,-957340.18,2025
BLUEDART,2025-03-25,2025-03-27,6491.3779,6166.809,0.76,14.44,7.96,-0.05,-0.053,stopped_out,True,2,2,5748855.86,-304689.36,2025
AIIL,2025-03-27,2025-03-28,330.0905,346.595,2.97,2.43,6.28,0.05,0.047,take_profit,False,1,1,5687917.98,267332.15,2025
BSE,2025-03-28,2025-04-03,1821.7675,1912.8559,6.68,3.13,9.6,0.05,0.047,take_profit,False,6,3,5741384.41,269845.07,2025
GALLANTT,2025-04-01,2025-04-02,407.486,427.8603,2.07,4.65,5.29,0.05,0.047,take_profit,False,1,1,5675757.75,266760.61,2025
SUPRIYA,2025-04-02,2025-04-03,785.6053,824.8856,3.83,2.61,7.11,0.05,0.047,take_profit,False,1,1,5729109.88,269268.16,2025
INDIAGLYCO,2025-04-03,2025-04-07,626.1948,536.6491,1.19,3.37,6.25,-0.143,-0.146,stopped_out_gap,False,4,2,6985209.41,-1019840.57,2025
RBA,2025-04-03,2025-04-07,72.2361,65.957,2.83,3.58,9.39,-0.086925,-0.089925,stopped_out_gap,False,4,2,5588167.53,-502515.96,2025
BERGEPAINT,2025-04-08,2025-04-22,532.2457,558.8579,3.75,2.95,2.99,0.05,0.047,take_profit,False,14,7,4361141.22,204973.64,2025
ASIANPAINT,2025-04-08,2025-04-25,2369.8003,2404.4134,1.54,1.69,1.62,0.014606,0.011606,time_exit,False,17,10,5451426.52,63269.26,2025
CHOLAHLDNG,2025-04-08,2025-04-09,1718.1251,1632.2189,0.64,6.35,8.15,-0.05,-0.053,stopped_out,True,1,1,6814283.15,-361157.01,2025
FIVESTAR,2025-04-08,2025-04-15,711.1419,746.699,0.53,7.06,4.54,0.05,0.047,take_profit,False,7,3,8517853.94,400339.14,2025
VIJAYA,2025-04-08,2025-04-09,1014.5646,963.8364,5.27,8.83,10.47,-0.05,-0.053,stopped_out,True,1,1,10647317.42,-564307.82,2025
UJJIVANSFB,2025-04-09,2025-04-17,39.0495,41.002,3.2,2.42,5.49,0.05,0.047,take_profit,False,8,4,6796140.12,319418.59,2025
NESTLEIND,2025-04-09,2025-04-24,1161.8271,1219.9184,1.67,2.81,2.7,0.05,0.047,take_profit,False,15,8,5436912.1,255534.87,2025
YATHARTH,2025-04-15,2025-04-16,485.0924,509.3471,1.62,1.83,5.08,0.05,0.047,take_profit,False,1,1,6133168.29,288258.91,2025
ZEEL,2025-04-16,2025-04-21,110.3601,115.8781,1.28,1.75,4.14,0.05,0.047,take_profit,False,5,2,6190820.08,290968.54,2025
EMCURE,2025-04-17,2025-04-25,1097.0809,1042.2268,4.58,2.7,8.68,-0.05,-0.053,stopped_out,True,8,5,6375767.8,-337915.69,2025
NAM-INDIA,2025-04-21,2025-04-22,619.6845,650.6687,5.24,2.69,5.96,0.05,0.047,take_profit,False,1,1,6396971.97,300657.68,2025
BALRAMCHIN,2025-04-22,2025-04-29,587.4454,558.0732,1.08,2.43,3.52,-0.05,-0.053,stopped_out,True,7,5,5896261.18,-312501.84,2025
BALRAMCHIN,2025-04-22,2025-04-29,587.4454,558.0732,0.83,2.43,3.52,-0.05,-0.053,stopped_out,True,7,5,7370326.47,-390627.3,2025
NEWGEN,2025-04-24,2025-04-25,1096.5785,1041.7496,2.54,11.73,10.69,-0.05,-0.053,stopped_out,True,1,1,5855498.34,-310341.41,2025
RBA,2025-04-25,2025-04-29,82.2611,86.3742,3.32,2.57,5.42,0.05,0.047,take_profit,False,4,2,8103939.63,380885.16,2025
MFSL,2025-04-25,2025-05-12,1267.0332,1292.3535,0.62,1.79,1.95,0.019984,0.016984,time_exit,False,17,10,6483151.7,110109.85,2025
RBLBANK,2025-04-28,2025-05-06,206.4528,196.1302,0.56,5.14,6.81,-0.05,-0.053,stopped_out,True,8,5,5186521.36,-274885.63,2025
SONATSOFTW,2025-04-29,2025-04-30,368.1359,386.5427,0.99,1.96,3.13,0.05,0.047,take_profit,False,1,1,8358873.75,392867.07,2025
HAL,2025-04-29,2025-05-09,4558.2516,4327.1623,0.57,2.06,3.05,-0.050697,-0.053697,stopped_out_gap,False,10,7,6687099.0,-359077.16,2025
PARAS,2025-04-29,2025-04-30,668.7194,702.1554,9.12,10.04,12.89,0.05,0.047,take_profit,False,1,1,5349679.2,251434.92,2025
BALKRISIND,2025-04-30,2025-05-08,2659.3212,2792.2872,1.11,1.83,2.04,0.05,0.047,take_profit,False,8,5,5720251.48,268851.82,2025
RRKABEL,2025-04-30,2025-05-05,1039.4941,1163.0061,2.08,10.6,5.79,0.118819,0.115819,take_profit_gap,False,5,2,7150314.35,828142.26,2025
SWIGGY,2025-05-05,2025-05-07,344.122,321.889,4.27,5.68,10.95,-0.064608,-0.067608,stopped_out_gap,False,2,2,6171892.5,-417269.31,2025
RRKABEL,2025-05-06,2025-05-12,1207.453,1267.3785,7.11,8.59,5.11,0.04963,0.04663,take_profit_gap,False,6,4,5919841.15,276042.19,2025
KPRMILL,2025-05-07,2025-05-08,1096.3961,1151.2159,1.52,8.84,3.98,0.05,0.047,take_profit,False,1,1,5886797.56,276679.49,2025
SHRIPISTON,2025-05-08,2025-05-09,2114.7189,2220.4549,9.71,12.86,6.37,0.05,0.047,take_profit,False,1,1,7139954.12,335577.84,2025
KPRMILL,2025-05-08,2025-05-09,1183.6638,1242.847,1.04,8.18,8.08,0.05,0.047,take_profit,False,1,1,5711963.29,268462.27,2025
IIFL,2025-05-09,2025-05-12,369.9489,388.4464,1.05,2.27,7.6,0.05,0.047,take_profit,False,3,1,5456874.57,256473.1,2025
UNIONBANK,2025-05-09,2025-05-13,118.9326,124.8792,4.56,4.4,6.87,0.05,0.047,take_profit,False,4,2,8526366.51,400739.23,2025
EPL,2025-05-09,2025-05-12,203.2906,213.4551,3.08,3.75,4.82,0.05,0.047,take_profit,False,3,1,6821093.21,320591.38,2025
WELENT,2025-05-12,2025-05-19,497.3915,522.261,2.61,1.57,2.03,0.05,0.047,take_profit,False,7,5,4861099.56,228471.68,2025
HINDCOPPER,2025-05-12,2025-05-23,223.6587,234.8417,6.53,2.18,6.01,0.05,0.047,take_profit,False,11,9,6076374.45,285589.6,2025
ZENSARTECH,2025-05-12,2025-05-14,738.5333,775.46,4.2,1.51,2.96,0.05,0.047,take_profit,False,2,2,9494335.08,446233.75,2025
LTTS,2025-05-12,2025-05-26,4392.9864,4449.163,5.33,1.56,4.7,0.012788,0.009788,time_exit,False,14,10,7595468.07,74344.44,2025
TANLA,2025-05-13,2025-05-19,552.1787,579.7876,5.54,9.65,10.64,0.05,0.047,take_profit,False,6,4,5674300.8,266692.14,2025
JSL,2025-05-14,2025-05-28,651.282,644.2586,2.52,1.71,3.9,-0.010784,-0.013784,time_exit,False,14,10,6527554.4,-89975.81,2025
KPIGREEN,2025-05-19,2025-05-21,485.0543,460.8016,5.14,1.71,9.48,-0.05,-0.053,stopped_out,True,2,2,7428156.36,-393692.29,2025
PARKHOTELS,2025-05-19,2025-05-21,166.9887,158.6392,1.82,2.35,6.51,-0.05,-0.053,stopped_out,True,2,2,5942525.09,-314953.83,2025
EDELWEISS,2025-05-21,2025-05-26,96.8988,101.7437,2.35,2.02,2.75,0.05,0.047,take_profit,False,5,3,7286427.13,342462.08,2025
PGIL,2025-05-21,2025-05-28,1308.836,1374.2778,3.61,3.09,3.24,0.05,0.047,take_profit,False,7,5,5829141.71,273969.66,2025
RELIGARE,2025-05-23,2025-06-02,239.8799,227.8859,1.65,3.45,2.97,-0.05,-0.053,stopped_out,True,10,6,5935706.18,-314592.43,2025
SUZLON,2025-05-26,2025-05-28,64.4022,67.6223,1.64,1.87,2.45,0.05,0.047,take_profit,False,2,2,7808305.28,366990.35,2025
V2RETAIL,2025-05-26,2025-05-28,1988.5938,1875.6617,2.02,1.78,5.0,-0.05679,-0.05979,stopped_out_gap,False,2,2,6246644.23,-373486.86,2025
CDSL,2025-05-28,2025-06-02,1507.7663,1583.1546,1.97,1.52,3.35,0.05,0.047,take_profit,False,5,3,10315143.98,484811.77,2025
TRIVENI,2025-05-28,2025-06-04,446.6183,424.2874,0.95,12.92,4.01,-0.05,-0.053,stopped_out,True,7,5,8252115.18,-437362.1,2025
PGIL,2025-05-28,2025-06-09,1409.0307,1338.5792,6.46,2.3,7.89,-0.05,-0.053,stopped_out,True,12,8,6601692.14,-349889.68,2025
DEEPAKFERT,2025-05-28,2025-05-29,1435.1448,1506.9021,2.94,3.49,6.0,0.05,0.047,take_profit,False,1,1,5281353.72,248223.62,2025
PRESTIGE,2025-05-29,2025-06-03,1499.924,1574.9202,1.66,4.19,1.69,0.05,0.047,take_profit,False,5,3,5330998.44,250556.93,2025
KFINTECH,2025-06-02,2025-06-05,1117.4805,1173.3545,1.78,1.58,4.24,0.05,0.047,take_profit,False,3,3,6039210.12,283842.88,2025
DBREALTY,2025-06-02,2025-06-05,203.2516,213.4141,1.31,3.62,5.81,0.05,0.047,take_profit,False,3,3,7549012.65,354803.59,2025
SOBHA,2025-06-03,2025-06-05,1530.7441,1607.2813,1.34,4.07,4.58,0.05,0.047,take_profit,False,2,2,5947679.17,279540.92,2025
SHARDACROP,2025-06-04,2025-06-12,789.5126,828.9882,2.39,2.1,3.74,0.05,0.047,take_profit,False,8,6,6321093.95,297091.42,2025
SJVN,2025-06-05,2025-06-13,102.2144,97.1037,2.73,2.68,3.44,-0.05,-0.053,stopped_out,True,8,6,9147693.03,-484827.73,2025
DRREDDY,2025-06-05,2025-06-10,1283.1077,1347.263,2.25,2.03,2.09,0.05,0.047,take_profit,False,5,3,7318154.42,343953.26,2025
DRREDDY,2025-06-05,2025-06-10,1283.1077,1347.263,0.86,2.03,2.09,0.05,0.047,take_profit,False,5,3,5854523.54,275162.61,2025
BALUFORGE,2025-06-09,2025-06-13,755.3078,709.4855,4.18,3.34,9.27,-0.060667,-0.063667,stopped_out_gap,False,4,4,5933979.32,-377798.66,2025
BSOFT,2025-06-10,2025-06-13,422.114,401.0083,1.04,1.86,2.07,-0.05,-0.053,stopped_out,True,3,3,7505542.22,-397793.74,2025
RPOWER,2025-06-10,2025-06-11,71.2756,74.8394,3.25,2.59,8.45,0.05,0.047,take_profit,False,1,1,6004433.78,282208.39,2025
JKCEMENT,2025-06-11,2025-06-20,5960.1378,5662.1309,1.02,1.62,3.56,-0.05,-0.053,stopped_out,True,9,7,6060875.46,-321226.4,2025
AJANTPHARM,2025-06-12,2025-06-16,2701.3639,2566.2957,2.23,4.78,2.64,-0.05,-0.053,stopped_out,True,4,2,6172337.44,-327133.88,2025
SCI,2025-06-13,2025-06-16,215.0127,225.7633,6.52,7.93,14.22,0.05,0.047,take_profit,False,3,1,9203228.84,432551.76,2025
JUBLINGREA,2025-06-13,2025-06-16,788.5408,749.1138,6.37,15.36,14.67,-0.05,-0.053,stopped_out,True,3,1,7362583.07,-390216.9,2025
FDC,2025-06-13,2025-06-16,470.0934,493.598,2.96,1.94,4.61,0.05,0.047,take_profit,False,3,1,5890066.46,276833.12,2025
PIIND,2025-06-16,2025-06-30,4138.4173,4092.6045,0.76,3.14,2.23,-0.01107,-0.01407,time_exit,False,14,10,10436103.14,-146835.97,2025
GLAND,2025-06-16,2025-06-30,1755.333,1815.7678,2.57,3.59,4.66,0.034429,0.031429,time_exit,False,14,10,8348882.52,262397.03,2025
IGL,2025-06-16,2025-06-19,206.9761,196.6273,3.98,5.57,6.81,-0.05,-0.053,stopped_out,True,3,3,6679106.01,-353992.62,2025
VIPIND,2025-06-16,2025-06-19,423.7618,402.5737,1.2,2.32,4.19,-0.05,-0.053,stopped_out,True,3,3,5343284.81,-283194.09,2025
SWIGGY,2025-06-19,2025-06-20,374.3371,393.0539,1.1,2.4,2.63,0.05,0.047,take_profit,False,1,1,5241334.94,246342.74,2025
EICHERMOT,2025-06-19,2025-07-03,5425.8918,5697.1864,0.58,1.89,1.54,0.05,0.047,take_profit,False,14,10,6551668.67,307928.43,2025
INDUSTOWER,2025-06-20,2025-07-01,404.5021,424.6376,1.66,2.19,3.76,0.049778,0.046778,take_profit_gap,False,11,7,6438533.3,301181.71,2025
WAAREEENER,2025-06-20,2025-06-30,2988.8179,3138.2588,5.12,6.2,11.74,0.05,0.047,take_profit,False,10,6,5150826.64,242088.85,2025
KAYNES,2025-06-30,2025-07-14,6098.0475,6019.9885,1.41,2.69,3.29,-0.012801,-0.015801,time_exit,False,14,10,8979353.75,-141882.77,2025
RTNPOWER,2025-06-30,2025-07-02,15.5278,14.7514,3.54,2.73,5.94,-0.05,-0.053,stopped_out,True,2,2,7183483.0,-380724.6,2025
CARTRADE,2025-06-30,2025-07-08,1701.5503,1786.6278,4.95,3.54,6.29,0.05,0.047,take_profit,False,8,6,5746786.4,270098.96,2025
PNB,2025-07-01,2025-07-15,113.1265,112.1839,1.55,1.74,2.19,-0.008333,-0.011333,time_exit,False,14,10,5945372.12,-67378.9,2025
GMRAIRPORT,2025-07-02,2025-07-09,88.4442,92.8664,0.95,1.91,2.33,0.05,0.047,take_profit,False,7,5,6116849.38,287491.92,2025
KAJARIACER,2025-07-03,2025-07-10,1130.0564,1186.5593,0.52,1.75,2.02,0.05,0.047,take_profit,False,7,5,6265398.92,294473.75,2025
TRIDENT,2025-07-08,2025-07-22,32.3061,30.6908,0.74,5.98,2.87,-0.05,-0.053,stopped_out,True,14,10,6215696.21,-329431.9,2025
TARIL,2025-07-09,2025-07-23,517.3085,503.8979,2.26,3.65,4.67,-0.025924,-0.028924,time_exit,False,14,10,6253425.23,-180874.07,2025
GODIGIT,2025-07-10,2025-07-23,342.171,359.2796,1.52,2.69,2.09,0.05,0.047,take_profit,False,13,9,6314714.72,296791.59,2025
UJJIVANSFB,2025-07-14,2025-07-23,49.2946,46.8299,2.54,1.77,4.72,-0.05,-0.053,stopped_out,True,9,7,6819265.97,-361421.1,2025
TEGA,2025-07-15,2025-07-16,1832.4396,1924.0615,1.96,7.67,2.25,0.05,0.047,take_profit,False,1,1,6631011.42,311657.54,2025
GLAND,2025-07-16,2025-07-29,1953.6853,2051.3696,1.23,3.91,4.06,0.05,0.047,take_profit,False,13,9,6693342.93,314587.12,2025
POWERINDIA,2025-07-22,2025-07-25,20119.2226,19113.2614,1.07,1.52,3.79,-0.05,-0.053,stopped_out,True,3,3,6531927.2,-346192.14,2025
IGIL,2025-07-23,2025-07-30,399.0154,418.9661,0.54,1.67,2.12,0.05,0.047,take_profit,False,7,5,9053922.23,425534.34,2025
GODREJAGRO,2025-07-23,2025-08-06,837.8908,830.6345,2.71,7.01,4.69,-0.00866,-0.01166,time_exit,False,14,10,7243137.78,-84454.99,2025
NAVA,2025-07-23,2025-07-28,621.2799,590.2159,0.98,2.75,3.13,-0.05,-0.053,stopped_out,True,5,3,5794510.23,-307109.04,2025
CIPLA,2025-07-25,2025-08-08,1533.2662,1485.0571,1.99,3.39,3.2,-0.031442,-0.034442,time_exit,False,14,10,5872755.19,-202269.43,2025
CARTRADE,2025-07-28,2025-07-31,2067.9334,2171.33,4.66,8.15,9.95,0.05,0.047,take_profit,False,3,3,5795684.39,272397.17,2025
NETWEB,2025-07-29,2025-08-01,1971.3978,2089.3219,1.22,2.73,8.69,0.059818,0.056818,take_profit_gap,False,3,3,6038133.52,343074.67,2025
COROMANDEL,2025-07-30,2025-08-06,2643.6058,2511.4255,2.96,2.44,5.27,-0.05,-0.053,stopped_out,True,7,5,6726398.13,-356499.1,2025
HINDUNILVR,2025-07-31,2025-08-01,2502.7862,2627.9255,3.33,3.08,4.18,0.05,0.047,take_profit,False,1,1,6594734.82,309952.54,2025
HBLENGINE,2025-08-01,2025-08-11,597.9035,657.2008,1.18,1.78,1.7,0.099175,0.096175,take_profit_gap,False,10,6,7932966.96,762953.1,2025
JSL,2025-08-01,2025-08-18,703.7075,738.8928,1.19,1.83,1.74,0.05,0.047,take_profit,False,17,10,6346373.57,298279.56,2025
TRANSRAILL,2025-08-06,2025-08-08,794.23,754.5185,3.55,8.31,4.56,-0.05,-0.053,stopped_out,True,2,2,7782815.22,-412489.21,2025
TRANSRAILL,2025-08-06,2025-08-08,794.23,754.5185,2.28,8.31,4.56,-0.05,-0.053,stopped_out,True,2,2,6226252.18,-329991.37,2025
SAILIFE,2025-08-08,2025-08-11,828.314,869.7297,1.44,6.14,1.55,0.05,0.047,take_profit,False,3,1,5611786.41,263753.96,2025
MEDANTA,2025-08-08,2025-08-13,1423.3992,1352.2292,0.75,10.73,5.03,-0.05,-0.053,stopped_out,True,5,3,8768416.26,-464726.06,2025
RATEGAIN,2025-08-08,2025-08-14,474.237,497.9488,0.51,9.08,7.0,0.05,0.047,take_profit,False,6,4,7014733.01,329692.45,2025
HCG,2025-08-11,2025-08-14,651.8758,684.4696,3.34,3.21,5.43,0.05,0.047,take_profit,False,3,3,7403721.21,347974.9,2025
FORTIS,2025-08-11,2025-08-21,921.1103,967.1659,1.52,1.71,2.41,0.05,0.047,take_profit,False,10,7,5922976.97,278379.92,2025
ACI,2025-08-13,2025-08-26,694.4971,659.7722,1.51,8.62,3.15,-0.05,-0.053,stopped_out,True,13,8,6399119.61,-339153.34,2025
SENCO,2025-08-14,2025-08-18,360.1199,378.1259,0.55,3.94,5.99,0.05,0.047,take_profit,False,4,1,8138520.0,382510.44,2025
IMFA,2025-08-14,2025-08-22,819.8997,860.8947,3.17,4.13,2.4,0.05,0.047,take_profit,False,8,5,6510816.0,306008.35,2025
ASAHIINDIA,2025-08-18,2025-09-02,866.2755,841.2292,1.94,2.1,2.71,-0.028913,-0.031913,time_exit,False,15,10,8241789.52,-263020.23,2025
NIVABUPA,2025-08-18,2025-08-28,86.3331,82.0165,2.05,5.76,1.88,-0.05,-0.053,stopped_out,True,10,7,6593431.61,-349451.88,2025
IDBI,2025-08-21,2025-08-26,97.6288,92.7474,3.97,7.34,9.27,-0.05,-0.053,stopped_out,True,5,3,6515016.67,-345295.88,2025
SHAILY,2025-08-22,2025-08-29,2102.6846,2207.8188,1.9,1.5,4.13,0.05,0.047,take_profit,False,7,4,6575378.21,309042.78,2025
MARUTI,2025-08-26,2025-09-10,14721.357,15100.446,1.0,2.0,1.81,0.025751,0.022751,time_exit,False,15,10,7706239.98,175324.67,2025
OLAELEC,2025-08-26,2025-08-28,50.8454,53.3877,3.44,3.21,4.7,0.05,0.047,take_profit,False,2,1,6164991.98,289754.62,2025
OLAELEC,2025-08-28,2025-09-01,54.8674,57.6108,3.48,4.27,7.21,0.05,0.047,take_profit,False,4,2,7471738.85,351171.73,2025
WAAREEENER,2025-08-28,2025-09-01,3417.092,3246.2374,0.65,2.18,3.62,-0.05,-0.053,stopped_out,True,4,2,5977391.08,-316801.73,2025
RBLBANK,2025-08-29,2025-09-05,260.2342,273.2459,0.96,4.88,3.8,0.05,0.047,take_profit,False,7,5,6158797.06,289463.46,2025
HEMIPROP,2025-09-01,2025-09-03,138.5492,145.4767,2.39,2.65,4.41,0.05,0.047,take_profit,False,2,2,7623737.64,358315.67,2025
ZYDUSWELL,2025-09-01,2025-09-03,443.7818,465.9709,7.95,12.66,7.14,0.05,0.047,take_profit,False,2,2,6098990.11,286652.54,2025
IGL,2025-09-02,2025-09-16,211.4016,211.538,2.58,1.99,1.7,0.000645,-0.002355,time_exit,False,14,10,6474945.95,-15248.5,2025
RATEGAIN,2025-09-03,2025-09-05,590.345,619.8623,4.27,1.6,6.32,0.05,0.047,take_profit,False,2,2,8053495.95,378514.31,2025
HCG,2025-09-03,2025-09-12,694.5971,659.8673,1.03,2.42,3.69,-0.05,-0.053,stopped_out,True,9,7,6442796.76,-341468.23,2025
AVALON,2025-09-05,2025-09-10,923.4115,969.5821,4.69,1.99,6.74,0.05,0.047,take_profit,False,5,3,8130291.56,382123.7,2025
GMDCLTD,2025-09-05,2025-09-08,499.8635,524.8567,7.34,6.28,11.82,0.05,0.047,take_profit,False,3,1,6504233.25,305698.96,2025
MSUMI,2025-09-08,2025-09-09,47.2836,49.6478,2.01,3.14,3.23,0.05,0.047,take_profit,False,1,1,6565373.04,308572.53,2025
CHENNPETRO,2025-09-09,2025-09-11,723.5616,759.7397,0.83,1.99,2.89,0.05,0.047,take_profit,False,2,2,6627087.55,311473.11,2025
PREMIERENE,2025-09-10,2025-09-24,1042.3209,1044.1776,2.45,1.88,3.93,0.001781,-0.001219,time_exit,False,14,10,8580466.02,-10459.59,2025
MOTILALOFS,2025-09-10,2025-09-24,913.0899,958.7444,0.53,1.79,3.38,0.05,0.047,take_profit,False,14,10,6864372.82,322625.52,2025
GAEL,2025-09-11,2025-09-25,112.7063,107.071,1.78,5.77,4.6,-0.05,-0.053,stopped_out,True,14,10,6879210.39,-364598.15,2025
MIDHANI,2025-09-12,2025-09-26,400.7503,383.808,0.94,3.04,2.72,-0.042276,-0.045276,time_exit,False,14,10,6723634.01,-304419.25,2025
GVT&D,2025-09-16,2025-09-19,2926.0624,3072.3655,0.68,1.94,2.51,0.05,0.047,take_profit,False,3,3,6670846.7,313529.79,2025
ASTERDM,2025-09-19,2025-09-29,650.8753,618.3315,3.6,3.1,5.79,-0.05,-0.053,stopped_out,True,10,6,6733552.66,-356878.29,2025
DEEPAKNTR,2025-09-24,2025-10-09,1870.3347,1776.818,0.64,2.2,2.15,-0.05,-0.053,stopped_out,True,15,10,8538243.08,-452526.88,2025
SCI,2025-09-24,2025-09-29,226.8796,215.5357,1.11,5.38,2.41,-0.05,-0.053,stopped_out,True,5,3,6830594.47,-362021.51,2025
POLYMED,2025-09-25,2025-09-26,2032.8159,1931.1752,0.96,2.23,1.85,-0.05,-0.053,stopped_out,True,1,1,6767398.02,-358672.1,2025
FORTIS,2025-09-29,2025-10-06,971.2354,1019.7971,1.42,2.83,3.49,0.05,0.047,take_profit,False,7,4,5400860.68,253840.45,2025
V2RETAIL,2025-09-29,2025-09-30,2075.037,2178.7888,5.42,3.2,8.08,0.05,0.047,take_profit,False,1,1,6751075.85,317300.57,2025
MRPL,2025-09-29,2025-10-03,134.1771,140.8859,0.81,7.15,4.62,0.05,0.047,take_profit,False,4,3,10548556.02,495782.13,2025
IOC,2025-09-29,2025-10-09,144.9429,152.19,1.86,2.08,2.94,0.05,0.047,take_profit,False,10,7,8438844.82,396625.71,2025
J&KBANK,2025-09-30,2025-10-15,105.0825,105.7371,1.32,4.27,4.38,0.006229,0.003229,time_exit,False,15,10,5734363.83,18516.26,2025
INDIANB,2025-10-03,2025-10-16,766.333,804.6496,0.75,1.51,3.23,0.05,0.047,take_profit,False,13,9,6796358.69,319428.86,2025
ASTERDM,2025-10-06,2025-10-09,672.8863,706.5306,1.38,2.62,4.06,0.05,0.047,take_profit,False,3,3,6568027.18,308697.28,2025
IMFA,2025-10-09,2025-10-14,1238.6206,1176.6896,1.63,3.34,6.12,-0.05,-0.053,stopped_out,True,5,3,10014003.98,-530742.21,2025
FEDERALBNK,2025-10-09,2025-10-20,207.4437,217.8158,1.46,2.21,1.89,0.05,0.047,take_profit,False,11,7,8011203.18,376526.55,2025
AUROPHARMA,2025-10-09,2025-10-24,1120.46,1084.4575,1.21,3.1,2.09,-0.032132,-0.035132,time_exit,False,15,10,6408962.55,-225159.67,2025
MTARTECH,2025-10-14,2025-10-15,2128.7638,2235.202,8.38,8.59,10.07,0.05,0.047,take_profit,False,1,1,7023822.39,330119.65,2025
CESC,2025-10-15,2025-10-24,170.5598,179.0878,1.03,3.47,4.43,0.05,0.047,take_profit,False,9,6,6592337.87,309839.88,2025
ICICIGI,2025-10-15,2025-10-30,2014.7638,2013.0929,2.04,7.49,6.61,-0.000829,-0.003829,time_exit,False,15,10,8240422.34,-31552.58,2025
SHAREINDIA,2025-10-16,2025-10-17,177.8466,186.7389,18.47,11.09,17.53,0.05,0.047,take_profit,False,1,1,6697027.81,314760.31,2025
BECTORFOOD,2025-10-17,2025-11-03,271.9112,264.5424,1.86,3.22,5.42,-0.0271,-0.0301,time_exit,False,17,10,6759979.87,-203475.39,2025
UCOBANK,2025-10-20,2025-10-31,31.956,33.5538,1.72,2.51,3.17,0.05,0.047,take_profit,False,11,8,7085529.84,333019.9,2025
CREDITACC,2025-10-24,2025-11-06,1423.2112,1352.0507,4.96,7.32,6.77,-0.05,-0.053,stopped_out,True,13,8,8285620.0,-439137.86,2025
PNBHOUSING,2025-10-24,2025-11-10,907.7536,898.5005,2.13,1.73,2.42,-0.010193,-0.013193,time_exit,False,17,10,6628496.0,-87449.75,2025
JISLJALEQS,2025-10-30,2025-11-04,52.8864,50.2421,0.89,4.45,1.65,-0.05,-0.053,stopped_out,True,5,3,6944570.75,-368062.25,2025
CANBK,2025-10-31,2025-11-12,137.0585,143.9114,2.23,2.48,4.26,0.05,0.047,take_profit,False,12,7,7039366.55,330850.23,2025
INTELLECT,2025-11-03,2025-11-06,1198.599,1138.669,1.71,7.76,6.12,-0.05,-0.053,stopped_out,True,3,2,6942794.14,-367968.09,2025
BANCOINDIA,2025-11-04,2025-11-06,813.2253,772.5641,5.18,11.44,11.32,-0.05,-0.053,stopped_out,True,2,1,6869537.01,-364085.46,2025
ASTRAL,2025-11-06,2025-11-17,1565.3845,1487.1153,3.58,7.64,5.64,-0.05,-0.053,stopped_out,True,11,7,9680981.55,-513092.02,2025
ASIANPAINT,2025-11-06,2025-11-12,2600.1434,2730.1506,2.46,4.54,1.67,0.05,0.047,take_profit,False,6,4,7744785.24,364004.91,2025
ASIANPAINT,2025-11-06,2025-11-12,2600.1434,2730.1506,1.8,4.54,1.67,0.05,0.047,take_profit,False,6,4,6195828.19,291203.93,2025
NATIONALUM,2025-11-10,2025-11-13,250.518,263.0439,7.06,5.79,6.72,0.05,0.047,take_profit,False,3,3,6264871.81,294448.97,2025
KIRLOSENG,2025-11-12,2025-11-17,1059.1793,1112.1383,8.89,11.6,4.82,0.05,0.047,take_profit,False,5,3,9405105.25,442039.95,2025
ICIL,2025-11-12,2025-11-26,314.0569,312.2938,5.48,9.1,13.67,-0.005614,-0.008614,time_exit,False,14,10,7524084.2,-64812.46,2025
PGIL,2025-11-12,2025-11-13,1688.4242,1797.5856,13.17,12.21,17.61,0.064653,0.061653,take_profit_gap,False,1,1,6019267.36,371105.89,2025
PARAS,2025-11-13,2025-11-14,719.1094,755.0648,0.72,2.16,1.95,0.05,0.047,take_profit,False,1,1,5924282.16,278441.26,2025
VIJAYA,2025-11-13,2025-11-24,1041.7206,989.6345,0.77,1.96,1.77,-0.05,-0.053,stopped_out,True,11,7,7405352.7,-392483.69,2025
PARAS,2025-11-14,2025-11-19,766.283,727.9688,2.1,7.7,6.05,-0.05,-0.053,stopped_out,True,5,3,5979970.41,-316938.43,2025
IOB,2025-11-17,2025-11-24,40.2701,38.2566,1.61,1.98,3.74,-0.05,-0.053,stopped_out,True,7,5,8586983.28,-455110.11,2025
GMRP&UI,2025-11-17,2025-11-18,127.9339,134.3306,3.81,5.22,4.04,0.05,0.047,take_profit,False,1,1,6869586.62,322870.57,2025
GAEL,2025-11-18,2025-11-20,108.2841,113.6983,3.6,6.68,4.77,0.05,0.047,take_profit,False,2,2,6934160.73,325905.55,2025
M&MFIN,2025-11-19,2025-11-20,330.0149,346.5157,2.33,1.66,1.7,0.05,0.047,take_profit,False,1,1,6679934.98,313956.94,2025
EICHERMOT,2025-11-20,2025-12-04,7129.0628,7096.45,2.48,1.73,3.18,-0.004575,-0.007575,time_exit,False,14,10,8194739.63,-62075.15,2025
M&MFIN,2025-11-20,2025-11-27,346.7733,364.112,2.03,3.37,4.41,0.05,0.047,take_profit,False,7,5,6555791.7,308122.21,2025
JYOTICNC,2025-11-24,2025-12-01,1039.9197,987.9237,1.76,2.62,4.04,-0.05,-0.053,stopped_out,True,7,5,8273581.8,-438499.84,2025
BLACKBUCK,2025-11-24,2025-12-05,662.5811,629.4521,0.74,2.75,3.64,-0.05,-0.053,stopped_out,True,11,9,6618865.44,-350799.87,2025
RATEGAIN,2025-11-26,2025-12-01,722.7112,686.5756,1.39,1.67,6.54,-0.05,-0.053,stopped_out,True,5,3,6786946.7,-359708.18,2025
SHAREINDIA,2025-11-27,2025-12-04,168.952,160.5044,0.67,5.47,2.23,-0.05,-0.053,stopped_out,True,7,5,6802340.14,-360524.03,2025
ECLERX,2025-12-01,2025-12-03,4692.1447,4926.7519,0.92,1.53,2.85,0.05,0.047,take_profit,False,2,2,8294336.21,389833.8,2025
KFINTECH,2025-12-01,2025-12-08,1096.7481,1041.9106,0.63,3.96,2.54,-0.05,-0.053,stopped_out,True,7,5,6635468.97,-351679.86,2025
WIPRO,2025-12-03,2025-12-17,248.4042,254.4404,1.59,2.01,1.63,0.0243,0.0213,time_exit,False,14,10,7045209.18,150062.96,2025
INDIACEM,2025-12-04,2025-12-17,412.3561,432.9739,0.81,8.69,10.2,0.05,0.047,take_profit,False,13,9,8551063.46,401899.98,2025
COFORGE,2025-12-04,2025-12-09,1962.4939,1864.3692,1.17,2.17,2.3,-0.05,-0.053,stopped_out,True,5,3,6840850.77,-362565.09,2025
SHRIPISTON,2025-12-05,2025-12-08,2834.6454,2976.3776,7.28,16.39,4.03,0.05,0.047,take_profit,False,3,1,6726293.73,316135.81,2025
LATENTVIEW,2025-12-08,2025-12-10,497.5987,472.7187,2.89,11.08,10.3,-0.05,-0.053,stopped_out,True,2,2,6437022.97,-341162.22,2025
SHRIPISTON,2025-12-08,2025-12-10,3041.0085,3193.0589,2.72,8.25,6.08,0.05,0.047,take_profit,False,2,2,8046278.71,378175.1,2025
ERIS,2025-12-09,2025-12-10,1702.1507,1617.0432,1.8,14.29,10.62,-0.05,-0.053,stopped_out,True,1,1,6445275.51,-341599.6,2025
WELSPUNLIV,2025-12-10,2025-12-16,140.8804,133.8364,2.99,3.13,6.8,-0.05,-0.053,stopped_out,True,6,4,9281018.5,-491893.98,2025
NAVINFLUOR,2025-12-10,2025-12-24,5952.975,5871.063,2.02,3.86,3.84,-0.01376,-0.01676,time_exit,False,14,10,7424814.8,-124439.9,2025
RRKABEL,2025-12-10,2025-12-19,1413.9066,1484.6019,0.51,2.1,1.68,0.05,0.047,take_profit,False,9,7,5939851.84,279173.04,2025
KIRLOSENG,2025-12-16,2025-12-17,1227.7135,1289.0992,4.07,6.89,8.01,0.05,0.047,take_profit,False,1,1,6509706.38,305956.2,2025
AVANTIFEED,2025-12-17,2025-12-30,854.5771,830.7344,0.88,1.72,3.17,-0.0279,-0.0309,time_exit,False,13,8,6272348.63,-193815.57,2025
PRICOLLTD,2025-12-17,2025-12-29,651.5256,618.9493,0.94,2.38,2.55,-0.05,-0.053,stopped_out,True,12,7,9800544.73,-519428.87,2025
INDIACEM,2025-12-17,2025-12-30,441.2705,441.679,1.42,5.46,8.13,0.000926,-0.002074,time_exit,False,13,8,7840435.79,-16261.06,2025
SAILIFE,2025-12-19,2025-12-30,918.0588,909.8948,2.13,2.21,4.5,-0.008893,-0.011893,time_exit,False,11,6,6261683.88,-74470.21,2025
IIFL,2025-12-24,2025-12-30,598.0262,598.4206,2.75,4.71,4.9,0.000659,-0.002341,time_exit,False,6,3,6469422.08,-15144.92,2025
HUDCO,2025-12-29,2025-12-30,225.5237,222.5559,1.07,2.94,1.7,-0.013159,-0.016159,time_exit,False,1,1,7031760.84,-113626.22,2025
