symbol,entry_date,exit_date,entry_price,exit_price,gap_size_pct,volume_ratio,body_pct,pnl_gross,pnl_net,exit_reason,stopped_out,hold_days,hold_bars,allocated_capital,trade_pnl_rupees,year
NFL,2010-02-01,2010-02-02,103.1587,108.3166,3.78,1.9,6.0,0.05,0.047,take_profit,False,1,1,200000.0,9400.0,2010
SUBROS,2010-02-01,2010-02-02,41.542,38.634,6.73,2.19,15.28,-0.07,-0.073,stopped_out,True,1,1,160000.0,-11680.0,2010
COLPAL,2010-02-01,2010-02-15,261.785,274.8743,2.61,1.96,5.02,0.05,0.047,take_profit,False,14,9,128000.0,6016.0,2010
KNRCON,2010-02-01,2010-02-02,12.385,13.0043,4.68,2.13,5.0,0.05,0.047,take_profit,False,1,1,102400.0,4812.8,2010
KNRCON,2010-02-01,2010-02-02,12.385,13.0043,1.12,2.13,5.0,0.05,0.047,take_profit,False,1,1,81920.0,3850.24,2010
DRREDDY,2010-02-02,2010-02-10,209.0239,194.3923,0.62,1.58,3.43,-0.07,-0.073,stopped_out,True,8,6,175676.61,-12824.39,2010
ZYDUSWELL,2010-02-02,2010-02-04,59.6431,55.4681,6.4,9.11,15.17,-0.07,-0.073,stopped_out,True,2,2,140541.29,-10259.51,2010
ZYDUSWELL,2010-02-02,2010-02-04,59.6431,55.4681,0.84,9.11,15.17,-0.07,-0.073,stopped_out,True,2,2,112433.03,-8207.61,2010
EMAMILTD,2010-02-02,2010-02-05,73.8098,68.6431,1.54,10.53,4.91,-0.07,-0.073,stopped_out,True,3,3,89946.42,-6566.09,2010
GODREJCP,2010-02-05,2010-02-08,72.8648,76.5081,1.63,1.5,4.56,0.05,0.047,take_profit,False,3,1,135534.64,6370.13,2010
ASIANPAINT,2010-02-05,2010-02-22,168.0691,158.2975,1.01,4.48,3.82,-0.05814,-0.06114,time_exit,False,17,10,108427.71,-6629.27,2010
KANSAINER,2010-02-08,2010-02-10,30.5364,32.0633,3.0,1.74,4.81,0.05,0.047,take_profit,False,2,2,115123.13,5410.79,2010
CHAMBLFERT,2010-02-08,2010-02-22,47.4523,44.1306,7.23,1.7,6.51,-0.07,-0.073,stopped_out,True,14,9,92098.5,-6723.19,2010
NATCOPHARM,2010-02-10,2010-02-15,21.6772,22.7611,7.71,3.34,9.32,0.05,0.047,take_profit,False,5,2,130356.03,6126.73,2010
COFORGE,2010-02-10,2010-02-22,24.8263,26.0676,4.06,1.97,5.72,0.05,0.047,take_profit,False,12,7,104284.82,4901.39,2010
CASTROLIND,2010-02-15,2010-02-18,50.1299,46.6208,1.02,5.91,2.45,-0.07,-0.073,stopped_out,True,3,3,110022.09,-8031.61,2010
JISLJALEQS,2010-02-15,2010-02-16,138.2181,145.129,2.59,2.78,4.91,0.05,0.047,take_profit,False,1,1,137527.61,6463.8,2010
CENTRALBK,2010-02-16,2010-02-24,123.7333,115.0719,2.34,1.9,2.98,-0.07,-0.073,stopped_out,True,8,6,116815.95,-8527.56,2010
AXISBANK,2010-02-18,2010-03-02,200.0998,210.1047,2.23,2.53,2.95,0.05,0.047,take_profit,False,12,7,113850.86,5350.99,2010
PATANJALI,2010-02-22,2010-02-24,3026.6806,3178.0146,1.31,2.17,2.3,0.05,0.047,take_profit,False,2,2,150352.68,7066.58,2010
PATANJALI,2010-02-23,2010-02-25,3146.925,3304.2712,1.26,1.91,3.43,0.05,0.047,take_profit,False,2,2,120282.14,5653.26,2010
DIVISLAB,2010-02-24,2010-02-26,262.5461,275.6734,1.49,2.19,5.61,0.05,0.047,take_profit,False,2,2,149367.24,7020.26,2010
PATANJALI,2010-02-24,2010-03-11,3256.094,3140.6191,0.78,1.82,3.16,-0.035464,-0.038464,time_exit,False,15,10,119493.79,-4596.21,2010
KRBL,2010-02-24,2010-03-11,21.6206,21.0967,3.49,1.77,12.17,-0.024232,-0.027232,time_exit,False,15,10,95595.03,-2603.24,2010
EIDPARRY,2010-02-25,2010-03-04,140.0985,147.1034,0.64,3.08,2.51,0.05,0.047,take_profit,False,7,4,101663.11,4778.17,2010
SHRIRAMFIN,2010-02-26,2010-03-09,73.4378,77.1097,3.37,4.49,6.87,0.05,0.047,take_profit,False,11,6,112607.99,5292.58,2010
TVSMOTOR,2010-03-02,2010-03-16,32.3811,32.663,3.5,4.52,5.75,0.008706,0.005706,time_exit,False,14,10,113926.76,650.07,2010
CANBK,2010-03-04,2010-03-15,61.2922,57.0017,2.09,2.86,3.82,-0.07,-0.073,stopped_out,True,11,7,112429.66,-8207.37,2010
SHRIRAMFIN,2010-03-09,2010-03-23,80.4451,78.8357,2.1,1.58,5.11,-0.020007,-0.023007,time_exit,False,14,10,113523.84,-2611.84,2010
AARTIIND,2010-03-11,2010-03-12,8.9367,9.3836,1.97,13.71,3.99,0.05,0.047,take_profit,False,1,1,132396.95,6222.66,2010
PIDILITIND,2010-03-11,2010-03-15,53.1512,49.4306,1.44,2.93,2.67,-0.07,-0.073,stopped_out,True,4,2,105917.56,-7731.98,2010
OLECTRA,2010-03-12,2010-03-16,28.5948,26.5932,1.01,5.85,3.67,-0.07,-0.073,stopped_out,True,4,2,112457.97,-8209.43,2010
WIPRO,2010-03-15,2010-03-30,67.1754,64.6169,0.73,1.62,1.91,-0.038086,-0.041086,time_exit,False,15,10,130447.95,-5359.58,2010
ZENSARTECH,2010-03-15,2010-03-29,22.1878,20.6346,1.22,1.53,2.08,-0.07,-0.073,stopped_out,True,14,9,104358.36,-7618.16,2010
JKTYRE,2010-03-16,2010-03-18,30.2,31.71,1.11,3.88,13.07,0.05,0.047,take_profit,False,2,2,127251.76,5980.83,2010
ADANIPOWER,2010-03-16,2010-03-31,22.6213,23.1884,1.77,2.56,3.72,0.025069,0.022069,time_exit,False,15,10,101801.41,2246.66,2010
WELCORP,2010-03-18,2010-04-05,225.8633,230.1172,1.65,2.9,3.4,0.018834,0.015834,time_exit,False,18,10,108087.64,1711.46,2010
TATAELXSI,2010-03-23,2010-04-08,128.4376,125.0119,3.86,3.31,6.59,-0.026672,-0.029672,time_exit,False,16,10,108652.52,-3223.94,2010
VTL,2010-03-29,2010-03-30,41.2242,43.2854,7.36,3.83,10.58,0.05,0.047,take_profit,False,1,1,106270.05,4994.69,2010
ELECTCAST,2010-03-30,2010-03-31,36.6866,38.521,5.29,5.95,5.15,0.05,0.047,take_profit,False,1,1,132286.66,6217.47,2010
NATIONALUM,2010-03-30,2010-04-15,48.8659,48.1994,1.87,1.8,2.7,-0.013641,-0.016641,time_exit,False,16,10,105829.33,-1761.11,2010
GRAPHITE,2010-03-31,2010-04-05,54.4263,57.1476,4.85,1.82,5.6,0.05,0.047,take_profit,False,5,2,133173.9,6259.17,2010
SRF,2010-03-31,2010-04-05,29.7364,31.2233,1.62,2.01,2.41,0.05,0.047,take_profit,False,5,2,106539.12,5007.34,2010
LUMAXTECH,2010-04-05,2010-04-06,16.8029,17.643,8.05,2.1,8.09,0.05,0.047,take_profit,False,1,1,157387.03,7397.19,2010
SAREGAMA,2010-04-05,2010-04-07,6.4964,6.8212,3.85,2.03,6.47,0.05,0.047,take_profit,False,2,2,125909.62,5917.75,2010
MARKSANS,2010-04-05,2010-04-07,5.1807,5.4397,1.87,2.77,4.9,0.05,0.047,take_profit,False,2,2,100727.7,4734.2,2010
REFEX,2010-04-06,2010-04-08,4.8995,5.1445,4.84,4.81,4.67,0.05,0.047,take_profit,False,2,2,113539.0,5336.33,2010
THOMASCOOK,2010-04-07,2010-04-21,21.503,22.5782,2.0,8.0,4.49,0.05,0.047,take_profit,False,14,9,110631.25,5199.67,2010
JKLAKSHMI,2010-04-07,2010-04-12,63.4347,66.6064,1.92,2.68,2.3,0.05,0.047,take_profit,False,5,3,138289.06,6499.59,2010
MOTHERSON,2010-04-08,2010-04-12,4.148,4.3554,1.49,1.6,2.92,0.05,0.047,take_profit,False,4,2,133365.78,6268.19,2010
BLUESTARCO,2010-04-08,2010-04-23,167.9898,167.3713,6.35,5.94,6.71,-0.003682,-0.006682,time_exit,False,15,10,106692.62,-712.92,2010
BANCOINDIA,2010-04-12,2010-04-19,22.397,20.8292,0.98,3.65,2.16,-0.07,-0.073,stopped_out,True,7,4,142238.62,-10383.42,2010
KNRCON,2010-04-12,2010-04-19,16.9189,17.7648,0.61,1.68,2.15,0.05,0.047,take_profit,False,7,4,113790.9,5348.17,2010
NAVA,2010-04-15,2010-04-22,76.5294,80.3559,2.26,2.86,4.03,0.05,0.047,take_profit,False,7,5,111846.36,5256.78,2010
SUBROS,2010-04-19,2010-04-22,38.6224,40.5535,0.86,3.53,2.32,0.05,0.047,take_profit,False,3,3,139675.94,6564.77,2010
KNRCON,2010-04-19,2010-04-28,18.3178,17.0356,3.96,3.39,8.15,-0.07,-0.073,stopped_out,True,9,7,111740.76,-8157.08,2010
CYIENT,2010-04-21,2010-05-05,139.1176,137.4478,1.06,3.4,6.4,-0.012003,-0.015003,time_exit,False,14,10,112558.79,-1688.72,2010
SBIN,2010-04-22,2010-05-06,184.128,191.2666,4.14,4.27,6.77,0.03877,0.03577,time_exit,False,14,10,142715.8,5104.94,2010
UCOBANK,2010-04-22,2010-04-23,52.2887,54.9031,2.67,5.78,4.08,0.05,0.047,take_profit,False,1,1,114172.64,5366.11,2010
IOB,2010-04-23,2010-05-05,83.0862,76.9165,1.0,2.31,2.15,-0.074256,-0.077256,stopped_out_gap,False,12,8,136441.8,-10540.95,2010
STLTECH,2010-04-23,2010-04-27,93.1857,86.6627,1.68,10.48,11.46,-0.07,-0.073,stopped_out,True,4,2,109153.44,-7968.2,2010
BATAINDIA,2010-04-27,2010-04-29,124.5804,131.0108,0.6,7.6,9.93,0.051617,0.048617,take_profit_gap,False,2,2,107559.8,5229.23,2010
AJANTPHARM,2010-04-28,2010-05-05,15.3996,14.3216,2.0,2.69,1.5,-0.07,-0.073,stopped_out,True,7,5,106764.58,-7793.81,2010
CUMMINSIND,2010-04-29,2010-05-13,302.9143,301.4599,3.31,4.38,7.26,-0.004801,-0.007801,time_exit,False,14,10,107969.47,-842.27,2010
GODREJCP,2010-05-05,2010-05-13,90.5011,95.0261,4.55,2.3,10.66,0.05,0.047,take_profit,False,8,6,153523.91,7215.62,2010
BAJAJFINSV,2010-05-05,2010-05-06,38.4721,40.3957,12.81,9.68,11.98,0.05,0.047,take_profit,False,1,1,122819.13,5772.5,2010
ENGINERSIN,2010-05-06,2010-05-07,147.0077,155.361,16.73,2.69,15.32,0.056822,0.053822,take_profit_gap,False,1,1,153537.78,8263.71,2010
KARURVYSYA,2010-05-06,2010-05-20,30.4178,29.3536,0.58,5.56,7.11,-0.034985,-0.037985,time_exit,False,14,10,122830.22,-4665.71,2010
GRAPHITE,2010-05-10,2010-05-14,66.729,62.058,6.76,2.1,13.16,-0.07,-0.073,stopped_out,True,4,4,130624.48,-9535.59,2010
RELIANCE,2010-05-10,2010-05-19,221.1191,205.6408,2.36,1.66,2.7,-0.07,-0.073,stopped_out,True,9,7,104499.58,-7628.47,2010
LICHSGFIN,2010-05-13,2010-05-19,153.4054,142.667,2.04,1.57,3.06,-0.07,-0.073,stopped_out,True,6,4,137173.01,-10013.63,2010
TATAINVEST,2010-05-13,2010-05-21,35.2808,32.6974,1.21,1.58,1.93,-0.073222,-0.076222,stopped_out_gap,False,8,6,109738.41,-8364.48,2010
IOC,2010-05-14,2010-05-18,23.1009,24.2559,1.51,1.56,1.96,0.05,0.047,take_profit,False,4,2,112008.51,5264.4,2010
GABRIEL,2010-05-18,2010-05-19,22.3679,23.4863,11.0,3.37,24.26,0.05,0.047,take_profit,False,1,1,113061.39,5313.89,2010
BERGEPAINT,2010-05-19,2010-05-31,17.1616,18.0197,1.93,6.75,6.34,0.05,0.047,take_profit,False,12,8,158930.26,7469.72,2010
ONGC,2010-05-20,2010-05-21,90.5296,83.5955,0.76,4.95,5.07,-0.076596,-0.079596,stopped_out_gap,False,1,1,150777.11,-12001.26,2010
OIL,2010-05-20,2010-06-03,77.8895,81.7839,3.77,5.27,3.19,0.05,0.047,take_profit,False,14,10,120621.69,5669.22,2010
OIL,2010-05-20,2010-06-03,77.8895,81.7839,2.3,5.27,3.19,0.05,0.047,take_profit,False,14,10,96497.35,4535.38,2010
RECLTD,2010-05-21,2010-05-31,37.6406,39.5226,1.47,2.26,5.28,0.05,0.047,take_profit,False,10,6,125227.84,5885.71,2010
SURYAROSNI,2010-05-24,2010-05-31,17.2613,18.1244,1.81,9.89,2.32,0.05,0.047,take_profit,False,7,5,100182.27,4708.57,2010
NFL,2010-05-31,2010-06-14,84.2971,83.209,6.42,1.79,5.46,-0.012909,-0.015909,time_exit,False,14,10,160626.69,-2555.41,2010
JMFINANCIL,2010-05-31,2010-06-01,26.0948,27.3995,2.83,8.8,12.06,0.05,0.047,take_profit,False,1,1,128501.35,6039.56,2010
RCF,2010-05-31,2010-06-14,53.5204,54.2792,3.73,1.88,5.26,0.014178,0.011178,time_exit,False,14,10,102801.08,1149.11,2010
CHAMBLFERT,2010-06-01,2010-06-15,40.956,41.2445,3.22,3.26,5.25,0.007044,0.004044,time_exit,False,14,10,109149.05,441.4,2010
ZENSARTECH,2010-06-03,2010-06-17,24.2696,24.0436,4.57,2.61,8.02,-0.009312,-0.012312,time_exit,False,14,10,132783.97,-1634.84,2010
UNIONBANK,2010-06-03,2010-06-17,222.238,218.465,5.57,3.33,6.65,-0.016977,-0.019977,time_exit,False,14,10,106227.17,-2122.1,2010
RPOWER,2010-06-14,2010-06-15,164.6152,172.8459,1.28,2.6,6.3,0.05,0.047,take_profit,False,1,1,137386.03,6457.14,2010
KSB,2010-06-14,2010-06-16,38.2245,40.1358,3.32,2.02,1.67,0.05,0.047,take_profit,False,2,2,109908.83,5165.71,2010
JBCHEPHARM,2010-06-15,2010-06-23,22.8429,23.985,4.03,2.42,6.34,0.05,0.047,take_profit,False,8,6,138613.79,6514.85,2010
NFL,2010-06-15,2010-06-18,88.7806,82.566,4.88,4.43,6.34,-0.07,-0.073,stopped_out,True,3,3,110891.03,-8095.05,2010
BAJAJELEC,2010-06-16,2010-06-22,188.5959,175.3941,3.54,3.29,7.05,-0.07,-0.073,stopped_out,True,6,4,111727.73,-8156.12,2010
AJANTPHARM,2010-06-17,2010-06-23,14.9934,15.7431,1.22,4.09,3.95,0.05,0.047,take_profit,False,6,4,136433.03,6412.35,2010
ECLERX,2010-06-17,2010-07-01,181.4666,174.5358,3.23,8.66,11.41,-0.038193,-0.041193,time_exit,False,14,10,109146.42,-4496.07,2010
JPPOWER,2010-06-18,2010-07-02,69.1345,69.5152,1.09,1.76,2.37,0.005506,0.002506,time_exit,False,14,10,107876.33,270.34,2010
ARVIND,2010-06-22,2010-06-28,9.4545,9.9273,0.59,5.0,4.95,0.05,0.047,take_profit,False,6,4,107015.39,5029.72,2010
TRIDENT,2010-06-23,2010-06-24,1.1926,1.2522,5.11,5.17,12.82,0.05,0.047,take_profit,False,1,1,114565.69,5384.59,2010
WELENT,2010-06-23,2010-07-07,156.3327,149.4451,0.81,2.76,3.62,-0.044057,-0.047057,time_exit,False,14,10,143207.11,-6738.9,2010
TITAN,2010-06-24,2010-06-29,103.5824,108.7616,0.71,1.57,2.2,0.05,0.047,take_profit,False,5,3,115642.61,5435.2,2010
AUROPHARMA,2010-06-28,2010-06-30,80.1234,84.1296,1.51,2.27,3.28,0.05,0.047,take_profit,False,2,2,114923.11,5401.39,2010
GPIL,2010-06-29,2010-07-05,57.6606,53.6244,5.07,2.41,3.67,-0.07,-0.073,stopped_out,True,6,4,116154.05,-8479.25,2010
KSB,2010-06-30,2010-07-01,45.2443,47.5065,4.27,8.08,5.72,0.05,0.047,take_profit,False,1,1,116988.14,5498.44,2010
NLCINDIA,2010-07-01,2010-07-15,80.2224,80.7931,1.09,1.87,3.32,0.007115,0.004115,time_exit,False,14,10,139017.9,572.06,2010
ASTRAMICRO,2010-07-01,2010-07-05,39.7712,41.7597,1.6,7.75,4.31,0.05,0.047,take_profit,False,4,2,111214.32,5227.07,2010
DEEPAKFERT,2010-07-02,2010-07-06,96.1715,101.2055,2.68,2.09,4.38,0.052344,0.049344,take_profit_gap,False,4,2,110600.79,5457.49,2010
GSPL,2010-07-05,2010-07-19,87.5255,87.3125,0.77,1.68,3.57,-0.002433,-0.005433,time_exit,False,14,10,133303.87,-724.24,2010
ASHOKLEY,2010-07-05,2010-07-08,11.8906,12.4852,3.51,2.04,3.8,0.05,0.047,take_profit,False,3,3,106643.1,5012.23,2010
BEL,2010-07-06,2010-07-20,13.9492,13.9395,0.57,1.67,1.95,-0.000693,-0.003693,time_exit,False,14,10,108526.13,-400.79,2010
TRENT,2010-07-07,2010-07-08,89.1869,105.9314,6.79,6.38,6.96,0.187745,0.184745,take_profit_gap,False,1,1,114114.55,21082.09,2010
GODREJIND,2010-07-08,2010-07-16,167.2266,175.5879,2.44,2.98,4.04,0.05,0.047,take_profit,False,8,6,140662.03,6611.12,2010
TITAN,2010-07-08,2010-07-13,114.9775,120.7263,0.52,2.3,2.76,0.05,0.047,take_profit,False,5,3,112529.62,5288.89,2010
VTL,2010-07-13,2010-07-19,44.8963,47.1411,1.44,2.55,2.07,0.05,0.047,take_profit,False,6,4,113587.4,5338.61,2010
GODREJCP,2010-07-15,2010-07-26,110.1452,102.4351,2.82,1.97,8.57,-0.07,-0.073,stopped_out,True,11,7,118787.91,-8671.52,2010
BANCOINDIA,2010-07-16,2010-07-21,26.5063,27.9435,3.74,5.11,4.7,0.054223,0.051223,take_profit_gap,False,5,3,124484.96,6376.49,2010
UCOBANK,2010-07-19,2010-07-23,73.4453,77.1176,2.79,3.26,4.02,0.05,0.047,take_profit,False,4,4,149889.1,7044.79,2010
EIHOTEL,2010-07-19,2010-08-02,99.8034,97.881,1.36,9.77,5.37,-0.019262,-0.022262,time_exit,False,14,10,119911.28,-2669.46,2010
VIPIND,2010-07-20,2010-07-26,65.4052,68.6755,5.78,1.69,5.82,0.05,0.047,take_profit,False,6,4,117554.09,5525.04,2010
CIEINDIA,2010-07-21,2010-08-02,104.7621,97.4288,0.55,4.4,5.14,-0.07,-0.073,stopped_out,True,12,8,120215.56,-8775.74,2010
M&MFIN,2010-07-23,2010-07-27,52.2484,54.8608,1.35,1.73,2.07,0.05,0.047,take_profit,False,4,2,127559.23,5995.28,2010
TITAGARH,2010-07-26,2010-07-30,67.6494,71.0318,0.81,2.42,2.25,0.05,0.047,take_profit,False,4,4,148686.49,6988.26,2010
FORTIS,2010-07-26,2010-08-09,155.3494,155.6411,1.41,7.16,2.46,0.001877,-0.001123,time_exit,False,14,10,118949.19,-133.58,2010
DBREALTY,2010-07-27,2010-07-28,402.8013,422.9414,4.52,9.36,5.68,0.05,0.047,take_profit,False,1,1,121870.25,5727.9,2010
VIPIND,2010-07-28,2010-08-03,70.925,74.4713,4.12,1.85,4.58,0.05,0.047,take_profit,False,6,4,123015.83,5781.74,2010
M&MFIN,2010-07-30,2010-08-04,56.2759,59.0897,1.6,1.74,3.88,0.05,0.047,take_profit,False,5,3,129547.62,6088.74,2010
BANKINDIA,2010-08-02,2010-08-12,342.0041,359.1043,4.7,2.97,5.2,0.05,0.047,take_profit,False,10,8,149374.42,7020.6,2010
GSFC,2010-08-02,2010-08-11,42.2423,39.2854,4.16,8.24,7.69,-0.07,-0.073,stopped_out,True,9,7,119499.54,-8723.47,2010
PATANJALI,2010-08-03,2010-08-17,3430.1329,3387.1896,2.35,2.68,4.43,-0.012519,-0.015519,time_exit,False,14,10,121359.15,-1883.37,2010
ARVIND,2010-08-04,2010-08-09,10.3191,10.8351,3.24,3.28,5.71,0.05,0.047,take_profit,False,5,3,124214.59,5838.09,2010
ARVIND,2010-08-09,2010-08-10,10.8072,11.3475,3.35,3.02,4.17,0.05,0.047,take_profit,False,1,1,119316.26,5607.86,2010
V2RETAIL,2010-08-09,2010-08-11,62.031,56.2219,3.79,5.46,5.44,-0.093649,-0.096649,stopped_out_gap,False,2,2,149145.33,-14414.75,2010
PRSMJOHNSN,2010-08-10,2010-08-20,53.2538,55.9165,1.94,3.86,6.45,0.05,0.047,take_profit,False,10,8,120437.83,5660.58,2010
RELIGARE,2010-08-11,2010-08-12,431.3656,452.9338,4.17,10.41,2.9,0.05,0.047,take_profit,False,1,1,145451.6,6836.23,2010
TEXRAIL,2010-08-11,2010-08-13,129.95,136.4474,1.73,4.18,2.71,0.05,0.047,take_profit,False,2,2,116361.28,5468.98,2010
RECLTD,2010-08-12,2010-08-26,45.2764,45.0572,2.02,5.85,4.23,-0.00484,-0.00784,time_exit,False,14,10,154825.59,-1213.83,2010
NLCINDIA,2010-08-12,2010-08-23,83.3801,87.5492,2.61,7.73,4.03,0.05,0.047,take_profit,False,11,7,123860.47,5821.44,2010
J&KBANK,2010-08-13,2010-08-18,71.3403,75.2558,5.5,3.73,3.4,0.054884,0.051884,take_profit_gap,False,5,3,123454.43,6405.31,2010
SAREGAMA,2010-08-17,2010-08-18,10.4843,11.0085,17.42,11.54,16.43,0.05,0.047,take_profit,False,1,1,122658.7,5764.96,2010
NFL,2010-08-18,2010-08-24,92.3365,96.9533,0.56,3.51,1.66,0.05,0.047,take_profit,False,6,4,149783.64,7039.83,2010
SRF,2010-08-18,2010-08-24,42.5364,44.6632,1.88,1.74,1.6,0.05,0.047,take_profit,False,6,4,119826.91,5631.86,2010
SAREGAMA,2010-08-20,2010-08-24,13.4945,12.5499,8.25,5.32,6.17,-0.07,-0.073,stopped_out,True,4,2,121081.21,-8838.93,2010
PCBL,2010-08-23,2010-08-24,13.8282,14.5196,2.74,2.39,5.13,0.05,0.047,take_profit,False,1,1,122801.35,5771.66,2010
ASTRAMICRO,2010-08-24,2010-09-01,38.2715,35.5925,2.26,2.36,3.35,-0.07,-0.073,stopped_out,True,8,6,129830.78,-9477.65,2010
BAJAJELEC,2010-08-24,2010-08-25,238.1739,250.0826,4.12,6.85,5.27,0.05,0.047,take_profit,False,1,1,103864.62,4881.64,2010
THANGAMAYL,2010-08-24,2010-08-31,67.4761,62.7528,1.97,1.63,2.88,-0.07,-0.073,stopped_out,True,7,5,202860.59,-14808.82,2010
NAVINFLUOR,2010-08-24,2010-09-07,37.724,37.1587,2.28,11.9,7.02,-0.014985,-0.017985,time_exit,False,14,10,162288.47,-2918.76,2010
PGIL,2010-08-25,2010-08-26,38.6956,40.6304,2.34,4.34,3.28,0.05,0.047,take_profit,False,1,1,104840.95,4927.52,2010
CGPOWER,2010-08-26,2010-09-09,92.337,91.6568,2.21,4.95,5.19,-0.007367,-0.010367,time_exit,False,14,10,136548.81,-1415.6,2010
SURYAROSNI,2010-08-26,2010-09-09,20.7297,20.6929,1.16,4.82,6.95,-0.001775,-0.004775,time_exit,False,14,10,109239.05,-521.62,2010
RADICO,2010-08-31,2010-09-01,148.1986,155.6085,2.45,6.1,3.61,0.05,0.047,take_profit,False,1,1,125001.59,5875.07,2010
GALLANTT,2010-09-01,2010-09-02,39.2095,41.17,10.92,12.51,17.9,0.05,0.047,take_profit,False,1,1,150247.23,7061.62,2010
BHARTIARTL,2010-09-01,2010-09-09,281.446,295.5182,1.42,1.69,2.63,0.05,0.047,take_profit,False,8,6,120197.78,5649.3,2010
AARTIIND,2010-09-02,2010-09-17,10.9741,10.6873,2.7,2.82,3.04,-0.026135,-0.029135,time_exit,False,15,10,127620.0,-3718.21,2010
INDIACEM,2010-09-07,2010-09-16,102.0747,94.9294,4.21,7.16,9.04,-0.07,-0.073,stopped_out,True,9,6,133969.94,-9779.81,2010
SBIN,2010-09-09,2010-09-13,249.3372,261.804,2.85,2.06,2.9,0.05,0.047,take_profit,False,4,1,181115.5,8512.43,2010
M&M,2010-09-09,2010-09-20,279.475,293.4487,2.08,1.61,2.44,0.05,0.047,take_profit,False,11,6,144892.4,6809.94,2010
CHAMBLFERT,2010-09-09,2010-09-23,51.4833,47.8795,0.92,2.4,3.97,-0.07,-0.073,stopped_out,True,14,9,115913.92,-8461.72,2010
SBIN,2010-09-13,2010-09-27,263.0822,265.4987,2.79,3.05,5.27,0.009185,0.006185,time_exit,False,14,10,130656.72,808.11,2010
THANGAMAYL,2010-09-16,2010-09-29,69.9358,65.0403,3.34,6.03,8.49,-0.07,-0.073,stopped_out,True,13,9,129363.4,-9443.53,2010
CHOLAFIN,2010-09-17,2010-10-01,32.1629,32.067,1.22,2.29,3.98,-0.002981,-0.005981,time_exit,False,14,10,128271.08,-767.19,2010
SOUTHBANK,2010-09-20,2010-09-24,15.9771,16.7759,2.0,3.81,3.5,0.05,0.047,take_profit,False,4,4,132957.33,6248.99,2010
TITAN,2010-09-23,2010-10-07,152.8551,160.4979,0.54,1.72,1.9,0.05,0.047,take_profit,False,14,10,127856.31,6009.25,2010
COLPAL,2010-09-24,2010-10-07,338.9938,315.2642,1.54,2.37,3.57,-0.07,-0.073,stopped_out,True,13,9,130126.31,-9499.22,2010
TRIVENI,2010-09-27,2010-09-30,58.1978,61.1077,1.18,2.74,3.66,0.05,0.047,take_profit,False,3,3,130394.01,6128.52,2010
ECLERX,2010-09-29,2010-09-30,229.694,241.1787,4.73,7.72,2.9,0.05,0.047,take_profit,False,1,1,128299.19,6030.06,2010
REDINGTON,2010-09-30,2010-10-11,30.4907,28.3564,1.1,3.23,4.14,-0.07,-0.073,stopped_out,True,11,7,156809.7,-11447.11,2010
REDINGTON,2010-09-30,2010-10-11,30.4907,28.3564,0.65,3.23,4.14,-0.07,-0.073,stopped_out,True,11,7,125447.76,-9157.69,2010
JSWSTEEL,2010-10-01,2010-10-15,115.6477,110.8998,2.2,1.67,1.9,-0.041054,-0.044054,time_exit,False,14,10,125858.99,-5544.59,2010
AVANTIFEED,2010-10-07,2010-10-08,1.6201,1.7011,1.14,4.48,4.15,0.05,0.047,take_profit,False,1,1,151585.72,7124.53,2010
TATACONSUM,2010-10-07,2010-10-21,109.9467,107.3667,0.9,4.48,2.54,-0.023466,-0.026466,time_exit,False,14,10,121268.58,-3209.49,2010
IFCI,2010-10-08,2010-10-13,60.4978,63.5227,0.55,2.74,4.8,0.05,0.047,take_profit,False,5,3,128756.91,6051.57,2010
AARTIIND,2010-10-11,2010-10-12,13.4921,14.1667,3.2,2.44,5.81,0.05,0.047,take_profit,False,1,1,155336.06,7300.79,2010
ACE,2010-10-11,2010-10-25,60.1525,55.9418,3.6,7.03,8.17,-0.07,-0.073,stopped_out,True,14,10,124268.85,-9071.63,2010
SRF,2010-10-12,2010-10-22,56.6374,59.4692,4.7,2.4,6.19,0.05,0.047,take_profit,False,10,8,131942.45,6201.3,2010
MARUTI,2010-10-13,2010-10-27,1382.9256,1352.4655,0.79,2.17,2.19,-0.022026,-0.025026,time_exit,False,14,10,132515.66,-3316.34,2010
WEBELSOLAR,2010-10-15,2010-10-20,13.0565,12.1426,3.18,8.43,7.94,-0.07,-0.073,stopped_out,True,5,3,130075.41,-9495.5,2010
CARBORUNIV,2010-10-20,2010-10-21,105.5936,110.8733,0.64,2.07,3.57,0.05,0.047,take_profit,False,1,1,128176.31,6024.29,2010
RELIANCE,2010-10-21,2010-11-04,221.5801,226.1474,0.92,1.67,2.82,0.020612,0.017612,time_exit,False,14,10,122394.38,2155.61,2010
MAHABANK,2010-10-21,2010-11-04,60.4138,57.3138,2.85,2.4,3.97,-0.051313,-0.054313,time_exit,False,14,10,152992.98,-8309.51,2010
INDIAGLYCO,2010-10-22,2010-10-28,80.8021,75.146,6.06,3.03,11.77,-0.07,-0.073,stopped_out,True,6,4,125544.26,-9164.73,2010
EPL,2010-10-25,2010-10-28,18.8027,19.7428,2.57,1.81,3.51,0.05,0.047,take_profit,False,3,3,123474.85,5803.32,2010
TI,2010-10-27,2010-10-29,97.2302,90.4241,0.57,1.66,4.32,-0.07,-0.073,stopped_out,True,2,2,124619.74,-9097.24,2010
AVANTIFEED,2010-10-28,2010-10-29,1.9709,2.1339,7.46,3.21,6.41,0.082687,0.079687,take_profit_gap,False,1,1,148827.33,11859.6,2010
EPL,2010-10-28,2010-11-01,19.7496,20.737,2.54,4.1,6.79,0.05,0.047,take_profit,False,4,2,119061.87,5595.91,2010
CARBORUNIV,2010-10-29,2010-11-15,116.0362,107.7764,1.65,2.11,2.11,-0.071183,-0.074183,stopped_out_gap,False,17,10,150491.38,-11163.9,2010
SONATSOFTW,2010-10-29,2010-11-02,12.0556,12.6619,5.22,5.02,5.41,0.050296,0.047296,take_profit_gap,False,4,2,120393.11,5694.11,2010
M&M,2010-11-01,2010-11-10,326.7504,343.0879,0.61,1.89,3.02,0.05,0.047,take_profit,False,9,6,121246.04,5698.56,2010
KTKBANK,2010-11-02,2010-11-15,88.5736,82.3734,3.45,6.0,5.37,-0.07,-0.073,stopped_out,True,13,8,122214.27,-8921.64,2010
SBIN,2010-11-04,2010-11-11,286.8875,266.8053,3.71,1.64,4.11,-0.07,-0.073,stopped_out,True,7,4,151618.11,-11068.12,2010
GMDCLTD,2010-11-04,2010-11-12,109.9477,102.2513,12.84,11.48,16.56,-0.07,-0.073,stopped_out,True,8,5,121294.49,-8854.5,2010
BATAINDIA,2010-11-10,2010-11-18,160.2036,168.2137,2.52,3.72,5.94,0.05,0.047,take_profit,False,8,5,122424.51,5753.95,2010
DATAMATICS,2010-11-11,2010-11-16,26.7195,28.0555,3.21,11.41,2.3,0.05,0.047,take_profit,False,5,3,126049.61,5924.33,2010
MARKSANS,2010-11-12,2010-11-15,5.0354,5.9977,1.92,11.75,19.54,0.191116,0.188116,take_profit_gap,False,3,1,123327.69,23199.91,2010
DATAMATICS,2010-11-16,2010-11-26,28.3243,26.3416,1.98,6.48,5.85,-0.07,-0.073,stopped_out,True,10,7,163909.18,-11965.37,2010
BATAINDIA,2010-11-16,2010-11-18,162.2452,170.3575,1.12,2.02,4.12,0.05,0.047,take_profit,False,2,1,204886.48,9629.66,2010
HEROMOTOCO,2010-11-18,2010-11-30,1168.5954,1227.0251,2.93,2.45,2.39,0.05,0.047,take_profit,False,12,8,199666.27,9384.31,2010
IDEA,2010-11-19,2010-11-25,43.8923,40.8198,0.68,4.65,4.9,-0.07,-0.073,stopped_out,True,6,4,159733.01,-11660.51,2010
MANAPPURAM,2010-11-22,2010-11-24,51.7023,48.0832,1.29,3.16,8.06,-0.07,-0.073,stopped_out,True,2,2,127786.41,-9328.41,2010
ECLERX,2010-11-22,2010-11-23,309.1727,324.6314,1.34,2.34,4.37,0.05,0.047,take_profit,False,1,1,102229.13,4804.77,2010
TVSMOTOR,2010-11-24,2010-11-26,70.6523,65.7067,3.75,3.67,7.84,-0.07,-0.073,stopped_out,True,2,2,126881.68,-9262.36,2010
TCS,2010-11-29,2010-12-13,384.1891,385.5246,0.8,1.83,1.55,0.003476,0.000476,time_exit,False,14,10,185032.47,88.08,2010
CANBK,2010-11-30,2010-12-06,107.983,100.4242,1.21,3.26,3.42,-0.07,-0.073,stopped_out,True,6,4,97196.08,-7095.31,2010
PIDILITIND,2010-11-30,2010-12-07,68.2955,71.7103,2.33,1.78,5.04,0.05,0.047,take_profit,False,7,5,121495.1,5710.27,2010
SHRIRAMFIN,2010-11-30,2010-12-03,130.8125,137.3531,3.69,1.94,5.25,0.05,0.047,take_profit,False,3,3,151868.88,7137.84,2010
CANBK,2010-11-30,2010-12-06,107.983,100.4242,1.09,3.26,3.42,-0.07,-0.073,stopped_out,True,6,4,189836.1,-13858.03,2010
MANAPPURAM,2010-12-03,2010-12-07,45.9529,42.7362,2.29,1.77,3.23,-0.07,-0.073,stopped_out,True,4,2,109558.21,-7997.75,2010
GRAPHITE,2010-12-07,2010-12-09,61.5607,57.2515,1.8,3.06,4.35,-0.07,-0.073,stopped_out,True,2,2,186615.5,-13622.93,2010
ACC,2010-12-10,2010-12-27,872.6476,876.7213,1.77,4.41,8.07,0.004668,0.001668,time_exit,False,17,10,183890.91,306.73,2010
PETRONET,2010-12-13,2010-12-14,39.5807,41.5598,3.72,1.5,5.91,0.05,0.047,take_profit,False,1,1,184136.84,8654.43,2010
GSPL,2010-12-14,2010-12-29,101.0046,97.1477,0.84,2.27,4.14,-0.038185,-0.041185,time_exit,False,15,10,95164.28,-3919.34,2010
GRAPHITE,2010-12-14,2010-12-20,66.1596,61.5284,0.91,3.07,4.3,-0.07,-0.073,stopped_out,True,6,3,118955.34,-8683.74,2010
CARBORUNIV,2010-12-14,2010-12-22,111.1855,116.7447,1.21,4.55,6.27,0.05,0.047,take_profit,False,8,5,185867.72,8735.78,2010
BERGEPAINT,2010-12-14,2010-12-23,27.457,28.8298,4.34,2.49,3.82,0.05,0.047,take_profit,False,9,6,148694.18,6988.63,2010
HEROMOTOCO,2010-12-20,2011-01-03,1209.6082,1212.1206,10.41,5.87,11.89,0.002077,-0.000923,time_exit,False,14,10,98185.74,-90.63,2011
AKZOINDIA,2010-12-22,2011-01-05,532.6706,509.0289,4.14,2.71,3.27,-0.044383,-0.047383,time_exit,False,14,10,117469.29,-5566.05,2011
JINDWORLD,2010-12-23,2010-12-24,4.7918,4.4564,1.96,2.74,7.52,-0.07,-0.073,stopped_out,True,1,1,125112.0,-9133.18,2010
SUNPHARMA,2010-12-24,2011-01-05,212.5927,223.2224,1.66,1.9,6.84,0.05,0.047,take_profit,False,12,8,123285.36,5794.41,2011
PERSISTENT,2010-12-27,2011-01-04,89.1365,93.5934,0.58,1.96,1.72,0.05,0.047,take_profit,False,8,6,135467.82,6366.99,2011
JINDWORLD,2010-12-29,2010-12-30,6.5996,7.0847,1.45,3.79,10.33,0.0735,0.0705,take_profit_gap,False,1,1,126623.24,8926.94,2010
TATAPOWER,2010-12-30,2011-01-13,107.1071,105.8402,0.57,2.03,1.77,-0.011829,-0.014829,time_exit,False,14,10,128408.63,-1904.17,2011
GODREJIND,2011-01-03,2011-01-07,194.8056,181.1692,2.6,3.23,6.54,-0.07,-0.073,stopped_out,True,4,4,122345.93,-8931.25,2011
AVANTIFEED,2011-01-04,2011-01-10,1.9735,1.755,1.23,6.32,3.38,-0.110694,-0.113694,stopped_out_gap,False,6,4,126243.7,-14353.15,2011
ADANIPORTS,2011-01-05,2011-01-07,145.1033,134.946,2.22,3.85,5.0,-0.07,-0.073,stopped_out,True,2,2,149191.57,-10890.98,2011
ZENSARTECH,2011-01-05,2011-01-06,26.2866,27.6009,1.18,4.38,4.24,0.05,0.047,take_profit,False,1,1,119353.25,5609.6,2011
SUDARSCHEM,2011-01-12,2011-01-24,52.4131,55.0338,3.76,2.61,3.81,0.05,0.047,take_profit,False,12,8,98916.52,4649.08,2011
SUZLON,2011-01-12,2011-01-27,49.2868,45.8367,3.17,2.15,10.39,-0.07,-0.073,stopped_out,True,15,10,154557.07,-11282.67,2011
RAIN,2011-01-12,2011-01-17,28.9627,26.9353,1.39,1.69,3.54,-0.07,-0.073,stopped_out,True,5,3,193196.33,-14103.33,2011
GRASIM,2011-01-12,2011-01-27,335.5908,327.328,1.66,1.71,4.22,-0.024622,-0.027622,time_exit,False,15,10,123645.65,-3415.34,2011
REFEX,2011-01-17,2011-01-19,7.7726,8.1735,2.08,1.54,3.68,0.051579,0.048579,take_profit_gap,False,2,2,140252.71,6813.34,2011
TCS,2011-01-18,2011-02-02,431.2576,424.3397,3.2,2.82,2.43,-0.016041,-0.019041,time_exit,False,15,10,112202.17,-2136.44,2011
PATANJALI,2011-01-19,2011-01-25,3621.2199,3802.2809,1.58,1.98,4.59,0.05,0.047,take_profit,False,6,4,119174.94,5601.22,2011
APOLLOHOSP,2011-01-24,2011-01-28,482.1974,445.814,1.99,5.58,7.48,-0.075453,-0.078453,stopped_out_gap,False,4,3,116053.07,-9104.71,2011
NTPC,2011-01-25,2011-02-02,96.2931,89.5526,1.06,1.81,1.76,-0.07,-0.073,stopped_out,True,8,5,117797.69,-8599.23,2011
SIEMENS,2011-01-31,2011-02-14,422.1883,416.1606,8.67,9.7,2.89,-0.014277,-0.017277,time_exit,False,14,10,168328.77,-2908.22,2011
SIEMENS,2011-01-31,2011-02-14,422.1883,416.1606,11.54,9.7,2.89,-0.014277,-0.017277,time_exit,False,14,10,134663.02,-2326.57,2011
WOCKPHARMA,2011-02-02,2011-02-04,325.8201,342.1111,2.18,2.53,2.77,0.05,0.047,take_profit,False,2,2,151583.25,7124.41,2011
NFL,2011-02-03,2011-02-08,85.1745,79.2123,4.62,4.29,8.12,-0.07,-0.073,stopped_out,True,5,3,121266.6,-8852.46,2011
MOTHERSON,2011-02-03,2011-02-09,5.3487,4.9743,0.86,3.78,6.66,-0.07,-0.073,stopped_out,True,6,4,97013.28,-7081.97,2011
BRIGADE,2011-02-04,2011-02-07,62.6808,58.2932,2.67,16.43,11.55,-0.07,-0.073,stopped_out,True,3,1,109352.16,-7982.71,2011
FORTIS,2011-02-08,2011-02-14,146.3516,153.6692,1.53,3.63,4.25,0.05,0.047,take_profit,False,6,4,130238.44,6121.21,2011
MFSL,2011-02-11,2011-02-24,139.3267,129.5738,1.35,1.6,3.22,-0.07,-0.073,stopped_out,True,13,9,122177.02,-8918.92,2011
HINDZINC,2011-02-14,2011-02-28,44.9653,44.1924,1.37,2.07,3.1,-0.017188,-0.020188,time_exit,False,14,10,94497.25,-1907.71,2011
NFL,2011-02-14,2011-02-15,86.3835,90.7027,1.18,2.11,10.86,0.05,0.047,take_profit,False,1,1,118121.56,5551.71,2011
REDINGTON,2011-02-14,2011-02-22,26.1469,24.3166,2.38,2.29,9.21,-0.07,-0.073,stopped_out,True,8,6,184564.94,-13473.24,2011
NFL,2011-02-14,2011-02-15,86.3835,90.7027,9.66,2.11,10.86,0.05,0.047,take_profit,False,1,1,147651.95,6939.64,2011
MARICO,2011-02-15,2011-02-28,51.6827,48.0649,2.04,2.75,3.18,-0.07,-0.073,stopped_out,True,13,9,131250.77,-9581.31,2011
FEDERALBNK,2011-02-15,2011-02-21,31.9179,29.6836,0.52,1.67,1.7,-0.07,-0.073,stopped_out,True,6,4,105000.62,-7665.05,2011
TITAN,2011-02-22,2011-03-09,161.4282,162.0556,0.78,1.61,4.35,0.003886,0.000886,time_exit,False,15,10,137685.95,121.99,2011
GRAVITA,2011-02-22,2011-02-24,44.0744,40.9892,2.23,2.47,6.56,-0.07,-0.073,stopped_out,True,2,2,110148.76,-8040.86,2011
NATIONALUM,2011-02-24,2011-03-03,50.4651,52.9884,2.82,4.04,3.18,0.05,0.047,take_profit,False,7,4,131192.21,6166.03,2011
ITC,2011-02-28,2011-03-15,68.684,69.0619,8.11,3.64,8.3,0.005503,0.002503,time_exit,False,15,10,94595.56,236.77,2011
COALINDIA,2011-02-28,2011-03-08,110.2586,115.7715,5.39,5.82,9.6,0.05,0.047,take_profit,False,8,5,147805.57,6946.86,2011
VAIBHAVGBL,2011-02-28,2011-03-01,4.2406,4.4526,9.88,4.18,29.84,0.05,0.047,take_profit,False,1,1,118244.45,5557.49,2011
MARUTI,2011-03-01,2011-03-15,1145.4128,1065.2339,3.34,2.47,6.75,-0.07,-0.073,stopped_out,True,14,9,100436.84,-7331.89,2011
SUNFLAG,2011-03-03,2011-03-17,26.1675,25.0938,0.95,3.11,5.37,-0.041032,-0.044032,time_exit,False,14,10,107821.12,-4747.58,2011
NESTLEIND,2011-03-08,2011-03-18,159.6543,148.4785,1.68,1.72,1.51,-0.07,-0.073,stopped_out,True,10,8,117207.38,-8556.14,2011
ELGIEQUIP,2011-03-09,2011-03-23,40.9515,40.9559,2.16,9.62,6.62,0.000108,-0.002892,time_exit,False,14,10,121327.49,-350.88,2011
RELIANCE,2011-03-15,2011-03-29,212.4846,209.3048,1.67,2.27,3.94,-0.014965,-0.017965,time_exit,False,14,10,107719.56,-1935.18,2011
VIPIND,2011-03-15,2011-03-16,101.868,106.9614,5.54,5.62,10.76,0.05,0.047,take_profit,False,1,1,134649.45,6328.52,2011
JBCHEPHARM,2011-03-16,2011-03-30,38.819,37.0551,3.69,1.78,5.53,-0.04544,-0.04844,time_exit,False,14,10,114371.24,-5540.14,2011
MAHLIFE,2011-03-17,2011-03-30,99.0111,103.9617,1.67,8.34,11.12,0.05,0.047,take_profit,False,13,9,112111.7,5269.25,2011
CENTURYPLY,2011-03-18,2011-03-21,55.1658,57.9241,0.74,4.2,2.96,0.05,0.047,take_profit,False,3,1,111419.61,5236.72,2011
RAMCOCEM,2011-03-21,2011-03-30,89.0083,93.4587,0.57,2.98,4.06,0.05,0.047,take_profit,False,9,7,112466.96,5285.95,2011
KOTAKBANK,2011-03-23,2011-03-25,42.8128,44.9535,2.31,1.97,2.97,0.05,0.047,take_profit,False,2,2,114168.89,5365.94,2011
DLF,2011-03-25,2011-03-30,214.6901,225.4247,2.89,2.23,4.66,0.05,0.047,take_profit,False,5,3,115242.08,5416.38,2011
BHARTIARTL,2011-03-29,2011-04-08,300.5757,315.6045,1.23,2.45,3.92,0.05,0.047,take_profit,False,10,8,113350.54,5327.48,2011
HSCL,2011-03-30,2011-04-04,44.1706,41.0786,2.64,6.48,10.85,-0.07,-0.073,stopped_out,True,5,3,183605.11,-13403.17,2011
FEDERALBNK,2011-03-30,2011-04-15,34.8613,36.6044,0.97,1.9,3.81,0.05,0.047,take_profit,False,16,10,146884.09,6903.55,2011
RAMCOCEM,2011-03-30,2011-04-07,94.7714,99.51,2.12,5.1,5.28,0.05,0.047,take_profit,False,8,6,117507.27,5522.84,2011
AMBUJACEM,2011-03-30,2011-04-15,120.2558,120.4155,2.9,7.52,8.68,0.001328,-0.001672,time_exit,False,16,10,94005.82,-157.18,2011
ACE,2011-04-04,2011-04-05,42.1571,44.265,2.47,2.16,2.53,0.05,0.047,take_profit,False,1,1,109245.04,5134.52,2011
ECLERX,2011-04-05,2011-04-06,298.9809,313.93,6.66,1.59,6.28,0.05,0.047,take_profit,False,1,1,110271.94,5182.78,2011
TI,2011-04-06,2011-04-25,63.6021,60.9046,3.13,2.9,10.0,-0.042413,-0.045413,time_exit,False,19,10,111308.5,-5054.85,2011
GMRAIRPORT,2011-04-07,2011-04-18,38.3443,35.6602,0.72,2.31,4.52,-0.07,-0.073,stopped_out,True,11,5,113652.82,-8296.66,2011
VSTIND,2011-04-08,2011-04-13,37.3418,39.2089,3.18,10.29,3.59,0.05,0.047,take_profit,False,5,2,114657.86,5388.92,2011
FINCABLES,2011-04-13,2011-04-29,46.2893,44.3004,3.29,2.39,3.3,-0.042967,-0.045967,time_exit,False,16,10,115735.64,-5320.02,2011
SUDARSCHEM,2011-04-15,2011-04-26,59.1186,62.0745,1.48,2.57,1.96,0.05,0.047,take_profit,False,11,6,142115.77,6679.44,2011
FEDERALBNK,2011-04-15,2011-05-02,36.8886,34.3064,1.29,2.31,2.65,-0.07,-0.073,stopped_out,True,17,10,113692.62,-8299.56,2011
KEI,2011-04-18,2011-04-19,26.0288,27.3302,10.62,4.34,8.86,0.05,0.047,take_profit,False,1,1,112025.33,5265.19,2011
ZEEL,2011-04-19,2011-05-04,118.7241,117.5936,3.86,7.48,7.07,-0.009522,-0.012522,time_exit,False,15,10,113078.37,-1415.97,2011
SUDARSCHEM,2011-04-25,2011-05-09,61.008,57.6882,1.29,2.12,6.37,-0.054415,-0.057415,time_exit,False,14,10,111713.42,-6414.03,2011
TITAGARH,2011-04-26,2011-05-03,68.373,63.5869,1.59,3.01,3.44,-0.07,-0.073,stopped_out,True,7,5,119129.78,-8696.47,2011
SUNPHARMA,2011-04-29,2011-05-05,209.2015,194.5574,2.39,1.74,3.6,-0.07,-0.073,stopped_out,True,6,4,117386.95,-8569.25,2011
VAIBHAVGBL,2011-05-04,2011-05-05,6.5062,6.8315,0.79,7.25,14.78,0.05,0.047,take_profit,False,1,1,159407.31,7492.14,2011
UBL,2011-05-04,2011-05-10,495.7145,520.5002,2.81,6.57,8.18,0.05,0.047,take_profit,False,6,4,127525.85,5993.71,2011
UPL,2011-05-05,2011-05-12,88.0387,92.4406,0.64,2.11,4.27,0.05,0.047,take_profit,False,7,5,157164.11,7386.71,2011
APOLLOHOSP,2011-05-05,2011-05-19,456.3469,448.9542,1.03,1.68,5.1,-0.0162,-0.0192,time_exit,False,14,10,125731.29,-2414.04,2011
APOLLOTYRE,2011-05-05,2011-05-11,57.7209,60.607,2.1,1.64,1.77,0.05,0.047,take_profit,False,6,4,100585.03,4727.5,2011
BATAINDIA,2011-05-09,2011-05-17,201.414,211.4847,3.79,2.3,6.03,0.05,0.047,take_profit,False,8,6,101527.9,4771.81,2011
ASHOKA,2011-05-10,2011-05-19,57.2089,53.2042,1.49,2.75,2.96,-0.07,-0.073,stopped_out,True,9,7,107926.24,-7878.62,2011
FORTIS,2011-05-11,2011-05-25,156.5425,156.6344,1.24,1.72,3.25,0.000587,-0.002413,time_exit,False,14,10,107403.49,-259.16,2011
PRICOLLTD,2011-05-12,2011-05-26,14.8217,14.3208,3.79,3.75,7.03,-0.033795,-0.036795,time_exit,False,14,10,118832.96,-4372.46,2011
ASIANPAINT,2011-05-17,2011-05-25,250.0399,262.5419,0.61,2.99,1.56,0.05,0.047,take_profit,False,8,6,116326.31,5467.34,2011
GPIL,2011-05-20,2011-05-25,44.0132,40.9323,1.48,2.19,4.4,-0.07,-0.073,stopped_out,True,5,3,137734.02,-10054.58,2011
DIVISLAB,2011-05-20,2011-05-30,315.7573,331.5452,1.92,6.49,2.13,0.05,0.047,take_profit,False,10,6,110187.22,5178.8,2011
VSTIND,2011-05-25,2011-05-26,48.1884,50.5979,2.58,2.42,3.78,0.05,0.047,take_profit,False,1,1,159473.26,7495.24,2011
VGUARD,2011-05-25,2011-05-31,13.3292,13.9957,6.17,11.12,6.43,0.05,0.047,take_profit,False,6,4,127578.61,5996.19,2011
MPHASIS,2011-05-25,2011-05-27,295.7825,275.0777,3.15,2.79,6.78,-0.07,-0.073,stopped_out,True,2,2,102062.89,-7450.59,2011
VIPIND,2011-05-26,2011-05-27,122.906,129.0513,5.62,3.43,6.93,0.05,0.047,take_profit,False,1,1,137936.11,6483.0,2011
VIPIND,2011-05-26,2011-05-27,122.906,129.0513,3.33,3.43,6.93,0.05,0.047,take_profit,False,1,1,110348.89,5186.4,2011
KNRCON,2011-05-27,2011-05-30,10.23,10.7415,3.33,3.95,4.9,0.05,0.047,take_profit,False,3,1,159192.45,7482.04,2011
KTKBANK,2011-05-27,2011-05-30,53.2888,55.9533,1.98,1.54,4.17,0.05,0.047,take_profit,False,3,1,127353.96,5985.64,2011
DEEPAKFERT,2011-05-27,2011-06-02,114.7345,120.4712,1.85,1.95,7.07,0.05,0.047,take_profit,False,6,4,101883.17,4788.51,2011
KTKBANK,2011-05-30,2011-06-07,55.9233,58.7195,2.7,2.37,4.71,0.05,0.047,take_profit,False,8,6,105332.83,4950.64,2011
DABUR,2011-05-30,2011-05-31,97.1,101.955,1.11,2.51,3.72,0.05,0.047,take_profit,False,1,1,131666.04,6188.3,2011
HAVELLS,2011-05-30,2011-06-08,71.6818,75.2593,2.16,2.52,2.54,0.049909,0.046909,take_profit_gap,False,9,7,164582.55,7720.4,2011
KNRCON,2011-05-31,2011-06-03,11.4781,10.6746,2.28,4.8,8.3,-0.07,-0.073,stopped_out,True,3,3,138552.1,-10114.3,2011
LUPIN,2011-05-31,2011-06-10,432.4682,402.1955,0.82,1.79,3.49,-0.07,-0.073,stopped_out,True,10,8,110841.68,-8091.44,2011
TTML,2011-06-02,2011-06-16,14.6134,13.8815,0.62,8.57,8.13,-0.050083,-0.053083,time_exit,False,14,10,110007.68,-5839.54,2011
BRITANNIA,2011-06-03,2011-06-14,183.3198,192.4858,1.33,1.62,2.36,0.05,0.047,take_profit,False,11,7,113693.7,5343.6,2011
KTKBANK,2011-06-07,2011-06-13,57.8872,60.7816,3.68,9.88,6.95,0.05,0.047,take_profit,False,6,4,113011.66,5311.55,2011
VGUARD,2011-06-08,2011-06-20,14.7414,13.7095,1.39,1.68,1.94,-0.07,-0.073,stopped_out,True,12,8,124869.92,-9115.5,2011
ASTRAL,2011-06-10,2011-06-15,16.2805,17.0945,1.68,2.86,2.17,0.05,0.047,take_profit,False,5,3,120445.98,5660.96,2011
WELENT,2011-06-13,2011-06-14,61.5165,64.5924,17.43,11.68,20.81,0.05,0.047,take_profit,False,1,1,120021.42,5641.01,2011
HAVELLS,2011-06-14,2011-06-20,77.2268,71.8209,1.05,2.17,3.11,-0.07,-0.073,stopped_out,True,6,4,144957.09,-10581.87,2011
TORNTPOWER,2011-06-14,2011-06-22,187.6828,174.545,1.04,2.6,5.58,-0.07,-0.073,stopped_out,True,8,6,115965.67,-8465.49,2011
TIMETECHNO,2011-06-15,2011-06-22,28.3858,29.8051,1.53,11.93,3.99,0.05,0.047,take_profit,False,7,5,117993.92,5545.71,2011
VSTIND,2011-06-16,2011-06-29,49.9828,52.4819,1.27,4.87,2.21,0.05,0.047,take_profit,False,13,9,115228.77,5415.75,2011
BHARTIARTL,2011-06-20,2011-07-04,324.9569,320.0105,1.59,2.47,2.59,-0.015221,-0.018221,time_exit,False,14,10,142208.94,-2591.19,2011
MARKSANS,2011-06-24,2011-06-27,2.5661,2.6944,5.66,4.96,23.26,0.05,0.047,take_profit,False,3,1,127980.09,6015.06,2011
GODFRYPHLP,2011-06-24,2011-06-30,146.9931,154.3427,7.17,9.45,13.37,0.05,0.047,take_profit,False,6,4,102384.07,4812.05,2011
ICICIBANK,2011-06-24,2011-07-08,165.9117,165.1384,0.74,2.17,2.8,-0.004661,-0.007661,time_exit,False,14,10,159975.11,-1225.57,2011
POWERGRID,2011-06-27,2011-07-11,34.7898,34.6428,3.65,4.69,5.97,-0.004227,-0.007227,time_exit,False,14,10,108706.29,-785.62,2011
EIDPARRY,2011-06-29,2011-07-01,205.7118,215.9974,4.26,4.14,4.88,0.05,0.047,take_profit,False,2,2,111093.94,5221.41,2011
TATACONSUM,2011-06-30,2011-07-04,79.5754,83.5541,0.93,1.75,3.37,0.05,0.047,take_profit,False,4,2,110314.37,5184.78,2011
KRBL,2011-07-01,2011-07-04,25.7105,26.9961,3.27,3.77,7.01,0.05,0.047,take_profit,False,3,1,111514.57,5241.18,2011
VIPIND,2011-07-04,2011-07-06,144.341,151.5581,7.07,3.93,8.74,0.05,0.047,take_profit,False,2,2,163586.19,7688.55,2011
WEBELSOLAR,2011-07-04,2011-07-12,6.4882,6.0341,1.85,1.57,3.84,-0.07,-0.073,stopped_out,True,8,6,130868.95,-9553.43,2011
ITI,2011-07-04,2011-07-18,32.7664,31.3843,0.64,2.24,2.34,-0.04218,-0.04518,time_exit,False,14,10,104695.16,-4730.13,2011
PRAJIND,2011-07-06,2011-07-12,57.8688,53.818,0.58,1.69,2.09,-0.07,-0.073,stopped_out,True,6,4,118011.07,-8614.81,2011
PHOENIXLTD,2011-07-08,2011-07-11,99.2749,104.2386,1.12,1.62,3.85,0.05,0.047,take_profit,False,3,1,126158.77,5929.46,2011
KRBL,2011-07-11,2011-07-12,27.4779,25.5544,1.58,1.7,3.0,-0.07,-0.073,stopped_out,True,1,1,148928.79,-10871.8,2011
MOTHERSON,2011-07-11,2011-07-13,6.9473,6.461,0.54,1.57,3.97,-0.07,-0.073,stopped_out,True,2,2,119143.04,-8697.44,2011
WOCKPHARMA,2011-07-12,2011-07-26,358.1664,376.0747,3.78,7.31,7.18,0.05,0.047,take_profit,False,14,10,169068.18,7946.2,2011
ANANTRAJ,2011-07-12,2011-07-14,31.2857,32.85,6.62,4.64,11.38,0.05,0.047,take_profit,False,2,2,135254.55,6356.96,2011
JSWENERGY,2011-07-12,2011-07-14,57.7066,60.592,4.46,5.66,4.91,0.05,0.047,take_profit,False,2,2,108203.64,5085.57,2011
COFORGE,2011-07-13,2011-07-15,31.3402,32.9072,2.13,7.01,7.13,0.05,0.047,take_profit,False,2,2,108652.03,5106.65,2011
PGIL,2011-07-14,2011-07-28,30.5775,28.4173,1.1,2.08,6.37,-0.070648,-0.073648,stopped_out_gap,False,14,10,137901.77,-10156.19,2011
TIPSMUSIC,2011-07-14,2011-07-15,2.0331,2.1348,1.89,4.41,3.74,0.05,0.047,take_profit,False,1,1,110321.41,5185.11,2011
EXIDEIND,2011-07-15,2011-07-21,143.5554,133.5066,0.8,1.64,2.83,-0.07,-0.073,stopped_out,True,6,4,134110.17,-9790.04,2011
RELAXO,2011-07-15,2011-07-19,14.4719,15.6166,1.33,3.12,3.41,0.079101,0.076101,take_profit_gap,False,4,2,107288.14,8164.73,2011
JYOTHYLAB,2011-07-18,2011-07-19,45.1909,47.4505,1.0,1.71,1.66,0.05,0.047,take_profit,False,1,1,105823.51,4973.71,2011
ELECON,2011-07-19,2011-08-02,35.1533,32.6926,3.37,3.77,5.75,-0.07,-0.073,stopped_out,True,14,10,129908.83,-9483.34,2011
VIPIND,2011-07-19,2011-07-28,156.5859,145.6249,0.51,1.98,5.72,-0.07,-0.073,stopped_out,True,9,7,103927.06,-7586.68,2011
AJANTPHARM,2011-07-21,2011-08-03,27.9909,26.0316,1.29,2.49,2.98,-0.07,-0.073,stopped_out,True,13,9,108005.68,-7884.41,2011
GLENMARK,2011-07-26,2011-08-05,320.514,298.078,1.56,5.55,1.99,-0.07,-0.073,stopped_out,True,10,8,121807.42,-8891.94,2011
TECHNOE,2011-07-28,2011-08-11,97.8073,96.4566,2.02,3.72,4.73,-0.01381,-0.01681,time_exit,False,14,10,142263.13,-2391.44,2011
FACT,2011-07-28,2011-08-02,40.5864,42.6157,0.74,7.87,8.97,0.05,0.047,take_profit,False,5,3,113810.5,5349.09,2011
CHAMBLFERT,2011-08-02,2011-08-08,62.6075,65.7378,1.85,2.44,3.36,0.05,0.047,take_profit,False,6,4,138965.42,6531.37,2011
CHAMBLFERT,2011-08-02,2011-08-08,62.6075,65.7378,1.84,2.44,3.36,0.05,0.047,take_profit,False,6,4,111172.33,5225.1,2011
RELINFRA,2011-08-03,2011-08-05,488.5451,454.3469,2.35,1.51,4.31,-0.07,-0.073,stopped_out,True,2,2,108962.12,-7954.23,2011
HINDPETRO,2011-08-05,2011-08-16,31.3028,29.1116,1.16,3.75,2.63,-0.07,-0.073,stopped_out,True,11,6,129954.37,-9486.67,2011
AVANTIFEED,2011-08-08,2011-08-09,2.2824,2.3965,9.27,7.48,7.88,0.05,0.047,take_profit,False,1,1,156342.34,7348.09,2011
MARICO,2011-08-09,2011-08-24,66.67,64.9034,2.09,1.7,8.62,-0.026497,-0.029497,time_exit,False,15,10,157811.96,-4654.98,2011
AVANTIFEED,2011-08-09,2011-08-10,2.5944,2.7242,6.52,7.44,9.0,0.05,0.047,take_profit,False,1,1,126249.57,5933.73,2011
M&M,2011-08-09,2011-08-10,300.2681,315.2815,3.5,2.97,8.94,0.05,0.047,take_profit,False,1,1,100999.65,4746.98,2011
M&M,2011-08-10,2011-08-25,316.4274,301.829,1.96,2.24,2.87,-0.046135,-0.049135,time_exit,False,15,10,128385.71,-6308.23,2011
RCF,2011-08-10,2011-08-11,54.6683,57.4017,4.59,3.97,8.87,0.05,0.047,take_profit,False,1,1,102708.57,4827.3,2011
JISLJALEQS,2011-08-11,2011-08-16,143.796,133.7303,3.29,1.81,5.93,-0.07,-0.073,stopped_out,True,5,2,131648.36,-9610.33,2011
GALLANTT,2011-08-11,2011-08-12,16.776,17.6148,6.45,2.83,15.59,0.05,0.047,take_profit,False,1,1,105318.69,4949.98,2011
ELECTCAST,2011-08-12,2011-08-19,24.0341,22.3517,3.52,2.53,1.79,-0.07,-0.073,stopped_out,True,7,4,106308.69,-7760.53,2011
ALLCARGO,2011-08-16,2011-08-19,16.3557,15.2108,0.75,8.3,1.6,-0.07,-0.073,stopped_out,True,3,3,133548.1,-9749.01,2011
JUBLFOOD,2011-08-16,2011-08-17,88.5116,92.9372,2.91,1.61,4.88,0.05,0.047,take_profit,False,1,1,106838.48,5021.41,2011
HEROMOTOCO,2011-08-17,2011-08-30,1233.4655,1295.1388,0.93,1.51,2.59,0.05,0.047,take_profit,False,13,9,107842.76,5068.61,2011
BAJAJ-AUTO,2011-08-23,2011-09-02,1079.7132,1144.3705,1.05,1.76,4.03,0.059884,0.056884,take_profit_gap,False,10,6,130743.66,7437.22,2011
PATANJALI,2011-08-23,2011-09-06,3279.7455,3443.7328,3.02,1.89,5.36,0.05,0.047,take_profit,False,14,8,104594.92,4915.96,2011
BAJAJFINSV,2011-08-29,2011-08-30,56.0997,52.1727,2.6,7.79,14.41,-0.07,-0.073,stopped_out,True,1,1,138722.83,-10126.77,2011
HEROMOTOCO,2011-08-30,2011-09-05,1328.4828,1394.9069,0.86,1.58,3.41,0.05,0.047,take_profit,False,6,2,101939.04,4791.13,2011
PCBL,2011-08-30,2011-09-05,10.3093,8.4166,2.89,5.34,9.63,-0.183594,-0.186594,stopped_out_gap,False,6,2,159279.75,-29720.65,2011
MFSL,2011-08-30,2011-09-07,177.97,186.8685,3.68,2.53,5.31,0.05,0.047,take_profit,False,8,4,127423.8,5988.92,2011
MANAPPURAM,2011-09-02,2011-09-05,32.3374,33.9542,4.45,2.93,10.31,0.05,0.047,take_profit,False,3,1,109187.41,5131.81,2011
GSFC,2011-09-05,2011-09-06,56.5747,59.4034,1.73,1.61,2.02,0.05,0.047,take_profit,False,1,1,157471.63,7401.17,2011
HEROMOTOCO,2011-09-05,2011-09-19,1413.6918,1423.7929,1.3,2.06,6.5,0.007145,0.004145,time_exit,False,14,10,125977.3,522.18,2011
TVSMOTOR,2011-09-05,2011-09-15,51.4702,54.0438,1.42,2.23,4.44,0.05,0.047,take_profit,False,10,8,100781.84,4736.75,2011
BBTC,2011-09-06,2011-09-07,85.3393,89.6063,0.59,3.17,3.26,0.05,0.047,take_profit,False,1,1,135502.21,6368.6,2011
BBTC,2011-09-06,2011-09-07,85.3393,89.6063,6.57,3.17,3.26,0.05,0.047,take_profit,False,1,1,108401.77,5094.88,2011
ACC,2011-09-07,2011-09-21,892.6234,896.1629,3.0,3.17,4.1,0.003965,0.000965,time_exit,False,14,10,164477.45,158.72,2011
JKLAKSHMI,2011-09-07,2011-09-08,37.3078,39.1732,6.63,3.1,5.63,0.05,0.047,take_profit,False,1,1,131581.96,6184.35,2011
INDIACEM,2011-09-07,2011-09-12,64.8237,60.286,2.97,2.22,2.12,-0.07,-0.073,stopped_out,True,5,3,105265.57,-7684.39,2011
VIPIND,2011-09-08,2011-09-15,169.6764,147.507,2.74,2.21,7.45,-0.130657,-0.133657,stopped_out_gap,False,7,5,111765.72,-14938.27,2011
HINDUNILVR,2011-09-12,2011-09-26,266.6609,253.2285,0.62,1.61,4.98,-0.050372,-0.053372,time_exit,False,14,10,108928.81,-5813.75,2011
GOKEX,2011-09-15,2011-09-19,96.7718,89.9977,6.97,18.7,14.62,-0.07,-0.073,stopped_out,True,4,2,127612.25,-9315.69,2011
TVSMOTOR,2011-09-15,2011-09-22,55.6771,51.7797,4.63,2.48,5.88,-0.07,-0.073,stopped_out,True,7,5,102089.8,-7452.56,2011
GRAVITA,2011-09-19,2011-09-20,67.392,70.7616,10.05,8.72,20.58,0.05,0.047,take_profit,False,1,1,130631.05,6139.66,2011
RELAXO,2011-09-19,2011-09-29,19.7143,20.8789,1.66,11.02,7.79,0.05907,0.05607,take_profit_gap,False,10,8,104504.84,5859.59,2011
KIRLOSENG,2011-09-20,2011-09-23,97.645,102.5273,1.92,2.48,3.17,0.05,0.047,take_profit,False,3,3,110958.01,5215.03,2011
SAREGAMA,2011-09-21,2011-09-22,6.9509,6.4644,0.74,10.92,16.03,-0.07,-0.073,stopped_out,True,1,1,121693.64,-8883.64,2011
ASTRAL,2011-09-22,2011-09-23,19.0976,17.7608,3.77,16.89,13.67,-0.07,-0.073,stopped_out,True,1,1,138844.37,-10135.64,2011
KIRLOSENG,2011-09-23,2011-09-26,100.4992,105.5242,3.03,17.73,5.98,0.05,0.047,take_profit,False,3,1,160051.85,7522.44,2011
IRB,2011-09-26,2011-10-11,13.0409,12.8031,1.19,1.56,1.73,-0.018239,-0.021239,time_exit,False,15,10,182179.35,-3869.31,2011
PATANJALI,2011-09-27,2011-09-29,3862.0956,4055.2004,0.69,3.32,2.28,0.05,0.047,take_profit,False,2,2,145743.48,6849.94,2011
PATANJALI,2011-09-27,2011-09-29,3862.0956,4055.2004,2.89,3.32,2.28,0.05,0.047,take_profit,False,2,2,116594.78,5479.95,2011
DLF,2011-09-28,2011-10-03,195.1129,181.455,3.53,1.98,3.05,-0.07,-0.073,stopped_out,True,5,3,93275.83,-6809.14,2011
COLPAL,2011-09-29,2011-10-14,373.4484,374.8666,0.53,1.91,2.44,0.003798,0.000798,time_exit,False,15,10,151627.18,121.0,2011
TORNTPOWER,2011-09-29,2011-10-10,168.7612,156.9479,0.5,1.67,3.92,-0.07,-0.073,stopped_out,True,11,6,121301.74,-8855.03,2011
ITC,2011-09-29,2011-10-14,84.1925,85.3352,0.91,1.66,3.32,0.013572,0.010572,time_exit,False,15,10,97041.39,1025.92,2011
COLPAL,2011-10-04,2011-10-19,371.7685,378.751,1.05,1.93,1.56,0.018782,0.015782,time_exit,False,15,10,94926.45,1498.13,2011
SOLARINDS,2011-10-10,2011-10-24,146.1281,147.6619,0.64,3.08,1.65,0.010496,0.007496,time_exit,False,14,10,98430.51,737.84,2011
NAVINFLUOR,2011-10-11,2011-10-17,50.2206,52.7316,1.13,2.25,3.58,0.05,0.047,take_profit,False,6,4,114406.41,5377.1,2011
LUMAXTECH,2011-10-14,2011-10-25,26.4531,24.6014,2.68,3.74,3.79,-0.07,-0.073,stopped_out,True,11,7,113190.58,-8262.91,2011
TCS,2011-10-14,2011-10-18,411.3084,382.5168,0.56,1.59,4.12,-0.07,-0.073,stopped_out,True,4,2,141488.23,-10328.64,2011
COFORGE,2011-10-17,2011-10-18,36.8718,34.2908,3.22,5.53,9.59,-0.07,-0.073,stopped_out,True,1,1,114509.17,-8359.17,2011
GMDCLTD,2011-10-18,2011-10-19,119.9605,125.9585,6.05,2.89,7.67,0.05,0.047,take_profit,False,1,1,139069.25,6536.25,2011
AJANTPHARM,2011-10-18,2011-10-24,25.0096,26.26,1.65,15.04,4.38,0.05,0.047,take_profit,False,6,4,111255.4,5229.0,2011
TIPSMUSIC,2011-10-19,2011-10-21,2.2036,2.3219,2.49,3.25,1.69,0.053672,0.050672,take_profit_gap,False,2,2,137410.34,6962.86,2011
APLLTD,2011-10-19,2011-11-03,38.4147,34.8684,5.51,2.12,15.67,-0.092318,-0.095318,stopped_out_gap,False,15,9,109928.27,-10478.14,2011
EPL,2011-10-21,2011-11-09,14.8331,14.7201,0.66,3.26,4.28,-0.007615,-0.010615,time_exit,False,19,10,116817.26,-1240.02,2011
DBREALTY,2011-10-24,2011-10-25,67.3837,70.7529,8.24,7.36,19.2,0.05,0.047,take_profit,False,1,1,136584.35,6419.46,2011
ZENSARTECH,2011-10-24,2011-10-31,19.7001,20.6851,4.33,2.94,1.64,0.05,0.047,take_profit,False,7,3,109267.48,5135.57,2011
KEI,2011-10-25,2011-10-31,15.5224,16.2985,4.22,7.5,4.06,0.050001,0.047001,take_profit_gap,False,6,2,137000.28,6439.15,2011
STLTECH,2011-10-25,2011-11-14,34.4239,33.8149,3.86,3.61,7.31,-0.017692,-0.020692,time_exit,False,20,10,109600.23,-2267.85,2011
HINDUNILVR,2011-10-31,2011-11-09,289.6276,304.109,0.95,3.1,7.07,0.05,0.047,take_profit,False,9,6,139248.68,6544.69,2011
INDIANB,2011-10-31,2011-11-16,153.72,142.9596,2.53,3.52,5.49,-0.07,-0.073,stopped_out,True,16,10,111398.94,-8132.12,2011
JKLAKSHMI,2011-11-03,2011-11-04,40.7958,42.8356,5.3,2.53,4.29,0.05,0.047,take_profit,False,1,1,109009.18,5123.43,2011
JWL,2011-11-04,2011-11-08,49.5157,51.9915,4.21,4.17,3.96,0.05,0.047,take_profit,False,4,1,110033.87,5171.59,2011
CARBORUNIV,2011-11-08,2011-11-16,152.2914,130.8968,2.53,9.45,4.32,-0.140485,-0.143485,stopped_out_gap,False,8,5,111068.19,-15936.62,2011
BERGEPAINT,2011-11-09,2011-11-11,30.579,32.108,0.89,4.68,2.94,0.05,0.047,take_profit,False,2,1,112902.94,5306.44,2011
JAMNAAUTO,2011-11-09,2011-11-15,10.1017,9.1331,2.76,2.43,7.94,-0.095883,-0.098883,stopped_out_gap,False,6,3,141128.67,-13955.23,2011
BANKINDIA,2011-11-11,2011-11-24,262.706,275.8413,0.71,2.02,2.88,0.05,0.047,take_profit,False,13,9,113964.22,5356.32,2011
BSOFT,2011-11-14,2011-11-21,41.8471,38.9178,4.44,4.46,7.99,-0.07,-0.073,stopped_out,True,7,5,112637.85,-8222.56,2011
CIPLA,2011-11-15,2011-11-25,282.3017,296.4168,1.46,4.27,4.02,0.05,0.047,take_profit,False,10,8,115544.97,5430.61,2011
KEI,2011-11-16,2011-11-18,15.7089,14.5756,0.59,5.47,12.33,-0.072145,-0.075145,stopped_out_gap,False,2,2,132115.66,-9927.83,2011
DBREALTY,2011-11-23,2011-11-24,64.5322,74.2629,3.1,2.66,22.86,0.150787,0.147787,take_profit_gap,False,1,1,151013.15,22317.78,2011
APOLLOHOSP,2011-11-24,2011-11-25,569.4211,597.8922,2.89,2.33,5.04,0.05,0.047,take_profit,False,1,1,179340.81,8429.02,2011
BAJAJ-AUTO,2011-11-24,2011-12-08,1156.5583,1214.3863,1.12,2.0,3.31,0.05,0.047,take_profit,False,14,9,143472.65,6743.21,2011
CEATLTD,2011-11-25,2011-12-05,64.6362,67.868,3.67,2.05,2.83,0.05,0.047,take_profit,False,10,6,112977.41,5309.94,2011
CESC,2011-11-25,2011-11-29,15.7643,14.6608,0.51,8.7,6.17,-0.07,-0.073,stopped_out,True,4,2,176527.2,-12886.49,2011
V2RETAIL,2011-11-25,2011-11-28,22.7114,21.1216,5.73,8.25,9.66,-0.07,-0.073,stopped_out,True,3,1,141221.76,-10309.19,2011
DBREALTY,2011-11-28,2011-11-29,71.1355,74.6923,2.32,1.56,7.89,0.05,0.047,take_profit,False,1,1,116564.44,5478.53,2011
CGCL,2011-11-28,2011-11-29,19.159,22.823,1.16,1.8,18.56,0.191246,0.188246,take_profit_gap,False,1,1,93251.55,17554.23,2011
ZEEL,2011-11-29,2011-12-14,111.3901,108.3763,1.98,2.69,1.8,-0.027057,-0.030057,time_exit,False,15,10,153899.14,-4625.75,2011
WOCKPHARMA,2011-11-29,2011-12-05,355.1675,372.9258,2.69,2.85,6.91,0.05,0.047,take_profit,False,6,4,123119.31,5786.61,2011
M&MFIN,2011-11-30,2011-12-08,69.1538,72.6676,2.58,3.8,6.5,0.050811,0.047811,take_profit_gap,False,8,5,98495.45,4709.17,2011
NATCOPHARM,2011-12-05,2011-12-07,43.2906,45.4551,2.39,5.72,5.59,0.05,0.047,take_profit,False,2,1,102588.01,4821.64,2011
CEATLTD,2011-12-05,2011-12-12,68.6177,63.8145,2.96,2.71,5.19,-0.07,-0.073,stopped_out,True,7,4,128235.01,-9361.16,2011
ULTRACEMCO,2011-12-07,2011-12-12,1153.3249,1072.5922,0.66,3.28,2.55,-0.07,-0.073,stopped_out,True,5,3,103552.34,-7559.32,2011
UBL,2011-12-08,2011-12-12,461.2263,428.9404,0.5,11.64,9.56,-0.07,-0.073,stopped_out,True,4,2,133525.97,-9747.4,2011
GAEL,2011-12-12,2011-12-13,5.0354,4.6829,1.69,4.49,14.01,-0.07,-0.073,stopped_out,True,1,1,174549.86,-12742.14,2011
COLPAL,2011-12-13,2011-12-27,389.5868,387.9889,1.16,1.5,2.79,-0.004102,-0.007102,time_exit,False,14,10,172001.43,-1221.55,2011
DATAMATICS,2011-12-13,2011-12-15,22.2195,23.474,1.48,7.2,7.8,0.056457,0.053457,take_profit_gap,False,2,2,137601.15,7355.74,2011
PGEL,2011-12-13,2011-12-16,22.8339,21.0933,5.43,4.94,6.23,-0.076231,-0.079231,stopped_out_gap,False,3,3,110080.92,-8721.82,2011
JYOTHYLAB,2011-12-15,2011-12-29,32.0315,31.5041,2.94,5.91,4.8,-0.016466,-0.019466,time_exit,False,14,10,146910.79,-2859.77,2011
IPCALAB,2011-12-21,2011-12-23,128.4318,134.8534,3.17,3.34,4.96,0.05,0.047,take_profit,False,2,2,137800.45,6476.62,2011
JWL,2011-12-21,2011-12-22,54.2835,56.9977,3.75,7.07,12.68,0.05,0.047,take_profit,False,1,1,110240.36,5181.3,2011
HINDUNILVR,2011-12-22,2012-01-05,317.6609,305.6489,0.94,1.54,1.85,-0.037814,-0.040814,time_exit,False,14,10,111276.62,-4541.64,2012
AMBUJACEM,2011-12-27,2012-01-04,131.9896,122.7503,1.44,1.53,1.72,-0.07,-0.073,stopped_out,True,8,6,152032.69,-11098.39,2012
DIVISLAB,2011-12-28,2012-01-02,343.7533,319.6906,0.51,2.17,1.93,-0.07,-0.073,stopped_out,True,5,3,121626.15,-8878.71,2012
SHAKTIPUMP,2012-01-02,2012-01-03,7.5751,7.9539,3.48,6.99,16.72,0.05,0.047,take_profit,False,1,1,118928.49,5589.64,2012
SHAKTIPUMP,2012-01-02,2012-01-03,7.5751,7.9539,5.36,6.99,16.72,0.05,0.047,take_profit,False,1,1,148660.61,6987.05,2012
JSWSTEEL,2012-01-03,2012-01-10,50.3842,52.9034,5.69,1.86,9.24,0.05,0.047,take_profit,False,7,5,96752.61,4547.37,2012
MMTC,2012-01-03,2012-01-04,395.308,415.0734,9.18,10.07,19.44,0.05,0.047,take_profit,False,1,1,151175.95,7105.27,2012
COALINDIA,2012-01-03,2012-01-13,110.203,115.7131,2.61,2.03,3.64,0.05,0.047,take_profit,False,10,8,120940.76,5684.22,2012
NFL,2012-01-04,2012-01-05,49.5945,52.0743,9.63,7.5,13.04,0.05,0.047,take_profit,False,1,1,137245.19,6450.52,2012
NLCINDIA,2012-01-04,2012-01-11,41.155,43.2128,3.21,5.99,2.45,0.05,0.047,take_profit,False,7,5,109796.15,5160.42,2012
TIPSMUSIC,2012-01-05,2012-01-09,3.2378,3.3997,1.58,1.7,5.73,0.05,0.047,take_profit,False,4,2,137923.06,6482.38,2012
NFL,2012-01-05,2012-01-06,51.9224,54.5185,0.61,5.0,4.44,0.05,0.047,take_profit,False,1,1,110338.45,5185.91,2012
TIPSMUSIC,2012-01-06,2012-01-09,3.2963,3.4611,1.77,2.43,2.62,0.05,0.047,take_profit,False,3,1,111375.63,5234.65,2012
CIPLA,2012-01-09,2012-01-23,317.0778,314.0036,1.32,1.93,2.74,-0.009695,-0.012695,time_exit,False,14,10,141303.65,-1793.85,2012
ITI,2012-01-09,2012-01-18,23.8119,22.1451,7.98,6.08,3.93,-0.07,-0.073,stopped_out,True,9,7,113042.92,-8252.13,2012
JKTYRE,2012-01-10,2012-01-11,10.8144,11.3552,5.16,2.98,3.59,0.05,0.047,take_profit,False,1,1,110694.33,5202.63,2012
ABB,2012-01-11,2012-01-12,548.4061,575.8264,1.8,2.39,2.19,0.05,0.047,take_profit,False,1,1,134726.17,6332.13,2012
LTF,2012-01-11,2012-01-25,38.4222,39.5259,0.74,3.22,3.52,0.028727,0.025727,time_exit,False,14,10,107780.94,2772.88,2012
CUMMINSIND,2012-01-12,2012-01-18,288.3806,302.7996,2.38,1.51,2.87,0.05,0.047,take_profit,False,6,4,114436.41,5378.51,2012
TATASTEEL,2012-01-13,2012-01-17,27.4402,28.8122,3.78,2.25,6.05,0.05,0.047,take_profit,False,4,2,116874.12,5493.08,2012
ADANIENT,2012-01-17,2012-01-18,48.4353,50.8571,3.61,1.75,3.76,0.05,0.047,take_profit,False,1,1,117972.74,5544.72,2012
BAJFINANCE,2012-01-18,2012-01-24,6.1538,6.4614,1.88,10.77,2.0,0.05,0.047,take_profit,False,6,4,104961.81,4933.21,2012
RPOWER,2012-01-18,2012-01-24,89.4381,93.91,1.59,1.68,1.84,0.05,0.047,take_profit,False,6,4,164002.83,7708.13,2012
TITAGARH,2012-01-18,2012-02-02,75.5038,72.9385,0.56,1.56,2.61,-0.033976,-0.036976,time_exit,False,15,10,131202.26,-4851.33,2012
CIEINDIA,2012-01-23,2012-01-24,61.5064,57.201,1.56,17.01,12.63,-0.07,-0.073,stopped_out,True,1,1,111871.41,-8166.61,2012
NCC,2012-01-24,2012-01-25,28.6598,30.0927,4.68,1.6,9.0,0.05,0.047,take_profit,False,1,1,166559.28,7828.29,2012
TIPSMUSIC,2012-01-24,2012-02-02,3.5046,3.2593,1.67,3.48,4.24,-0.07,-0.073,stopped_out,True,9,6,133247.42,-9727.06,2012
SBIN,2012-01-24,2012-02-06,172.754,181.3917,3.57,2.15,5.63,0.05,0.047,take_profit,False,13,8,106597.94,5010.1,2012
LUPIN,2012-01-25,2012-02-02,425.2093,446.4698,0.7,1.71,2.63,0.05,0.047,take_profit,False,8,5,142266.63,6686.53,2012
THANGAMAYL,2012-01-25,2012-02-02,68.5129,71.9386,0.74,4.92,5.39,0.05,0.047,take_profit,False,8,5,113813.3,5349.23,2012
SARDAEN,2012-02-02,2012-02-06,10.8923,11.437,1.31,4.04,9.0,0.05,0.047,take_profit,False,4,2,194648.04,9148.46,2012
AMBUJACEM,2012-02-02,2012-02-06,137.5751,144.4539,2.29,2.32,2.38,0.05,0.047,take_profit,False,4,2,155718.43,7318.77,2012
MOIL,2012-02-02,2012-02-16,87.8376,88.9418,2.7,2.8,2.0,0.012571,0.009571,time_exit,False,14,10,124574.74,1192.3,2012
HCLTECH,2012-02-02,2012-02-16,81.7757,84.2787,1.82,1.91,4.88,0.030608,0.027608,time_exit,False,14,10,99659.79,2751.41,2012
ACC,2012-02-06,2012-02-10,1116.7835,1172.6226,0.62,2.47,4.23,0.05,0.047,take_profit,False,4,4,140332.95,6595.65,2012
IIFL,2012-02-06,2012-02-07,24.9688,23.221,1.22,13.48,18.73,-0.07,-0.073,stopped_out,True,1,1,175416.18,-12805.38,2012
ACC,2012-02-06,2012-02-10,1116.7835,1172.6226,1.88,2.47,4.23,0.05,0.047,take_profit,False,4,4,112266.36,5276.52,2012
SOUTHBANK,2012-02-07,2012-02-09,18.5811,19.5102,6.96,4.7,8.87,0.05,0.047,take_profit,False,2,2,122335.25,5749.76,2012
TATAINVEST,2012-02-09,2012-02-24,34.907,32.9205,2.22,10.8,5.33,-0.056909,-0.059909,time_exit,False,15,10,123485.2,-7397.87,2012
MOTHERSON,2012-02-10,2012-02-13,5.2349,5.4967,5.77,2.29,9.69,0.05,0.047,take_profit,False,3,1,151682.45,7129.08,2012
USHAMART,2012-02-10,2012-02-13,33.3519,35.0195,5.3,3.8,6.08,0.05,0.047,take_profit,False,3,1,121345.96,5703.26,2012
SURYAROSNI,2012-02-13,2012-02-14,12.5417,13.1688,0.84,2.45,1.53,0.05,0.047,take_profit,False,1,1,154248.92,7249.7,2012
BRITANNIA,2012-02-13,2012-02-21,216.2208,227.0318,2.2,7.23,3.36,0.05,0.047,take_profit,False,8,5,123399.13,5799.76,2012
HCC,2012-02-14,2012-02-15,26.1653,27.4736,2.74,1.93,9.79,0.05,0.047,take_profit,False,1,1,131019.03,6157.89,2012
MANINFRA,2012-02-15,2012-02-17,14.0892,14.7936,4.43,3.63,12.2,0.05,0.047,take_profit,False,2,2,132250.61,6215.78,2012
IRB,2012-02-16,2012-02-22,15.8098,14.7031,5.41,2.98,2.81,-0.07,-0.073,stopped_out,True,6,3,151436.14,-11054.84,2012
TATAPOWER,2012-02-16,2012-02-17,90.2674,94.7807,2.24,2.94,3.12,0.05,0.047,take_profit,False,1,1,121148.91,5694.0,2012
BEML,2012-02-17,2012-02-28,236.4501,248.2726,1.51,1.82,3.42,0.05,0.047,take_profit,False,11,6,149980.99,7049.11,2012
TANLA,2012-02-17,2012-02-21,8.3072,8.7226,9.34,5.04,4.6,0.05,0.047,take_profit,False,4,1,119984.79,5639.29,2012
TANLA,2012-02-21,2012-02-23,9.1288,8.2533,4.0,3.75,5.26,-0.095905,-0.098905,stopped_out_gap,False,2,2,146952.43,-14534.33,2012
WABAG,2012-02-21,2012-02-24,211.036,196.2635,0.55,2.3,3.71,-0.07,-0.073,stopped_out,True,3,3,117561.94,-8582.02,2012
BPCL,2012-02-23,2012-03-09,26.1871,26.4778,1.1,3.42,5.69,0.011101,0.008101,time_exit,False,15,10,118887.55,963.11,2012
HEG,2012-02-23,2012-03-09,36.8628,35.6649,2.85,2.13,3.95,-0.032496,-0.035496,time_exit,False,15,10,148609.43,-5275.04,2012
OFSS,2012-02-24,2012-03-01,1407.5552,1477.933,8.25,12.01,15.35,0.05,0.047,take_profit,False,6,4,140123.48,6585.8,2012
BLUEDART,2012-02-24,2012-02-29,1746.5296,1833.856,2.04,4.48,3.95,0.05,0.047,take_profit,False,5,3,112098.79,5268.64,2012
GMDCLTD,2012-02-28,2012-03-02,141.7529,131.8302,1.09,2.42,6.74,-0.07,-0.073,stopped_out,True,3,3,121085.05,-8839.21,2012
JMFINANCIL,2012-02-29,2012-03-05,13.0398,12.127,3.28,2.87,3.98,-0.07,-0.073,stopped_out,True,5,3,120341.53,-8784.93,2012
NAVINFLUOR,2012-03-01,2012-03-16,48.7382,47.2399,0.86,3.5,3.8,-0.030741,-0.033741,time_exit,False,15,10,125615.08,-4238.38,2012
ZEEL,2012-03-02,2012-03-16,122.1626,113.6112,2.04,2.34,3.52,-0.07,-0.073,stopped_out,True,14,9,122941.23,-8974.71,2012
CASTROLIND,2012-03-05,2012-03-20,77.5565,76.9072,0.84,3.31,2.23,-0.008373,-0.011373,time_exit,False,15,10,120664.3,-1372.32,2012
HCLTECH,2012-03-09,2012-03-22,89.8301,83.542,1.15,2.18,1.95,-0.07,-0.073,stopped_out,True,13,9,149168.45,-10889.3,2012
JINDALSTEL,2012-03-09,2012-03-13,560.7039,588.739,5.23,1.52,5.19,0.05,0.047,take_profit,False,4,2,119334.76,5608.73,2012
BBTC,2012-03-13,2012-03-27,105.3862,103.6275,1.87,1.72,3.04,-0.016688,-0.019688,time_exit,False,14,10,120456.51,-2371.55,2012
ITC,2012-03-16,2012-03-27,89.9788,94.4777,1.09,4.4,3.79,0.05,0.047,take_profit,False,11,7,143433.85,6741.39,2012
BLUESTARCO,2012-03-16,2012-03-22,81.2434,85.3056,1.26,1.66,2.31,0.05,0.047,take_profit,False,6,4,114747.08,5393.11,2012
AJANTPHARM,2012-03-20,2012-03-27,37.4024,34.7842,2.52,1.54,3.39,-0.07,-0.073,stopped_out,True,7,5,115656.06,-8442.89,2012
TECHM,2012-03-22,2012-03-29,126.9352,117.2476,1.17,5.94,5.05,-0.076319,-0.079319,stopped_out_gap,False,7,5,144208.72,-11438.49,2012
SUNDRMFAST,2012-03-23,2012-03-26,46.8224,49.1635,3.02,1.58,4.26,0.05,0.047,take_profit,False,3,1,115366.98,5422.25,2012
HINDUNILVR,2012-03-27,2012-04-12,323.6111,327.2895,1.33,1.99,2.78,0.011367,0.008367,time_exit,False,16,10,153236.88,1282.13,2012
FDC,2012-03-27,2012-03-29,73.7576,68.5945,1.31,1.61,8.96,-0.07,-0.073,stopped_out,True,2,2,122589.5,-8949.03,2012
INDIACEM,2012-03-27,2012-04-02,104.7393,97.4075,1.45,2.76,7.64,-0.07,-0.073,stopped_out,True,6,4,191546.1,-13982.87,2012
BAJAJELEC,2012-03-28,2012-04-13,164.1589,162.6551,0.54,1.65,7.73,-0.009161,-0.012161,time_exit,False,16,10,98071.6,-1192.65,2012
KAJARIACER,2012-03-29,2012-04-02,73.0512,76.7037,0.76,1.79,4.34,0.05,0.047,take_profit,False,4,2,127739.42,6003.75,2012
SOBHA,2012-03-29,2012-03-30,268.488,281.9124,2.57,2.12,5.6,0.05,0.047,take_profit,False,1,1,102191.54,4803.0,2012
ELECON,2012-03-30,2012-04-17,26.0931,25.0922,0.67,2.62,5.13,-0.03836,-0.04136,time_exit,False,18,10,103152.14,-4266.37,2012
JKCEMENT,2012-04-02,2012-04-11,148.35,137.0035,1.51,1.97,5.74,-0.076485,-0.079485,stopped_out_gap,False,9,5,144782.99,-11508.08,2012
BATAINDIA,2012-04-02,2012-04-16,361.4664,379.5397,3.01,2.14,4.13,0.05,0.047,take_profit,False,14,8,115826.39,5443.84,2012
INDIAGLYCO,2012-04-11,2012-04-12,59.1248,62.081,0.92,1.83,2.95,0.05,0.047,take_profit,False,1,1,119316.1,5607.86,2012
GODFRYPHLP,2012-04-12,2012-04-18,204.3961,214.6159,1.64,1.53,6.99,0.05,0.047,take_profit,False,6,4,151341.47,7113.05,2012
GODFRYPHLP,2012-04-12,2012-04-18,204.3961,214.6159,3.16,1.53,6.99,0.05,0.047,take_profit,False,6,4,121073.18,5690.44,2012
BLUEDART,2012-04-13,2012-04-25,1972.0723,1834.0273,0.73,3.12,2.24,-0.07,-0.073,stopped_out,True,12,8,116234.33,-8485.11,2012
APLLTD,2012-04-16,2012-04-25,49.1607,45.0964,1.2,1.65,1.84,-0.082673,-0.085673,stopped_out_gap,False,9,7,117241.51,-10044.43,2012
GRAVITA,2012-04-17,2012-05-02,151.5881,151.4099,2.9,8.57,3.29,-0.001175,-0.004175,time_exit,False,15,10,113570.36,-474.16,2012
ASTRAMICRO,2012-04-18,2012-04-20,33.9402,35.6372,2.43,1.59,2.0,0.05,0.047,take_profit,False,2,2,147899.92,6951.3,2012
SUBROS,2012-04-18,2012-04-20,33.1789,30.8564,0.78,4.19,4.79,-0.07,-0.073,stopped_out,True,2,2,118319.93,-8637.36,2012
JBMA,2012-04-20,2012-04-23,2.6378,2.7697,5.15,10.04,5.15,0.05,0.047,take_profit,False,3,1,118050.17,5548.36,2012
AJANTPHARM,2012-04-20,2012-04-27,43.4083,45.5787,4.0,2.19,5.85,0.05,0.047,take_profit,False,7,5,147562.71,6935.45,2012
ASIANPAINT,2012-04-23,2012-05-04,307.8548,323.2476,2.16,2.25,3.77,0.05,0.047,take_profit,False,11,8,119159.84,5600.51,2012
FINPIPE,2012-04-25,2012-04-30,8.1025,8.5076,0.96,3.2,5.38,0.05,0.047,take_profit,False,5,3,138317.13,6500.91,2012
KAJARIACER,2012-04-25,2012-05-03,82.778,76.9836,0.79,1.8,1.52,-0.07,-0.073,stopped_out,True,8,5,110653.7,-8077.72,2012
TRENT,2012-04-27,2012-05-14,87.6047,86.1344,0.76,3.51,4.98,-0.016783,-0.019783,time_exit,False,17,10,119422.59,-2362.54,2012
IPCALAB,2012-04-30,2012-05-03,172.4812,160.4075,2.31,1.92,4.77,-0.07,-0.073,stopped_out,True,3,2,124501.68,-9088.62,2012
MMTC,2012-05-02,2012-05-07,513.9227,477.9481,9.55,7.75,2.65,-0.07,-0.073,stopped_out,True,5,3,122220.59,-8922.1,2012
SONATSOFTW,2012-05-03,2012-05-07,4.7599,4.4267,0.68,6.93,9.68,-0.07,-0.073,stopped_out,True,4,2,141374.28,-10320.32,2012
SONATSOFTW,2012-05-03,2012-05-07,4.7599,4.4267,1.48,6.93,9.68,-0.07,-0.073,stopped_out,True,4,2,113099.42,-8256.26,2012
CIPLA,2012-05-04,2012-05-18,299.9197,290.7509,0.95,3.54,2.15,-0.030571,-0.033571,time_exit,False,14,10,115431.61,-3875.15,2012
BPCL,2012-05-07,2012-05-15,27.3761,28.7449,0.75,2.93,4.68,0.05,0.047,take_profit,False,8,6,162184.41,7622.67,2012
EMAMILTD,2012-05-09,2012-05-23,126.9291,124.6553,2.98,3.19,6.06,-0.017914,-0.020914,time_exit,False,14,10,129747.53,-2713.54,2012
BERGEPAINT,2012-05-09,2012-05-11,33.6247,35.3059,2.23,1.55,4.32,0.05,0.047,take_profit,False,2,2,103798.02,4878.51,2012
JUBLFOOD,2012-05-11,2012-05-17,110.398,115.9179,2.32,3.53,7.64,0.05,0.047,take_profit,False,6,4,104773.72,4924.36,2012
DIVISLAB,2012-05-14,2012-05-21,387.7447,407.1319,3.69,3.34,3.75,0.05,0.047,take_profit,False,7,5,107230.99,5039.86,2012
BPCL,2012-05-15,2012-05-16,29.0757,30.5295,1.8,2.59,1.96,0.05,0.047,take_profit,False,1,1,119746.21,5628.07,2012
BAJAJELEC,2012-05-16,2012-05-22,183.1438,192.301,0.8,5.03,3.07,0.05,0.047,take_profit,False,6,4,120871.82,5680.98,2012
DATAMATICS,2012-05-17,2012-05-21,26.9602,25.073,5.2,16.84,19.56,-0.07,-0.073,stopped_out,True,4,2,118637.07,-8660.51,2012
HFCL,2012-05-21,2012-05-22,12.4832,13.1074,8.96,6.13,5.83,0.05,0.047,take_profit,False,1,1,161670.43,7598.51,2012
FDC,2012-05-21,2012-05-28,70.0675,74.9127,1.44,4.61,3.1,0.06915,0.06615,take_profit_gap,False,7,5,129336.35,8555.6,2012
DBREALTY,2012-05-21,2012-05-23,83.942,88.139,7.81,4.32,13.46,0.05,0.047,take_profit,False,2,2,103469.08,4863.05,2012
BERGEPAINT,2012-05-22,2012-05-25,36.124,37.9302,3.63,2.0,3.32,0.05,0.047,take_profit,False,3,3,141939.61,6671.16,2012
BERGEPAINT,2012-05-22,2012-05-25,36.124,37.9302,1.02,2.0,3.32,0.05,0.047,take_profit,False,3,3,113551.69,5336.93,2012
HAVELLS,2012-05-23,2012-05-28,100.1834,105.1925,2.19,2.89,7.1,0.05,0.047,take_profit,False,5,3,137914.57,6481.98,2012
WOCKPHARMA,2012-05-23,2012-06-05,694.9972,729.747,5.57,9.31,12.65,0.05,0.047,take_profit,False,13,9,110331.66,5185.59,2012
EMAMILTD,2012-05-25,2012-05-28,133.4837,140.1579,3.01,1.98,2.24,0.05,0.047,take_profit,False,3,1,141765.2,6662.96,2012
WABAG,2012-05-25,2012-05-28,206.4411,216.7631,2.69,9.95,5.89,0.05,0.047,take_profit,False,3,1,113412.16,5330.37,2012
HERITGFOOD,2012-05-28,2012-05-31,17.7929,16.5474,1.35,1.73,10.64,-0.07,-0.073,stopped_out,True,3,3,200621.57,-14645.37,2012
DCMSHRIRAM,2012-05-28,2012-06-01,35.0868,36.8411,2.68,2.24,3.59,0.05,0.047,take_profit,False,4,4,160497.26,7543.37,2012
JKCEMENT,2012-05-28,2012-05-30,130.8791,121.7175,10.44,12.05,16.08,-0.07,-0.073,stopped_out,True,2,2,128397.81,-9373.04,2012
BATAINDIA,2012-05-28,2012-06-04,412.2211,382.5131,0.69,1.59,2.25,-0.072068,-0.075068,stopped_out_gap,False,7,5,102718.24,-7710.85,2012
GPPL,2012-05-30,2012-06-13,37.8766,37.7747,2.65,6.21,3.51,-0.002691,-0.005691,time_exit,False,14,10,105979.55,-603.13,2012
ASHOKA,2012-05-31,2012-06-13,44.3374,41.2338,0.61,9.13,8.7,-0.07,-0.073,stopped_out,True,13,9,121978.88,-8904.46,2012
GSPL,2012-06-01,2012-06-04,60.2471,55.3736,0.85,4.29,12.05,-0.080891,-0.083891,stopped_out_gap,False,3,1,131191.23,-11005.76,2012
NFL,2012-06-04,2012-06-07,62.9302,66.0767,0.88,3.96,5.21,0.05,0.047,take_profit,False,3,3,147991.55,6955.6,2012
ZYDUSWELL,2012-06-04,2012-06-14,76.1258,70.797,2.92,7.42,15.46,-0.07,-0.073,stopped_out,True,10,8,118393.24,-8642.71,2012
WOCKPHARMA,2012-06-05,2012-06-19,746.3657,747.9737,1.27,1.82,5.19,0.002155,-0.000845,time_exit,False,14,10,117818.04,-99.56,2012
PIDILITIND,2012-06-07,2012-06-14,80.0783,74.4729,1.72,2.36,3.08,-0.07,-0.073,stopped_out,True,7,5,125243.87,-9142.8,2012
GRANULES,2012-06-13,2012-06-14,9.2218,9.6829,3.59,3.25,2.25,0.05,0.047,take_profit,False,1,1,143885.26,6762.61,2012
HIKAL,2012-06-13,2012-06-27,33.9439,33.6934,1.42,1.79,2.47,-0.007381,-0.010381,time_exit,False,14,10,115108.21,-1194.94,2012
ALLCARGO,2012-06-14,2012-06-15,12.0325,12.6341,1.95,3.64,1.82,0.05,0.047,take_profit,False,1,1,167386.46,7867.16,2012
JKTYRE,2012-06-14,2012-06-22,13.4125,14.0831,5.05,6.39,4.21,0.05,0.047,take_profit,False,8,6,133909.17,6293.73,2012
KTKBANK,2012-06-14,2012-06-28,42.3556,44.4734,2.14,2.65,5.43,0.05,0.047,take_profit,False,14,10,107127.34,5034.98,2012
GMDCLTD,2012-06-15,2012-06-29,124.353,126.6779,0.54,3.79,2.64,0.018696,0.015696,time_exit,False,14,10,120752.59,1895.33,2012
PERSISTENT,2012-06-19,2012-06-25,79.0054,82.9557,1.69,6.99,5.01,0.05,0.047,take_profit,False,6,4,120145.77,5646.85,2012
JKTYRE,2012-06-22,2012-06-26,14.3927,15.1123,2.66,3.71,6.24,0.05,0.047,take_profit,False,4,2,124157.2,5835.39,2012
VAIBHAVGBL,2012-06-25,2012-06-28,8.199,7.6251,4.09,6.95,2.24,-0.07,-0.073,stopped_out,True,3,3,124484.28,-9087.35,2012
ZENSARTECH,2012-06-26,2012-06-27,39.6545,41.6372,5.37,4.94,5.63,0.05,0.047,take_profit,False,1,1,125585.94,5902.54,2012
STAR,2012-06-27,2012-07-11,213.3232,215.8955,0.68,3.14,1.83,0.012058,0.009058,time_exit,False,14,10,149549.11,1354.62,2012
GAEL,2012-06-27,2012-06-29,4.5827,4.2619,1.52,2.73,4.75,-0.07,-0.073,stopped_out,True,2,2,119639.28,-8733.67,2012
BAJFINANCE,2012-06-28,2012-07-11,8.2064,8.6167,2.55,2.74,2.28,0.05,0.047,take_profit,False,13,9,141223.28,6637.49,2012
BIOCON,2012-06-28,2012-07-04,35.5391,37.316,0.56,2.51,2.23,0.05,0.047,take_profit,False,6,4,112978.62,5310.0,2012
DCBBANK,2012-06-29,2012-07-04,40.6001,42.6301,2.69,2.04,4.26,0.05,0.047,take_profit,False,5,3,137093.61,6443.4,2012
FSL,2012-06-29,2012-07-03,6.8544,7.1971,2.31,2.85,2.37,0.05,0.047,take_profit,False,4,2,109674.88,5154.72,2012
MOIL,2012-07-03,2012-07-17,95.8565,93.323,1.1,2.68,2.72,-0.02643,-0.02943,time_exit,False,14,10,110705.83,-3258.07,2012
AVANTIFEED,2012-07-04,2012-07-10,7.2332,7.6276,3.07,1.51,2.36,0.054521,0.051521,take_profit_gap,False,6,4,140929.79,7260.84,2012
JMFINANCIL,2012-07-04,2012-07-05,9.8333,10.3249,1.09,1.95,4.94,0.05,0.047,take_profit,False,1,1,112743.83,5298.96,2012
TRENT,2012-07-05,2012-07-06,97.7836,102.6727,2.55,11.86,3.25,0.05,0.047,take_profit,False,1,1,113803.62,5348.77,2012
JINDWORLD,2012-07-06,2012-07-16,1.9924,1.8529,3.03,2.61,2.04,-0.07,-0.073,stopped_out,True,10,6,114873.38,-8385.76,2012
ITI,2012-07-10,2012-07-12,25.1126,26.3682,1.59,3.47,11.06,0.05,0.047,take_profit,False,2,2,121536.83,5712.23,2012
GESHIP,2012-07-11,2012-07-25,169.2802,166.9999,0.57,1.85,3.26,-0.013471,-0.016471,time_exit,False,14,10,156982.36,-2585.66,2012
BBTC,2012-07-11,2012-07-13,110.5568,116.0847,0.68,2.48,1.51,0.05,0.047,take_profit,False,2,2,125585.89,5902.54,2012
POONAWALLA,2012-07-12,2012-07-13,62.3737,65.4923,4.66,2.76,7.09,0.05,0.047,take_profit,False,1,1,125918.52,5918.17,2012
GRAVITA,2012-07-13,2012-07-18,173.6641,161.5076,2.1,2.38,2.93,-0.07,-0.073,stopped_out,True,5,3,122719.87,-8958.55,2012
SURYAROSNI,2012-07-13,2012-07-23,11.7749,10.9507,1.78,5.33,5.75,-0.07,-0.073,stopped_out,True,10,6,153399.84,-11198.19,2012
LUPIN,2012-07-16,2012-07-30,532.0143,549.4422,0.85,1.58,1.99,0.032758,0.029758,time_exit,False,14,10,119473.42,3555.29,2012
CHOLAFIN,2012-07-17,2012-07-20,39.5478,36.1272,0.75,5.5,2.77,-0.086494,-0.089494,stopped_out_gap,False,3,3,117068.29,-10476.91,2012
BAJAJ-AUTO,2012-07-18,2012-07-27,1094.0715,1148.7751,0.85,4.75,5.25,0.05,0.047,take_profit,False,9,7,116406.9,5471.12,2012
SRF,2012-07-20,2012-07-26,40.6603,37.2968,2.11,2.52,4.17,-0.082721,-0.085721,stopped_out_gap,False,6,4,114443.79,-9810.24,2012
BALRAMCHIN,2012-07-23,2012-07-24,49.7049,52.1902,2.1,1.84,3.92,0.05,0.047,take_profit,False,1,1,119995.36,5639.78,2012
BSOFT,2012-07-24,2012-07-26,62.912,58.5081,0.72,2.0,2.03,-0.07,-0.073,stopped_out,True,2,2,121123.32,-8842.0,2012
HCLTECH,2012-07-25,2012-08-08,91.3702,95.5091,4.51,6.35,1.67,0.045298,0.042298,time_exit,False,14,10,127778.0,5404.75,2012
AMBUJACEM,2012-07-26,2012-08-07,147.0075,154.3579,1.89,4.18,2.16,0.05,0.047,take_profit,False,12,8,145605.37,6843.45,2012
JKIL,2012-07-26,2012-08-06,69.4997,72.9747,1.28,15.14,10.72,0.05,0.047,take_profit,False,11,7,116484.3,5474.76,2012
JWL,2012-07-27,2012-08-01,88.6019,93.032,0.56,2.73,3.72,0.05,0.047,take_profit,False,5,3,117563.04,5525.46,2012
LUPIN,2012-07-30,2012-08-13,549.992,541.5791,2.29,1.59,4.0,-0.015296,-0.018296,time_exit,False,14,10,118656.18,-2170.93,2012
PFC,2012-08-01,2012-08-08,33.9796,35.6786,0.92,1.5,3.13,0.05,0.047,take_profit,False,7,5,119542.64,5618.5,2012
BALRAMCHIN,2012-08-06,2012-08-10,53.6663,56.3496,5.22,2.49,3.79,0.05,0.047,take_profit,False,4,4,120025.93,5641.22,2012
PGIL,2012-08-07,2012-08-23,40.6983,42.7332,0.53,3.62,1.61,0.05,0.047,take_profit,False,16,10,126510.51,5945.99,2012
HINDCOPPER,2012-08-08,2012-08-17,259.9422,241.7463,5.13,13.79,11.93,-0.07,-0.073,stopped_out,True,9,6,122301.75,-8928.03,2012
VGUARD,2012-08-08,2012-08-14,26.9763,28.3251,2.09,4.59,4.32,0.05,0.047,take_profit,False,6,4,152877.18,7185.23,2012
ECLERX,2012-08-10,2012-08-16,348.06,365.463,1.33,2.97,3.04,0.05,0.047,take_profit,False,6,3,122974.83,5779.82,2012
APLAPOLLO,2012-08-13,2012-08-21,14.1789,15.0996,1.95,2.3,7.93,0.06494,0.06194,take_profit_gap,False,8,4,121676.91,7536.67,2012
VAIBHAVGBL,2012-08-14,2012-08-16,8.6778,9.1117,0.93,10.64,2.53,0.05,0.047,take_profit,False,2,1,129354.01,6079.64,2012
JKTYRE,2012-08-16,2012-08-17,16.3993,17.2192,6.89,4.43,11.27,0.05,0.047,take_profit,False,1,1,156320.87,7347.08,2012
RELIANCE,2012-08-16,2012-08-31,170.964,160.3821,0.94,1.57,1.76,-0.061896,-0.064896,time_exit,False,15,10,125056.69,-8115.68,2012
MOTHERSON,2012-08-17,2012-08-21,5.2394,5.5013,0.61,1.88,3.4,0.05,0.047,take_profit,False,4,1,155453.69,7306.32,2012
MOTHERSON,2012-08-17,2012-08-21,5.2394,5.5013,2.0,1.88,3.4,0.05,0.047,take_profit,False,4,1,124362.95,5845.06,2012
JKTYRE,2012-08-21,2012-08-22,18.9606,19.9087,3.8,6.2,5.9,0.05,0.047,take_profit,False,1,1,183926.68,8644.55,2012
CEATLTD,2012-08-21,2012-08-29,102.2391,95.0824,1.17,6.89,8.1,-0.07,-0.073,stopped_out,True,8,6,147141.34,-10741.32,2012
OLECTRA,2012-08-21,2012-08-24,13.4122,14.0828,6.25,2.8,12.86,0.05,0.047,take_profit,False,3,3,117713.08,5532.51,2012
NMDC,2012-08-22,2012-09-05,17.4714,16.9651,2.13,3.3,2.77,-0.028979,-0.031979,time_exit,False,14,10,132684.71,-4243.12,2012
GSPL,2012-08-23,2012-08-27,65.7474,69.0347,1.08,2.34,3.84,0.05,0.047,take_profit,False,4,2,132639.07,6234.04,2012
COALINDIA,2012-08-24,2012-09-07,127.0937,125.1173,0.5,2.1,2.46,-0.015551,-0.018551,time_exit,False,14,10,130760.37,-2425.74,2012
INDIAGLYCO,2012-08-27,2012-08-28,65.3066,60.7352,0.58,13.8,11.6,-0.07,-0.073,stopped_out,True,1,1,132382.92,-9663.95,2012
NMDC,2012-08-28,2012-09-11,18.0353,17.5936,1.83,2.42,3.2,-0.02449,-0.02749,time_exit,False,14,10,130450.13,-3586.07,2012
JUBLPHARMA,2012-08-29,2012-08-30,109.512,114.9876,2.48,1.8,2.55,0.05,0.047,take_profit,False,1,1,131640.11,6187.08,2012
PHOENIXLTD,2012-08-30,2012-09-13,85.605,83.6675,2.25,6.88,9.82,-0.022633,-0.025633,time_exit,False,14,10,132877.52,-3406.05,2012
BIOCON,2012-08-31,2012-09-10,40.7081,42.7436,4.23,5.28,5.86,0.05,0.047,take_profit,False,10,6,129690.22,6095.44,2012
SUNFLAG,2012-09-05,2012-09-06,20.9742,19.506,0.93,8.72,14.59,-0.07,-0.073,stopped_out,True,1,1,129440.49,-9449.16,2012
JUBLPHARMA,2012-09-06,2012-09-07,113.7192,119.4051,0.72,1.86,1.55,0.05,0.047,take_profit,False,1,1,127550.66,5994.88,2012
HIKAL,2012-09-07,2012-09-10,46.3742,50.2094,15.16,11.36,16.59,0.082702,0.079702,take_profit_gap,False,3,1,154416.57,12307.31,2012
STAR,2012-09-07,2012-09-10,255.7105,268.5452,3.63,1.52,2.24,0.050192,0.047192,take_profit_gap,False,3,1,123533.25,5829.78,2012
AVANTIFEED,2012-09-10,2012-09-11,10.4047,12.4698,11.17,3.14,7.49,0.198482,0.195482,take_profit_gap,False,1,1,185201.12,36203.48,2012
AVANTIFEED,2012-09-10,2012-09-11,10.4047,12.4698,6.74,3.14,7.49,0.198482,0.195482,take_profit_gap,False,1,1,148160.89,28962.79,2012
JYOTHYLAB,2012-09-10,2012-09-17,70.0303,65.1282,0.62,5.24,8.39,-0.07,-0.073,stopped_out,True,7,5,118528.71,-8652.6,2012
FDC,2012-09-11,2012-09-26,82.8522,80.7002,0.76,2.23,2.28,-0.025974,-0.028974,time_exit,False,15,10,199901.44,-5791.94,2012
BATAINDIA,2012-09-11,2012-09-17,414.8338,435.5755,0.78,1.51,1.54,0.05,0.047,take_profit,False,6,4,159921.15,7516.29,2012
ACE,2012-09-11,2012-09-12,25.8797,27.7005,15.92,11.04,15.23,0.070358,0.067358,take_profit_gap,False,1,1,127936.92,8617.58,2012
COALINDIA,2012-09-12,2012-09-27,130.5996,123.8703,1.99,1.7,2.83,-0.051527,-0.054527,time_exit,False,15,10,129660.44,-7069.99,2012
ARVIND,2012-09-13,2012-09-17,20.4131,21.4337,1.1,1.57,4.07,0.05,0.047,take_profit,False,4,2,129622.64,6092.26,2012
PURVA,2012-09-17,2012-09-24,52.6594,55.2924,1.65,3.36,2.31,0.05,0.047,take_profit,False,7,4,119234.44,5604.02,2012
MAHABANK,2012-09-17,2012-09-18,36.3067,38.1221,1.35,3.85,1.77,0.05,0.047,take_profit,False,1,1,186303.81,8756.28,2012
PTC,2012-09-17,2012-09-18,29.3201,30.7862,5.8,3.78,1.82,0.05,0.047,take_profit,False,1,1,149043.05,7005.02,2012
WELSPUNLIV,2012-09-18,2012-10-04,4.5613,4.7894,1.9,5.71,2.32,0.05,0.047,take_profit,False,16,10,165609.18,7783.63,2012
WELSPUNLIV,2012-09-18,2012-10-04,4.5613,4.7894,1.91,5.71,2.32,0.05,0.047,take_profit,False,16,10,132487.35,6226.91,2012
RALLIS,2012-09-24,2012-09-26,119.733,125.7197,1.1,3.41,1.66,0.05,0.047,take_profit,False,2,2,130957.57,6155.01,2012
JKLAKSHMI,2012-09-26,2012-09-28,95.7336,100.5203,6.8,4.07,6.92,0.05,0.047,take_profit,False,2,2,171010.47,8037.49,2012
ASTRAL,2012-09-26,2012-10-11,26.3746,26.4762,2.18,2.07,1.62,0.003851,0.000851,time_exit,False,15,10,136808.37,116.42,2012
TITAN,2012-09-27,2012-10-04,239.3483,251.3158,2.69,1.73,3.14,0.05,0.047,take_profit,False,7,4,133964.79,6296.34,2012
TITAN,2012-09-28,2012-10-12,245.8439,258.1361,1.23,1.57,2.03,0.05,0.047,take_profit,False,14,9,142981.42,6720.13,2012
EDELWEISS,2012-10-04,2012-10-08,15.7586,16.5466,8.11,6.62,2.01,0.05,0.047,take_profit,False,4,2,204858.78,9628.36,2012
BRIGADE,2012-10-04,2012-10-05,39.3371,41.304,2.26,2.74,7.79,0.05,0.047,take_profit,False,1,1,163887.02,7702.69,2012
GMRAIRPORT,2012-10-04,2012-10-10,22.6223,21.0387,0.59,2.19,1.77,-0.07,-0.073,stopped_out,True,6,4,131109.62,-9571.0,2012
NETWORK18,2012-10-05,2012-10-10,33.0665,30.7519,0.91,2.83,5.59,-0.07,-0.073,stopped_out,True,5,3,139205.64,-10162.01,2012
SUNPHARMA,2012-10-08,2012-10-22,322.598,317.9324,1.31,1.87,2.85,-0.014462,-0.017462,time_exit,False,14,10,154261.94,-2693.72,2012
IIFL,2012-10-10,2012-10-11,25.0916,26.3462,0.53,3.25,4.8,0.05,0.047,take_profit,False,1,1,173526.0,8155.72,2012
FSL,2012-10-10,2012-10-11,9.6278,10.1092,4.53,4.83,12.5,0.05,0.047,take_profit,False,1,1,138820.8,6524.58,2012
AKZOINDIA,2012-10-11,2012-10-29,587.7091,618.5712,1.44,2.6,2.47,0.052513,0.049513,take_profit_gap,False,18,10,130462.09,6459.57,2012
TATACONSUM,2012-10-11,2012-10-29,136.7289,127.1579,1.62,2.36,2.46,-0.07,-0.073,stopped_out,True,18,10,203847.02,-14880.83,2012
AUROPHARMA,2012-10-11,2012-10-29,74.0653,73.3882,2.1,1.83,4.76,-0.009142,-0.012142,time_exit,False,18,10,163077.61,-1980.09,2012
SURYAROSNI,2012-10-12,2012-10-16,13.319,13.985,1.58,2.74,4.79,0.05,0.047,take_profit,False,4,2,134309.98,6312.57,2012
AARTIDRUGS,2012-10-16,2012-10-22,18.0566,18.9595,4.85,7.31,3.15,0.05,0.047,take_profit,False,6,4,135572.5,6371.91,2012
DCMSHRIRAM,2012-10-22,2012-10-23,54.4233,57.1445,0.95,5.06,6.59,0.05,0.047,take_profit,False,1,1,167160.52,7856.54,2012
THANGAMAYL,2012-10-22,2012-11-01,112.486,118.1103,1.58,9.04,8.87,0.05,0.047,take_profit,False,10,6,133728.42,6285.24,2012
LTF,2012-10-23,2012-11-07,45.5268,47.8031,2.51,2.49,2.29,0.05,0.047,take_profit,False,15,9,141986.15,6673.35,2012
UBL,2012-10-29,2012-11-09,750.5931,788.1228,2.0,5.01,4.87,0.05,0.047,take_profit,False,11,9,210985.99,9916.34,2012
UBL,2012-10-29,2012-11-09,750.5931,788.1228,1.34,5.01,4.87,0.05,0.047,take_profit,False,11,9,168788.79,7933.07,2012
IIFL,2012-10-29,2012-10-30,28.0325,26.0702,0.54,2.08,5.01,-0.07,-0.073,stopped_out,True,1,1,135031.03,-9857.27,2012
TRITURBINE,2012-10-30,2012-10-31,47.2692,49.6326,4.58,4.03,4.17,0.05,0.047,take_profit,False,1,1,133059.58,6253.8,2012
GLENMARK,2012-10-31,2012-11-16,409.2552,413.4282,0.58,6.14,4.98,0.010197,0.007197,time_exit,False,16,10,134310.34,966.63,2012
GOKEX,2012-11-01,2012-11-02,69.194,72.6538,0.51,1.69,8.88,0.05,0.047,take_profit,False,1,1,135451.0,6366.2,2012
SHAKTIPUMP,2012-11-02,2012-11-05,9.7496,9.0671,1.69,3.09,11.45,-0.07,-0.073,stopped_out,True,3,1,136724.24,-9980.87,2012
SARDAEN,2012-11-05,2012-11-08,11.5138,12.0895,5.5,6.65,6.02,0.05,0.047,take_profit,False,3,3,134728.07,6332.22,2012
DIACABS,2012-11-07,2012-11-09,804.4542,844.6769,1.64,1.67,9.0,0.05,0.047,take_profit,False,2,2,137514.35,6463.17,2012
EMAMILTD,2012-11-08,2012-11-15,164.2203,172.4314,0.83,3.3,4.65,0.05,0.047,take_profit,False,7,3,138223.54,6496.51,2012
RADICO,2012-11-09,2012-11-15,119.504,135.03,2.02,4.37,4.14,0.129921,0.126921,take_profit_gap,False,6,2,218899.18,27782.9,2012
TIPSMUSIC,2012-11-09,2012-11-12,5.2563,5.5191,2.46,1.51,4.37,0.05,0.047,take_profit,False,3,1,175119.34,8230.61,2012
RADICO,2012-11-09,2012-11-15,119.504,135.03,3.38,4.37,4.14,0.129921,0.126921,take_profit_gap,False,6,2,140095.47,17781.06,2012
MARICO,2012-11-12,2012-11-19,92.632,86.1478,4.08,1.66,5.48,-0.07,-0.073,stopped_out,True,7,3,148746.37,-10858.48,2012
CCL,2012-11-15,2012-11-16,30.8403,28.6815,3.71,12.13,14.38,-0.07,-0.073,stopped_out,True,1,1,228852.83,-16706.26,2012
BHARTIARTL,2012-11-15,2012-11-19,243.5242,255.7005,2.04,2.49,1.77,0.05,0.047,take_profit,False,4,2,183082.26,8604.87,2012
SUNTV,2012-11-15,2012-11-22,256.3615,269.1796,4.07,2.29,7.24,0.05,0.047,take_profit,False,7,5,146465.81,6883.89,2012
WELCORP,2012-11-16,2012-12-03,87.0167,86.3508,2.0,8.49,3.14,-0.007653,-0.010653,time_exit,False,17,10,186657.36,-1988.46,2012
BHARTIARTL,2012-11-16,2012-11-27,252.8357,265.4775,2.49,2.57,3.17,0.05,0.047,take_profit,False,11,7,149325.88,7018.32,2012
BHARTIARTL,2012-11-19,2012-11-27,259.6305,272.6121,0.5,1.75,1.91,0.05,0.047,take_profit,False,8,6,185375.71,8712.66,2012
POLYMED,2012-11-19,2012-11-20,42.2272,44.3386,2.29,3.96,5.19,0.05,0.047,take_profit,False,1,1,148300.57,6970.13,2012
SUNTV,2012-11-20,2012-11-27,261.5381,274.615,0.82,2.15,2.17,0.05,0.047,take_profit,False,7,5,149694.59,7035.65,2012
BAJAJFINSV,2012-11-22,2012-12-03,84.5614,88.7895,2.55,1.73,3.28,0.05,0.047,take_profit,False,11,6,150425.62,7070.0,2012
INDUSINDBK,2012-11-27,2012-11-29,366.5782,384.9072,2.03,2.76,2.19,0.05,0.047,take_profit,False,2,1,141934.75,6670.93,2012
FINCABLES,2012-11-27,2012-11-30,45.0557,47.3085,3.3,2.0,2.9,0.05,0.047,take_profit,False,3,2,177418.44,8338.67,2012
BRIGADE,2012-11-27,2012-11-30,41.7069,43.7922,3.2,1.57,4.61,0.05,0.047,take_profit,False,3,2,221773.05,10423.33,2012
DIACABS,2012-11-29,2012-12-05,825.0153,866.2661,0.89,2.98,3.03,0.05,0.047,take_profit,False,6,4,143268.94,6733.64,2012
SCHNEIDER,2012-11-30,2012-12-12,99.0995,92.1626,6.87,9.48,14.05,-0.07,-0.073,stopped_out,True,12,8,198205.85,-14469.03,2012
DCBBANK,2012-11-30,2012-12-07,44.4419,46.664,3.31,4.51,4.58,0.05,0.047,take_profit,False,7,5,158564.68,7452.54,2012
PTC,2012-12-03,2012-12-10,37.9511,33.9894,2.44,2.66,6.38,-0.10439,-0.10739,stopped_out_gap,False,7,5,195284.65,-20971.62,2012
INDHOTEL,2012-12-03,2012-12-17,57.5326,54.5321,1.66,3.38,5.9,-0.052153,-0.055153,time_exit,False,14,10,156227.72,-8616.43,2012
IIFL,2012-12-05,2012-12-18,31.7462,33.3335,0.59,1.7,3.82,0.05,0.047,take_profit,False,13,9,154982.69,7284.19,2012
MOTHERSON,2012-12-07,2012-12-13,8.9386,9.3855,2.18,2.97,6.14,0.05,0.047,take_profit,False,6,4,157189.6,7387.91,2012
NATCOPHARM,2012-12-10,2012-12-19,85.2797,89.5437,2.88,3.25,2.58,0.05,0.047,take_profit,False,9,7,160614.28,7548.87,2012
BAJAJ-AUTO,2012-12-12,2012-12-26,1479.3956,1553.3654,1.5,3.28,2.27,0.05,0.047,take_profit,False,14,9,165238.79,7766.22,2012
DCMSHRIRAM,2012-12-13,2012-12-17,56.442,59.2641,0.63,2.81,2.59,0.05,0.047,take_profit,False,4,2,165106.54,7760.01,2012
SAIL,2012-12-17,2012-12-19,65.3151,68.5809,0.9,1.86,2.76,0.05,0.047,take_profit,False,2,2,196180.8,9220.5,2012
JMFINANCIL,2012-12-17,2012-12-18,16.2391,17.051,3.68,4.24,9.85,0.05,0.047,take_profit,False,1,1,156944.64,7376.4,2012
IMFA,2012-12-18,2012-12-28,103.1315,95.9122,3.91,4.14,6.67,-0.07,-0.073,stopped_out,True,10,7,152698.63,-11147.0,2012
IIFL,2012-12-18,2012-12-21,33.3863,31.0493,1.36,5.15,4.18,-0.07,-0.073,stopped_out,True,3,3,190873.29,-13933.75,2012
ALOKINDS,2012-12-19,2012-12-21,11.3653,10.5697,5.91,2.78,12.32,-0.07,-0.073,stopped_out,True,2,2,157497.44,-11497.31,2012
JINDALSTEL,2012-12-19,2013-01-03,449.1578,454.2612,0.88,1.62,2.02,0.011362,0.008362,time_exit,False,15,10,196871.8,1646.24,2013
CGCL,2012-12-21,2012-12-26,30.9485,32.4959,4.26,2.17,3.78,0.05,0.047,take_profit,False,5,2,190585.88,8957.54,2012
CGCL,2012-12-21,2012-12-26,30.9485,32.4959,2.53,2.17,3.78,0.05,0.047,take_profit,False,5,2,152468.71,7166.03,2012
BERGEPAINT,2012-12-26,2013-01-09,44.203,41.7316,3.44,5.43,6.03,-0.05591,-0.05891,time_exit,False,14,10,228411.6,-13455.73,2013
BERGEPAINT,2012-12-26,2013-01-09,44.203,41.7316,0.7,5.43,6.03,-0.05591,-0.05891,time_exit,False,14,10,182729.28,-10764.58,2013
M&MFIN,2012-12-26,2013-01-02,115.3006,104.7341,0.89,3.85,1.65,-0.091643,-0.094643,stopped_out_gap,False,7,5,146183.42,-13835.24,2013
BALKRISIND,2012-12-28,2013-01-01,127.7192,134.1398,1.71,6.25,3.6,0.050271,0.047271,take_profit_gap,False,4,2,145257.07,6866.45,2013
INDIANB,2013-01-01,2013-01-15,155.1497,159.1298,2.02,2.54,3.4,0.025653,0.022653,time_exit,False,14,10,146630.35,3321.62,2013
SAIL,2013-01-02,2013-01-07,73.1651,76.8234,1.46,2.03,2.62,0.05,0.047,take_profit,False,5,3,143773.92,6757.37,2013
MUTHOOTFIN,2013-01-03,2013-01-04,167.3721,175.7407,6.1,12.45,8.08,0.05,0.047,take_profit,False,1,1,154722.74,7271.97,2013
TEXRAIL,2013-01-04,2013-01-07,59.302,62.2671,4.42,4.57,5.33,0.05,0.047,take_profit,False,3,1,156177.14,7340.33,2013
AJANTPHARM,2013-01-07,2013-01-21,65.2632,64.492,1.47,2.35,5.64,-0.011817,-0.014817,time_exit,False,14,10,187751.46,-2781.91,2013
JSL,2013-01-07,2013-01-08,71.6206,75.2017,2.75,1.64,3.48,0.05,0.047,take_profit,False,1,1,150201.17,7059.45,2013
SCI,2013-01-08,2013-01-22,54.7424,51.2697,0.51,4.66,3.41,-0.063437,-0.066437,time_exit,False,14,10,151613.06,-10072.72,2013
HAVELLS,2013-01-09,2013-01-23,121.3895,117.1074,3.53,4.66,4.21,-0.035276,-0.038276,time_exit,False,14,10,158939.65,-6083.57,2013
POONAWALLA,2013-01-09,2013-01-10,89.8087,94.2991,3.08,5.66,2.46,0.05,0.047,take_profit,False,1,1,198674.56,9337.7,2013
CHENNPETRO,2013-01-10,2013-01-18,114.0256,119.7269,1.09,5.62,2.08,0.05,0.047,take_profit,False,8,6,168754.17,7931.45,2013
BHARTIARTL,2013-01-15,2013-01-23,289.5782,304.0572,3.13,2.49,5.08,0.05,0.047,take_profit,False,8,6,164993.73,7754.71,2013
OIL,2013-01-18,2013-01-31,93.4962,86.9515,0.73,7.25,8.3,-0.07,-0.073,stopped_out,True,13,9,167332.11,-12215.24,2013
NLCINDIA,2013-01-21,2013-02-04,46.6982,44.692,1.38,4.22,4.64,-0.04296,-0.04596,time_exit,False,14,10,170859.6,-7852.71,2013
ASIANPAINT,2013-01-22,2013-02-04,395.5197,415.2957,1.38,3.01,1.92,0.05,0.047,take_profit,False,13,9,164995.75,7754.8,2013
BHARTIARTL,2013-01-23,2013-01-31,308.1592,286.5881,1.28,1.98,4.66,-0.07,-0.073,stopped_out,True,8,6,197117.5,-14389.58,2013
APLAPOLLO,2013-01-23,2013-01-28,18.3527,19.2703,0.99,2.94,2.1,0.05,0.047,take_profit,False,5,3,157694.0,7411.62,2013
AXISBANK,2013-01-28,2013-01-29,267.015,280.3657,1.01,2.38,2.31,0.05,0.047,take_profit,False,1,1,159176.32,7481.29,2013
SUNTV,2013-01-29,2013-02-04,330.3702,346.8888,1.78,3.09,2.99,0.05,0.047,take_profit,False,6,4,160672.58,7551.61,2013
SJVN,2013-01-31,2013-02-14,11.2044,10.4201,1.33,2.31,3.69,-0.07,-0.073,stopped_out,True,14,10,196107.02,-14315.81,2013
GRAPHITE,2013-01-31,2013-02-14,57.9132,59.3643,1.09,3.61,1.81,0.025056,0.022056,time_exit,False,14,10,156885.62,3460.27,2013
GOKEX,2013-02-04,2013-02-08,67.3455,62.6314,2.74,6.64,10.49,-0.07,-0.073,stopped_out,True,4,4,144835.09,-10572.96,2013
PFC,2013-02-04,2013-02-08,42.1525,44.2601,2.0,3.2,6.79,0.05,0.047,take_profit,False,4,4,226304.82,10636.33,2013
ASIANPAINT,2013-02-04,2013-02-18,416.1245,403.2766,1.3,2.06,2.09,-0.030875,-0.033875,time_exit,False,14,10,181043.86,-6132.86,2013
TCS,2013-02-08,2013-02-22,529.1623,540.7102,0.66,2.24,2.64,0.021823,0.018823,time_exit,False,14,10,152086.98,2862.73,2013
ASTRAL,2013-02-08,2013-02-19,34.11,35.8155,2.45,7.18,8.01,0.05,0.047,take_profit,False,11,7,190108.72,8935.11,2013
MANINFRA,2013-02-14,2013-02-28,19.0381,18.3173,0.56,3.79,3.71,-0.037864,-0.040864,time_exit,False,14,10,190097.0,-7768.12,2013
GRAPHITE,2013-02-14,2013-02-28,59.4237,57.6152,1.13,2.06,2.73,-0.030433,-0.033433,time_exit,False,14,10,152077.6,-5084.41,2013
SOLARINDS,2013-02-18,2013-02-26,196.2179,182.4827,0.79,2.29,2.22,-0.07,-0.073,stopped_out,True,8,6,156644.28,-11435.03,2013
BERGEPAINT,2013-02-19,2013-02-21,54.7637,57.5019,1.69,1.91,3.79,0.05,0.047,take_profit,False,2,2,165124.19,7760.84,2013
DEEPAKNTR,2013-02-22,2013-02-28,24.7728,23.0387,1.08,3.18,6.3,-0.07,-0.073,stopped_out,True,6,4,197666.3,-14429.64,2013
PERSISTENT,2013-02-22,2013-03-04,119.7906,111.4052,2.17,1.56,1.72,-0.07,-0.073,stopped_out,True,10,6,158133.04,-11543.71,2013
INFY,2013-02-26,2013-03-12,265.2883,261.2893,2.09,1.61,1.5,-0.015074,-0.018074,time_exit,False,14,10,155548.28,-2811.38,2013
TECHM,2013-03-01,2013-03-15,194.2238,193.8538,0.75,2.3,4.85,-0.001905,-0.004905,time_exit,False,14,10,226950.37,-1113.19,2013
WIPRO,2013-03-05,2013-03-08,69.4583,72.9313,2.0,1.71,3.09,0.05,0.047,take_profit,False,3,3,210878.16,9911.27,2013
GMRAIRPORT,2013-03-05,2013-03-13,16.9885,17.838,4.27,1.98,2.37,0.05,0.047,take_profit,False,8,6,168702.53,7929.02,2013
GMRAIRPORT,2013-03-05,2013-03-13,16.9885,17.838,1.29,1.98,2.37,0.05,0.047,take_profit,False,8,6,134962.02,6343.22,2013
GODREJCP,2013-03-08,2013-03-14,245.2443,228.0772,0.69,2.09,4.11,-0.07,-0.073,stopped_out,True,6,4,152127.51,-11105.31,2013
J&KBANK,2013-03-12,2013-03-20,114.465,106.4525,0.84,1.74,3.03,-0.07,-0.073,stopped_out,True,8,6,152249.39,-11114.21,2013
RAIN,2013-03-13,2013-03-14,35.5532,37.3309,1.87,4.91,1.9,0.05,0.047,take_profit,False,1,1,148309.49,6970.55,2013
RAIN,2013-03-13,2013-03-14,35.5532,37.3309,2.75,4.91,1.9,0.05,0.047,take_profit,False,1,1,185386.87,8713.18,2013
JUBLFOOD,2013-03-14,2013-03-22,123.0565,114.4425,5.31,2.08,6.23,-0.07,-0.073,stopped_out,True,8,6,216728.05,-15821.15,2013
VGUARD,2013-03-14,2013-03-20,34.2145,31.8195,3.95,4.62,7.18,-0.07,-0.073,stopped_out,True,6,4,173382.44,-12656.92,2013
ASIANPAINT,2013-03-14,2013-04-01,438.8445,443.6437,0.63,1.98,2.41,0.010936,0.007936,time_exit,False,18,10,138705.95,1100.77,2013
DABUR,2013-03-15,2013-04-02,120.7489,126.7863,1.09,1.61,2.81,0.05,0.047,take_profit,False,18,10,156132.2,7338.21,2013
PATANJALI,2013-03-21,2013-03-22,2230.9191,2074.7548,5.11,5.85,5.45,-0.07,-0.073,stopped_out,True,1,1,185277.9,-13525.29,2013
GMRAIRPORT,2013-03-25,2013-04-01,19.0848,20.039,1.83,3.45,8.44,0.05,0.047,take_profit,False,7,3,222754.22,10469.45,2013
RELIGARE,2013-03-26,2013-03-28,291.0955,305.6503,2.41,2.1,9.3,0.05,0.047,take_profit,False,2,1,178203.38,8375.56,2013
RAIN,2013-03-26,2013-03-28,37.4223,39.2934,0.55,1.6,11.23,0.05,0.047,take_profit,False,2,1,142562.7,6700.45,2013
TATACOMM,2013-03-28,2013-04-12,118.8753,116.0915,4.98,4.02,10.88,-0.023418,-0.026418,time_exit,False,15,10,181218.58,-4787.43,2013
PIIND,2013-03-28,2013-04-01,119.757,126.083,1.1,2.57,1.58,0.052824,0.049824,take_profit_gap,False,4,1,144974.86,7223.23,2013
SPARC,2013-04-01,2013-04-05,121.0374,112.5647,1.4,3.02,5.5,-0.07,-0.073,stopped_out,True,4,4,221025.59,-16134.87,2013
CONCOR,2013-04-01,2013-04-02,194.7684,204.5069,1.18,3.03,2.5,0.05,0.047,take_profit,False,1,1,176820.47,8310.56,2013
SPARC,2013-04-01,2013-04-05,121.0374,112.5647,3.86,3.02,5.5,-0.07,-0.073,stopped_out,True,4,4,141456.38,-10326.32,2013
FINCABLES,2013-04-02,2013-04-09,45.9314,42.7162,5.95,2.53,3.55,-0.07,-0.073,stopped_out,True,7,5,146308.31,-10680.51,2013
SURYAROSNI,2013-04-02,2013-04-10,17.0182,15.827,2.19,2.89,2.64,-0.07,-0.073,stopped_out,True,8,6,182885.39,-13350.63,2013
OIL,2013-04-05,2013-04-16,92.8281,97.4695,1.04,2.39,2.3,0.05,0.047,take_profit,False,11,7,147400.64,6927.83,2013
TANLA,2013-04-05,2013-04-08,4.108,4.5142,17.78,2.65,13.92,0.0989,0.0959,take_profit_gap,False,3,1,184250.81,17669.65,2013
KPRMILL,2013-04-08,2013-04-23,10.7828,10.882,2.74,3.29,8.56,0.009203,0.006203,time_exit,False,15,10,158304.61,981.96,2013
MAHSEAMLES,2013-04-09,2013-04-11,94.6059,87.9835,1.6,14.5,3.98,-0.07,-0.073,stopped_out,True,2,2,153769.25,-11225.16,2013
ECLERX,2013-04-10,2013-04-26,300.9079,279.8444,2.21,10.16,1.93,-0.07,-0.073,stopped_out,True,16,10,156922.35,-11455.33,2013
LUPIN,2013-04-11,2013-04-17,601.7356,631.8224,2.36,1.78,3.2,0.05,0.047,take_profit,False,6,4,154046.7,7240.19,2013
AUROPHARMA,2013-04-12,2013-04-17,81.6588,85.7417,4.28,2.12,3.49,0.05,0.047,take_profit,False,5,3,158523.59,7450.61,2013
KITEX,2013-04-16,2013-04-18,12.0342,12.6359,1.17,2.99,2.96,0.05,0.047,take_profit,False,2,2,157684.57,7411.17,2013
ITI,2013-04-17,2013-04-18,20.3101,21.3257,1.64,7.61,4.91,0.05,0.047,take_profit,False,1,1,191599.87,9005.19,2013
M&M,2013-04-17,2013-04-30,388.2712,407.6848,2.53,2.53,4.25,0.05,0.047,take_profit,False,13,7,153279.9,7204.16,2013
TITAN,2013-04-18,2013-04-22,244.0552,256.258,3.26,1.63,6.25,0.05,0.047,take_profit,False,4,1,195764.08,9200.91,2013
DEEPAKFERT,2013-04-18,2013-04-25,75.7565,79.8438,1.13,3.68,1.77,0.053952,0.050952,take_profit_gap,False,7,3,156611.26,7979.66,2013
CEATLTD,2013-04-22,2013-04-25,85.3348,89.6015,5.42,3.72,6.18,0.05,0.047,take_profit,False,3,2,166282.01,7815.25,2013
NAVINFLUOR,2013-04-23,2013-05-02,39.555,36.7862,0.89,3.85,3.13,-0.07,-0.073,stopped_out,True,9,5,164882.92,-12036.45,2013
GRASIM,2013-04-25,2013-05-10,423.9517,428.426,0.53,2.86,3.22,0.010554,0.007554,time_exit,False,15,10,199643.97,1508.11,2013
BAJAJELEC,2013-04-25,2013-05-10,153.4871,149.7628,1.99,1.82,3.98,-0.024264,-0.027264,time_exit,False,15,10,159715.18,-4354.47,2013
CASTROLIND,2013-04-26,2013-05-13,102.6557,104.5997,3.14,5.41,3.26,0.018937,0.015937,time_exit,False,17,10,156865.55,2499.97,2013
SHRIRAMFIN,2013-04-30,2013-05-15,122.9065,126.9096,1.52,1.91,5.62,0.032571,0.029571,time_exit,False,15,10,157589.25,4660.07,2013
APLLTD,2013-05-02,2013-05-03,101.8671,106.9605,1.45,4.14,2.35,0.05,0.047,take_profit,False,1,1,156640.69,7362.11,2013
MCX,2013-05-03,2013-05-09,165.6696,154.0728,1.81,3.31,6.56,-0.07,-0.073,stopped_out,True,6,4,158113.11,-11542.26,2013
FINCABLES,2013-05-09,2013-05-15,48.6899,51.1244,5.13,9.3,6.11,0.05,0.047,take_profit,False,6,4,155804.66,7322.82,2013
MPHASIS,2013-05-10,2013-05-14,304.4733,319.697,1.74,3.09,7.72,0.05,0.047,take_profit,False,4,2,195946.29,9209.48,2013
ACE,2013-05-10,2013-05-13,13.9238,12.9491,2.68,9.25,9.52,-0.07,-0.073,stopped_out,True,3,1,156757.03,-11443.26,2013
AJANTPHARM,2013-05-13,2013-05-15,149.2661,156.7294,1.47,1.98,1.94,0.05,0.047,take_profit,False,2,2,186341.48,8758.05,2013
BERGEPAINT,2013-05-13,2013-05-14,67.3951,62.6775,2.09,3.8,6.06,-0.07,-0.073,stopped_out,True,1,1,149073.18,-10882.34,2013
ZYDUSLIFE,2013-05-14,2013-05-27,148.5244,138.1277,0.54,1.59,3.35,-0.07,-0.073,stopped_out,True,13,9,187927.87,-13718.73,2013
SONATSOFTW,2013-05-14,2013-05-15,6.4403,6.7624,6.57,6.01,15.14,0.05,0.047,take_profit,False,1,1,150342.29,7066.09,2013
SPARC,2013-05-15,2013-05-17,162.4266,151.0567,4.19,10.55,6.27,-0.07,-0.073,stopped_out,True,2,2,255850.78,-18677.11,2013
BAJFINANCE,2013-05-15,2013-05-16,13.2772,13.9411,1.44,2.97,2.26,0.05,0.047,take_profit,False,1,1,204680.62,9619.99,2013
NCC,2013-05-15,2013-05-22,19.3451,17.9909,3.43,1.53,6.11,-0.07,-0.073,stopped_out,True,7,5,163744.5,-11953.35,2013
IRB,2013-05-15,2013-05-16,9.986,10.4853,4.79,2.99,5.79,0.05,0.047,take_profit,False,1,1,130995.6,6156.79,2013
ABB,2013-05-16,2013-05-17,472.2086,495.8191,4.0,1.68,3.86,0.05,0.047,take_profit,False,1,1,140069.66,6583.27,2013
APLLTD,2013-05-16,2013-05-20,119.1915,110.8481,4.71,2.77,6.25,-0.07,-0.073,stopped_out,True,4,2,175087.08,-12781.36,2013
ABB,2013-05-17,2013-05-28,571.0673,599.6206,11.4,13.46,19.89,0.05,0.047,take_profit,False,11,7,188821.05,8874.59,2013
BAJFINANCE,2013-05-17,2013-05-20,14.3016,15.0167,0.99,2.05,1.7,0.05,0.047,take_profit,False,3,1,151056.84,7099.67,2013
BSOFT,2013-05-20,2013-06-03,54.5104,55.555,1.06,2.5,2.83,0.019164,0.016164,time_exit,False,14,10,184937.92,2989.34,2013
JKPAPER,2013-05-20,2013-05-22,26.6653,27.9986,2.89,3.68,5.97,0.05,0.047,take_profit,False,2,2,147950.34,6953.67,2013
OFSS,2013-05-23,2013-06-06,1449.5547,1522.0325,5.08,5.61,3.78,0.05,0.047,take_profit,False,14,10,179699.3,8445.87,2013
KIRLOSENG,2013-05-23,2013-05-29,148.0933,137.7268,1.95,15.12,11.88,-0.07,-0.073,stopped_out,True,6,4,143759.44,-10494.44,2013
PCBL,2013-05-27,2013-05-29,5.1564,4.7955,4.38,3.23,11.78,-0.07,-0.073,stopped_out,True,2,2,149849.38,-10939.0,2013
APLLTD,2013-05-28,2013-05-29,117.0259,122.8772,8.18,3.86,14.59,0.05,0.047,take_profit,False,1,1,159418.63,7492.68,2013
M&MFIN,2013-05-29,2013-06-03,134.2648,124.8662,2.86,1.63,1.72,-0.07,-0.073,stopped_out,True,5,3,215352.24,-15720.71,2013
ICIL,2013-05-29,2013-05-30,2.738,2.8994,5.18,8.13,9.89,0.05894,0.05594,take_profit_gap,False,1,1,172281.79,9637.44,2013
ICIL,2013-05-29,2013-05-30,2.738,2.8994,16.0,8.13,9.89,0.05894,0.05594,take_profit_gap,False,1,1,137825.43,7709.95,2013
MPHASIS,2013-05-30,2013-06-04,341.6425,317.7275,1.01,6.07,10.24,-0.07,-0.073,stopped_out,True,5,3,175751.27,-12829.84,2013
BEML,2013-05-30,2013-06-06,69.8163,64.9291,0.74,6.34,2.92,-0.07,-0.073,stopped_out,True,7,5,140601.02,-10263.87,2013
PCBL,2013-06-03,2013-06-11,5.1419,4.7819,2.13,1.9,2.25,-0.07,-0.073,stopped_out,True,8,6,151994.06,-11095.57,2013
TORNTPHARM,2013-06-03,2013-06-17,169.9114,172.094,1.85,5.8,4.59,0.012846,0.009846,time_exit,False,14,10,189992.57,1870.67,2013
BATAINDIA,2013-06-04,2013-06-11,391.696,364.2773,3.99,6.35,6.29,-0.07,-0.073,stopped_out,True,7,5,154179.53,-11255.11,2013
ZYDUSWELL,2013-06-06,2013-06-07,134.5689,125.149,4.74,6.84,14.65,-0.07,-0.073,stopped_out,True,1,1,187040.09,-13653.93,2013
ESCORTS,2013-06-06,2013-06-11,68.9484,64.122,3.71,2.87,10.52,-0.07,-0.073,stopped_out,True,5,3,149632.07,-10923.14,2013
NBCC,2013-06-07,2013-06-10,5.4688,5.7423,3.64,3.4,4.53,0.05,0.047,take_profit,False,3,1,154382.89,7256.0,2013
WELENT,2013-06-10,2013-06-12,14.0975,14.8024,0.93,3.43,1.85,0.05,0.047,take_profit,False,2,2,155834.09,7324.2,2013
TECHM,2013-06-11,2013-06-19,170.4521,178.9747,1.34,1.52,3.09,0.05,0.047,take_profit,False,8,6,209173.64,9831.16,2013
DCMSHRIRAM,2013-06-12,2013-06-17,52.2187,48.5634,2.0,3.54,12.33,-0.07,-0.073,stopped_out,True,5,3,199970.57,-14597.85,2013
HINDALCO,2013-06-14,2013-06-21,94.1734,87.5812,2.38,1.6,6.86,-0.07,-0.073,stopped_out,True,7,5,159976.45,-11678.28,2013
HINDALCO,2013-06-14,2013-06-21,94.1734,87.5812,3.04,1.6,6.86,-0.07,-0.073,stopped_out,True,7,5,127981.16,-9342.62,2013
COFORGE,2013-06-17,2013-06-21,44.1358,46.3426,3.37,4.57,3.31,0.05,0.047,take_profit,False,4,4,177832.12,8358.11,2013
M&MFIN,2013-06-17,2013-06-19,134.7546,141.4923,2.45,3.03,2.61,0.05,0.047,take_profit,False,2,2,142265.7,6686.49,2013
JAIBALAJI,2013-06-19,2013-06-21,5.2226,5.5972,5.32,3.37,15.74,0.071725,0.068725,take_profit_gap,False,2,2,187403.95,12879.34,2013
LTF,2013-06-19,2013-06-24,65.6157,61.0226,1.09,2.69,2.68,-0.07,-0.073,stopped_out,True,5,3,149923.16,-10944.39,2013
GVT&D,2013-06-21,2013-07-05,163.8037,155.9279,6.8,12.96,15.13,-0.048081,-0.051081,time_exit,False,14,10,250620.58,-12801.95,2013
MARKSANS,2013-06-24,2013-06-26,5.8585,6.4331,3.31,1.84,8.04,0.098075,0.095075,take_profit_gap,False,2,2,228292.22,21704.88,2013
TECHM,2013-06-26,2013-06-27,182.9191,192.065,1.53,1.89,2.34,0.05,0.047,take_profit,False,1,1,148885.24,6997.61,2013
AVANTIFEED,2013-06-26,2013-06-28,7.9315,8.5619,0.7,3.28,5.37,0.079492,0.076492,take_profit_gap,False,2,2,186106.55,14235.66,2013
RELAXO,2013-06-26,2013-07-09,38.1217,35.4531,1.49,1.55,2.75,-0.07,-0.073,stopped_out,True,13,9,232633.19,-16982.22,2013
HCLTECH,2013-06-27,2013-07-10,143.2589,150.4219,0.73,1.84,2.64,0.05,0.047,take_profit,False,13,9,150284.77,7063.38,2013
HAVELLS,2013-06-27,2013-07-01,128.3286,134.745,4.06,1.57,4.45,0.05,0.047,take_profit,False,4,2,120227.81,5650.71,2013
VTL,2013-06-28,2013-07-10,45.2334,47.495,2.15,2.47,6.7,0.05,0.047,take_profit,False,12,8,136250.69,6403.78,2013
UBL,2013-07-01,2013-07-02,800.1136,840.1193,8.14,2.62,13.95,0.05,0.047,take_profit,False,1,1,134176.26,6306.28,2013
LUPIN,2013-07-02,2013-07-04,746.3011,783.6162,1.22,1.56,3.18,0.05,0.047,take_profit,False,2,2,135437.52,6365.56,2013
AJANTPHARM,2013-07-04,2013-07-09,153.3555,161.0233,3.01,1.51,3.94,0.05,0.047,take_profit,False,5,3,136710.63,6425.4,2013
HIKAL,2013-07-05,2013-07-19,52.451,49.5349,0.52,1.96,2.7,-0.055597,-0.058597,time_exit,False,14,10,156932.23,-9195.76,2013
BAJAJELEC,2013-07-09,2013-07-15,158.2955,166.2103,5.7,5.1,5.08,0.05,0.047,take_profit,False,6,4,197303.18,9273.25,2013
SONATSOFTW,2013-07-09,2013-07-17,6.5518,6.0931,4.25,3.97,8.89,-0.07,-0.073,stopped_out,True,8,6,157842.55,-11522.51,2013
FORTIS,2013-07-10,2013-07-11,95.1981,99.958,2.56,3.0,3.91,0.05,0.047,take_profit,False,1,1,186274.56,8754.9,2013
PRAJIND,2013-07-10,2013-07-11,31.6182,33.1991,2.58,2.87,4.34,0.05,0.047,take_profit,False,1,1,149019.65,7003.92,2013
HEG,2013-07-11,2013-07-25,26.8641,25.5625,3.41,8.53,7.0,-0.048449,-0.051449,time_exit,False,14,10,189426.33,-9745.8,2013
CYIENT,2013-07-11,2013-07-25,136.9652,136.0769,0.56,1.66,2.27,-0.006486,-0.009486,time_exit,False,14,10,151541.06,-1437.52,2013
ELGIEQUIP,2013-07-15,2013-07-17,40.2461,43.6919,1.39,2.68,5.49,0.085619,0.082619,take_profit_gap,False,2,2,162548.14,13429.56,2013
ITC,2013-07-17,2013-07-31,158.8363,147.7178,2.06,1.7,2.04,-0.07,-0.073,stopped_out,True,14,10,194498.06,-14198.36,2013
VSTIND,2013-07-17,2013-07-31,96.9598,96.2757,1.03,1.91,2.58,-0.007055,-0.010055,time_exit,False,14,10,155598.45,-1564.54,2013
VGUARD,2013-07-19,2013-07-31,35.6125,33.1197,0.61,8.28,7.98,-0.07,-0.073,stopped_out,True,12,8,154026.05,-11243.9,2013
SHAKTIPUMP,2013-07-25,2013-07-30,6.9832,6.4944,5.19,10.44,1.97,-0.07,-0.073,stopped_out,True,5,3,189177.66,-13809.97,2013
ZEEL,2013-07-25,2013-07-30,236.2537,219.7159,0.52,5.09,5.68,-0.07,-0.073,stopped_out,True,5,3,151342.12,-11047.98,2013
SUNTV,2013-07-31,2013-08-02,284.7874,299.0268,2.51,2.41,7.67,0.05,0.047,take_profit,False,2,2,279629.22,13142.57,2013
VMART,2013-07-31,2013-08-01,43.371,40.335,0.67,16.27,15.89,-0.07,-0.073,stopped_out,True,1,1,223703.37,-16330.35,2013
WIPRO,2013-07-31,2013-08-06,71.2761,74.8399,1.03,1.86,4.29,0.05,0.047,take_profit,False,6,4,178962.7,8411.25,2013
BHARTIARTL,2013-07-31,2013-08-06,289.9201,269.6257,1.57,3.31,9.71,-0.07,-0.073,stopped_out,True,6,4,143170.16,-10451.42,2013
VMART,2013-07-31,2013-08-01,43.371,40.335,6.1,16.27,15.89,-0.07,-0.073,stopped_out,True,1,1,114536.13,-8361.14,2013
TITAN,2013-08-02,2013-08-06,268.1729,249.4008,3.2,1.86,7.13,-0.07,-0.073,stopped_out,True,4,2,212892.86,-15541.18,2013
HCC,2013-08-05,2013-08-06,10.0083,9.3078,16.15,3.82,8.25,-0.07,-0.073,stopped_out,True,1,1,170314.29,-12432.94,2013
PIIND,2013-08-05,2013-08-19,131.5939,122.3823,1.11,3.05,8.07,-0.07,-0.073,stopped_out,True,14,8,136251.43,-9946.35,2013
TI,2013-08-07,2013-08-08,51.4932,55.6283,17.21,2.9,10.78,0.080304,0.077304,take_profit_gap,False,1,1,244066.29,18867.3,2013
CIPLA,2013-08-08,2013-08-26,380.8101,370.9978,4.54,2.55,4.51,-0.025767,-0.028767,time_exit,False,18,10,126893.95,-3650.36,2013
THOMASCOOK,2013-08-08,2013-08-16,19.5618,18.1924,2.39,2.04,8.98,-0.07,-0.073,stopped_out,True,8,4,158617.44,-11579.07,2013
TI,2013-08-08,2013-08-13,58.1887,61.0982,5.05,6.02,4.5,0.05,0.047,take_profit,False,5,2,247839.75,11648.47,2013
BHARATFORG,2013-08-08,2013-08-20,105.5596,98.1705,11.5,6.95,15.99,-0.07,-0.073,stopped_out,True,12,6,198271.8,-14473.84,2013
NTPC,2013-08-13,2013-08-21,75.7317,70.4305,1.81,1.57,5.35,-0.07,-0.073,stopped_out,True,8,5,153412.8,-11199.13,2013
ICIL,2013-08-16,2013-08-19,4.8463,5.0886,9.04,3.13,3.11,0.05,0.047,take_profit,False,3,1,152137.92,7150.48,2013
TRIDENT,2013-08-20,2013-08-21,0.7115,0.7471,2.08,2.57,4.35,0.05,0.047,take_profit,False,1,1,215588.62,10132.67,2013
JINDALSTEL,2013-08-22,2013-08-23,225.1883,236.4477,1.62,1.7,4.98,0.05,0.047,take_profit,False,1,1,246057.89,11564.72,2013
TATASTEEL,2013-08-22,2013-08-30,19.2039,20.1641,2.63,1.88,10.52,0.05,0.047,take_profit,False,8,6,196846.31,9251.78,2013
MOIL,2013-08-22,2013-09-05,70.9174,72.0076,1.61,1.86,5.04,0.015374,0.012374,time_exit,False,14,10,157477.05,1948.62,2013
TCS,2013-08-22,2013-08-26,669.1345,702.5912,2.28,1.63,4.34,0.05,0.047,take_profit,False,4,2,125981.64,5921.14,2013
COROMANDEL,2013-08-23,2013-08-26,159.9217,167.9178,1.06,1.84,1.67,0.05,0.047,take_profit,False,3,1,152309.83,7158.56,2013
TITAGARH,2013-08-26,2013-08-27,17.2415,18.1036,2.59,1.56,9.52,0.05,0.047,take_profit,False,1,1,204770.82,9624.23,2013
RADICO,2013-08-26,2013-08-28,103.6078,110.5987,6.99,2.99,2.8,0.067475,0.064475,take_profit_gap,False,2,2,163816.65,10562.08,2013
VAIBHAVGBL,2013-08-26,2013-09-10,34.7626,34.3777,8.41,8.85,11.28,-0.011073,-0.014073,time_exit,False,15,10,131053.32,-1844.31,2013
TITAGARH,2013-08-27,2013-08-29,18.9581,20.6161,3.2,5.15,9.84,0.087456,0.084456,take_profit_gap,False,2,2,147721.67,12475.98,2013
IMFA,2013-08-28,2013-08-29,72.7603,76.3983,0.52,2.38,3.31,0.05,0.047,take_profit,False,1,1,153053.08,7193.49,2013
NATIONALUM,2013-08-29,2013-09-02,16.6063,17.4366,5.99,3.99,12.46,0.05,0.047,take_profit,False,4,2,149225.05,7013.58,2013
VEDL,2013-08-29,2013-09-04,60.7856,56.5306,4.08,4.15,12.54,-0.07,-0.073,stopped_out,True,6,4,186531.31,-13616.79,2013
HEROMOTOCO,2013-08-30,2013-09-10,1355.9191,1423.715,0.82,3.94,3.82,0.05,0.047,take_profit,False,11,6,160599.66,7548.18,2013
RENUKA,2013-09-02,2013-09-03,17.7589,16.5158,0.56,3.12,16.78,-0.07,-0.073,stopped_out,True,1,1,159727.45,-11660.1,2013
SRF,2013-09-03,2013-09-18,26.3564,27.0414,5.47,6.09,3.53,0.025991,0.022991,time_exit,False,15,10,157395.43,3618.68,2013
BALKRISIND,2013-09-04,2013-09-19,105.252,102.7026,3.61,3.01,3.23,-0.024221,-0.027221,time_exit,False,15,10,160499.25,-4368.95,2013
TTML,2013-09-05,2013-09-06,5.9355,6.2322,5.65,2.49,3.33,0.05,0.047,take_profit,False,1,1,160284.53,7533.37,2013
IOC,2013-09-06,2013-09-23,19.3993,18.0414,3.93,1.77,3.13,-0.07,-0.073,stopped_out,True,17,10,161791.21,-11810.76,2013
PRAJIND,2013-09-10,2013-09-11,29.3644,30.8326,1.23,1.51,1.67,0.05,0.047,take_profit,False,1,1,188904.34,8878.5,2013
BHARTIARTL,2013-09-10,2013-09-19,284.7444,298.9817,4.02,2.1,4.43,0.05,0.047,take_profit,False,9,7,151123.47,7102.8,2013
WOCKPHARMA,2013-09-11,2013-09-16,585.9844,544.9655,2.91,3.54,3.36,-0.07,-0.073,stopped_out,True,5,3,160455.34,-11713.24,2013
TVSMOTOR,2013-09-16,2013-09-26,30.9766,32.5254,2.37,2.88,4.32,0.05,0.047,take_profit,False,10,8,158112.69,7431.3,2013
LTF,2013-09-18,2013-10-03,56.2309,54.8137,2.42,1.71,3.57,-0.025204,-0.028204,time_exit,False,15,10,158692.98,-4475.78,2013
PNB,2013-09-19,2013-09-20,99.0196,92.0882,4.82,1.54,3.88,-0.07,-0.073,stopped_out,True,1,1,189825.7,-13857.28,2013
GRASIM,2013-09-19,2013-10-04,398.6424,387.2436,3.53,1.83,4.72,-0.028594,-0.031594,time_exit,False,15,10,151860.56,-4797.88,2013
RAMCOCEM,2013-09-20,2013-10-07,176.3134,173.0344,3.25,1.56,7.24,-0.018597,-0.021597,time_exit,False,17,10,156682.13,-3383.86,2013
RELAXO,2013-09-23,2013-09-26,40.4853,42.5096,6.73,15.08,10.24,0.05,0.047,take_profit,False,3,3,155341.79,7301.06,2013
GESHIP,2013-09-26,2013-10-11,199.4273,185.4674,1.17,6.06,8.56,-0.07,-0.073,stopped_out,True,15,10,151928.64,-11090.79,2013
GESHIP,2013-09-26,2013-10-11,199.4273,185.4674,1.98,6.06,8.56,-0.07,-0.073,stopped_out,True,15,10,189910.8,-13863.49,2013
TATACONSUM,2013-10-03,2013-10-11,134.7296,141.4661,3.1,2.4,2.78,0.05,0.047,take_profit,False,8,6,152386.35,7162.16,2013
JUSTDIAL,2013-10-04,2013-10-07,1026.2245,954.3888,4.3,10.1,18.65,-0.07,-0.073,stopped_out,True,3,1,151321.62,-11046.48,2013
PGEL,2013-10-07,2013-10-08,15.5059,16.6689,4.64,3.22,14.04,0.075004,0.072004,take_profit_gap,False,1,1,179771.98,12944.3,2013
GRANULES,2013-10-07,2013-10-09,14.3726,15.0912,2.63,1.62,3.99,0.05,0.047,take_profit,False,2,2,143817.58,6759.43,2013
HCC,2013-10-08,2013-10-09,10.0532,10.5559,4.91,1.9,6.67,0.05,0.047,take_profit,False,1,1,153597.32,7219.07,2013
BRIGADE,2013-10-09,2013-10-17,36.2908,33.7504,2.43,6.7,6.52,-0.07,-0.073,stopped_out,True,8,5,185156.54,-13516.43,2013
ADANIPOWER,2013-10-09,2013-10-21,7.0035,7.3537,0.59,4.59,3.7,0.05,0.047,take_profit,False,12,7,148125.23,6961.89,2013
ADANIPORTS,2013-10-11,2013-10-21,141.565,148.6433,1.6,3.28,4.37,0.05,0.047,take_profit,False,10,5,213786.92,10047.99,2013
NCC,2013-10-11,2013-10-17,11.8251,12.4164,3.42,4.35,7.6,0.05,0.047,take_profit,False,6,3,171029.54,8038.39,2013
ABB,2013-10-11,2013-10-21,486.0654,510.3686,0.53,2.88,2.98,0.05,0.047,take_profit,False,10,5,136823.63,6430.71,2013
MCX,2013-10-17,2013-10-22,87.9718,81.8138,1.65,1.97,3.05,-0.07,-0.073,stopped_out,True,5,3,179600.51,-13110.84,2013
NESTLEIND,2013-10-17,2013-10-31,236.197,241.5079,2.25,2.76,3.07,0.022485,0.019485,time_exit,False,14,10,143680.41,2799.61,2013
ACE,2013-10-21,2013-10-23,13.1639,12.2424,2.89,3.58,13.06,-0.07,-0.073,stopped_out,True,2,2,175503.68,-12811.77,2013
ASIANPAINT,2013-10-21,2013-10-31,465.9235,489.2196,3.04,3.01,5.27,0.05,0.047,take_profit,False,10,8,140402.94,6598.94,2013
ADANIENT,2013-10-21,2013-10-24,28.0318,29.4334,2.77,3.66,12.53,0.05,0.047,take_profit,False,3,3,219379.6,10310.84,2013
CEATLTD,2013-10-22,2013-10-23,137.5547,144.4324,0.76,1.5,6.33,0.05,0.047,take_profit,False,1,1,145620.29,6844.15,2013
DCMSHRIRAM,2013-10-23,2013-10-29,54.41,49.5249,0.75,2.97,3.32,-0.089783,-0.092783,stopped_out_gap,False,6,4,179527.5,-16657.1,2013
BANKBARODA,2013-10-23,2013-10-31,98.6883,103.6228,3.57,1.58,4.71,0.05,0.047,take_profit,False,8,6,143622.0,6750.23,2013
JWL,2013-10-24,2013-10-29,11.4229,10.4192,3.04,1.89,4.55,-0.087869,-0.090869,stopped_out_gap,False,5,3,160835.69,-14614.98,2013
GODREJCP,2013-10-29,2013-11-13,258.3253,257.1742,1.3,2.96,2.37,-0.004456,-0.007456,time_exit,False,15,10,190486.77,-1420.27,2013
KOTAKBANK,2013-10-29,2013-11-13,72.7512,71.2112,2.36,1.69,3.83,-0.021169,-0.024169,time_exit,False,15,10,152389.42,-3683.1,2013
JISLJALEQS,2013-10-31,2013-11-06,61.4297,64.8999,1.49,1.75,6.19,0.056492,0.053492,take_profit_gap,False,6,3,168545.89,9015.86,2013
BANKINDIA,2013-10-31,2013-11-01,175.9488,184.7463,12.74,7.3,20.81,0.05,0.047,take_profit,False,1,1,210682.36,9902.07,2013
CENTRALBK,2013-10-31,2013-11-01,53.2517,55.9143,2.38,6.51,2.92,0.05,0.047,take_profit,False,1,1,134836.71,6337.33,2013
KEC,2013-11-01,2013-11-06,36.5675,38.3958,6.02,2.2,9.03,0.05,0.047,take_profit,False,5,2,180221.06,8470.39,2013
SUNDRMFAST,2013-11-01,2013-11-05,35.5107,37.8811,12.45,11.65,10.19,0.06675,0.06375,take_profit_gap,False,4,1,144176.85,9191.27,2013
TORNTPOWER,2013-11-05,2013-11-06,75.2297,78.9911,10.49,4.2,15.24,0.05,0.047,take_profit,False,1,1,146015.11,6862.71,2013
DCAL,2013-11-06,2013-11-07,38.9705,40.919,1.87,2.0,3.68,0.05,0.047,take_profit,False,1,1,176510.63,8296.0,2013
FSL,2013-11-06,2013-11-07,18.1067,16.8392,3.9,1.58,3.86,-0.07,-0.073,stopped_out,True,1,1,141208.5,-10308.22,2013
BSOFT,2013-11-06,2013-11-21,75.8073,72.4191,1.64,2.25,3.1,-0.044695,-0.047695,time_exit,False,15,10,220638.29,-10523.34,2013
TATASTEEL,2013-11-07,2013-11-11,24.2273,25.4387,1.11,1.54,4.08,0.05,0.047,take_profit,False,4,2,140886.55,6621.67,2013
SAIL,2013-11-07,2013-11-22,51.4688,51.2603,1.37,1.94,2.34,-0.00405,-0.00705,time_exit,False,15,10,176108.19,-1241.56,2013
TATACOMM,2013-11-11,2013-11-26,149.6938,141.5292,1.61,2.35,10.99,-0.054542,-0.057542,time_exit,False,15,10,142210.88,-8183.1,2013
ARVIND,2013-11-13,2013-11-19,37.396,39.2658,1.36,2.06,6.84,0.05,0.047,take_profit,False,6,3,181323.27,8522.19,2013
M&M,2013-11-13,2013-11-18,400.4692,420.4927,2.49,1.76,2.21,0.05,0.047,take_profit,False,5,2,145058.62,6817.75,2013
FINPIPE,2013-11-18,2013-11-27,23.7724,24.961,2.05,1.63,3.03,0.05,0.047,take_profit,False,9,7,146422.17,6881.84,2013
JINDALSTEL,2013-11-19,2013-12-02,250.611,263.1416,1.35,2.58,4.16,0.05,0.047,take_profit,False,13,9,155106.83,7290.02,2013
PERSISTENT,2013-11-21,2013-11-25,182.8869,192.0313,2.61,3.08,2.89,0.05,0.047,take_profit,False,4,2,166108.45,7807.1,2013
IIFL,2013-11-22,2013-11-25,24.9558,26.2036,1.69,1.51,1.72,0.05,0.047,take_profit,False,3,1,167860.08,7889.42,2013
TRIDENT,2013-11-25,2013-11-26,1.1117,1.1673,8.33,2.4,9.09,0.05,0.047,take_profit,False,1,1,204221.08,9598.39,2013
GPIL,2013-11-25,2013-12-02,21.5785,20.068,5.68,4.68,8.08,-0.07,-0.073,stopped_out,True,7,5,163376.86,-11926.51,2013
TATAELXSI,2013-11-26,2013-11-28,114.1311,120.5677,0.86,2.81,2.85,0.056397,0.053397,take_profit_gap,False,2,2,200270.94,10693.87,2013
GOKEX,2013-11-26,2013-11-28,53.3069,58.544,4.4,1.84,2.6,0.098245,0.095245,take_profit_gap,False,2,2,160216.75,15259.84,2013
MOTHERSON,2013-11-27,2013-12-11,13.4872,12.9867,2.49,2.53,6.68,-0.03711,-0.04011,time_exit,False,14,10,158834.2,-6370.84,2013
GVT&D,2013-11-28,2013-11-29,168.1943,176.604,1.52,3.05,1.96,0.05,0.047,take_profit,False,1,1,204355.64,9604.72,2013
BLUESTARCO,2013-11-28,2013-11-29,70.4887,74.0131,3.35,2.29,4.03,0.05,0.047,take_profit,False,1,1,163484.52,7683.77,2013
FDC,2013-11-29,2013-12-02,98.8202,103.7612,4.87,3.76,3.84,0.05,0.047,take_profit,False,3,1,166250.67,7813.78,2013
GESHIP,2013-11-29,2013-12-13,199.8967,193.7357,1.01,2.72,4.25,-0.030821,-0.033821,time_exit,False,14,10,207813.34,-7028.46,2013
CUMMINSIND,2013-12-02,2013-12-16,358.7578,333.6448,0.52,2.19,4.02,-0.07,-0.073,stopped_out,True,14,10,230582.87,-16832.55,2013
GOKEX,2013-12-02,2013-12-04,64.4479,69.7737,1.94,1.88,3.86,0.082638,0.079638,take_profit_gap,False,2,2,184466.3,14690.53,2013
GMDCLTD,2013-12-02,2013-12-04,81.3816,85.4506,3.28,6.6,5.91,0.05,0.047,take_profit,False,2,2,147573.04,6935.93,2013
NCC,2013-12-04,2013-12-05,14.7612,15.4992,2.92,2.03,5.38,0.05,0.047,take_profit,False,1,1,188791.59,8873.2,2013
GPIL,2013-12-04,2013-12-12,21.712,20.1921,2.35,3.72,4.01,-0.07,-0.073,stopped_out,True,8,6,151033.27,-11025.43,2013
HINDPETRO,2013-12-05,2013-12-09,19.3,20.265,1.97,1.93,4.39,0.05,0.047,take_profit,False,4,2,160359.57,7536.9,2013
SPARC,2013-12-09,2013-12-16,174.7489,162.5165,0.71,2.11,5.87,-0.07,-0.073,stopped_out,True,7,5,161866.95,-11816.29,2013
CANFINHOME,2013-12-11,2013-12-19,25.56,26.838,0.75,1.79,1.96,0.05,0.047,take_profit,False,8,6,159986.24,7519.35,2013
GPPL,2013-12-12,2013-12-27,39.4161,39.9534,2.6,4.28,3.63,0.013632,0.010632,time_exit,False,15,10,155990.56,1658.49,2013
ASTRAL,2013-12-13,2013-12-17,60.8264,63.8678,1.18,2.31,2.43,0.05,0.047,take_profit,False,4,2,164949.42,7752.62,2013
INDHOTEL,2013-12-16,2013-12-17,50.5078,53.0332,5.57,2.86,5.9,0.05,0.047,take_profit,False,1,1,204719.74,9621.83,2013
BSOFT,2013-12-16,2013-12-18,78.9966,82.9464,1.73,2.71,4.98,0.05,0.047,take_profit,False,2,2,163775.79,7697.46,2013
TRENT,2013-12-17,2013-12-18,102.5615,109.0829,9.97,2.34,7.6,0.063585,0.060585,take_profit_gap,False,1,1,208429.35,12627.69,2013
WHIRLPOOL,2013-12-17,2014-01-01,207.7753,204.9858,0.87,1.63,5.89,-0.013425,-0.016425,time_exit,False,15,10,166743.48,-2738.76,2014
APLLTD,2013-12-18,2014-01-02,189.1046,184.912,2.33,5.22,4.17,-0.022171,-0.025171,time_exit,False,15,10,169520.68,-4267.0,2014
APLLTD,2013-12-18,2014-01-02,189.1046,184.912,2.77,5.22,4.17,-0.022171,-0.025171,time_exit,False,15,10,211900.85,-5333.76,2014
WELCORP,2013-12-19,2013-12-20,37.0731,38.9268,2.86,5.87,17.6,0.05,0.047,take_profit,False,1,1,169117.66,7948.53,2013
JUSTDIAL,2013-12-20,2013-12-27,1320.3003,1386.3153,2.76,2.05,4.37,0.05,0.047,take_profit,False,7,4,170707.36,8023.25,2013
TATAELXSI,2013-12-27,2013-12-30,171.9047,180.4999,2.81,2.67,6.29,0.05,0.047,take_profit,False,3,1,203841.82,9580.57,2013
AARTIDRUGS,2013-12-27,2013-12-30,25.2857,26.5499,5.88,2.43,4.81,0.05,0.047,take_profit,False,3,1,163073.46,7664.45,2013
TITAGARH,2013-12-30,2014-01-02,21.7368,22.8236,2.66,4.41,5.62,0.05,0.047,take_profit,False,3,3,207290.83,9742.67,2014
PATANJALI,2013-12-30,2013-12-31,1141.6261,1229.459,7.66,2.81,4.14,0.076937,0.073937,take_profit_gap,False,1,1,165832.66,12261.17,2013
CIEINDIA,2013-12-31,2014-01-06,47.0879,49.4423,1.42,2.14,1.55,0.05,0.047,take_profit,False,6,4,168284.9,7909.39,2014
USHAMART,2014-01-01,2014-01-08,31.0664,32.6197,2.32,3.86,6.95,0.05,0.047,take_profit,False,7,5,167428.86,7869.16,2014
ARVIND,2014-01-02,2014-01-06,44.6065,46.8368,0.58,6.21,3.92,0.05,0.047,take_profit,False,4,2,251713.94,11830.56,2014
ASHOKLEY,2014-01-02,2014-01-03,7.3578,7.7257,1.69,2.5,2.31,0.05,0.047,take_profit,False,1,1,201371.15,9464.44,2014
RELAXO,2014-01-02,2014-01-03,58.2877,61.2021,2.07,5.13,2.44,0.05,0.047,take_profit,False,1,1,161096.92,7571.56,2014
SONATSOFTW,2014-01-03,2014-01-14,11.2865,10.4965,4.8,3.59,13.97,-0.07,-0.073,stopped_out,True,11,7,204778.35,-14948.82,2014
TTML,2014-01-03,2014-01-09,7.9937,7.4342,0.65,6.49,1.83,-0.07,-0.073,stopped_out,True,6,4,163822.68,-11959.06,2014
HAVELLS,2014-01-06,2014-01-16,149.5681,139.0983,1.4,2.11,1.87,-0.07,-0.073,stopped_out,True,10,8,219005.9,-15987.43,2014
HFCL,2014-01-06,2014-01-07,9.6819,10.166,3.55,3.46,7.07,0.05,0.047,take_profit,False,1,1,175204.72,8234.62,2014
FSL,2014-01-07,2014-01-10,19.0972,20.052,2.9,2.9,4.33,0.05,0.047,take_profit,False,3,3,176851.65,8312.03,2014
APLLTD,2014-01-08,2014-01-09,202.1842,212.2934,4.84,4.01,7.52,0.05,0.047,take_profit,False,1,1,176540.92,8297.42,2014
AARTIDRUGS,2014-01-09,2014-01-17,25.9003,24.0873,1.16,4.97,2.24,-0.07,-0.073,stopped_out,True,8,6,208573.13,-15225.84,2014
DRREDDY,2014-01-09,2014-01-23,478.1497,492.8685,0.86,2.13,1.81,0.030783,0.027783,time_exit,False,14,10,166858.5,4635.83,2014
MANAPPURAM,2014-01-10,2014-01-13,14.7896,15.5291,12.12,9.22,9.35,0.05,0.047,take_profit,False,3,1,170519.54,8014.42,2014
INFY,2014-01-13,2014-01-27,334.3029,340.0922,1.79,1.75,2.32,0.017318,0.014318,time_exit,False,14,10,172122.42,2464.45,2014
TTML,2014-01-14,2014-01-27,7.515,6.989,1.91,1.52,5.37,-0.07,-0.073,stopped_out,True,13,9,175663.84,-12823.46,2014
JAMNAAUTO,2014-01-16,2014-01-22,5.8014,5.2375,1.21,4.68,6.21,-0.097194,-0.100194,stopped_out_gap,False,6,4,181134.77,-18148.62,2014
HINDPETRO,2014-01-17,2014-01-31,20.4577,21.0802,1.08,1.73,4.32,0.03043,0.02743,time_exit,False,14,10,183577.27,5035.52,2014
JUSTDIAL,2014-01-22,2014-01-24,1687.9449,1569.7887,0.89,3.47,4.78,-0.07,-0.073,stopped_out,True,2,2,179459.05,-13100.51,2014
RADICO,2014-01-23,2014-01-28,155.8127,144.9058,1.52,2.97,1.86,-0.07,-0.073,stopped_out,True,5,3,177866.11,-12984.23,2014
HIKAL,2014-01-24,2014-01-30,66.0623,61.4379,5.09,12.22,14.77,-0.07,-0.073,stopped_out,True,6,4,175564.59,-12816.22,2014
GLENMARK,2014-01-27,2014-01-29,513.7971,539.4869,4.92,4.12,4.3,0.05,0.047,take_profit,False,2,2,207937.12,9773.04,2014
GLENMARK,2014-01-28,2014-02-11,533.02,528.9434,1.03,2.63,2.91,-0.007648,-0.010648,time_exit,False,14,10,199326.08,-2122.42,2014
AARTIDRUGS,2014-01-28,2014-01-29,25.7739,27.0626,0.89,2.06,2.47,0.05,0.047,take_profit,False,1,1,159460.86,7494.66,2014
BPCL,2014-01-29,2014-02-12,29.8654,30.6636,0.66,1.59,2.71,0.026727,0.023727,time_exit,False,14,10,163601.46,3881.77,2014
IOC,2014-01-29,2014-02-03,19.6961,20.6809,2.55,1.6,5.18,0.05,0.047,take_profit,False,5,3,204501.83,9611.59,2014
AUROPHARMA,2014-01-30,2014-02-03,214.2525,224.9651,1.98,1.93,4.74,0.05,0.047,take_profit,False,4,2,163430.84,7681.25,2014
GAIL,2014-01-31,2014-02-14,43.8606,44.6808,1.02,1.57,1.59,0.018701,0.015701,time_exit,False,14,10,168467.24,2645.1,2014
CHOLAHLDNG,2014-02-03,2014-02-10,113.4367,105.4961,1.16,2.78,5.81,-0.07,-0.073,stopped_out,True,7,5,211818.89,-15462.78,2014
LUPIN,2014-02-03,2014-02-17,862.6741,857.6273,1.64,4.28,4.51,-0.00585,-0.00885,time_exit,False,14,10,169455.11,-1499.68,2014
APOLLOTYRE,2014-02-10,2014-02-20,100.0992,105.1042,0.98,1.55,1.64,0.05,0.047,take_profit,False,10,8,174835.31,8217.26,2014
V2RETAIL,2014-02-11,2014-02-13,7.1536,7.8461,7.69,2.35,2.14,0.096805,0.093805,take_profit_gap,False,2,2,179308.98,16820.08,2014
WABAG,2014-02-12,2014-02-26,299.8542,301.6728,2.75,2.59,4.69,0.006065,0.003065,time_exit,False,14,10,176943.83,542.33,2014
TATAELXSI,2014-02-13,2014-02-14,180.3573,189.3751,3.29,2.12,5.06,0.05,0.047,take_profit,False,1,1,180780.88,8496.7,2014
TATAELXSI,2014-02-14,2014-02-18,193.8203,203.5113,6.16,3.84,6.83,0.05,0.047,take_profit,False,4,2,216702.68,10185.03,2014
ZENSARTECH,2014-02-14,2014-02-19,64.4336,67.6553,0.52,1.81,3.06,0.05,0.047,take_profit,False,5,3,173362.15,8148.02,2014
ALLCARGO,2014-02-17,2014-02-21,14.3271,15.0435,1.82,6.23,2.92,0.05,0.047,take_profit,False,4,4,172280.8,8097.2,2014
GPPL,2014-02-18,2014-03-05,45.3173,47.5831,7.5,10.46,10.56,0.05,0.047,take_profit,False,15,10,183202.19,8610.5,2014
RENUKA,2014-02-19,2014-02-20,21.6608,22.7439,0.98,2.98,5.61,0.05,0.047,take_profit,False,1,1,182863.78,8594.6,2014
APOLLOTYRE,2014-02-20,2014-02-28,105.6769,110.9607,2.98,1.99,4.33,0.05,0.047,take_profit,False,8,5,176954.57,8316.86,2014
APLLTD,2014-02-20,2014-02-26,216.8934,227.738,2.03,2.46,5.64,0.05,0.047,take_profit,False,6,4,221193.22,10396.08,2014
INDIACEM,2014-02-21,2014-03-07,52.7626,55.4007,1.9,2.84,6.77,0.05,0.047,take_profit,False,14,9,177639.26,8349.05,2014
CESC,2014-02-26,2014-03-03,27.966,29.3643,0.7,2.22,1.73,0.05,0.047,take_profit,False,5,2,223926.5,10524.55,2014
NATCOPHARM,2014-02-26,2014-03-03,152.0962,159.701,0.98,2.73,3.99,0.05,0.047,take_profit,False,5,2,179141.2,8419.64,2014
BHARATFORG,2014-02-28,2014-03-05,175.5225,184.2986,0.52,1.5,1.53,0.05,0.047,take_profit,False,5,3,180367.25,8477.26,2014
JUBLPHARMA,2014-03-03,2014-03-04,90.4557,95.6965,5.24,2.13,9.03,0.057937,0.054937,take_profit_gap,False,1,1,228696.17,12563.88,2014
SOBHA,2014-03-03,2014-03-10,282.5573,296.6852,4.26,5.87,9.76,0.05,0.047,take_profit,False,7,5,182956.94,8598.98,2014
PETRONET,2014-03-04,2014-03-13,41.7927,43.8823,1.01,2.2,1.56,0.05,0.047,take_profit,False,9,7,194617.56,9147.03,2014
GRASIM,2014-03-05,2014-03-07,380.0817,399.0858,1.91,1.75,2.15,0.05,0.047,take_profit,False,2,2,231825.49,10895.8,2014
BANKBARODA,2014-03-05,2014-03-07,104.3091,109.5246,2.36,1.88,5.34,0.05,0.047,take_profit,False,2,2,185460.39,8716.64,2014
ICICIBANK,2014-03-07,2014-03-24,194.4598,200.7792,3.44,2.68,4.96,0.032497,0.029497,time_exit,False,17,10,272945.64,8051.08,2014
SIEMENS,2014-03-07,2014-03-18,345.3748,362.6436,0.89,2.08,1.65,0.05,0.047,take_profit,False,11,6,218356.51,10262.76,2014
TRITURBINE,2014-03-07,2014-03-10,57.6808,60.5649,2.49,2.78,1.78,0.05,0.047,take_profit,False,3,1,174685.21,8210.2,2014
M&MFIN,2014-03-10,2014-03-21,142.9859,132.9768,1.24,1.8,5.25,-0.07,-0.073,stopped_out,True,11,8,214638.43,-15668.61,2014
BAJFINANCE,2014-03-10,2014-03-25,16.0142,15.8862,1.44,2.33,2.16,-0.00799,-0.01099,time_exit,False,15,10,171710.74,-1887.1,2014
APLLTD,2014-03-13,2014-03-14,232.5713,244.1999,0.98,2.14,1.56,0.05,0.047,take_profit,False,1,1,178121.51,8371.71,2014
REFEX,2014-03-14,2014-03-19,1.3224,1.3971,2.16,2.52,6.92,0.056497,0.053497,take_profit_gap,False,5,2,179795.86,9618.54,2014
SHRIRAMFIN,2014-03-18,2014-03-19,109.1762,114.6351,1.88,2.48,3.98,0.05,0.047,take_profit,False,1,1,189560.54,8909.35,2014
AKZOINDIA,2014-03-19,2014-03-21,570.2965,598.8113,2.09,2.33,3.93,0.05,0.047,take_profit,False,2,2,183380.23,8618.87,2014
KSB,2014-03-19,2014-03-21,56.0395,58.8415,4.66,7.83,7.84,0.05,0.047,take_profit,False,2,2,229225.29,10773.59,2014
GLENMARK,2014-03-21,2014-04-04,544.7169,561.0775,1.93,1.6,3.28,0.030035,0.027035,time_exit,False,14,10,272897.74,7377.79,2014
APOLLOTYRE,2014-03-21,2014-03-25,122.2394,128.3514,3.9,1.51,4.02,0.05,0.047,take_profit,False,4,2,218318.19,10260.96,2014
UBL,2014-03-21,2014-04-04,794.2798,777.0455,0.85,1.76,2.05,-0.021698,-0.024698,time_exit,False,14,10,174654.56,-4313.62,2014
ASAHIINDIA,2014-03-24,2014-04-07,56.5728,59.4014,3.07,4.29,6.83,0.05,0.047,take_profit,False,14,10,195922.99,9208.38,2014
GABRIEL,2014-03-25,2014-03-26,25.3023,26.5674,1.56,1.75,2.86,0.05,0.047,take_profit,False,1,1,236418.95,11111.69,2014
ARVIND,2014-03-25,2014-03-26,48.1269,50.5332,3.59,1.87,5.3,0.05,0.047,take_profit,False,1,1,189135.16,8889.35,2014
PIDILITIND,2014-03-26,2014-04-03,141.1224,148.1785,3.46,1.92,4.0,0.05,0.047,take_profit,False,8,6,240419.16,11299.7,2014
SAIL,2014-03-26,2014-03-31,51.589,54.1684,1.58,1.84,4.88,0.05,0.047,take_profit,False,5,3,192335.33,9039.76,2014
HINDALCO,2014-03-31,2014-04-16,130.4957,121.361,3.51,2.41,7.39,-0.07,-0.073,stopped_out,True,16,10,194143.28,-14172.46,2014
UPL,2014-04-03,2014-04-10,118.8951,124.8398,2.94,2.58,3.53,0.05,0.047,take_profit,False,7,4,205658.39,9665.94,2014
PATELENG,2014-04-04,2014-04-07,46.0772,48.381,3.31,5.96,6.92,0.05,0.047,take_profit,False,3,1,254650.01,11968.55,2014
IRB,2014-04-04,2014-04-10,9.6274,10.1088,1.07,1.51,4.7,0.05,0.047,take_profit,False,6,3,203720.01,9574.84,2014
GPIL,2014-04-07,2014-04-09,20.7382,21.7752,0.94,1.71,3.78,0.05,0.047,take_profit,False,2,1,257325.99,12094.32,2014
SARDAEN,2014-04-07,2014-04-16,11.1549,10.3741,6.59,9.88,11.58,-0.07,-0.073,stopped_out,True,9,5,205860.79,-15027.84,2014
AVANTIFEED,2014-04-09,2014-04-11,35.6332,37.7733,1.02,3.68,6.0,0.060059,0.057059,take_profit_gap,False,2,2,218572.7,12471.54,2014
KNRCON,2014-04-10,2014-04-16,10.1815,9.4688,2.41,3.29,1.86,-0.07,-0.073,stopped_out,True,6,3,208465.6,-15217.99,2014
RTNPOWER,2014-04-10,2014-04-16,8.9545,8.3277,1.12,3.11,6.55,-0.07,-0.073,stopped_out,True,6,3,260581.99,-19022.49,2014
CANFINHOME,2014-04-11,2014-04-15,38.8111,40.7517,1.11,2.67,2.51,0.05,0.047,take_profit,False,4,1,212981.32,10010.12,2014
KSB,2014-04-15,2014-04-30,64.1078,59.6202,2.85,2.74,7.47,-0.07,-0.073,stopped_out,True,15,10,214983.35,-15693.78,2014
FORTIS,2014-04-16,2014-04-17,99.3242,104.2904,2.55,2.72,3.42,0.05,0.047,take_profit,False,1,1,333108.86,15656.12,2014
IMFA,2014-04-16,2014-04-17,107.5974,112.9773,1.78,2.48,3.38,0.05,0.047,take_profit,False,1,1,266487.08,12524.89,2014
GABRIEL,2014-04-16,2014-04-21,31.4521,33.0247,2.93,3.31,7.19,0.05,0.047,take_profit,False,5,2,213189.67,10019.91,2014
KRBL,2014-04-16,2014-05-02,53.0494,52.1509,0.59,4.18,2.76,-0.016936,-0.019936,time_exit,False,16,10,170551.73,-3400.12,2014
HERITGFOOD,2014-04-17,2014-04-21,65.5736,68.8522,6.57,2.07,7.73,0.05,0.047,take_profit,False,4,1,261996.78,12313.85,2014
BERGEPAINT,2014-04-17,2014-05-05,68.3001,66.4117,1.68,2.01,2.31,-0.027648,-0.030648,time_exit,False,18,10,209597.42,-6423.74,2014
CANFINHOME,2014-04-21,2014-05-06,41.2379,39.5221,1.52,3.82,3.54,-0.041606,-0.044606,time_exit,False,15,10,267181.98,-11917.92,2014
JBCHEPHARM,2014-04-21,2014-04-22,62.2245,65.3358,5.05,3.19,6.49,0.05,0.047,take_profit,False,1,1,213745.58,10046.04,2014
EICHERMOT,2014-04-22,2014-05-05,560.8742,588.9179,0.64,2.75,1.53,0.05,0.047,take_profit,False,13,8,215754.79,10140.48,2014
DEEPAKFERT,2014-04-30,2014-05-05,99.8587,104.8517,1.7,2.74,1.93,0.05,0.047,take_profit,False,5,2,212461.75,9985.7,2014
AARTIDRUGS,2014-05-02,2014-05-05,48.3683,50.7867,8.76,7.61,10.05,0.05,0.047,take_profit,False,3,1,203399.72,9559.79,2014
SOLARINDS,2014-05-05,2014-05-16,227.4634,238.8366,5.03,2.81,6.14,0.05,0.047,take_profit,False,11,9,171834.86,8076.24,2014
CHOLAHLDNG,2014-05-05,2014-05-16,132.967,140.9873,2.69,7.85,9.88,0.060318,0.057318,take_profit_gap,False,11,9,214793.57,12311.54,2014
AARTIIND,2014-05-05,2014-05-06,33.1582,34.8161,1.71,4.04,4.43,0.05,0.047,take_profit,False,1,1,268491.97,12619.12,2014
MARICO,2014-05-05,2014-05-08,96.2985,101.1135,1.48,2.91,3.85,0.05,0.047,take_profit,False,3,3,335614.96,15773.9,2014
GPPL,2014-05-06,2014-05-07,57.6007,60.4807,5.62,2.33,4.42,0.05,0.047,take_profit,False,1,1,244742.92,11502.92,2014
SUDARSCHEM,2014-05-06,2014-05-20,53.6323,57.1412,2.25,2.45,9.37,0.065424,0.062424,take_profit_gap,False,14,10,195794.33,12222.27,2014
KAJARIACER,2014-05-07,2014-05-08,220.1225,231.1286,1.89,7.24,3.32,0.05,0.047,take_profit,False,1,1,207884.63,9770.58,2014
FINCABLES,2014-05-08,2014-05-09,124.9543,131.202,8.61,3.22,8.87,0.05,0.047,take_profit,False,1,1,280116.52,13165.48,2014
IIFL,2014-05-08,2014-05-09,38.2459,40.1582,3.34,1.52,5.59,0.05,0.047,take_profit,False,1,1,224093.22,10532.38,2014
GSPL,2014-05-09,2014-05-12,64.5974,67.8273,0.68,2.47,3.9,0.05,0.047,take_profit,False,3,1,284856.09,13388.24,2014
MMTC,2014-05-09,2014-05-12,37.0365,38.8883,4.92,1.84,8.73,0.05,0.047,take_profit,False,3,1,227884.87,10710.59,2014
HINDPETRO,2014-05-12,2014-05-16,32.5223,34.1485,2.31,1.83,3.71,0.05,0.047,take_profit,False,4,4,289675.86,13614.77,2014
JISLJALEQS,2014-05-12,2014-05-16,82.549,86.6764,0.78,1.65,2.98,0.05,0.047,take_profit,False,4,4,231740.69,10891.81,2014
SHRIRAMFIN,2014-05-16,2014-05-19,141.9708,149.0693,4.94,2.64,3.24,0.05,0.047,take_profit,False,3,1,375980.41,17671.08,2014
OIL,2014-05-16,2014-05-19,105.0737,110.3274,1.76,1.98,2.17,0.05,0.047,take_profit,False,3,1,300784.33,14136.86,2014
ACE,2014-05-16,2014-05-19,22.0507,23.1532,4.53,2.33,1.98,0.05,0.047,take_profit,False,3,1,240627.46,11309.49,2014
JPPOWER,2014-05-16,2014-05-19,18.3091,19.2246,3.56,3.85,4.87,0.05,0.047,take_profit,False,3,1,192501.97,9047.59,2014
SAIL,2014-05-19,2014-05-20,70.1269,73.6332,0.52,1.75,7.81,0.05,0.047,take_profit,False,1,1,197843.67,9298.65,2014
SAIL,2014-05-19,2014-05-20,70.1269,73.6332,2.56,1.75,7.81,0.05,0.047,take_profit,False,1,1,247304.59,11623.32,2014
HINDCOPPER,2014-05-19,2014-05-20,88.4475,92.8699,12.2,5.23,14.44,0.05,0.047,take_profit,False,1,1,386413.42,18161.43,2014
MOIL,2014-05-19,2014-05-21,103.6128,108.7934,7.12,5.26,10.26,0.05,0.047,take_profit,False,2,2,309130.73,14529.14,2014
CHENNPETRO,2014-05-20,2014-05-21,77.6724,81.5561,6.99,2.79,6.49,0.05,0.047,take_profit,False,1,1,374007.27,17578.34,2014
JKLAKSHMI,2014-05-20,2014-05-21,159.4164,167.3872,7.28,4.34,2.04,0.05,0.047,take_profit,False,1,1,299205.82,14062.67,2014
SJVN,2014-05-20,2014-05-21,13.3315,13.998,1.96,2.95,3.46,0.05,0.047,take_profit,False,1,1,239364.65,11250.14,2014
CARBORUNIV,2014-05-20,2014-05-27,167.8837,153.0751,5.0,5.42,14.48,-0.088207,-0.091207,stopped_out_gap,False,7,5,191491.72,-17465.39,2014
MRPL,2014-05-21,2014-05-26,63.8368,59.3682,5.4,4.76,2.88,-0.07,-0.073,stopped_out,True,5,3,409019.13,-29858.4,2014
KEI,2014-05-21,2014-05-22,26.6784,28.0124,14.08,3.66,18.12,0.05,0.047,take_profit,False,1,1,327215.31,15379.12,2014
NAVA,2014-05-21,2014-05-22,44.299,46.514,13.23,5.93,18.44,0.05,0.047,take_profit,False,1,1,261772.25,12303.3,2014
HEG,2014-05-21,2014-06-04,39.9431,41.9403,1.53,3.83,1.8,0.05,0.047,take_profit,False,14,10,209417.8,9842.64,2014
SUZLON,2014-05-22,2014-05-23,20.1649,21.2919,13.67,2.93,14.03,0.055891,0.052891,take_profit_gap,False,1,1,290868.23,15384.31,2014
BAJAJELEC,2014-05-22,2014-05-29,316.8472,294.6679,1.24,1.91,9.94,-0.07,-0.073,stopped_out,True,7,5,232694.58,-16986.7,2014
SBIN,2014-05-23,2014-05-30,244.1419,227.0519,3.3,3.18,9.27,-0.07,-0.073,stopped_out,True,7,5,247406.18,-18060.65,2014
GRASIM,2014-05-26,2014-05-29,440.7125,462.7481,0.68,2.25,1.72,0.05,0.047,take_profit,False,3,3,273757.09,12866.58,2014
BHARATFORG,2014-05-27,2014-06-02,229.1219,240.578,1.06,2.82,4.84,0.05,0.047,take_profit,False,6,4,253810.94,11929.11,2014
PERSISTENT,2014-05-29,2014-06-12,233.7132,233.1853,4.11,1.51,1.97,-0.002259,-0.005259,time_exit,False,14,10,303515.06,-1596.19,2014
NAUKRI,2014-05-29,2014-06-09,140.2305,147.242,1.93,2.21,4.18,0.05,0.047,take_profit,False,11,7,242812.05,11412.17,2014
LUMAXTECH,2014-05-30,2014-06-03,22.1928,23.3025,0.79,2.14,5.67,0.05,0.047,take_profit,False,4,2,240118.74,11285.58,2014
MFSL,2014-06-02,2014-06-03,284.0295,298.231,9.26,3.39,10.08,0.05,0.047,take_profit,False,1,1,245243.01,11526.42,2014
TATASTEEL,2014-06-03,2014-06-05,36.9085,38.7539,3.85,1.64,5.89,0.05,0.047,take_profit,False,2,2,297829.15,13997.97,2014
TATAELXSI,2014-06-03,2014-06-05,235.4949,247.2696,2.59,2.5,5.05,0.05,0.047,take_profit,False,2,2,238263.32,11198.38,2014
SUBROS,2014-06-04,2014-06-05,36.45,38.2725,4.07,3.18,6.5,0.05,0.047,take_profit,False,1,1,234462.75,11019.75,2014
RELINFRA,2014-06-05,2014-06-16,716.0152,665.8941,2.85,2.05,6.14,-0.07,-0.073,stopped_out,True,11,7,348924.46,-25471.49,2014
TRENT,2014-06-05,2014-06-09,106.9899,112.3394,2.25,2.74,3.85,0.05,0.047,take_profit,False,4,2,279139.57,13119.56,2014
GESHIP,2014-06-05,2014-06-19,256.0459,253.0731,0.66,3.73,1.51,-0.01161,-0.01461,time_exit,False,14,10,223311.65,-3262.58,2014
CGCL,2014-06-09,2014-06-11,31.6666,33.25,8.32,6.22,6.71,0.05,0.047,take_profit,False,2,2,287945.99,13533.46,2014
IDEA,2014-06-09,2014-06-13,87.2671,81.1584,2.56,2.11,3.79,-0.07,-0.073,stopped_out,True,4,4,230356.79,-16816.05,2014
KPRMILL,2014-06-11,2014-06-12,19.2985,20.2634,4.37,3.55,5.69,0.05,0.047,take_profit,False,1,1,244581.33,11495.32,2014
EDELWEISS,2014-06-12,2014-06-13,25.1217,26.3778,0.67,4.28,9.17,0.05,0.047,take_profit,False,1,1,307264.17,14441.42,2014
NATCOPHARM,2014-06-12,2014-06-13,156.3521,164.1697,4.99,2.4,4.16,0.05,0.047,take_profit,False,1,1,245811.33,11553.13,2014
MAHLIFE,2014-06-13,2014-06-16,154.6663,162.3996,6.67,6.89,6.13,0.05,0.047,take_profit,False,3,1,227309.58,10683.55,2014
AJANTPHARM,2014-06-13,2014-06-26,341.361,358.429,2.74,4.24,4.67,0.05,0.047,take_profit,False,13,9,355171.22,16693.05,2014
NATCOPHARM,2014-06-13,2014-06-17,163.0975,171.2524,3.15,2.64,3.14,0.05,0.047,take_profit,False,4,2,284136.98,13354.44,2014
WEBELSOLAR,2014-06-16,2014-06-18,2.056,2.2589,6.63,3.67,2.24,0.098657,0.095657,take_profit_gap,False,2,2,294136.89,28136.25,2014
ABFRL,2014-06-16,2014-06-17,123.275,129.4388,7.24,3.48,8.7,0.05,0.047,take_profit,False,1,1,235309.51,11059.55,2014
CEATLTD,2014-06-17,2014-06-18,450.7139,473.2496,9.59,4.84,11.28,0.05,0.047,take_profit,False,1,1,297019.7,13959.93,2014
RCF,2014-06-17,2014-07-01,49.9418,48.6804,2.06,2.54,7.69,-0.025258,-0.028258,time_exit,False,14,10,237615.76,-6714.55,2014
HIKAL,2014-06-18,2014-06-23,64.3705,67.5891,1.35,3.02,3.42,0.05,0.047,take_profit,False,5,3,316743.16,14886.93,2014
STLTECH,2014-06-18,2014-06-20,60.8657,63.909,6.85,1.86,1.98,0.05,0.047,take_profit,False,2,2,253394.53,11909.54,2014
AARTIDRUGS,2014-06-19,2014-06-23,63.1395,66.2964,1.44,2.93,5.66,0.05,0.047,take_profit,False,4,2,246725.44,11596.1,2014
FSL,2014-06-20,2014-07-01,31.4588,33.0318,2.27,2.16,7.01,0.05,0.047,take_profit,False,11,7,250441.17,11770.73,2014
AARTIDRUGS,2014-06-23,2014-07-07,65.243,65.9852,1.0,1.86,1.61,0.011376,0.008376,time_exit,False,14,10,318343.26,2666.44,2014
PRAJIND,2014-06-23,2014-07-07,58.551,59.1849,1.88,1.8,4.36,0.010827,0.007827,time_exit,False,14,10,254674.61,1993.34,2014
THANGAMAYL,2014-06-26,2014-07-03,87.6505,92.033,4.21,4.51,4.84,0.05,0.047,take_profit,False,7,5,278112.54,13071.29,2014
IGL,2014-07-01,2014-07-09,31.6949,29.4763,0.69,3.46,4.2,-0.07,-0.073,stopped_out,True,8,6,256890.12,-18752.98,2014
HCC,2014-07-01,2014-07-03,43.5789,40.5284,11.55,1.91,2.32,-0.07,-0.073,stopped_out,True,2,2,321112.66,-23441.22,2014
CHAMBLFERT,2014-07-03,2014-07-09,46.2364,42.9998,6.15,1.83,5.56,-0.07,-0.073,stopped_out,True,6,4,258626.52,-18879.74,2014
BATAINDIA,2014-07-03,2014-07-09,613.564,570.6145,1.17,2.05,4.11,-0.07,-0.073,stopped_out,True,6,4,323283.15,-23599.67,2014
MOTILALOFS,2014-07-07,2014-07-09,224.2853,235.4995,4.37,1.87,7.02,0.05,0.047,take_profit,False,2,2,322436.75,15154.53,2014
KITEX,2014-07-07,2014-07-08,58.4252,61.3465,8.69,5.82,8.04,0.05,0.047,take_profit,False,1,1,257949.4,12123.62,2014
MCX,2014-07-08,2014-07-09,117.781,123.67,1.78,3.25,3.62,0.05,0.047,take_profit,False,1,1,260374.12,12237.58,2014
SHAKTIPUMP,2014-07-09,2014-07-11,34.2585,36.5415,1.97,2.76,1.77,0.066643,0.063643,take_profit_gap,False,2,2,485853.38,30921.17,2014
SHAKTIPUMP,2014-07-10,2014-07-16,35.935,33.1918,1.96,2.12,2.94,-0.076339,-0.079339,stopped_out_gap,False,6,4,388682.7,-30837.7,2014
RELAXO,2014-07-10,2014-07-11,95.1036,99.8588,1.16,2.49,6.67,0.05,0.047,take_profit,False,1,1,310946.16,14614.47,2014
GPPL,2014-07-10,2014-07-11,81.2696,85.3331,2.84,1.87,7.6,0.05,0.047,take_profit,False,1,1,248756.93,11691.58,2014
DCBBANK,2014-07-15,2014-07-17,76.1251,79.9314,2.62,1.52,3.28,0.05,0.047,take_profit,False,2,2,419562.28,19719.43,2014
PGIL,2014-07-15,2014-07-21,92.8603,98.7874,1.17,1.55,2.0,0.063828,0.060828,take_profit_gap,False,6,4,335649.82,20416.91,2014
MPHASIS,2014-07-15,2014-07-17,317.4022,333.2724,3.91,3.59,6.41,0.05,0.047,take_profit,False,2,2,268519.86,12620.43,2014
ASHOKA,2014-07-15,2014-07-16,94.1886,98.898,3.01,1.99,2.88,0.05,0.047,take_profit,False,1,1,214815.89,10096.35,2014
ASAHIINDIA,2014-07-16,2014-07-25,88.1629,81.9915,1.75,1.74,2.52,-0.07,-0.073,stopped_out,True,9,7,288404.16,-21053.5,2014
MARKSANS,2014-07-16,2014-07-31,32.2944,32.117,0.9,3.26,3.25,-0.005492,-0.008492,time_exit,False,15,10,230723.33,-1959.3,2014
EMAMILTD,2014-07-17,2014-08-01,224.7729,225.3337,2.6,2.47,4.39,0.002495,-0.000505,time_exit,False,15,10,262930.45,-132.78,2014
MPHASIS,2014-07-17,2014-08-01,343.3104,327.497,1.08,2.56,6.77,-0.046062,-0.049062,time_exit,False,15,10,328663.06,-16124.87,2014
BATAINDIA,2014-07-21,2014-08-05,600.9812,571.476,2.67,2.03,3.61,-0.049095,-0.052095,time_exit,False,15,10,281557.7,-14667.75,2014
HINDUNILVR,2014-07-25,2014-07-30,549.8446,577.3368,1.45,2.11,3.24,0.05,0.047,take_profit,False,5,2,278716.29,13099.67,2014
DCMSHRIRAM,2014-07-30,2014-08-05,148.062,155.4651,6.98,7.41,6.13,0.05,0.047,take_profit,False,6,4,281336.23,13222.8,2014
GRANULES,2014-07-31,2014-08-04,58.863,61.8062,2.43,2.08,7.64,0.05,0.047,take_profit,False,4,2,270821.79,12728.62,2014
SUDARSCHEM,2014-08-01,2014-08-04,73.7936,80.302,3.45,1.66,4.67,0.088197,0.085197,take_profit_gap,False,3,1,331724.6,28261.94,2014
JKLAKSHMI,2014-08-01,2014-08-06,250.2107,262.7212,0.88,4.41,10.02,0.05,0.047,take_profit,False,5,3,265379.68,12472.84,2014
INFY,2014-08-04,2014-08-19,320.4524,327.7299,2.25,1.57,3.3,0.02271,0.01971,time_exit,False,15,10,341011.13,6721.33,2014
AURIONPRO,2014-08-04,2014-08-07,110.2991,115.814,2.37,4.69,7.01,0.05,0.047,take_profit,False,3,3,272808.91,12822.02,2014
RKFORGE,2014-08-05,2014-08-20,45.5837,47.1137,2.17,2.25,2.41,0.033566,0.030566,time_exit,False,15,10,330536.92,10103.19,2014
AARTIIND,2014-08-05,2014-08-11,54.8023,57.5424,2.28,4.33,5.62,0.05,0.047,take_profit,False,6,4,264429.54,12428.19,2014
ADANIENT,2014-08-06,2014-08-11,65.6676,68.951,1.19,1.79,2.9,0.05,0.047,take_profit,False,5,3,267114.14,12554.36,2014
USHAMART,2014-08-07,2014-08-12,44.0027,40.9225,3.28,3.69,8.28,-0.07,-0.073,stopped_out,True,5,3,270817.49,-19769.68,2014
JBCHEPHARM,2014-08-11,2014-08-19,86.494,90.8187,6.71,4.09,9.18,0.05,0.047,take_profit,False,8,5,262367.39,12331.27,2014
SARDAEN,2014-08-11,2014-08-12,25.5098,26.7853,3.27,4.82,6.62,0.05,0.047,take_profit,False,1,1,327959.24,15414.08,2014
COROMANDEL,2014-08-12,2014-08-27,220.4585,221.3577,4.38,1.55,5.31,0.004078,0.001078,time_exit,False,15,10,263022.51,283.54,2014
MARKSANS,2014-08-12,2014-08-14,35.4899,37.2644,3.82,3.01,7.79,0.05,0.047,take_profit,False,2,2,328778.14,15452.57,2014
DABUR,2014-08-14,2014-08-19,194.6594,204.3924,1.58,3.22,1.82,0.05,0.047,take_profit,False,5,2,279264.15,13125.42,2014
ASHOKLEY,2014-08-19,2014-08-26,15.6691,14.5723,4.23,2.52,6.48,-0.07,-0.073,stopped_out,True,7,5,406375.46,-29665.41,2014
MARKSANS,2014-08-19,2014-08-20,50.8866,53.431,6.76,4.18,14.24,0.05,0.047,take_profit,False,1,1,325100.37,15279.72,2014
NCC,2014-08-19,2014-08-22,41.4554,38.5535,4.82,4.73,12.37,-0.07,-0.073,stopped_out,True,3,3,260080.3,-18985.86,2014
ACE,2014-08-20,2014-08-21,29.4616,30.9562,0.53,3.76,7.11,0.050729,0.047729,take_profit_gap,False,1,1,344268.28,16431.58,2014
POONAWALLA,2014-08-20,2014-08-26,115.5463,107.4581,3.18,8.8,11.5,-0.07,-0.073,stopped_out,True,6,4,275414.62,-20105.27,2014
PNB,2014-08-21,2014-09-05,174.864,169.2621,3.31,1.52,4.06,-0.032036,-0.035036,time_exit,False,15,10,292471.67,-10247.04,2014
SAREGAMA,2014-08-22,2014-08-26,13.7243,15.1116,4.88,1.5,5.02,0.101079,0.098079,take_profit_gap,False,4,2,282196.22,27677.52,2014
GREAVESCOT,2014-08-26,2014-09-08,104.9157,110.1615,1.19,8.02,7.75,0.05,0.047,take_profit,False,13,8,414135.61,19464.37,2014
EIDPARRY,2014-08-26,2014-09-04,190.9229,200.469,1.94,5.99,6.72,0.05,0.047,take_profit,False,9,6,331308.49,15571.5,2014
SUBROS,2014-08-26,2014-08-28,45.8401,49.6105,1.77,1.53,2.56,0.082251,0.079251,take_profit_gap,False,2,2,265046.79,21005.22,2014
GABRIEL,2014-08-27,2014-09-02,53.179,55.838,4.34,3.75,8.51,0.05,0.047,take_profit,False,6,3,264698.64,12440.84,2014
DCMSHRIRAM,2014-08-28,2014-09-04,175.2968,184.0616,1.16,1.87,3.51,0.05,0.047,take_profit,False,7,4,268969.32,12641.56,2014
APOLLOTYRE,2014-09-02,2014-09-04,158.7249,166.6612,5.92,1.58,2.63,0.05,0.047,take_profit,False,2,2,270603.35,12718.36,2014
CEATLTD,2014-09-04,2014-09-08,567.2969,595.6617,2.09,2.08,5.25,0.05,0.047,take_profit,False,4,2,255260.92,11997.26,2014
PHOENIXLTD,2014-09-04,2014-09-18,173.4879,182.1623,2.38,4.11,6.3,0.05,0.047,take_profit,False,14,10,398845.19,18745.72,2014
HSCL,2014-09-04,2014-09-05,29.4076,30.878,2.0,2.71,3.45,0.05,0.047,take_profit,False,1,1,319076.15,14996.58,2014
CIEINDIA,2014-09-05,2014-09-15,191.6088,201.1892,2.91,6.69,7.93,0.05,0.047,take_profit,False,10,6,327468.21,15391.01,2014
HFCL,2014-09-05,2014-09-08,17.2013,18.0614,11.71,6.83,12.9,0.05,0.047,take_profit,False,3,1,261974.57,12312.8,2014
DEEPAKFERT,2014-09-08,2014-09-22,135.8242,128.516,4.59,2.72,3.71,-0.053806,-0.056806,time_exit,False,14,10,404608.76,-22984.21,2014
NAVA,2014-09-08,2014-09-10,48.1318,44.7626,0.62,2.59,4.93,-0.07,-0.073,stopped_out,True,2,2,323687.01,-23629.15,2014
JWL,2014-09-08,2014-09-09,20.7599,22.3268,2.39,2.11,12.97,0.075479,0.072479,take_profit_gap,False,1,1,258949.61,18768.41,2014
REFEX,2014-09-09,2014-09-15,1.3604,1.4285,2.8,2.14,5.93,0.05,0.047,take_profit,False,6,4,262703.29,12347.05,2014
NETWORK18,2014-09-10,2014-09-16,52.026,54.6273,0.58,2.71,2.67,0.05,0.047,take_profit,False,6,4,270174.2,12698.19,2014
ZYDUSWELL,2014-09-15,2014-09-24,129.9442,120.8481,0.59,4.28,5.57,-0.07,-0.073,stopped_out,True,9,7,339721.28,-24799.65,2014
ESCORTS,2014-09-15,2014-09-16,146.1477,153.455,0.58,2.91,5.69,0.05,0.047,take_profit,False,1,1,271777.02,12773.52,2014
CASTROLIND,2014-09-16,2014-09-30,144.1133,140.8524,0.7,3.12,3.98,-0.022628,-0.025628,time_exit,False,14,10,330906.2,-8480.46,2014
MANAPPURAM,2014-09-17,2014-09-18,22.0563,23.1591,4.22,1.56,8.62,0.05,0.047,take_profit,False,1,1,264724.96,12442.07,2014
CHENNPETRO,2014-09-18,2014-09-22,80.0003,84.0003,4.51,3.9,10.5,0.05,0.047,take_profit,False,4,2,350731.56,16484.38,2014
NBCC,2014-09-18,2014-09-23,27.5436,28.9208,5.8,6.16,11.83,0.05,0.047,take_profit,False,5,3,280585.25,13187.51,2014
SHILPAMED,2014-09-22,2014-09-24,140.899,131.0361,3.66,4.94,4.25,-0.07,-0.073,stopped_out,True,2,2,299389.04,-21855.4,2014
ANANTRAJ,2014-09-22,2014-09-23,23.8964,22.2236,0.52,3.25,5.78,-0.07,-0.073,stopped_out,True,1,1,374236.3,-27319.25,2014
ICIL,2014-09-23,2014-09-26,32.9292,30.6242,1.55,5.64,3.41,-0.07,-0.073,stopped_out,True,3,3,367649.19,-26838.39,2014
SAMMAANCAP,2014-09-23,2014-10-08,266.8107,248.134,0.53,2.16,4.12,-0.07,-0.073,stopped_out,True,15,8,294119.35,-21470.71,2014
AUROPHARMA,2014-09-25,2014-09-29,409.8179,430.3088,4.99,3.66,8.23,0.05,0.047,take_profit,False,4,2,353786.53,16627.97,2014
SUNPHARMA,2014-09-26,2014-09-30,739.0227,775.9738,2.26,3.28,4.97,0.05,0.047,take_profit,False,4,2,351191.39,16506.0,2014
ABFRL,2014-09-26,2014-10-01,132.0029,122.7627,5.19,3.21,10.62,-0.07,-0.073,stopped_out,True,5,3,280953.11,-20509.58,2014
STAR,2014-09-29,2014-09-30,520.9061,546.9514,7.15,4.29,7.64,0.05,0.047,take_profit,False,1,1,298845.39,14045.73,2014
MARICO,2014-09-30,2014-10-17,131.625,127.6122,2.98,2.44,4.04,-0.030486,-0.033486,time_exit,False,17,10,439679.16,-14723.1,2014
EICHERMOT,2014-09-30,2014-10-13,1106.8451,1023.3533,2.17,2.08,5.02,-0.075432,-0.078432,stopped_out_gap,False,13,6,351743.33,-27587.93,2014
MARICO,2014-09-30,2014-10-17,131.625,127.6122,1.06,2.44,4.04,-0.030486,-0.033486,time_exit,False,17,10,281394.66,-9422.78,2014
RELAXO,2014-10-01,2014-10-07,125.544,131.8213,0.58,7.08,7.86,0.05,0.047,take_profit,False,6,1,277204.44,13028.61,2014
VSTIND,2014-10-07,2014-10-21,106.996,108.6313,0.65,1.85,1.82,0.015283,0.012283,time_exit,False,14,10,279810.16,3436.91,2014
VMART,2014-10-08,2014-10-16,146.4703,136.2174,1.36,5.16,12.29,-0.07,-0.073,stopped_out,True,8,6,278377.85,-20321.58,2014
DIACABS,2014-10-13,2014-10-16,1257.6285,1169.5945,1.04,5.42,1.99,-0.07,-0.073,stopped_out,True,3,3,287533.36,-20989.94,2014
EMAMILTD,2014-10-16,2014-10-17,294.4295,309.1509,3.79,2.38,3.22,0.05,0.047,take_profit,False,1,1,267957.3,12593.99,2014
CEATLTD,2014-10-16,2014-10-17,735.5881,772.3675,4.69,3.23,4.49,0.05,0.047,take_profit,False,1,1,334946.63,15742.49,2014
EMAMILTD,2014-10-17,2014-10-21,310.3817,325.9008,2.52,3.73,5.38,0.05,0.047,take_profit,False,4,2,479999.52,22559.98,2014
INDUSINDBK,2014-10-17,2014-10-27,622.6097,653.7402,0.89,1.75,2.09,0.05,0.047,take_profit,False,10,4,383999.61,18047.98,2014
HINDZINC,2014-10-20,2014-10-29,62.6852,65.8195,0.55,1.94,1.86,0.05,0.047,take_profit,False,9,5,307199.69,14438.39,2014
TVSMOTOR,2014-10-20,2014-10-21,229.3188,240.7848,0.94,2.14,6.59,0.05,0.047,take_profit,False,1,1,245759.75,11550.71,2014
PFC,2014-10-21,2014-11-10,57.8802,57.7803,1.78,2.67,5.22,-0.001725,-0.004725,time_exit,False,20,10,405231.21,-1914.72,2014
SOBHA,2014-10-21,2014-10-27,388.5968,361.395,0.76,1.97,6.82,-0.07,-0.073,stopped_out,True,6,2,324184.96,-23665.5,2014
TVSMOTOR,2014-10-21,2014-11-10,243.8267,233.6714,2.51,3.13,5.04,-0.04165,-0.04465,time_exit,False,20,10,259347.97,-11579.89,2014
BHEL,2014-10-27,2014-11-12,153.9634,150.6438,1.05,1.64,1.88,-0.021561,-0.024561,time_exit,False,16,10,347991.79,-8547.03,2014
BAJFINANCE,2014-10-27,2014-11-07,27.4267,28.798,2.48,1.73,4.02,0.05,0.047,take_profit,False,11,7,278393.43,13084.49,2014
GRAVITA,2014-10-29,2014-11-05,85.0932,77.0802,1.94,5.69,5.22,-0.094168,-0.097168,stopped_out_gap,False,7,4,287042.36,-27891.33,2014
SOBHA,2014-11-05,2014-11-10,401.3804,421.4494,2.47,2.27,4.07,0.05,0.047,take_profit,False,5,2,281464.09,13228.81,2014
JKIL,2014-11-07,2014-11-11,154.1309,161.8374,1.47,7.12,3.03,0.05,0.047,take_profit,False,4,2,283466.86,13322.94,2014
OLECTRA,2014-11-10,2014-11-11,12.9875,14.4217,0.92,10.21,9.24,0.110427,0.107427,take_profit_gap,False,1,1,332743.19,35745.6,2014
INDIANB,2014-11-10,2014-11-18,144.3548,151.5726,0.52,1.95,2.42,0.05,0.047,take_profit,False,8,6,266194.55,12511.14,2014
SCI,2014-11-10,2014-11-17,59.0423,61.9944,1.33,2.84,4.67,0.05,0.047,take_profit,False,7,5,415928.98,19548.66,2014
GPPL,2014-11-11,2014-11-21,115.6825,107.5847,0.64,2.14,2.5,-0.07,-0.073,stopped_out,True,10,8,276809.09,-20207.06,2014
MARICO,2014-11-11,2014-11-25,142.0488,136.9362,2.27,1.51,4.87,-0.035992,-0.038992,time_exit,False,14,10,346011.36,-13491.67,2014
JUBLFOOD,2014-11-12,2014-11-13,131.1083,137.6637,1.55,1.55,2.0,0.05,0.047,take_profit,False,1,1,289336.22,13598.8,2014
ELGIEQUIP,2014-11-13,2014-11-17,62.0085,65.1089,0.61,2.15,6.3,0.05,0.047,take_profit,False,4,2,292055.98,13726.63,2014
SUDARSCHEM,2014-11-17,2014-11-18,96.6344,101.4662,16.77,8.93,11.11,0.05,0.047,take_profit,False,1,1,381896.84,17949.15,2014
RECLTD,2014-11-17,2014-12-01,54.2151,55.3882,6.63,2.69,9.48,0.021637,0.018637,time_exit,False,14,10,305517.47,5693.93,2014
FINCABLES,2014-11-18,2014-11-25,245.574,228.3838,5.52,1.66,5.96,-0.07,-0.073,stopped_out,True,7,5,380124.31,-27749.07,2014
PGEL,2014-11-18,2014-11-19,9.8874,10.3817,1.87,9.75,6.12,0.05,0.047,take_profit,False,1,1,304099.45,14292.67,2014
MINDACORP,2014-11-19,2014-11-21,68.8524,72.295,6.48,6.52,3.22,0.05,0.047,take_profit,False,2,2,306957.98,14427.03,2014
SOUTHBANK,2014-11-21,2014-12-04,22.1577,23.3653,2.33,3.58,2.2,0.054501,0.051501,take_profit_gap,False,13,9,361163.79,18600.3,2014
YESBANK,2014-11-21,2014-12-03,133.8444,140.5366,1.49,2.23,1.59,0.05,0.047,take_profit,False,12,8,288931.04,13579.76,2014
DABUR,2014-11-25,2014-12-09,218.2162,214.7223,0.66,1.9,1.76,-0.016011,-0.019011,time_exit,False,14,10,368123.81,-6998.4,2014
JKLAKSHMI,2014-11-25,2014-12-09,371.2078,366.4623,0.67,2.05,2.74,-0.012784,-0.015784,time_exit,False,14,10,294499.05,-4648.37,2014
OFSS,2014-12-01,2014-12-15,2137.929,2018.0639,0.87,2.15,3.36,-0.056066,-0.059066,time_exit,False,14,10,297841.52,-17592.31,2014
APLLTD,2014-12-03,2014-12-10,404.9863,376.6373,1.76,1.81,4.8,-0.07,-0.073,stopped_out,True,7,5,298775.37,-21810.6,2014
WOCKPHARMA,2014-12-04,2014-12-11,908.7127,954.1483,1.57,2.26,2.87,0.05,0.047,take_profit,False,7,5,314973.12,14803.74,2014
SPARC,2014-12-09,2014-12-16,196.3131,182.5711,0.51,3.86,2.52,-0.07,-0.073,stopped_out,True,7,5,305738.97,-22318.94,2014
CHOLAHLDNG,2014-12-09,2014-12-17,214.2818,199.2821,1.2,2.15,2.36,-0.07,-0.073,stopped_out,True,8,6,382173.71,-27898.68,2014
SCHNEIDER,2014-12-10,2014-12-15,165.8329,153.923,1.78,10.17,13.53,-0.071819,-0.074819,stopped_out_gap,False,5,3,299984.13,-22444.51,2014
INDUSTOWER,2014-12-11,2014-12-24,241.0765,224.2011,2.42,3.18,4.74,-0.07,-0.073,stopped_out,True,13,9,305942.67,-22333.82,2014
MARKSANS,2014-12-15,2014-12-17,57.3689,53.353,1.01,2.51,13.31,-0.07,-0.073,stopped_out,True,2,2,356311.91,-26010.77,2014
TORNTPHARM,2014-12-15,2014-12-16,473.6015,440.4494,1.63,2.29,4.2,-0.07,-0.073,stopped_out,True,1,1,285049.52,-20808.62,2014
RECLTD,2014-12-17,2014-12-18,50.3599,52.8779,1.51,1.61,6.08,0.05,0.047,take_profit,False,1,1,474487.04,22300.89,2014
RELAXO,2014-12-18,2014-12-19,131.0459,137.5982,2.42,4.48,3.92,0.05,0.047,take_profit,False,1,1,478947.22,22510.52,2014
SHILPAMED,2014-12-18,2014-12-19,150.0277,157.5291,9.84,3.98,12.86,0.05,0.047,take_profit,False,1,1,383157.77,18008.42,2014
TORNTPOWER,2014-12-18,2014-12-19,140.6208,130.7774,1.18,5.52,10.0,-0.07,-0.073,stopped_out,True,1,1,306526.22,-22376.41,2014
AARTIDRUGS,2014-12-18,2014-12-31,96.9446,101.7919,1.56,1.77,8.55,0.05,0.047,take_profit,False,13,8,245220.98,11525.39,2014
CASTROLIND,2014-12-19,2015-01-05,166.6269,164.8199,1.19,1.61,2.74,-0.010845,-0.013845,time_exit,False,17,10,433531.53,-6002.24,2015
JKTYRE,2014-12-19,2014-12-22,131.5437,122.3356,13.51,1.57,5.34,-0.07,-0.073,stopped_out,True,3,1,346825.22,-25318.24,2014
MARKSANS,2014-12-19,2014-12-23,60.3755,63.3943,7.31,4.06,10.08,0.05,0.047,take_profit,False,4,2,277460.18,13040.63,2014
SURYAROSNI,2014-12-22,2015-01-05,23.484,24.6582,2.44,1.58,4.4,0.05,0.047,take_profit,False,14,9,286269.54,13454.67,2015
GRANULES,2014-12-23,2015-01-02,75.8103,79.6008,1.05,4.88,5.42,0.05,0.047,take_profit,False,10,7,287115.79,13494.44,2015
ACE,2014-12-24,2015-01-01,36.1358,37.9426,0.53,1.53,4.26,0.05,0.047,take_profit,False,8,5,286414.4,13461.48,2015
RELIGARE,2014-12-31,2015-01-07,369.4346,343.5742,2.32,3.33,4.9,-0.07,-0.073,stopped_out,True,7,5,280480.8,-20475.1,2015
EXIDEIND,2015-01-01,2015-01-15,167.8703,166.3228,1.83,2.35,5.81,-0.009218,-0.012218,time_exit,False,14,10,284359.81,-3474.31,2015
AARTIDRUGS,2015-01-02,2015-01-08,113.5973,119.2771,5.42,5.96,9.65,0.05,0.047,take_profit,False,6,4,287609.9,13517.67,2015
GSPL,2015-01-05,2015-01-06,109.2957,114.7605,3.79,4.95,8.92,0.05,0.047,take_profit,False,1,1,375538.62,17650.31,2015
WABAG,2015-01-05,2015-01-19,775.1976,754.6913,2.08,4.28,3.07,-0.026453,-0.029453,time_exit,False,14,10,300430.89,-8848.59,2015
TI,2015-01-06,2015-01-07,30.1246,31.6308,1.32,4.61,4.84,0.05,0.047,take_profit,False,1,1,318982.5,14992.18,2015
KOTAKBANK,2015-01-07,2015-01-08,126.3029,132.618,1.9,1.96,1.92,0.05,0.047,take_profit,False,1,1,373982.08,17577.16,2015
ASHOKLEY,2015-01-07,2015-01-21,24.7265,25.9628,5.11,2.03,5.02,0.05,0.047,take_profit,False,14,10,299185.66,14061.73,2015
SPARC,2015-01-08,2015-01-12,198.9465,208.8938,3.07,2.91,4.82,0.05,0.047,take_profit,False,4,2,377885.89,17760.64,2015
KOTAKBANK,2015-01-08,2015-01-13,133.1718,139.8304,2.73,3.28,3.13,0.05,0.047,take_profit,False,5,3,302308.71,14208.51,2015
BLUEDART,2015-01-12,2015-01-14,6770.2086,7108.719,2.71,2.22,3.42,0.05,0.047,take_profit,False,2,2,320976.27,15085.88,2015
APOLLOHOSP,2015-01-13,2015-01-19,1106.5672,1161.8955,1.93,2.17,2.78,0.05,0.047,take_profit,False,6,4,320084.46,15043.97,2015
JAMNAAUTO,2015-01-14,2015-01-28,12.8937,14.5399,1.65,4.45,7.29,0.127675,0.124675,take_profit_gap,False,14,9,323280.0,40304.93,2015
POWERGRID,2015-01-15,2015-01-22,49.8081,52.2986,2.73,1.53,4.73,0.05,0.047,take_profit,False,7,5,314801.1,14795.65,2015
SPARC,2015-01-19,2015-01-22,236.2614,248.0744,12.28,9.09,20.02,0.05,0.047,take_profit,False,3,3,301746.42,14182.08,2015
VIPIND,2015-01-19,2015-01-28,107.8792,113.2732,0.68,1.56,2.31,0.05,0.047,take_profit,False,9,6,377183.03,17727.6,2015
SBIN,2015-01-21,2015-02-03,290.9003,270.5373,0.61,1.84,1.97,-0.07,-0.073,stopped_out,True,13,8,304046.62,-22195.4,2015
STLTECH,2015-01-22,2015-01-28,61.6279,57.314,3.4,8.84,7.3,-0.07,-0.073,stopped_out,True,6,3,372342.34,-27180.99,2015
EXIDEIND,2015-01-22,2015-01-23,171.1226,179.6787,2.99,2.35,3.25,0.05,0.047,take_profit,False,1,1,297873.87,14000.07,2015
RPOWER,2015-01-23,2015-02-05,63.5133,59.0674,1.77,2.41,3.68,-0.07,-0.073,stopped_out,True,13,8,300673.89,-21949.19,2015
BAJAJFINSV,2015-01-28,2015-02-03,144.2595,151.4724,1.93,3.4,5.05,0.05,0.047,take_profit,False,6,4,461270.5,21679.71,2015
ASIANPAINT,2015-01-28,2015-02-02,832.6379,774.3533,1.25,1.68,1.93,-0.07,-0.073,stopped_out,True,5,3,369016.4,-26938.2,2015
DCAL,2015-01-28,2015-02-05,78.6774,82.6112,8.07,6.21,16.13,0.05,0.047,take_profit,False,8,6,295213.12,13875.02,2015
AURIONPRO,2015-02-02,2015-02-05,113.1843,105.2614,2.13,2.01,6.13,-0.07,-0.073,stopped_out,True,3,3,304586.13,-22234.79,2015
UPL,2015-02-03,2015-02-11,249.3661,261.8344,4.67,3.28,4.85,0.05,0.047,take_profit,False,8,6,396629.19,18641.57,2015
SUBROS,2015-02-03,2015-02-06,70.3836,65.4568,6.17,3.34,6.81,-0.07,-0.073,stopped_out,True,3,3,317303.35,-23163.14,2015
JUBLFOOD,2015-02-05,2015-02-06,139.7555,146.7433,1.28,7.28,6.31,0.05,0.047,take_profit,False,1,1,427875.52,20110.15,2015
JKIL,2015-02-05,2015-02-12,242.1895,254.299,0.86,2.93,4.96,0.05,0.047,take_profit,False,7,5,342300.41,16088.12,2015
CUB,2015-02-05,2015-02-19,73.3685,77.0369,1.0,3.62,5.08,0.05,0.047,take_profit,False,14,9,273840.33,12870.5,2015
SONATSOFTW,2015-02-06,2015-02-10,36.303,33.7618,9.55,11.39,12.26,-0.07,-0.073,stopped_out,True,4,2,367497.44,-26827.31,2015
ZYDUSWELL,2015-02-09,2015-02-24,160.8775,157.0962,1.86,5.39,5.46,-0.023504,-0.026504,time_exit,False,15,10,293997.95,-7792.12,2015
MOTHERSON,2015-02-10,2015-02-20,32.5988,34.2849,1.52,3.02,6.09,0.051722,0.048722,take_profit_gap,False,10,7,303332.39,14778.96,2015
BHARATFORG,2015-02-11,2015-02-13,526.5529,552.8805,0.66,1.58,3.35,0.05,0.047,take_profit,False,2,2,325720.06,15308.84,2015
ARVIND,2015-02-12,2015-02-27,98.8245,97.2515,3.56,2.33,3.83,-0.015917,-0.018917,time_exit,False,15,10,332253.76,-6285.24,2015
PATANJALI,2015-02-13,2015-02-16,1303.5345,1368.7112,6.48,5.68,9.71,0.05,0.047,take_profit,False,3,1,334008.79,15698.41,2015
MINDACORP,2015-02-16,2015-02-20,95.1525,88.4919,2.9,3.17,2.04,-0.07,-0.073,stopped_out,True,4,3,337148.47,-24611.84,2015
INTELLECT,2015-02-19,2015-02-26,105.2957,97.925,1.05,1.79,8.14,-0.07,-0.073,stopped_out,True,7,5,327060.94,-23875.45,2015
OBEROIRLTY,2015-02-20,2015-02-23,270.4691,283.9925,2.47,1.81,3.1,0.05,0.047,take_profit,False,3,1,387778.35,18225.58,2015
OLECTRA,2015-02-20,2015-02-23,19.9309,18.5357,0.78,3.42,2.57,-0.07,-0.073,stopped_out,True,3,1,310222.68,-22646.26,2015
PGIL,2015-02-23,2015-02-24,109.3727,114.8413,4.14,3.46,3.35,0.05,0.047,take_profit,False,1,1,386894.21,18184.03,2015
WEBELSOLAR,2015-02-23,2015-02-25,3.982,3.6732,2.14,4.23,16.72,-0.077556,-0.080556,stopped_out_gap,False,2,2,309515.37,-24933.32,2015
CENTURYPLY,2015-02-24,2015-02-25,204.4065,214.6268,1.92,1.52,4.12,0.05,0.047,take_profit,False,1,1,385869.11,18135.85,2015
KAJARIACER,2015-02-24,2015-03-02,359.7374,377.7243,1.88,1.7,3.85,0.05,0.047,take_profit,False,6,4,308695.29,14508.68,2015
AARTIIND,2015-02-25,2015-03-09,69.1406,72.5976,5.0,7.68,9.22,0.05,0.047,take_profit,False,12,7,384673.63,18079.66,2015
COFORGE,2015-02-25,2015-03-11,69.8895,73.384,0.6,4.84,3.82,0.05,0.047,take_profit,False,14,9,307738.91,14463.73,2015
NTPC,2015-02-26,2015-03-12,86.2191,90.5301,2.22,3.34,4.25,0.05,0.047,take_profit,False,14,9,306828.22,14420.93,2015
KNRCON,2015-02-27,2015-03-02,37.7251,39.6113,4.17,3.15,6.48,0.05,0.047,take_profit,False,3,1,310656.28,14600.85,2015
PIDILITIND,2015-03-02,2015-03-04,275.3017,289.9241,1.45,1.71,3.27,0.053114,0.050114,take_profit_gap,False,2,2,302573.79,15163.18,2015
PIDILITIND,2015-03-02,2015-03-04,275.3017,289.9241,3.79,1.71,3.27,0.053114,0.050114,take_profit_gap,False,2,2,378217.24,18953.98,2015
BEML,2015-03-04,2015-03-17,403.9355,424.1323,3.79,2.45,5.44,0.05,0.047,take_profit,False,13,8,385040.68,18096.91,2015
ZYDUSWELL,2015-03-04,2015-03-05,173.0053,181.6556,6.27,3.52,6.94,0.05,0.047,take_profit,False,1,1,308032.54,14477.53,2015
MRPL,2015-03-05,2015-03-16,58.0527,53.9891,1.0,1.62,5.32,-0.07,-0.073,stopped_out,True,11,6,310928.05,-22697.75,2015
AARTIIND,2015-03-09,2015-03-10,73.5305,77.207,8.45,3.16,7.52,0.05,0.047,take_profit,False,1,1,329293.1,15476.78,2015
BHARTIARTL,2015-03-10,2015-03-11,312.5168,328.1426,4.21,2.99,7.57,0.05,0.047,take_profit,False,1,1,332388.45,15622.26,2015
JSL,2015-03-11,2015-03-12,39.4012,42.9491,13.36,2.52,9.43,0.090046,0.087046,take_profit_gap,False,1,1,399953.43,34814.35,2015
SHILPAMED,2015-03-11,2015-03-18,241.7816,253.8707,1.19,7.69,5.81,0.05,0.047,take_profit,False,7,5,319962.74,15038.25,2015
NATCOPHARM,2015-03-12,2015-03-13,377.6798,396.5638,13.14,7.8,13.52,0.05,0.047,take_profit,False,1,1,407173.58,19137.16,2015
JSL,2015-03-12,2015-03-16,44.271,41.172,0.89,9.82,2.97,-0.07,-0.073,stopped_out,True,4,2,325738.86,-23778.94,2015
EPL,2015-03-13,2015-03-16,51.1721,53.7307,1.27,4.81,3.6,0.05,0.047,take_profit,False,3,1,345853.24,16255.1,2015
WABAG,2015-03-16,2015-03-17,861.837,904.9288,0.56,2.72,5.84,0.05,0.047,take_profit,False,1,1,467142.3,21955.69,2015
JBCHEPHARM,2015-03-16,2015-03-17,87.9683,92.3667,7.1,6.03,8.8,0.05,0.047,take_profit,False,1,1,373713.84,17564.55,2015
WABAG,2015-03-16,2015-03-17,861.837,904.9288,5.37,2.72,5.84,0.05,0.047,take_profit,False,1,1,298971.07,14051.64,2015
FACT,2015-03-17,2015-03-19,33.606,31.2535,7.12,9.06,19.29,-0.07,-0.073,stopped_out,True,2,2,285943.91,-20873.91,2015
DABUR,2015-03-17,2015-03-26,254.5107,236.6949,2.17,1.65,4.15,-0.07,-0.073,stopped_out,True,9,7,357429.89,-26092.38,2015
WABAG,2015-03-17,2015-03-20,921.0909,856.6146,3.26,4.17,5.78,-0.07,-0.073,stopped_out,True,3,3,558484.2,-40769.35,2015
ZYDUSLIFE,2015-03-17,2015-03-31,305.6157,316.2871,0.91,5.71,5.71,0.034918,0.031918,time_exit,False,14,10,446787.36,14260.56,2015
SPARC,2015-03-18,2015-03-20,539.0038,501.2735,2.35,1.85,5.73,-0.07,-0.073,stopped_out,True,2,2,295755.33,-21590.14,2015
PCJEWELLER,2015-03-19,2015-03-27,16.5751,15.4148,2.72,1.74,4.32,-0.07,-0.073,stopped_out,True,8,6,289618.26,-21142.13,2015
TRITURBINE,2015-03-20,2015-03-24,133.7168,124.3566,0.65,2.14,3.25,-0.07,-0.073,stopped_out,True,4,2,390070.62,-28475.16,2015
ECLERX,2015-03-20,2015-03-30,770.5299,809.0564,2.16,2.85,9.63,0.05,0.047,take_profit,False,10,6,312056.49,14666.66,2015
JSWENERGY,2015-03-24,2015-04-09,107.9028,106.2879,1.73,2.39,2.62,-0.014966,-0.017966,time_exit,False,16,10,321964.29,-5784.41,2015
ABREL,2015-03-27,2015-03-30,572.9653,601.6136,5.29,1.82,4.0,0.05,0.047,take_profit,False,3,1,377534.16,17744.11,2015
REFEX,2015-03-27,2015-03-30,2.0549,2.1577,6.48,3.2,8.0,0.05,0.047,take_profit,False,3,1,302027.32,14195.28,2015
SCHNEIDER,2015-03-30,2015-04-01,210.3051,220.8204,6.21,1.65,7.79,0.05,0.047,take_profit,False,2,2,449266.66,21115.53,2015
EIHOTEL,2015-03-30,2015-04-16,102.4979,102.4887,2.2,1.67,2.86,-9e-05,-0.00309,time_exit,False,17,10,359413.33,-1110.59,2015
SCHNEIDER,2015-03-30,2015-04-01,210.3051,220.8204,1.65,1.65,7.79,0.05,0.047,take_profit,False,2,2,287530.66,13513.94,2015
HINDPETRO,2015-03-31,2015-04-09,58.3483,61.2657,0.91,1.64,2.85,0.05,0.047,take_profit,False,9,5,322234.12,15145.0,2015
JKTYRE,2015-04-01,2015-04-06,101.3597,106.4277,9.18,4.39,13.06,0.05,0.047,take_profit,False,5,1,329658.12,15493.93,2015
BEL,2015-04-01,2015-04-08,29.2588,30.7218,3.78,2.37,4.15,0.05,0.047,take_profit,False,7,3,412072.65,19367.41,2015
KEC,2015-04-06,2015-04-10,79.0495,83.002,1.73,2.34,1.78,0.05,0.047,take_profit,False,4,4,332756.91,15639.57,2015
RTNINDIA,2015-04-08,2015-04-09,2.7014,2.8364,4.35,2.44,12.5,0.05,0.047,take_profit,False,1,1,352493.54,16567.2,2015
CGCL,2015-04-09,2015-04-16,36.4482,33.8968,0.82,4.36,8.05,-0.07,-0.073,stopped_out,True,7,4,486518.78,-35515.87,2015
ASHOKLEY,2015-04-09,2015-04-20,31.2138,29.0289,0.6,1.53,2.59,-0.07,-0.073,stopped_out,True,11,6,389215.02,-28412.7,2015
NETWORK18,2015-04-09,2015-04-10,54.4772,57.2011,1.29,1.65,4.11,0.05,0.047,take_profit,False,1,1,311372.02,14634.48,2015
NLCINDIA,2015-04-10,2015-04-27,46.4712,44.37,0.58,5.72,1.9,-0.045214,-0.048214,time_exit,False,17,10,383978.21,-18513.13,2015
GHCL,2015-04-10,2015-04-13,56.2787,59.0926,1.51,2.08,4.14,0.05,0.047,take_profit,False,3,1,307182.57,14437.58,2015
KTKBANK,2015-04-13,2015-04-22,73.7436,68.5815,1.47,2.45,5.08,-0.07,-0.073,stopped_out,True,9,6,310070.09,-22635.12,2015
MARICO,2015-04-16,2015-04-21,179.2236,166.6779,1.89,1.51,3.21,-0.07,-0.073,stopped_out,True,5,3,409917.2,-29923.96,2015
ONGC,2015-04-16,2015-04-28,125.3757,116.5994,1.58,1.68,2.84,-0.07,-0.073,stopped_out,True,12,8,327933.76,-23939.16,2015
IGL,2015-04-21,2015-04-23,36.9728,38.8214,1.04,2.25,3.23,0.05,0.047,take_profit,False,2,2,410506.12,19293.79,2015
CHENNPETRO,2015-04-22,2015-04-23,64.9081,68.1535,1.43,1.97,2.07,0.05,0.047,take_profit,False,1,1,385891.89,18136.92,2015
M&MFIN,2015-04-22,2015-04-24,146.6246,153.9558,0.87,2.12,2.59,0.05,0.047,take_profit,False,2,2,308713.51,14509.54,2015
KNRCON,2015-04-23,2015-04-27,47.2768,43.9674,0.55,2.29,4.5,-0.07,-0.073,stopped_out,True,4,2,413736.55,-30202.77,2015
CHENNPETRO,2015-04-23,2015-04-27,70.8829,65.9211,1.64,4.5,8.75,-0.07,-0.073,stopped_out,True,4,2,330989.24,-24162.21,2015
MARUTI,2015-04-27,2015-04-28,3312.911,3478.5565,2.6,4.94,2.39,0.05,0.047,take_profit,False,1,1,432480.95,20326.6,2015
UPL,2015-04-27,2015-04-28,267.0668,280.4201,1.21,2.29,3.3,0.05,0.047,take_profit,False,1,1,540601.18,25408.26,2015
MARUTI,2015-04-28,2015-05-07,3471.0926,3228.1161,1.64,2.84,4.33,-0.07,-0.073,stopped_out,True,9,6,610547.08,-44569.94,2015
WELCORP,2015-04-28,2015-04-29,54.9407,59.6566,19.85,6.77,20.04,0.085837,0.082837,take_profit_gap,False,1,1,488437.66,40460.71,2015
NATCOPHARM,2015-04-28,2015-04-30,379.315,398.2807,3.59,1.92,10.71,0.05,0.047,take_profit,False,2,2,390750.13,18365.26,2015
ICICIBANK,2015-04-28,2015-05-07,272.9201,253.8157,3.87,2.79,6.95,-0.07,-0.073,stopped_out,True,9,6,312600.1,-22819.81,2015
WELSPUNLIV,2015-04-29,2015-04-30,40.5348,42.5615,4.01,6.53,7.31,0.05,0.047,take_profit,False,1,1,355859.76,16725.41,2015
CANFINHOME,2015-04-29,2015-05-04,131.2908,137.8554,3.05,1.65,4.71,0.05,0.047,take_profit,False,5,2,284687.8,13380.33,2015
BAJAJFINSV,2015-04-30,2015-05-15,142.7178,143.5042,3.04,2.97,3.45,0.00551,0.00251,time_exit,False,15,10,307272.28,771.25,2015
VGUARD,2015-04-30,2015-05-07,67.9953,63.2356,4.6,1.52,4.74,-0.07,-0.073,stopped_out,True,7,4,384090.35,-28038.6,2015
FORTIS,2015-05-04,2015-05-06,172.1023,160.0551,3.0,2.47,9.01,-0.07,-0.073,stopped_out,True,2,2,305431.45,-22296.5,2015
ABFRL,2015-05-07,2015-05-08,168.7388,177.1758,3.36,1.98,7.81,0.05,0.047,take_profit,False,1,1,543333.99,25536.7,2015
SWANCORP,2015-05-08,2015-05-22,63.5173,63.4538,6.56,1.89,7.2,-0.001,-0.004,time_exit,False,14,10,548441.33,-2193.77,2015
EICHERMOT,2015-05-08,2015-05-11,1463.6007,1536.7807,5.22,1.99,5.7,0.05,0.047,take_profit,False,3,1,438753.06,20621.39,2015
EICHERMOT,2015-05-11,2015-05-13,1564.7328,1642.9694,4.21,3.13,5.65,0.05,0.047,take_profit,False,2,2,283441.5,13321.75,2015
ASHOKLEY,2015-05-11,2015-05-13,30.7993,28.6434,2.98,1.91,6.75,-0.07,-0.073,stopped_out,True,2,2,442877.34,-32330.05,2015
ASHOKLEY,2015-05-11,2015-05-13,30.7993,28.6434,0.61,1.91,6.75,-0.07,-0.073,stopped_out,True,2,2,354301.88,-25864.04,2015
CIEINDIA,2015-05-13,2015-05-18,203.8239,214.0151,0.82,2.13,3.91,0.05,0.047,take_profit,False,5,3,277697.84,13051.8,2015
CUB,2015-05-13,2015-05-27,77.0331,77.6112,1.65,2.19,4.45,0.007505,0.004505,time_exit,False,14,10,433902.88,1954.73,2015
TATAINVEST,2015-05-13,2015-05-27,46.445,46.2333,0.69,2.18,3.28,-0.004558,-0.007558,time_exit,False,14,10,347122.3,-2623.55,2015
JBCHEPHARM,2015-05-15,2015-05-18,97.9903,102.8898,4.4,2.0,5.73,0.05,0.047,take_profit,False,3,1,283766.98,13337.05,2015
APOLLOTYRE,2015-05-18,2015-06-01,159.1524,157.8403,3.17,2.5,7.41,-0.008245,-0.011245,time_exit,False,14,10,344584.32,-3874.85,2015
STLTECH,2015-05-18,2015-05-19,60.1693,63.1777,3.03,10.98,3.45,0.05,0.047,take_profit,False,1,1,275667.45,12956.37,2015
FINPIPE,2015-05-19,2015-05-28,48.1266,44.7577,2.25,4.22,4.1,-0.07,-0.073,stopped_out,True,9,7,278258.73,-20312.89,2015
TATAELXSI,2015-05-22,2015-06-03,545.8012,507.5951,2.31,2.06,5.1,-0.07,-0.073,stopped_out,True,12,8,331856.5,-24225.52,2015
BBTC,2015-05-27,2015-05-28,486.4629,510.786,1.81,1.58,2.99,0.05,0.047,take_profit,False,1,1,421556.47,19813.15,2015
SURYAROSNI,2015-05-27,2015-06-03,27.1506,25.25,1.62,2.22,4.14,-0.07,-0.073,stopped_out,True,7,5,337245.18,-24618.9,2015
BPCL,2015-05-28,2015-06-01,70.5216,74.0477,2.97,2.62,2.26,0.05,0.047,take_profit,False,4,2,409659.23,19253.98,2015
UCOBANK,2015-05-28,2015-06-03,60.9635,56.6961,2.68,2.62,4.22,-0.07,-0.073,stopped_out,True,6,4,327727.39,-23924.1,2015
MARUTI,2015-06-01,2015-06-15,3525.8018,3417.5489,0.67,1.86,2.56,-0.030703,-0.033703,time_exit,False,14,10,416106.45,-14024.04,2015
BAJAJELEC,2015-06-01,2015-06-03,248.985,231.556,1.75,2.46,4.26,-0.07,-0.073,stopped_out,True,2,2,332885.16,-24300.62,2015
COFORGE,2015-06-03,2015-06-17,67.9804,65.358,3.01,2.31,3.85,-0.038575,-0.041575,time_exit,False,14,10,512837.14,-21321.2,2015
PRAJIND,2015-06-04,2015-06-05,70.8095,74.35,7.73,5.66,14.99,0.05,0.047,take_profit,False,1,1,262572.62,12340.91,2015
TIMETECHNO,2015-06-04,2015-06-11,23.6487,21.9933,2.97,2.21,5.25,-0.07,-0.073,stopped_out,True,7,5,328215.77,-23959.75,2015
BEML,2015-06-04,2015-06-05,442.4789,464.6028,5.59,2.8,6.36,0.05,0.047,take_profit,False,1,1,410269.71,19282.68,2015
GABRIEL,2015-06-05,2015-06-12,73.8058,68.6393,0.54,4.05,7.95,-0.07,-0.073,stopped_out,True,7,5,350951.28,-25619.44,2015
BRITANNIA,2015-06-05,2015-06-19,1177.6018,1174.6882,2.05,2.04,4.6,-0.002474,-0.005474,time_exit,False,14,10,280761.02,-1536.89,2015
GESHIP,2015-06-11,2015-06-25,246.5234,241.275,1.58,5.55,1.79,-0.021289,-0.024289,time_exit,False,14,10,285460.02,-6933.54,2015
KITEX,2015-06-15,2015-06-18,202.2525,212.3652,1.07,1.63,4.06,0.05,0.047,take_profit,False,3,3,373850.87,17570.99,2015
ELECON,2015-06-15,2015-06-17,32.8768,34.5207,0.68,2.62,6.94,0.05,0.047,take_profit,False,2,2,299080.69,14056.79,2015
RELIANCE,2015-06-17,2015-06-18,201.877,211.9708,2.95,1.71,2.89,0.05,0.047,take_profit,False,1,1,400195.24,18809.18,2015
NAVINFLUOR,2015-06-17,2015-06-24,168.0819,176.486,1.43,2.57,4.84,0.05,0.047,take_profit,False,7,5,320156.19,15047.34,2015
CHENNPETRO,2015-06-18,2015-06-22,117.6726,123.5562,1.29,2.18,5.31,0.05,0.047,take_profit,False,4,2,418210.21,19655.88,2015
STLTECH,2015-06-18,2015-06-24,62.4028,65.523,1.24,1.53,5.15,0.05,0.047,take_profit,False,6,4,334568.17,15724.7,2015
COFORGE,2015-06-19,2015-07-03,68.0656,66.7629,1.52,2.29,3.45,-0.019138,-0.022138,time_exit,False,14,10,323499.36,-7161.63,2015
KPRMILL,2015-06-22,2015-07-01,58.4349,61.3566,3.89,3.54,8.3,0.05,0.047,take_profit,False,9,7,346372.7,16279.52,2015
SUBROS,2015-06-24,2015-07-07,58.4461,61.3684,0.71,6.67,6.62,0.05,0.047,take_profit,False,13,9,414197.44,19467.28,2015
RKFORGE,2015-06-24,2015-06-25,123.224,129.3852,7.06,11.72,7.04,0.05,0.047,take_profit,False,1,1,331357.96,15573.82,2015
NBCC,2015-06-25,2015-06-26,35.2531,37.0158,7.95,7.96,8.62,0.05,0.047,take_profit,False,1,1,312142.41,14670.69,2015
KARURVYSYA,2015-06-25,2015-07-09,59.623,58.3335,2.97,3.37,6.65,-0.021627,-0.024627,time_exit,False,14,10,390178.02,-9608.91,2015
INDIACEM,2015-06-26,2015-07-10,90.1839,90.4757,4.33,6.78,4.25,0.003236,0.000236,time_exit,False,14,10,315076.55,74.36,2015
RTNINDIA,2015-07-01,2015-07-02,2.2511,2.3637,2.22,2.94,7.14,0.05,0.047,take_profit,False,1,1,324591.69,15255.81,2015
CEATLTD,2015-07-02,2015-07-16,649.3174,653.0583,4.28,2.55,1.58,0.005761,0.002761,time_exit,False,14,10,327642.85,904.62,2015
NAVINFLUOR,2015-07-03,2015-07-17,210.0874,210.2853,3.36,4.11,6.8,0.000942,-0.002058,time_exit,False,14,10,325381.82,-669.64,2015
BERGEPAINT,2015-07-07,2015-07-21,121.2672,120.8091,1.34,2.52,3.73,-0.003778,-0.006778,time_exit,False,14,10,347038.4,-2352.23,2015
AVANTIFEED,2015-07-09,2015-07-10,118.6056,124.5359,3.46,5.64,3.2,0.05,0.047,take_profit,False,1,1,353744.54,16625.99,2015
PATELENG,2015-07-10,2015-07-14,56.7637,59.6019,0.92,1.89,2.31,0.05,0.047,take_profit,False,4,2,420099.92,19744.7,2015
CGPOWER,2015-07-10,2015-07-17,63.8768,67.0706,1.39,2.4,2.5,0.05,0.047,take_profit,False,7,5,336079.94,15795.76,2015
RTNINDIA,2015-07-14,2015-07-15,2.5513,2.3727,1.96,4.25,13.33,-0.07,-0.073,stopped_out,True,1,1,356832.88,-26048.8,2015
BSOFT,2015-07-15,2015-07-17,54.8393,57.5813,5.69,2.03,6.24,0.05,0.047,take_profit,False,2,2,351623.12,16526.29,2015
SUNDRMFAST,2015-07-16,2015-07-30,154.8666,157.3909,3.19,2.73,5.15,0.0163,0.0133,time_exit,False,14,10,347007.99,4615.21,2015
ABFRL,2015-07-17,2015-07-20,192.309,201.9245,5.1,2.55,3.94,0.05,0.047,take_profit,False,3,1,389243.08,18294.42,2015
MAHABANK,2015-07-17,2015-07-21,34.0115,36.3178,1.53,2.04,4.39,0.067809,0.064809,take_profit_gap,False,4,2,486553.85,31533.07,2015
JBCHEPHARM,2015-07-17,2015-07-30,114.4671,120.1904,0.57,2.69,1.72,0.05,0.047,take_profit,False,13,9,311394.46,14635.54,2015
ELGIEQUIP,2015-07-20,2015-08-03,67.4129,70.7835,1.96,12.83,6.28,0.05,0.047,take_profit,False,14,10,330623.07,15539.28,2015
CCL,2015-07-21,2015-07-23,184.5776,193.8064,2.93,7.5,1.85,0.05,0.047,take_profit,False,2,2,349642.46,16433.2,2015
AURIONPRO,2015-07-21,2015-07-28,78.812,73.2952,1.97,4.24,8.06,-0.07,-0.073,stopped_out,True,7,5,437053.07,-31904.87,2015
LICHSGFIN,2015-07-23,2015-08-06,417.5843,438.4635,0.59,1.57,1.84,0.05,0.047,take_profit,False,14,10,352929.1,16587.67,2015
KPRMILL,2015-07-28,2015-07-29,64.9381,68.1851,4.31,4.26,4.41,0.05,0.047,take_profit,False,1,1,363372.92,17078.53,2015
CUMMINSIND,2015-07-29,2015-08-06,828.7679,870.2063,1.44,1.54,5.29,0.05,0.047,take_profit,False,8,6,366788.62,17239.07,2015
RELINFRA,2015-07-30,2015-08-04,381.4701,400.5436,3.88,1.59,4.84,0.05,0.047,take_profit,False,5,3,428961.54,20161.19,2015
BANKBARODA,2015-07-30,2015-07-31,148.4667,155.8901,6.67,6.81,9.41,0.05,0.047,take_profit,False,1,1,343169.23,16128.95,2015
INDIACEM,2015-07-31,2015-08-10,88.5111,82.3154,2.78,1.97,6.01,-0.07,-0.073,stopped_out,True,10,6,346395.02,-25286.84,2015
SURYAROSNI,2015-08-03,2015-08-06,33.7639,35.4521,4.73,3.75,8.41,0.05,0.047,take_profit,False,3,3,346348.49,16278.38,2015
SHILPAMED,2015-08-04,2015-08-05,265.1992,281.5654,21.68,9.23,21.26,0.061713,0.058713,take_profit_gap,False,1,1,366903.34,21542.0,2015
BHARATFORG,2015-08-05,2015-08-13,576.1926,535.8591,1.72,2.15,4.86,-0.07,-0.073,stopped_out,True,8,6,371211.74,-27098.46,2015
ALOKINDS,2015-08-06,2015-08-11,8.2541,7.6763,6.06,4.56,12.24,-0.07,-0.073,stopped_out,True,5,3,520203.65,-37974.87,2015
GHCL,2015-08-06,2015-08-07,77.2413,81.1033,4.1,4.11,4.94,0.05,0.047,take_profit,False,1,1,416162.92,19559.66,2015
GRAVITA,2015-08-06,2015-08-10,33.0621,30.7478,3.35,2.46,9.82,-0.07,-0.073,stopped_out,True,4,2,332930.34,-24303.91,2015
GHCL,2015-08-07,2015-08-10,92.6658,97.2991,16.09,6.49,19.54,0.05,0.047,take_profit,False,3,1,353488.79,16613.97,2015
INDIAGLYCO,2015-08-10,2015-08-11,44.6176,48.7376,8.59,2.42,4.49,0.092341,0.089341,take_profit_gap,False,1,1,386206.8,34504.1,2015
TIPSMUSIC,2015-08-10,2015-08-11,5.4792,5.0957,5.48,11.88,18.26,-0.07,-0.073,stopped_out,True,1,1,308965.44,-22554.48,2015
GNFC,2015-08-10,2015-08-12,53.4948,49.7502,1.66,3.04,3.06,-0.07,-0.073,stopped_out,True,2,2,482758.5,-35241.37,2015
COFORGE,2015-08-11,2015-08-21,90.082,83.7762,2.78,1.61,7.53,-0.07,-0.073,stopped_out,True,10,8,485042.48,-35408.1,2015
CHENNPETRO,2015-08-11,2015-08-12,187.3139,196.6796,6.71,6.25,15.5,0.05,0.047,take_profit,False,1,1,388033.99,18237.6,2015
ECLERX,2015-08-11,2015-08-18,838.0673,879.9706,1.78,8.35,2.85,0.05,0.047,take_profit,False,7,5,310427.19,14590.08,2015
PGIL,2015-08-12,2015-08-18,102.3072,95.1457,1.45,8.97,6.3,-0.07,-0.073,stopped_out,True,6,4,419099.5,-30594.26,2015
HCLTECH,2015-08-12,2015-08-25,363.3578,337.9228,1.04,1.52,3.08,-0.07,-0.073,stopped_out,True,13,9,335279.6,-24475.41,2015
ADANIPORTS,2015-08-13,2015-08-14,317.2397,333.1017,2.45,1.79,2.04,0.05,0.047,take_profit,False,1,1,337046.33,15841.18,2015
SUNDRMFAST,2015-08-14,2015-08-24,159.8212,148.6337,0.74,2.14,2.81,-0.07,-0.073,stopped_out,True,10,6,340214.57,-24835.66,2015
TATAELXSI,2015-08-18,2015-08-19,961.1532,1009.2108,0.74,2.99,19.07,0.05,0.047,take_profit,False,1,1,414876.15,19499.18,2015
TATAELXSI,2015-08-18,2015-08-19,961.1532,1009.2108,14.88,2.99,19.07,0.05,0.047,take_profit,False,1,1,331900.92,15599.34,2015
DIVISLAB,2015-08-19,2015-08-24,1118.0269,1039.765,3.12,2.18,5.05,-0.07,-0.073,stopped_out,True,5,3,421895.86,-30798.4,2015
DIVISLAB,2015-08-19,2015-08-24,1118.0269,1039.765,2.95,2.18,5.05,-0.07,-0.073,stopped_out,True,5,3,337516.69,-24638.72,2015
TITAN,2015-08-27,2015-09-02,333.8014,310.4353,1.53,3.03,8.45,-0.07,-0.073,stopped_out,True,6,4,400622.04,-29245.41,2015
ZENSARTECH,2015-08-27,2015-09-07,144.2796,134.18,1.94,1.87,5.8,-0.07,-0.073,stopped_out,True,11,7,625971.93,-45695.95,2015
ESCORTS,2015-08-27,2015-08-31,162.4442,170.5664,7.52,1.84,16.0,0.05,0.047,take_profit,False,4,2,500777.54,23536.54,2015
PGEL,2015-08-28,2015-08-31,14.7511,15.4886,6.51,2.64,4.02,0.05,0.047,take_profit,False,3,1,256398.1,12050.71,2015
JKLAKSHMI,2015-08-28,2015-09-11,335.4713,348.8706,3.05,1.94,2.02,0.039942,0.036942,time_exit,False,14,10,320497.63,11839.82,2015
DCAL,2015-08-31,2015-09-01,108.7908,114.2304,2.69,2.22,6.22,0.05,0.047,take_profit,False,1,1,363671.06,17092.54,2015
DCAL,2015-08-31,2015-09-01,108.7908,114.2304,1.17,2.22,6.22,0.05,0.047,take_profit,False,1,1,290936.85,13674.03,2015
APLAPOLLO,2015-09-02,2015-09-03,43.9653,46.1636,1.62,2.54,7.8,0.05,0.047,take_profit,False,1,1,444099.7,20872.69,2015
DCAL,2015-09-02,2015-09-07,127.6087,118.6761,1.33,5.91,12.97,-0.07,-0.073,stopped_out,True,5,3,355279.76,-25935.42,2015
DCAL,2015-09-02,2015-09-07,127.6087,118.6761,4.42,5.91,12.97,-0.07,-0.073,stopped_out,True,5,3,284223.81,-20748.34,2015
SUBROS,2015-09-03,2015-09-04,82.0981,76.3513,0.87,2.07,5.58,-0.07,-0.073,stopped_out,True,1,1,320373.53,-23387.27,2015
CHENNPETRO,2015-09-09,2015-09-22,174.8212,183.5622,3.73,1.84,10.12,0.05,0.047,take_profit,False,13,8,550315.23,25864.82,2015
HFCL,2015-09-09,2015-09-14,13.7119,14.3975,3.09,2.28,5.28,0.05,0.047,take_profit,False,5,3,440252.18,20691.85,2015
HFCL,2015-09-09,2015-09-14,13.7119,14.3975,1.43,2.28,5.28,0.05,0.047,take_profit,False,5,3,352201.75,16553.48,2015
CANFINHOME,2015-09-10,2015-09-24,149.3437,156.8109,3.91,1.84,6.07,0.05,0.047,take_profit,False,14,9,281761.4,13242.79,2015
OLECTRA,2015-09-11,2015-09-14,16.7839,18.6634,5.71,12.5,15.86,0.111983,0.108983,take_profit_gap,False,3,1,291876.61,31809.59,2015
HFCL,2015-09-14,2015-09-21,14.9406,15.6876,2.63,2.0,7.42,0.05,0.047,take_profit,False,7,4,464178.38,21816.38,2015
KIRLOSENG,2015-09-14,2015-09-18,241.1381,253.1951,0.6,2.22,2.97,0.05,0.047,take_profit,False,4,3,371342.7,17453.11,2015
BERGEPAINT,2015-09-14,2015-09-30,125.3261,123.7084,0.77,1.87,3.06,-0.012908,-0.015908,time_exit,False,16,10,297074.16,-4725.86,2015
SHRIRAMFIN,2015-09-18,2015-10-06,153.8813,161.5754,1.25,1.86,2.31,0.05,0.047,take_profit,False,18,10,315418.49,14824.67,2015
GRANULES,2015-09-21,2015-09-23,123.9588,130.1568,0.95,2.53,8.33,0.05,0.047,take_profit,False,2,2,349533.75,16428.09,2015
TRIDENT,2015-09-22,2015-09-23,3.0033,3.1535,6.41,2.87,6.84,0.05,0.047,take_profit,False,1,1,394863.01,18558.56,2015
GRANULES,2015-09-23,2015-09-24,129.8594,136.3524,1.96,2.2,10.57,0.05,0.047,take_profit,False,1,1,471767.09,22173.05,2015
MARKSANS,2015-09-23,2015-09-24,98.2813,103.1954,2.4,2.36,11.82,0.05,0.047,take_profit,False,1,1,377413.67,17738.44,2015
LUPIN,2015-09-24,2015-10-01,1881.4828,1975.5569,2.19,2.39,2.33,0.05,0.047,take_profit,False,7,4,538750.22,25321.26,2015
FDC,2015-09-24,2015-10-05,225.7603,237.0484,2.73,6.83,8.37,0.05,0.047,take_profit,False,11,5,431000.18,20257.01,2015
V2RETAIL,2015-09-24,2015-09-28,70.9855,74.5347,8.17,3.68,15.37,0.05,0.047,take_profit,False,4,1,344800.14,16205.61,2015
IDBI,2015-09-28,2015-10-13,74.8963,73.1188,2.4,3.81,5.75,-0.023733,-0.026733,time_exit,False,15,10,348041.26,-9304.19,2015
JISLJALEQS,2015-09-30,2015-10-12,59.7454,62.7326,2.03,1.55,4.48,0.05,0.047,take_profit,False,12,7,336902.67,15834.43,2015
IMFA,2015-10-01,2015-10-05,59.9019,55.7087,7.78,7.06,19.65,-0.07,-0.073,stopped_out,True,4,1,382336.43,-27910.56,2015
DCAL,2015-10-05,2015-10-09,183.5279,170.681,0.57,1.61,4.1,-0.07,-0.073,stopped_out,True,4,4,467005.76,-34091.42,2015
OLECTRA,2015-10-05,2015-10-06,17.733,18.6196,1.87,3.56,8.23,0.05,0.047,take_profit,False,1,1,373604.61,17559.42,2015
ITI,2015-10-06,2015-10-07,27.2136,28.5743,9.01,8.98,12.16,0.05,0.047,take_profit,False,1,1,443165.12,20828.76,2015
ESCORTS,2015-10-06,2015-10-16,154.673,162.4067,1.17,2.31,3.98,0.05,0.047,take_profit,False,10,8,354532.1,16663.01,2015
TVSMOTOR,2015-10-07,2015-10-21,227.5764,238.9552,1.72,4.46,4.62,0.05,0.047,take_profit,False,14,10,376424.46,17691.95,2015
NATIONALUM,2015-10-09,2015-10-13,21.1582,22.2161,1.37,3.11,2.52,0.05,0.047,take_profit,False,4,2,387722.43,18222.95,2015
DATAMATICS,2015-10-12,2015-10-13,53.4908,56.1654,0.87,3.38,3.22,0.05,0.047,take_profit,False,1,1,380725.36,17894.09,2015
FINPIPE,2015-10-13,2015-10-14,46.1935,48.5032,4.73,2.35,5.23,0.05,0.047,take_profit,False,1,1,533240.68,25062.31,2015
BERGEPAINT,2015-10-13,2015-10-28,128.8497,123.9336,0.78,1.91,1.6,-0.038153,-0.041153,time_exit,False,15,10,426592.54,-17555.56,2015
COROMANDEL,2015-10-13,2015-10-28,169.0443,167.8673,9.61,1.91,2.58,-0.006963,-0.009963,time_exit,False,15,10,341274.03,-3400.11,2015
FINPIPE,2015-10-14,2015-10-20,48.9832,51.4324,0.89,5.41,4.04,0.05,0.047,take_profit,False,6,4,384679.82,18079.95,2015
ACE,2015-10-16,2015-10-21,44.8539,41.7141,2.78,5.34,7.34,-0.07,-0.073,stopped_out,True,5,3,381982.88,-27884.75,2015
ICIL,2015-10-20,2015-10-26,170.2225,178.705,0.8,1.98,1.92,0.049832,0.046832,take_profit_gap,False,6,3,386138.26,18083.63,2015
RENUKA,2015-10-21,2015-10-30,12.1561,11.3051,2.06,2.46,3.85,-0.07,-0.073,stopped_out,True,9,6,458553.51,-33474.41,2015
KPRMILL,2015-10-21,2015-10-23,78.3024,82.2175,6.69,1.99,6.02,0.05,0.047,take_profit,False,2,1,366842.81,17241.61,2015
WEBELSOLAR,2015-10-23,2015-10-29,2.4062,2.5265,1.25,2.02,11.86,0.05,0.047,take_profit,False,6,4,370291.13,17403.68,2015
GODREJIND,2015-10-26,2015-11-03,378.1953,397.105,1.96,2.08,3.82,0.05,0.047,take_profit,False,8,6,377077.28,17722.63,2015
RADICO,2015-10-28,2015-11-03,97.4537,102.3264,3.17,2.52,5.49,0.05,0.047,take_profit,False,6,4,451044.01,21199.07,2015
PCJEWELLER,2015-10-28,2015-10-29,20.2077,21.2181,0.98,2.36,7.5,0.05,0.047,take_profit,False,1,1,360835.21,16959.25,2015
DRREDDY,2015-10-29,2015-11-06,789.8207,734.5332,0.71,2.37,2.59,-0.07,-0.073,stopped_out,True,8,6,441766.02,-32248.92,2015
MPHASIS,2015-10-29,2015-10-30,397.1703,369.3684,1.69,6.62,14.02,-0.07,-0.073,stopped_out,True,1,1,353412.82,-25799.14,2015
KOTAKBANK,2015-10-30,2015-11-09,136.7087,127.1391,0.73,3.93,3.42,-0.07,-0.073,stopped_out,True,10,6,346615.05,-25302.9,2015
KTKBANK,2015-10-30,2015-11-09,72.3249,67.2622,0.97,3.66,3.29,-0.07,-0.073,stopped_out,True,10,6,433268.81,-31628.62,2015
ITI,2015-11-03,2015-11-05,28.1141,26.1461,0.53,1.69,4.46,-0.07,-0.073,stopped_out,True,2,2,450700.64,-32901.15,2015
GNFC,2015-11-03,2015-11-04,48.8886,53.364,7.36,2.63,2.02,0.091545,0.088545,take_profit_gap,False,1,1,360560.51,31925.83,2015
JISLJALEQS,2015-11-04,2015-11-20,63.0982,62.0582,2.66,3.34,5.04,-0.016482,-0.019482,time_exit,False,16,10,366945.68,-7148.84,2015
MOTHERSON,2015-11-06,2015-11-09,28.5357,29.9625,4.02,2.92,8.65,0.05,0.047,take_profit,False,3,1,459019.86,21573.93,2015
ALLCARGO,2015-11-09,2015-11-13,36.0295,37.831,1.07,1.78,6.74,0.05,0.047,take_profit,False,4,2,607925.11,28572.48,2015
BSOFT,2015-11-09,2015-11-19,78.9466,82.8939,2.95,1.86,9.6,0.05,0.047,take_profit,False,10,6,486340.09,22857.98,2015
GESHIP,2015-11-09,2015-11-24,286.7996,266.7237,4.27,6.06,5.33,-0.07,-0.073,stopped_out,True,15,9,389072.07,-28402.26,2015
SONATSOFTW,2015-11-09,2015-11-10,41.0437,43.0959,1.19,1.55,3.89,0.05,0.047,take_profit,False,1,1,311257.66,14629.11,2015
SHILPAMED,2015-11-10,2015-11-16,248.698,261.133,1.98,3.74,3.15,0.05,0.047,take_profit,False,6,2,314183.48,14766.62,2015
FINCABLES,2015-11-13,2015-11-20,230.7374,242.2743,2.78,1.87,1.58,0.05,0.047,take_profit,False,7,5,378646.3,17796.38,2015
GMRAIRPORT,2015-11-16,2015-11-18,12.0785,12.6824,1.26,2.24,8.94,0.05,0.047,take_profit,False,2,2,368707.06,17329.23,2015
TEXRAIL,2015-11-18,2015-11-19,116.5192,122.3452,3.81,2.37,2.87,0.05,0.047,take_profit,False,1,1,372172.91,17492.13,2015
TEXRAIL,2015-11-19,2015-11-30,122.89,129.0345,1.5,4.45,3.63,0.05,0.047,take_profit,False,11,6,477510.95,22443.01,2015
PCBL,2015-11-19,2015-11-26,9.7206,10.2066,2.86,2.59,1.59,0.05,0.047,take_profit,False,7,4,382008.76,17954.41,2015
AURIONPRO,2015-11-20,2015-11-24,83.7196,87.9055,2.9,2.14,7.82,0.05,0.047,take_profit,False,4,2,365483.93,17177.74,2015
GREAVESCOT,2015-11-20,2015-12-07,128.9281,122.5477,1.83,2.49,3.98,-0.049488,-0.052488,time_exit,False,17,10,456854.91,-23979.4,2015
SUNDRMFAST,2015-11-24,2015-12-09,146.1012,135.8741,2.38,2.04,5.13,-0.07,-0.073,stopped_out,True,15,10,441053.44,-32196.9,2015
SUNDRMFAST,2015-11-24,2015-12-09,146.1012,135.8741,0.85,2.04,5.13,-0.07,-0.073,stopped_out,True,15,10,352842.75,-25757.52,2015
PTC,2015-11-26,2015-12-04,37.2044,34.6001,0.52,4.85,2.13,-0.07,-0.073,stopped_out,True,8,6,362266.84,-26445.48,2015
DATAMATICS,2015-11-30,2015-12-01,55.4376,58.2095,4.18,3.28,5.0,0.05,0.047,take_profit,False,1,1,389804.26,18320.8,2015
MUTHOOTFIN,2015-12-01,2015-12-03,156.0066,163.807,1.72,2.89,2.76,0.05,0.047,take_profit,False,2,2,393468.42,18493.02,2015
THANGAMAYL,2015-12-03,2015-12-11,101.5064,94.4009,2.69,1.83,8.73,-0.07,-0.073,stopped_out,True,8,6,397167.02,-28993.19,2015
CHOLAHLDNG,2015-12-04,2015-12-18,265.8988,247.2859,1.26,1.61,3.15,-0.07,-0.073,stopped_out,True,14,10,384897.89,-28097.55,2015
ASIANPAINT,2015-12-07,2015-12-21,803.8412,804.927,1.8,1.74,3.5,0.001351,-0.001649,time_exit,False,14,10,394493.41,-650.52,2015
FACT,2015-12-10,2015-12-11,24.2322,25.4438,11.52,3.4,10.96,0.05,0.047,take_profit,False,1,1,462783.09,21750.81,2015
OLECTRA,2015-12-10,2015-12-23,16.3843,17.2035,1.52,3.4,6.84,0.05,0.047,take_profit,False,13,9,370226.47,17400.64,2015
TATASTEEL,2015-12-11,2015-12-17,17.7267,18.613,1.54,2.14,2.47,0.05,0.047,take_profit,False,6,4,466722.72,21935.97,2015
TITAGARH,2015-12-11,2015-12-24,150.0677,157.5711,3.05,3.29,4.86,0.05,0.047,take_profit,False,13,9,373378.18,17548.77,2015
TRIDENT,2015-12-17,2016-01-01,4.7238,4.5729,2.59,2.51,8.34,-0.031931,-0.034931,time_exit,False,15,10,396434.28,-13847.85,2016
BEL,2015-12-18,2015-12-24,31.1712,32.7297,0.53,4.23,2.37,0.05,0.047,take_profit,False,6,4,388507.49,18259.85,2015
INDIAGLYCO,2015-12-21,2016-01-05,48.2005,46.9142,1.25,3.04,1.52,-0.026687,-0.029687,time_exit,False,15,10,389574.57,-11565.3,2016
HSCL,2015-12-23,2015-12-24,15.7322,16.5188,6.56,5.82,7.02,0.05,0.047,take_profit,False,1,1,389185.08,18291.7,2015
PGIL,2015-12-24,2016-01-01,110.5408,102.8029,4.7,18.82,10.6,-0.07,-0.073,stopped_out,True,8,5,552382.28,-40323.91,2016
ALLCARGO,2015-12-24,2015-12-28,41.6011,43.6812,4.65,2.21,3.16,0.05,0.047,take_profit,False,4,1,441905.82,20769.57,2015
VMART,2015-12-24,2015-12-28,145.8408,153.1329,12.51,17.67,11.68,0.05,0.047,take_profit,False,4,1,353524.66,16615.66,2015
IGL,2015-12-28,2016-01-05,45.6632,47.9464,1.85,1.61,2.02,0.05,0.047,take_profit,False,8,6,449382.87,21120.99,2016
PCBL,2015-12-28,2016-01-11,9.6761,9.2329,0.94,2.0,1.91,-0.045799,-0.048799,time_exit,False,14,10,359506.3,-17543.55,2016
WEBELSOLAR,2016-01-01,2016-01-05,4.4822,4.9325,9.6,1.7,1.82,0.100461,0.097461,take_profit_gap,False,4,2,466534.0,45468.87,2016
BALRAMCHIN,2016-01-01,2016-01-06,62.8808,66.0248,1.53,2.35,1.7,0.05,0.047,take_profit,False,5,3,373227.2,17541.68,2016
TATASTEEL,2016-01-05,2016-01-07,20.1845,18.7715,1.02,2.22,6.5,-0.07,-0.073,stopped_out,True,2,2,570684.96,-41660.0,2016
SARDAEN,2016-01-05,2016-01-06,10.2972,10.812,3.39,2.97,13.66,0.05,0.047,take_profit,False,1,1,456547.97,21457.75,2016
CGCL,2016-01-05,2016-01-12,38.1175,40.0579,7.12,4.4,14.07,0.050906,0.047906,take_profit_gap,False,7,5,365238.37,17497.11,2016
PETRONET,2016-01-06,2016-01-13,92.48,86.0064,0.96,3.05,2.31,-0.07,-0.073,stopped_out,True,7,5,465945.62,-34014.03,2016
JAIBALAJI,2016-01-06,2016-01-07,2.1111,1.9633,5.21,3.68,12.23,-0.07,-0.073,stopped_out,True,1,1,372756.49,-27211.22,2016
BALRAMCHIN,2016-01-08,2016-01-13,71.9324,75.5291,4.86,4.13,8.22,0.05,0.047,take_profit,False,5,3,473119.24,22236.6,2016
TRIVENI,2016-01-08,2016-01-11,48.1098,50.5153,4.08,2.84,16.83,0.05,0.047,take_profit,False,3,1,378495.39,17789.28,2016
CGCL,2016-01-11,2016-01-13,39.3002,36.5492,4.44,3.13,7.36,-0.07,-0.073,stopped_out,True,2,2,360356.64,-26306.03,2016
SUBROS,2016-01-11,2016-01-13,102.5021,95.3269,2.92,4.58,5.72,-0.07,-0.073,stopped_out,True,2,2,450445.8,-32882.54,2016
PGIL,2016-01-14,2016-01-18,107.246,99.7388,3.38,4.01,13.26,-0.07,-0.073,stopped_out,True,4,2,700612.67,-51144.72,2016
INFY,2016-01-14,2016-01-29,432.6439,444.3805,4.11,4.94,6.29,0.027127,0.024127,time_exit,False,15,10,560490.13,13522.95,2016
BPCL,2016-01-15,2016-01-21,82.5365,76.7589,0.79,2.91,2.39,-0.07,-0.073,stopped_out,True,6,4,448392.11,-32732.62,2016
CANFINHOME,2016-01-22,2016-01-28,190.3717,199.8903,7.31,9.85,12.08,0.05,0.047,take_profit,False,6,3,571739.17,26871.74,2016
SYNGENE,2016-01-22,2016-02-08,194.6204,193.4904,1.27,2.9,2.57,-0.005806,-0.008806,time_exit,False,17,10,457391.34,-4027.79,2016
HINDZINC,2016-01-22,2016-01-25,57.5466,60.4239,0.69,1.92,1.65,0.05,0.047,take_profit,False,3,1,365913.07,17197.91,2016
GAIL,2016-01-22,2016-02-05,46.6153,43.3523,1.08,1.56,5.69,-0.07,-0.073,stopped_out,True,14,9,292730.46,-21369.32,2016
JSWSTEEL,2016-01-25,2016-02-02,99.4811,92.5174,1.47,1.83,3.48,-0.07,-0.073,stopped_out,True,8,5,310806.56,-22688.88,2016
BRIGADE,2016-01-28,2016-02-02,97.5865,90.7554,7.36,14.47,14.45,-0.07,-0.073,stopped_out,True,5,3,368367.43,-26890.82,2016
TITAN,2016-01-29,2016-02-12,349.8158,341.9235,2.35,1.5,4.81,-0.022562,-0.025562,time_exit,False,14,10,409496.56,-10467.55,2016
UNOMINDA,2016-02-03,2016-02-09,28.9063,26.8828,0.77,10.31,3.75,-0.07,-0.073,stopped_out,True,6,4,453516.11,-33106.68,2016
UNOMINDA,2016-02-03,2016-02-09,28.9063,26.8828,1.62,10.31,3.75,-0.07,-0.073,stopped_out,True,6,4,362812.89,-26485.34,2016
PRICOLLTD,2016-02-05,2016-02-08,44.5022,46.7273,3.36,1.75,7.21,0.05,0.047,take_profit,False,3,1,344522.53,16192.56,2016
APOLLOTYRE,2016-02-10,2016-02-15,129.1058,135.5611,6.02,3.63,10.37,0.05,0.047,take_profit,False,5,3,589781.15,27719.71,2016
NMDC,2016-02-15,2016-02-23,10.6817,11.2158,9.3,5.18,4.6,0.05,0.047,take_profit,False,8,6,675130.9,31731.15,2016
TATASTEEL,2016-02-15,2016-02-23,18.1535,19.0612,5.59,1.6,11.13,0.05,0.047,take_profit,False,8,6,540104.72,25384.92,2016
PIDILITIND,2016-02-17,2016-02-19,285.2828,299.5469,2.15,1.68,2.3,0.05,0.047,take_profit,False,2,2,432083.77,20307.94,2016
DRREDDY,2016-02-18,2016-03-03,580.688,595.9112,1.83,2.03,1.76,0.026216,0.023216,time_exit,False,14,10,345667.02,8025.01,2016
HEROMOTOCO,2016-02-18,2016-03-02,1873.9629,1967.661,2.2,1.5,3.22,0.05,0.047,take_profit,False,13,9,276533.62,12997.08,2016
HEROMOTOCO,2016-02-19,2016-02-29,1937.2809,1801.6712,1.72,2.38,3.41,-0.07,-0.073,stopped_out,True,10,6,311705.23,-22754.48,2016
JSWSTEEL,2016-02-23,2016-03-04,100.986,106.0353,0.68,1.6,2.65,0.05,0.047,take_profit,False,10,8,503834.52,23680.22,2016
SYNGENE,2016-02-26,2016-03-14,198.6863,197.7984,1.1,2.8,3.64,-0.004469,-0.007469,time_exit,False,17,10,403067.62,-3010.51,2016
DEEPAKFERT,2016-03-01,2016-03-09,119.1104,125.066,1.56,5.02,3.36,0.05,0.047,take_profit,False,8,5,380244.25,17871.48,2016
FINPIPE,2016-03-02,2016-03-08,56.0873,58.8917,1.19,4.06,3.0,0.05,0.047,take_profit,False,6,3,362101.54,17018.77,2016
EDELWEISS,2016-03-03,2016-03-04,24.1152,25.3209,2.22,4.12,2.37,0.05,0.047,take_profit,False,1,1,360419.63,16939.72,2016
EDELWEISS,2016-03-04,2016-03-18,26.4374,24.5868,3.12,4.01,7.73,-0.07,-0.073,stopped_out,True,14,9,469310.53,-34259.67,2016
UPL,2016-03-04,2016-03-21,268.886,268.8891,1.01,2.67,4.88,1.2e-05,-0.002988,time_exit,False,17,10,375448.42,-1121.84,2016
FINPIPE,2016-03-08,2016-03-14,60.1588,63.2204,3.09,3.18,5.6,0.050891,0.047891,take_profit_gap,False,6,4,376182.8,18015.77,2016
GABRIEL,2016-03-09,2016-03-21,80.5952,74.9535,1.79,1.83,5.06,-0.07,-0.073,stopped_out,True,12,8,380569.38,-27781.57,2016
SUNTV,2016-03-14,2016-03-30,281.6077,288.7863,3.42,2.42,6.56,0.025491,0.022491,time_exit,False,16,10,370645.31,8336.18,2016
ASTRAL,2016-03-14,2016-03-30,184.9683,184.1434,3.62,2.25,3.36,-0.00446,-0.00746,time_exit,False,16,10,463306.64,-3456.27,2016
JKLAKSHMI,2016-03-18,2016-03-21,311.7738,327.3625,3.48,2.51,4.87,0.05,0.047,take_profit,False,3,1,383526.42,18025.74,2016
BLUEDART,2016-03-21,2016-04-06,5835.2907,5939.7679,4.54,2.73,10.26,0.017904,0.014904,time_exit,False,16,10,532554.45,7937.19,2016
TTML,2016-03-21,2016-03-22,6.4141,6.7348,7.46,3.15,10.74,0.05,0.047,take_profit,False,1,1,426043.56,20024.05,2016
ACC,2016-03-21,2016-04-06,1248.399,1295.5636,0.85,2.38,2.23,0.03778,0.03478,time_exit,False,16,10,340834.85,11854.24,2016
TATAPOWER,2016-03-22,2016-03-31,53.6055,56.2858,4.85,2.66,4.22,0.05,0.047,take_profit,False,9,5,361881.4,17008.43,2016
UPL,2016-03-30,2016-04-12,285.3892,299.6587,0.79,1.94,3.99,0.05,0.047,take_profit,False,13,9,457271.5,21491.76,2016
ADANIPOWER,2016-03-30,2016-03-31,6.5233,6.8494,6.29,2.75,8.85,0.05,0.047,take_profit,False,1,1,365817.2,17193.41,2016
WHIRLPOOL,2016-03-31,2016-04-11,685.2539,719.5166,0.89,3.05,2.13,0.05,0.047,take_profit,False,11,7,445033.84,20916.59,2016
HAVELLS,2016-03-31,2016-04-11,299.939,314.9359,1.89,2.5,1.89,0.05,0.047,take_profit,False,11,7,356027.08,16733.27,2016
PCBL,2016-04-06,2016-04-12,7.7698,8.1583,4.58,4.11,8.05,0.05,0.047,take_profit,False,6,4,463457.81,21782.52,2016
BAJAJELEC,2016-04-06,2016-04-25,189.9189,195.473,1.82,1.85,3.17,0.029245,0.026245,time_exit,False,19,10,370766.24,9730.76,2016
CHOLAFIN,2016-04-11,2016-04-12,147.6487,155.0311,2.22,1.79,1.97,0.05,0.047,take_profit,False,1,1,464355.15,21824.69,2016
AVANTIFEED,2016-04-11,2016-04-12,122.7713,128.9099,0.73,1.68,3.18,0.05,0.047,take_profit,False,1,1,371484.12,17459.75,2016
JISLJALEQS,2016-04-12,2016-04-20,58.7675,61.7058,5.94,2.27,5.43,0.05,0.047,take_profit,False,8,3,532010.21,25004.48,2016
M&MFIN,2016-04-12,2016-04-13,139.5142,146.49,5.02,1.79,6.06,0.05,0.047,take_profit,False,1,1,340486.53,16002.87,2016
ESCORTS,2016-04-12,2016-04-29,161.4954,161.334,7.77,6.12,8.7,-0.001,-0.004,time_exit,False,17,10,665012.76,-2660.05,2016
GREAVESCOT,2016-04-12,2016-04-13,112.5489,118.1763,2.71,2.3,2.54,0.05,0.047,take_profit,False,1,1,425608.16,20003.58,2016
THOMASCOOK,2016-04-13,2016-04-29,68.2967,63.5159,2.32,2.4,4.79,-0.07,-0.073,stopped_out,True,16,9,432809.45,-31595.09,2016
VSTIND,2016-04-13,2016-04-21,111.5441,117.1213,0.96,2.66,1.68,0.05,0.047,take_profit,False,8,3,346247.56,16273.64,2016
JINDALSTEL,2016-04-20,2016-04-27,73.5478,77.2252,3.62,2.09,6.12,0.05,0.047,take_profit,False,7,5,388400.99,18254.85,2016
INDIANB,2016-04-21,2016-05-05,83.6867,77.8286,0.55,1.51,1.98,-0.07,-0.073,stopped_out,True,14,10,383225.03,-27975.43,2016
GRANULES,2016-04-25,2016-04-29,124.1122,130.5587,1.6,2.01,2.7,0.05194,0.04894,take_profit_gap,False,4,4,382679.43,18728.33,2016
OIL,2016-04-27,2016-05-11,65.0061,64.7728,2.61,2.27,2.82,-0.003589,-0.006589,time_exit,False,14,10,387474.71,-2553.07,2016
SUNTV,2016-04-29,2016-05-13,290.2051,304.7153,2.07,3.04,4.75,0.05,0.047,take_profit,False,14,10,602974.73,28339.81,2016
UPL,2016-04-29,2016-05-02,325.1659,341.4242,3.03,2.59,3.84,0.05,0.047,take_profit,False,3,1,482379.79,22671.85,2016
MARICO,2016-04-29,2016-05-13,225.0263,220.7235,2.06,1.87,2.37,-0.019121,-0.022121,time_exit,False,14,10,385903.83,-8536.58,2016
DABUR,2016-05-02,2016-05-16,268.0212,257.6273,2.63,2.81,7.5,-0.03878,-0.04178,time_exit,False,14,10,409733.39,-17118.66,2016
SIEMENS,2016-05-05,2016-05-19,623.8139,603.9471,0.64,1.86,2.26,-0.031847,-0.034847,time_exit,False,14,10,398836.63,-13898.26,2016
BALRAMCHIN,2016-05-11,2016-05-24,100.6179,93.5747,0.91,2.01,7.93,-0.07,-0.073,stopped_out,True,13,9,396053.63,-28911.92,2016
HAVELLS,2016-05-13,2016-05-26,335.8271,352.6185,3.34,4.3,3.99,0.05,0.047,take_profit,False,13,9,518579.27,24373.23,2016
NESTLEIND,2016-05-13,2016-05-27,270.0184,273.3938,4.46,4.22,7.49,0.0125,0.0095,time_exit,False,14,10,414863.41,3941.2,2016
MUTHOOTFIN,2016-05-16,2016-05-30,187.0802,196.4342,1.34,3.29,3.25,0.05,0.047,take_profit,False,14,10,410413.68,19289.44,2016
SUNFLAG,2016-05-19,2016-05-27,24.7613,26.0946,1.59,1.85,1.59,0.053848,0.050848,take_profit_gap,False,8,6,405318.61,20609.64,2016
REDINGTON,2016-05-24,2016-05-31,42.8329,39.8346,2.4,6.84,12.84,-0.07,-0.073,stopped_out,True,7,5,397683.24,-29030.88,2016
M&M,2016-05-26,2016-06-09,611.5874,626.6258,0.71,1.83,1.6,0.024589,0.021589,time_exit,False,14,10,426737.09,9212.83,2016
JBCHEPHARM,2016-05-27,2016-06-10,115.954,110.4614,0.74,3.31,2.94,-0.047369,-0.050369,time_exit,False,14,10,510336.24,-25705.13,2016
SBIN,2016-05-27,2016-06-01,176.9061,185.7958,3.1,3.8,6.47,0.050251,0.047251,take_profit_gap,False,5,3,408268.99,19291.12,2016
MPHASIS,2016-05-30,2016-05-31,389.3638,408.832,0.79,1.68,2.33,0.05,0.047,take_profit,False,1,1,412555.82,19390.12,2016
IOC,2016-05-31,2016-06-14,36.8215,36.6035,1.06,2.82,3.95,-0.005921,-0.008921,time_exit,False,14,10,490164.32,-4372.76,2016
KPRMILL,2016-05-31,2016-06-14,94.049,90.5912,2.73,4.87,7.83,-0.036766,-0.039766,time_exit,False,14,10,392131.45,-15593.5,2016
NBCC,2016-06-01,2016-06-15,38.9908,36.9044,1.88,2.42,1.92,-0.053511,-0.056511,time_exit,False,14,10,399217.18,-22560.16,2016
IMFA,2016-06-09,2016-06-10,51.9881,54.5875,1.93,1.79,7.06,0.05,0.047,take_profit,False,1,1,406563.73,19108.5,2016
ELECTCAST,2016-06-10,2016-06-24,16.6129,15.45,2.11,3.01,5.56,-0.07,-0.073,stopped_out,True,14,10,507311.65,-37033.75,2016
TRITURBINE,2016-06-10,2016-06-24,108.1607,106.5486,0.52,1.58,2.82,-0.014905,-0.017905,time_exit,False,14,10,405849.32,-7266.73,2016
SUDARSCHEM,2016-06-14,2016-06-15,161.4256,169.4969,9.33,3.94,11.27,0.05,0.047,take_profit,False,1,1,497145.36,23365.83,2016
SUZLON,2016-06-14,2016-06-24,16.4442,14.9594,4.19,1.68,2.29,-0.090296,-0.093296,stopped_out_gap,False,10,8,397716.29,-37105.34,2016
INDIANB,2016-06-15,2016-06-16,99.4223,104.3934,6.09,5.07,11.05,0.05,0.047,take_profit,False,1,1,398085.34,18710.01,2016
BAJAJFINSV,2016-06-15,2016-06-16,194.0395,203.7415,0.57,2.86,3.12,0.05,0.047,take_profit,False,1,1,497606.67,23387.51,2016
PNB,2016-06-16,2016-06-21,85.9621,90.2602,1.62,2.02,3.46,0.05,0.047,take_profit,False,5,3,506026.18,23783.23,2016
ZYDUSWELL,2016-06-16,2016-06-24,154.4225,143.6129,5.63,11.75,5.43,-0.07,-0.073,stopped_out,True,8,6,404820.94,-29551.93,2016
ARVIND,2016-06-21,2016-06-24,106.4205,98.9711,2.4,2.86,4.16,-0.07,-0.073,stopped_out,True,3,3,429818.64,-31376.76,2016
GODREJIND,2016-06-24,2016-06-29,375.35,394.1175,0.99,1.79,3.6,0.05,0.047,take_profit,False,5,3,304943.67,14332.35,2016
TECHNOE,2016-06-24,2016-07-05,260.0255,291.6519,0.59,4.0,4.53,0.121628,0.118628,take_profit_gap,False,11,7,744491.38,88317.52,2016
MFSL,2016-06-24,2016-06-27,533.8739,560.5676,2.67,2.21,11.51,0.05,0.047,take_profit,False,3,1,595593.1,27992.88,2016
MANINFRA,2016-06-24,2016-06-27,25.0667,26.32,3.12,7.53,8.12,0.05,0.047,take_profit,False,3,1,476474.48,22394.3,2016
APLAPOLLO,2016-06-24,2016-07-05,87.8356,92.2274,0.58,1.6,4.38,0.05,0.047,take_profit,False,11,7,381179.58,17915.44,2016
TRIVENI,2016-06-27,2016-06-28,58.4614,61.3845,7.41,1.83,9.57,0.05,0.047,take_profit,False,1,1,468445.89,22016.96,2016
PGEL,2016-06-27,2016-06-28,15.4509,16.2234,8.06,4.49,19.99,0.05,0.047,take_profit,False,1,1,374756.71,17613.57,2016
ACE,2016-06-28,2016-06-29,44.4749,46.6987,1.96,8.0,12.97,0.05,0.047,take_profit,False,1,1,476371.99,22389.48,2016
ACE,2016-06-28,2016-06-29,44.4749,46.6987,12.13,8.0,12.97,0.05,0.047,take_profit,False,1,1,381097.59,17911.59,2016
CHOLAHLDNG,2016-06-29,2016-07-07,304.1989,319.4089,2.19,1.98,2.2,0.05,0.047,take_profit,False,8,5,438629.93,20615.61,2016
TTML,2016-06-29,2016-07-05,6.7492,7.0866,1.42,2.5,4.44,0.05,0.047,take_profit,False,6,4,350903.94,16492.49,2016
CANFINHOME,2016-06-29,2016-07-14,227.3957,238.7655,2.13,2.4,4.26,0.05,0.047,take_profit,False,15,10,548287.41,25769.51,2016
JPPOWER,2016-07-05,2016-07-07,5.6528,5.9355,10.62,4.51,6.6,0.05,0.047,take_profit,False,2,1,384373.26,18065.54,2016
AJANTPHARM,2016-07-05,2016-07-20,965.5317,992.2654,1.54,1.84,1.68,0.027688,0.024688,time_exit,False,15,10,600583.22,14827.2,2016
SOUTHBANK,2016-07-05,2016-07-08,17.9369,18.8315,5.32,3.51,5.88,0.049875,0.046875,take_profit_gap,False,3,2,480466.58,22521.87,2016
NBCC,2016-07-07,2016-07-11,43.3109,45.4764,0.77,8.51,8.64,0.05,0.047,take_profit,False,4,2,479835.48,22552.27,2016
ZYDUSLIFE,2016-07-07,2016-07-08,316.8667,332.71,2.8,1.88,2.43,0.05,0.047,take_profit,False,1,1,383868.38,18041.81,2016
CHOLAHLDNG,2016-07-08,2016-07-21,328.7264,345.1627,2.52,2.13,2.92,0.05,0.047,take_profit,False,13,9,488074.43,22939.5,2016
GRAVITA,2016-07-08,2016-07-11,27.0592,25.1651,5.29,4.51,14.9,-0.07,-0.073,stopped_out,True,3,1,390459.55,-28503.55,2016
AARTIDRUGS,2016-07-11,2016-07-21,121.1444,127.2016,2.22,6.95,3.65,0.05,0.047,take_profit,False,10,8,485236.39,22806.11,2016
GODFRYPHLP,2016-07-11,2016-07-12,279.6014,293.5814,3.0,3.97,6.0,0.05,0.047,take_profit,False,1,1,388189.11,18244.89,2016
SUNFLAG,2016-07-12,2016-07-19,26.6062,28.0832,2.37,2.36,9.6,0.055513,0.052513,take_profit_gap,False,7,5,391838.09,20576.59,2016
SUNTV,2016-07-14,2016-07-21,304.1913,319.4009,2.65,1.65,4.39,0.05,0.047,take_profit,False,7,5,428281.85,20129.25,2016
GOKEX,2016-07-19,2016-07-21,113.4083,105.4697,4.54,4.25,11.33,-0.07,-0.073,stopped_out,True,2,2,425108.42,-31032.91,2016
WELENT,2016-07-20,2016-07-21,54.5105,57.236,11.91,6.83,16.32,0.05,0.047,take_profit,False,1,1,463168.82,21768.93,2016
WELCORP,2016-07-21,2016-08-04,75.2314,69.9652,0.74,3.48,4.89,-0.07,-0.073,stopped_out,True,14,10,429993.58,-31389.53,2016
BRIGADE,2016-07-21,2016-07-22,107.6477,113.0301,3.04,6.34,5.78,0.05,0.047,take_profit,False,1,1,343994.86,16167.76,2016
CHENNPETRO,2016-07-21,2016-07-25,203.0269,213.1782,4.82,4.74,10.4,0.05,0.047,take_profit,False,4,2,537491.98,25262.12,2016
CUMMINSIND,2016-07-21,2016-08-03,739.37,687.6141,2.45,1.88,3.45,-0.07,-0.073,stopped_out,True,13,9,671864.97,-49046.14,2016
BANCOINDIA,2016-07-21,2016-07-22,43.8591,46.052,5.63,3.43,7.98,0.05,0.047,take_profit,False,1,1,839831.21,39472.07,2016
MOTILALOFS,2016-07-22,2016-08-02,464.9679,488.2163,0.76,11.62,11.47,0.05,0.047,take_profit,False,11,7,523089.07,24585.19,2016
TEXRAIL,2016-07-22,2016-07-26,89.8498,95.5977,3.18,2.94,5.41,0.063972,0.060972,take_profit_gap,False,4,2,418471.26,25515.03,2016
SUNDRMFAST,2016-07-25,2016-08-08,180.8356,176.8298,3.21,2.8,4.93,-0.022152,-0.025152,time_exit,False,14,10,447327.83,-11251.19,2016
SOBHA,2016-07-26,2016-08-02,311.2556,289.4677,1.02,3.18,3.71,-0.07,-0.073,stopped_out,True,7,5,446659.52,-32606.14,2016
HCLTECH,2016-08-02,2016-08-03,306.1207,327.2973,3.17,2.45,1.9,0.069177,0.066177,take_profit_gap,False,1,1,549673.14,36375.72,2016
BANCOINDIA,2016-08-02,2016-08-04,54.1421,56.8492,7.05,7.51,7.28,0.05,0.047,take_profit,False,2,2,439738.51,20667.71,2016
FORTIS,2016-08-03,2016-08-18,188.7558,192.4904,1.19,5.05,8.45,0.019785,0.016785,time_exit,False,15,10,593564.35,9962.98,2016
ASAHIINDIA,2016-08-04,2016-08-11,176.2439,185.0561,0.86,1.58,1.73,0.05,0.047,take_profit,False,7,5,646653.53,30392.72,2016
RAIN,2016-08-04,2016-08-08,34.8121,36.5527,5.92,12.67,8.57,0.05,0.047,take_profit,False,4,2,517322.83,24314.17,2016
SPARC,2016-08-04,2016-08-05,389.1445,408.6017,6.07,3.92,6.42,0.05,0.047,take_profit,False,1,1,413858.26,19451.34,2016
PRESTIGE,2016-08-05,2016-08-16,192.3593,201.9772,3.89,2.92,4.79,0.05,0.047,take_profit,False,11,6,417748.53,19634.18,2016
VMART,2016-08-08,2016-08-23,127.2915,129.0202,0.79,2.0,5.6,0.013581,0.010581,time_exit,False,15,10,423793.24,4484.16,2016
MPHASIS,2016-08-08,2016-08-23,429.9346,407.146,0.72,2.55,4.85,-0.053005,-0.056005,time_exit,False,15,10,529741.55,-29668.18,2016
IPCALAB,2016-08-11,2016-08-25,254.9185,267.6644,1.91,3.63,3.83,0.05,0.047,take_profit,False,14,9,474443.84,22298.86,2016
THYROCARE,2016-08-16,2016-08-30,155.559,163.3369,0.71,2.6,2.51,0.05,0.047,take_profit,False,14,10,467031.62,21950.49,2016
ABFRL,2016-08-18,2016-08-23,161.1944,169.2541,3.12,2.17,9.08,0.05,0.047,take_profit,False,5,3,494330.76,23233.55,2016
GSFC,2016-08-23,2016-09-07,60.387,58.0984,3.7,6.47,3.77,-0.037899,-0.040899,time_exit,False,15,10,684647.62,-28001.4,2016
PRSMJOHNSN,2016-08-23,2016-09-07,113.8562,111.3223,1.74,6.01,7.62,-0.022255,-0.025255,time_exit,False,15,10,547718.1,-13832.62,2016
V2RETAIL,2016-08-23,2016-08-24,67.934,71.3306,5.01,4.71,9.34,0.05,0.047,take_profit,False,1,1,438174.48,20594.2,2016
RALLIS,2016-08-24,2016-09-08,205.7968,205.8152,2.51,2.93,5.69,8.9e-05,-0.002911,time_exit,False,15,10,442293.32,-1287.52,2016
GAEL,2016-08-25,2016-09-06,21.5133,20.0073,0.75,1.93,3.23,-0.07,-0.073,stopped_out,True,12,7,453183.19,-33082.37,2016
ABREL,2016-08-30,2016-09-02,691.1749,725.7336,0.72,2.27,2.86,0.05,0.047,take_profit,False,3,3,460342.98,21636.12,2016
RELINFRA,2016-09-02,2016-09-12,583.4294,542.5894,2.34,1.84,4.92,-0.07,-0.073,stopped_out,True,10,5,464670.2,-33920.92,2016
TARIL,2016-09-06,2016-09-16,16.8639,17.7071,0.59,5.84,6.05,0.05,0.047,take_profit,False,10,7,455756.32,21420.55,2016
CGCL,2016-09-07,2016-09-08,39.0255,40.9768,0.96,1.73,4.01,0.05,0.047,take_profit,False,1,1,602711.4,28327.44,2016
BANKBARODA,2016-09-07,2016-09-12,153.9264,143.1515,2.12,1.51,2.07,-0.07,-0.073,stopped_out,True,5,3,482169.12,-35198.35,2016
PATELENG,2016-09-08,2016-09-09,65.0562,68.3091,6.24,10.8,5.34,0.05,0.047,take_profit,False,1,1,600144.22,28206.78,2016
GLENMARK,2016-09-08,2016-09-23,871.4177,914.9886,0.9,1.91,2.41,0.05,0.047,take_profit,False,15,10,480115.38,22565.42,2016
JINDALSAW,2016-09-09,2016-09-23,22.5443,23.6715,0.56,3.07,2.6,0.05,0.047,take_profit,False,14,9,509762.5,23958.84,2016
PATELENG,2016-09-12,2016-09-15,75.1183,79.9305,5.91,3.3,7.71,0.064062,0.061062,take_profit_gap,False,3,2,583354.01,35620.76,2016
JAIBALAJI,2016-09-12,2016-09-15,2.2911,2.5187,6.11,2.49,4.57,0.099337,0.096337,take_profit_gap,False,3,2,466683.21,44958.86,2016
JKPAPER,2016-09-15,2016-09-28,52.3688,54.9872,4.33,4.19,2.79,0.05,0.047,take_profit,False,13,9,599469.94,28175.09,2016
NETWORK18,2016-09-15,2016-09-23,43.4717,45.6453,0.92,5.43,2.72,0.05,0.047,take_profit,False,8,6,479575.95,22540.07,2016
DCMSHRIRAM,2016-09-16,2016-09-29,199.6552,185.6793,0.58,2.91,5.74,-0.07,-0.073,stopped_out,True,13,9,479096.13,-34974.02,2016
HSCL,2016-09-23,2016-09-29,38.8931,36.1706,2.41,2.96,3.13,-0.07,-0.073,stopped_out,True,6,4,690980.54,-50441.58,2016
KEI,2016-09-23,2016-09-29,118.1468,109.8765,0.66,4.23,3.78,-0.07,-0.073,stopped_out,True,6,4,552784.43,-40353.26,2016
CENTURYPLY,2016-09-23,2016-09-29,245.0393,227.8865,2.38,2.33,2.89,-0.07,-0.073,stopped_out,True,6,4,442227.54,-32282.61,2016
MCX,2016-09-28,2016-09-29,221.5887,232.6681,6.71,4.91,7.8,0.05,0.047,take_profit,False,1,1,479311.04,22527.62,2016
MCX,2016-09-29,2016-09-30,231.9637,243.5619,1.18,6.61,1.63,0.05,0.047,take_profit,False,1,1,885224.0,41605.53,2016
BALKRISIND,2016-09-29,2016-09-30,419.9928,440.9925,0.57,2.05,1.69,0.05,0.047,take_profit,False,1,1,708179.2,33284.42,2016
TATACOMM,2016-09-30,2016-10-05,312.9687,328.6172,0.8,2.91,9.2,0.05,0.047,take_profit,False,5,3,460903.42,21662.46,2016
BALKRISIND,2016-09-30,2016-10-04,466.0254,489.3267,2.83,1.58,11.43,0.05,0.047,take_profit,False,4,2,576129.27,27078.08,2016
DCAL,2016-09-30,2016-10-07,257.6997,239.6608,2.43,3.11,14.2,-0.07,-0.073,stopped_out,True,7,5,368722.73,-26916.76,2016
TVSMOTOR,2016-09-30,2016-10-04,347.9414,365.3385,2.57,1.81,6.03,0.05,0.047,take_profit,False,4,2,900201.99,42309.49,2016
REFEX,2016-09-30,2016-10-04,2.7018,2.8369,1.06,2.27,2.9,0.05,0.047,take_profit,False,4,2,720161.59,33847.59,2016
NBCC,2016-10-04,2016-10-05,56.2959,59.1107,6.91,4.22,6.54,0.05,0.047,take_profit,False,1,1,754923.79,35481.42,2016
UNIONBANK,2016-10-04,2016-10-13,131.5135,122.3076,4.34,2.48,5.69,-0.07,-0.073,stopped_out,True,9,5,603939.03,-44087.55,2016
IGL,2016-10-04,2016-10-10,73.1181,76.774,1.26,3.97,5.22,0.05,0.047,take_profit,False,6,4,483151.23,22708.11,2016
DATAMATICS,2016-10-05,2016-10-06,86.7047,91.04,1.08,6.16,7.63,0.05,0.047,take_profit,False,1,1,641115.2,30132.41,2016
GMDCLTD,2016-10-05,2016-10-06,72.6139,76.2446,0.57,1.8,5.3,0.05,0.047,take_profit,False,1,1,512892.16,24105.93,2016
RBLBANK,2016-10-06,2016-10-14,293.3503,308.0179,1.68,1.91,1.77,0.05,0.047,take_profit,False,8,4,651962.87,30642.25,2016
GAIL,2016-10-06,2016-10-17,53.4513,56.1239,1.11,1.72,3.08,0.05,0.047,take_profit,False,11,5,521570.29,24513.8,2016
MRPL,2016-10-07,2016-10-25,79.1899,78.9408,1.45,3.93,2.59,-0.003146,-0.006146,time_exit,False,18,10,485617.43,-2984.6,2016
AARTIIND,2016-10-10,2016-10-14,163.6267,171.808,0.95,2.07,2.52,0.05,0.047,take_profit,False,4,2,489665.81,23014.29,2016
AARTIIND,2016-10-13,2016-10-19,170.2185,178.7294,2.91,2.19,4.41,0.05,0.047,take_profit,False,6,4,503702.95,23674.04,2016
OLECTRA,2016-10-14,2016-10-28,22.9779,22.955,1.52,3.51,5.99,-0.001,-0.004,time_exit,False,14,10,642019.4,-2568.08,2016
GPIL,2016-10-14,2016-10-17,17.5356,18.4123,3.63,3.19,9.13,0.05,0.047,take_profit,False,3,1,513615.52,24139.93,2016
PRICOLLTD,2016-10-17,2016-10-18,105.9711,111.2697,3.34,3.3,3.11,0.05,0.047,take_profit,False,1,1,502128.26,23600.03,2016
THYROCARE,2016-10-17,2016-10-24,175.5682,184.3466,3.1,5.61,3.39,0.05,0.047,take_profit,False,7,5,627660.33,29500.04,2016
STLTECH,2016-10-18,2016-10-21,95.9713,100.7699,0.68,2.59,3.55,0.05,0.047,take_profit,False,3,3,506848.27,23821.87,2016
BIOCON,2016-10-19,2016-10-26,164.5466,153.0284,0.72,1.74,3.8,-0.07,-0.073,stopped_out,True,7,5,510954.01,-37299.64,2016
SUNDRMFAST,2016-10-21,2016-11-02,301.3312,316.3978,3.41,4.2,6.44,0.05,0.047,take_profit,False,12,7,514897.24,24200.17,2016
ABFRL,2016-10-24,2016-10-25,154.0938,161.7985,1.75,1.93,2.8,0.05,0.047,take_profit,False,1,1,543349.86,25537.44,2016
GRAVITA,2016-10-25,2016-11-02,34.1618,31.7704,4.46,2.05,7.94,-0.07,-0.073,stopped_out,True,8,5,644983.91,-47083.83,2016
MANAPPURAM,2016-10-25,2016-11-04,87.1931,81.0896,1.34,2.3,5.61,-0.07,-0.073,stopped_out,True,10,7,515987.13,-37667.06,2016
DABUR,2016-10-26,2016-11-09,269.3796,250.5231,1.04,4.33,3.92,-0.07,-0.073,stopped_out,True,14,9,507520.58,-37049.0,2016
SYNGENE,2016-10-28,2016-11-03,289.5114,269.2456,2.64,2.75,7.57,-0.07,-0.073,stopped_out,True,6,3,533906.73,-38975.19,2016
ZENSARTECH,2016-11-02,2016-11-04,183.0577,170.2437,5.26,9.79,12.97,-0.07,-0.073,stopped_out,True,2,2,654524.88,-47780.32,2016
WELENT,2016-11-03,2016-11-07,59.9786,55.7801,1.35,7.87,7.92,-0.07,-0.073,stopped_out,True,4,2,622606.21,-45450.25,2016
HCLTECH,2016-11-04,2016-11-15,308.4151,286.8261,3.23,1.62,4.16,-0.07,-0.073,stopped_out,True,11,6,715097.9,-52202.15,2016
SWANCORP,2016-11-04,2016-11-07,112.8166,118.4574,4.81,2.58,4.91,0.05,0.047,take_profit,False,3,1,572078.32,26887.68,2016
TECHM,2016-11-07,2016-11-09,329.0485,306.0151,2.35,1.69,2.26,-0.07,-0.073,stopped_out,True,2,2,554309.64,-40464.6,2016
HERITGFOOD,2016-11-07,2016-11-09,208.7966,189.7767,2.33,4.75,8.55,-0.091093,-0.094093,stopped_out_gap,False,2,2,443447.71,-41725.33,2016
CGPOWER,2016-11-07,2016-11-09,84.8982,73.755,4.54,4.64,11.2,-0.131253,-0.134253,stopped_out_gap,False,2,2,692887.05,-93022.16,2016
ENGINERSIN,2016-11-09,2016-11-18,99.3552,104.323,1.03,2.35,9.55,0.05,0.047,take_profit,False,9,6,481240.92,22618.32,2016
POWERGRID,2016-11-09,2016-11-10,64.622,67.8531,1.97,2.15,6.0,0.05,0.047,take_profit,False,1,1,384992.74,18094.66,2016
INDIANB,2016-11-09,2016-11-10,191.5318,201.1084,6.83,3.08,13.45,0.05,0.047,take_profit,False,1,1,751938.94,35341.13,2016
PNB,2016-11-09,2016-11-10,132.0067,138.607,3.31,1.78,10.23,0.05,0.047,take_profit,False,1,1,601551.15,28272.9,2016
PNB,2016-11-10,2016-11-16,147.8809,137.5292,6.18,3.21,8.37,-0.07,-0.073,stopped_out,True,6,3,672032.5,-49058.37,2016
CANBK,2016-11-10,2016-11-22,54.4596,50.6474,1.01,2.13,3.53,-0.07,-0.073,stopped_out,True,12,7,537626.0,-39246.7,2016
MAHABANK,2016-11-10,2016-11-21,26.8535,24.9737,4.68,4.53,6.72,-0.07,-0.073,stopped_out,True,11,6,430100.8,-31397.36,2016
KNRCON,2016-11-16,2016-11-18,73.293,76.9576,0.59,3.8,5.88,0.05,0.047,take_profit,False,2,2,601254.61,28258.97,2016
OLECTRA,2016-11-16,2016-11-17,26.7243,28.3444,7.85,2.74,17.58,0.060621,0.057621,take_profit_gap,False,1,1,481003.69,27715.91,2016
NTPC,2016-11-18,2016-12-02,92.9652,94.3905,1.1,2.86,4.16,0.015331,0.012331,time_exit,False,14,10,713221.44,8794.73,2016
SUBROS,2016-11-23,2016-11-30,160.1789,168.1879,9.72,1.57,16.86,0.05,0.047,take_profit,False,7,5,749993.7,35249.7,2016
THYROCARE,2016-11-23,2016-11-29,177.1626,186.0208,0.57,2.69,1.56,0.05,0.047,take_profit,False,6,4,599994.96,28199.76,2016
HINDZINC,2016-11-24,2016-11-29,125.4178,131.9845,1.34,2.27,5.62,0.052359,0.049359,take_profit_gap,False,5,3,479995.97,23692.12,2016
SARDAEN,2016-11-24,2016-11-25,19.9758,20.9746,4.5,1.58,4.79,0.05,0.047,take_profit,False,1,1,383996.77,18047.85,2016
PIIND,2016-11-25,2016-12-02,871.0758,810.1005,5.15,4.16,8.76,-0.07,-0.073,stopped_out,True,7,5,387606.34,-28295.26,2016
GRAPHITE,2016-11-29,2016-12-13,59.9914,58.4088,0.65,2.72,2.81,-0.026381,-0.029381,time_exit,False,14,10,536461.64,-15761.78,2016
QUESS,2016-11-29,2016-12-01,610.9481,568.1817,4.59,7.82,9.22,-0.07,-0.073,stopped_out,True,2,2,429169.31,-31329.36,2016
TARIL,2016-11-30,2016-12-14,18.0565,17.524,2.91,2.64,5.85,-0.029495,-0.032495,time_exit,False,14,10,500384.13,-16259.98,2016
MMTC,2016-12-01,2016-12-05,33.9516,31.575,4.68,6.47,13.94,-0.07,-0.073,stopped_out,True,4,2,479875.29,-35030.9,2016
DATAMATICS,2016-12-02,2016-12-05,82.6698,86.8033,3.69,7.82,11.52,0.05,0.047,take_profit,False,3,1,480132.55,22566.23,2016
AURIONPRO,2016-12-02,2016-12-05,46.459,48.782,12.2,15.21,16.4,0.05,0.047,take_profit,False,3,1,600165.68,28207.79,2016
AURIONPRO,2016-12-05,2016-12-08,49.0733,51.527,0.94,4.71,2.54,0.05,0.047,take_profit,False,3,3,699289.37,32866.6,2016
JBMA,2016-12-05,2016-12-15,47.181,43.8783,5.04,3.16,11.27,-0.07,-0.073,stopped_out,True,10,8,559431.49,-40838.5,2016
SWANCORP,2016-12-05,2016-12-06,165.9389,174.2358,2.89,5.69,5.78,0.05,0.047,take_profit,False,1,1,447545.19,21034.62,2016
RAIN,2016-12-06,2016-12-20,52.537,49.3972,1.97,5.12,4.47,-0.059764,-0.062764,time_exit,False,14,10,451752.12,-28353.77,2016
BLS,2016-12-08,2016-12-13,43.1719,46.7808,2.53,4.48,3.36,0.083594,0.080594,take_profit_gap,False,5,3,507832.89,40928.28,2016
POLYMED,2016-12-13,2016-12-27,191.877,182.3399,1.54,5.09,7.82,-0.049704,-0.052704,time_exit,False,14,10,620158.52,-32684.83,2016
TVSMOTOR,2016-12-13,2016-12-27,364.6282,339.1042,2.51,2.43,3.82,-0.07,-0.073,stopped_out,True,14,10,496126.81,-36217.26,2016
RELIANCE,2016-12-14,2016-12-28,232.2775,229.899,0.72,1.92,1.89,-0.01024,-0.01324,time_exit,False,14,10,493726.28,-6536.94,2016
SHILPAMED,2016-12-15,2016-12-21,355.5478,373.3252,3.16,2.52,6.27,0.05,0.047,take_profit,False,6,4,498699.62,23438.88,2016
DATAMATICS,2016-12-20,2016-12-21,105.9881,111.5535,3.72,2.61,2.12,0.05251,0.04951,take_profit_gap,False,1,1,483639.37,23944.99,2016
WELCORP,2016-12-21,2016-12-26,68.256,63.4781,3.32,2.89,3.57,-0.07,-0.073,stopped_out,True,5,3,592856.07,-43278.49,2016
OLECTRA,2016-12-21,2016-12-26,27.5236,28.9432,3.99,7.11,6.17,0.05158,0.04858,take_profit_gap,False,5,3,474284.85,23040.76,2016
BEML,2016-12-27,2017-01-09,382.1315,401.2381,0.52,2.06,1.56,0.05,0.047,take_profit,False,13,9,408722.01,19209.93,2017
NAUKRI,2016-12-27,2017-01-10,176.3099,163.9682,1.68,3.78,2.07,-0.07,-0.073,stopped_out,True,14,10,510902.51,-37295.88,2017
TRIVENI,2016-12-27,2017-01-02,54.6309,57.3624,2.67,2.81,6.02,0.05,0.047,take_profit,False,6,4,638628.13,30015.52,2017
VSTIND,2016-12-27,2017-01-10,162.4376,164.9814,2.14,7.82,8.2,0.01566,0.01266,time_exit,False,14,10,798285.17,10106.29,2017
ZYDUSWELL,2016-12-28,2017-01-11,168.2194,168.6786,1.18,7.66,4.89,0.00273,-0.00027,time_exit,False,14,10,424415.47,-114.59,2017
RENUKA,2017-01-02,2017-01-10,14.7073,15.4423,3.97,2.76,4.26,0.04997,0.04697,take_profit_gap,False,8,6,473261.11,22229.07,2017
RCF,2017-01-09,2017-01-23,45.8155,45.4103,2.18,5.26,4.37,-0.008845,-0.011845,time_exit,False,14,10,464195.28,-5498.39,2017
DCMSHRIRAM,2017-01-10,2017-01-11,230.3155,243.2319,7.81,4.34,9.34,0.056081,0.053081,take_profit_gap,False,1,1,726853.87,38582.13,2017
JWL,2017-01-10,2017-01-13,15.1477,14.0874,3.93,5.5,5.9,-0.07,-0.073,stopped_out,True,3,3,581483.1,-42448.27,2017
RAMCOCEM,2017-01-10,2017-01-24,586.2144,615.5251,1.9,2.17,5.25,0.05,0.047,take_profit,False,14,10,465186.48,21863.76,2017
FEDERALBNK,2017-01-11,2017-01-18,67.1553,70.5131,2.48,2.76,2.91,0.05,0.047,take_profit,False,7,5,610096.56,28674.54,2017
INDUSINDBK,2017-01-11,2017-01-25,1172.1477,1200.967,3.02,4.02,4.12,0.024587,0.021587,time_exit,False,14,10,488077.25,10536.12,2017
GPIL,2017-01-13,2017-01-16,18.6728,19.6064,3.47,5.43,6.63,0.05,0.047,take_profit,False,3,1,498268.77,23418.63,2017
MANAPPURAM,2017-01-16,2017-01-31,65.9808,66.2505,4.84,1.67,5.58,0.004087,0.001087,time_exit,False,15,10,502952.49,546.71,2017
RKFORGE,2017-01-18,2017-01-19,72.0517,75.6543,4.27,1.79,5.13,0.05,0.047,take_profit,False,1,1,530116.21,24915.46,2017
EXIDEIND,2017-01-19,2017-01-27,177.9979,186.8978,1.52,2.86,2.18,0.05,0.047,take_profit,False,8,5,535099.31,25149.67,2017
VTL,2017-01-23,2017-01-27,215.8419,226.634,2.69,2.93,4.31,0.05,0.047,take_profit,False,4,3,519818.82,24431.48,2017
EIDPARRY,2017-01-24,2017-02-07,267.964,281.3622,1.7,2.42,3.54,0.05,0.047,take_profit,False,14,9,513265.11,24123.46,2017
AMBUJACEM,2017-01-25,2017-02-06,199.4732,209.4469,0.94,1.76,1.64,0.05,0.047,take_profit,False,12,7,510334.76,23985.73,2017
ASHOKA,2017-01-27,2017-01-30,121.6164,127.6973,5.15,2.43,3.62,0.05,0.047,take_profit,False,3,1,629167.66,29570.88,2017
JKLAKSHMI,2017-01-27,2017-02-02,348.6537,366.0864,1.34,5.28,2.04,0.05,0.047,take_profit,False,6,4,503334.13,23656.7,2017
FINPIPE,2017-01-30,2017-02-06,83.1086,87.264,3.17,4.75,4.86,0.05,0.047,take_profit,False,7,5,534415.01,25117.51,2017
PRESTIGE,2017-01-31,2017-02-01,159.9451,167.9424,1.18,1.9,3.28,0.05,0.047,take_profit,False,1,1,528231.85,24826.9,2017
ALKEM,2017-02-01,2017-02-02,1563.4894,1641.6638,0.67,2.67,1.66,0.05,0.047,take_profit,False,1,1,533197.23,25060.27,2017
BERGEPAINT,2017-02-02,2017-02-16,176.6142,177.9464,2.88,3.11,4.32,0.007543,0.004543,time_exit,False,14,10,643607.45,2923.91,2017
POLYMED,2017-02-02,2017-02-06,248.1487,230.7783,8.33,10.27,12.16,-0.07,-0.073,stopped_out,True,4,2,514885.96,-37586.68,2017
IGL,2017-02-06,2017-02-09,87.6992,92.0841,1.9,2.53,3.18,0.05,0.047,take_profit,False,3,3,726139.23,34128.54,2017
BANCOINDIA,2017-02-06,2017-02-07,62.0649,57.4227,0.51,1.67,1.88,-0.074797,-0.077797,stopped_out_gap,False,1,1,580911.38,-45193.16,2017
OLECTRA,2017-02-06,2017-02-07,40.0615,42.7162,17.46,7.43,21.52,0.066265,0.063265,take_profit_gap,False,1,1,464729.11,29401.09,2017
OLECTRA,2017-02-07,2017-02-08,46.9549,43.6681,6.38,6.96,9.81,-0.07,-0.073,stopped_out,True,1,1,685230.68,-50021.84,2017
SAMMAANCAP,2017-02-07,2017-02-17,586.9347,616.2814,2.44,2.04,3.12,0.05,0.047,take_profit,False,10,8,548184.54,25764.67,2017
ABFRL,2017-02-07,2017-02-20,149.1628,156.6209,2.18,2.05,2.2,0.05,0.047,take_profit,False,13,9,438547.64,20611.74,2017
JAMNAAUTO,2017-02-08,2017-02-22,35.5563,34.8414,1.5,2.85,5.1,-0.020108,-0.023108,time_exit,False,14,10,477879.88,-11042.85,2017
JINDALSAW,2017-02-09,2017-02-10,29.7802,31.2692,8.83,10.96,9.94,0.05,0.047,take_profit,False,1,1,534357.46,25114.8,2017
RHIM,2017-02-10,2017-02-20,125.0613,131.3144,4.34,4.7,4.57,0.05,0.047,take_profit,False,10,6,539380.42,25350.88,2017
VMART,2017-02-16,2017-02-20,179.8076,167.2211,3.35,3.76,7.27,-0.07,-0.073,stopped_out,True,4,2,560810.6,-40939.17,2017
GNFC,2017-02-17,2017-03-06,215.1306,205.9885,2.48,1.87,4.43,-0.042496,-0.045496,time_exit,False,17,10,563438.33,-25634.19,2017
PIDILITIND,2017-02-20,2017-03-07,333.8126,321.3412,1.54,1.83,1.66,-0.037361,-0.040361,time_exit,False,15,10,759503.08,-30654.3,2017
TTML,2017-02-20,2017-02-21,6.1748,6.4835,4.65,1.73,3.2,0.05,0.047,take_profit,False,1,1,607602.47,28557.32,2017
IPCALAB,2017-02-20,2017-03-07,267.1941,266.7328,3.46,2.72,3.89,-0.001727,-0.004727,time_exit,False,15,10,486081.97,-2297.71,2017
MAHABANK,2017-02-21,2017-02-22,32.1895,29.9362,3.1,7.4,13.11,-0.07,-0.073,stopped_out,True,1,1,516097.53,-37675.12,2017
AXISBANK,2017-02-22,2017-03-09,517.6423,508.3634,1.71,2.23,3.3,-0.017925,-0.020925,time_exit,False,15,10,601929.92,-12595.38,2017
AVANTIFEED,2017-02-22,2017-02-23,194.1555,203.8632,5.65,7.33,8.63,0.05,0.047,take_profit,False,1,1,481543.93,22632.56,2017
KARURVYSYA,2017-02-23,2017-03-10,62.28,62.0604,1.52,3.64,2.44,-0.003526,-0.006526,time_exit,False,15,10,486070.45,-3172.1,2017
JSWENERGY,2017-03-06,2017-03-21,59.0996,57.5112,0.94,1.78,2.25,-0.026876,-0.029876,time_exit,False,15,10,496417.18,-14830.96,2017
BRIGADE,2017-03-07,2017-03-10,128.6684,135.1018,2.62,8.37,11.06,0.05,0.047,take_profit,False,3,3,639660.36,30064.04,2017
DCAL,2017-03-07,2017-03-22,238.0541,235.5198,3.03,1.91,1.58,-0.010646,-0.013646,time_exit,False,15,10,511728.28,-6983.04,2017
OFSS,2017-03-09,2017-03-24,2629.1841,2550.9902,0.82,4.13,2.52,-0.029741,-0.032741,time_exit,False,15,10,527249.53,-17262.68,2017
TDPOWERSYS,2017-03-10,2017-03-15,32.0095,33.61,7.16,6.23,4.94,0.05,0.047,take_profit,False,5,2,652324.18,30659.24,2017
BLUEDART,2017-03-10,2017-03-15,4533.1942,4759.8539,4.51,2.86,4.17,0.05,0.047,take_profit,False,5,2,521859.34,24527.39,2017
ICIL,2017-03-15,2017-03-22,173.4711,182.1446,4.12,5.26,6.92,0.05,0.047,take_profit,False,7,5,530689.2,24942.39,2017
CUB,2017-03-15,2017-03-29,117.0402,112.1468,0.61,1.65,4.78,-0.041809,-0.044809,time_exit,False,14,10,663361.5,-29724.57,2017
NLCINDIA,2017-03-21,2017-03-22,69.7654,73.2537,8.0,12.36,4.29,0.05,0.047,take_profit,False,1,1,520868.61,24480.82,2017
REFEX,2017-03-22,2017-03-23,4.4999,4.7249,19.66,10.58,18.84,0.05,0.047,take_profit,False,1,1,737840.14,34678.49,2017
GMDCLTD,2017-03-22,2017-03-23,92.0641,96.6673,2.05,3.94,1.69,0.05,0.047,take_profit,False,1,1,590272.11,27742.79,2017
MAHABANK,2017-03-22,2017-04-06,29.6733,29.7737,1.21,5.51,2.4,0.003382,0.000382,time_exit,False,15,10,472217.69,180.39,2017
BBTC,2017-03-23,2017-03-24,812.9086,853.5541,7.02,3.37,8.69,0.05,0.047,take_profit,False,1,1,655880.85,30826.4,2017
JAIBALAJI,2017-03-23,2017-03-24,3.3317,3.6282,4.2,3.11,7.42,0.089001,0.086001,take_profit_gap,False,1,1,524704.68,45125.13,2017
INDIGO,2017-03-24,2017-03-31,983.6953,1032.88,2.46,2.55,4.69,0.05,0.047,take_profit,False,7,5,773068.53,36334.22,2017
SKIPPER,2017-03-24,2017-03-31,164.9752,173.2239,2.88,6.21,5.59,0.05,0.047,take_profit,False,7,5,618454.82,29067.38,2017
WELENT,2017-03-24,2017-03-27,64.806,68.0463,4.94,4.72,6.83,0.05,0.047,take_profit,False,3,1,494763.86,23253.9,2017
ZYDUSWELL,2017-03-27,2017-04-11,171.0808,170.2971,1.14,3.66,3.82,-0.004581,-0.007581,time_exit,False,15,10,499414.64,-3786.06,2017
PTC,2017-03-29,2017-03-31,51.1438,53.701,2.46,2.41,1.65,0.05,0.047,take_profit,False,2,2,526259.1,24734.18,2017
NATCOPHARM,2017-03-31,2017-04-05,789.1731,828.6318,1.89,1.85,2.56,0.05,0.047,take_profit,False,5,2,526458.19,24743.54,2017
BLUESTARCO,2017-03-31,2017-04-18,317.28,315.4979,2.01,2.29,2.73,-0.005617,-0.008617,time_exit,False,18,10,822590.93,-7088.27,2017
GVT&D,2017-03-31,2017-04-07,321.1933,337.253,1.72,4.94,4.82,0.05,0.047,take_profit,False,7,4,658072.74,30929.42,2017
RBLBANK,2017-04-05,2017-04-07,514.6886,540.423,3.6,2.49,4.69,0.05,0.047,take_profit,False,2,2,531406.9,24976.12,2017
JINDALSTEL,2017-04-06,2017-04-12,130.9655,121.7979,0.8,1.95,6.2,-0.07,-0.073,stopped_out,True,6,4,519605.13,-37931.17,2017
TVSMOTOR,2017-04-07,2017-04-20,448.1822,470.5913,3.05,2.97,5.02,0.05,0.047,take_profit,False,13,8,664761.14,31243.77,2017
JKTYRE,2017-04-07,2017-04-11,122.4309,128.5525,3.02,2.13,3.82,0.05,0.047,take_profit,False,4,2,531808.92,24995.02,2017
CEATLTD,2017-04-11,2017-04-26,1339.6759,1406.6596,1.51,1.55,4.76,0.05,0.047,take_profit,False,15,10,635933.63,29888.88,2017
RECLTD,2017-04-11,2017-04-19,79.5219,73.9553,7.1,4.5,12.88,-0.07,-0.073,stopped_out,True,8,5,508746.91,-37138.52,2017
SHILPAMED,2017-04-12,2017-04-27,354.2012,343.7963,2.67,4.38,5.08,-0.029376,-0.032376,time_exit,False,15,10,503332.32,-16295.89,2017
ADANIENT,2017-04-18,2017-04-24,77.3817,81.2508,9.56,9.98,16.85,0.05,0.047,take_profit,False,6,4,565766.39,26591.02,2017
REDINGTON,2017-04-19,2017-04-21,45.275,47.5388,2.99,4.21,4.24,0.05,0.047,take_profit,False,2,2,546934.79,25705.93,2017
GRANULES,2017-04-20,2017-04-21,137.8938,144.7885,1.52,1.57,1.79,0.05,0.047,take_profit,False,1,1,576748.81,27107.19,2017
NETWORK18,2017-04-21,2017-04-25,45.5227,47.7989,3.74,3.51,9.38,0.05,0.047,take_profit,False,4,2,696698.39,32744.82,2017
SCI,2017-04-21,2017-05-03,77.675,72.2378,1.37,3.83,8.46,-0.07,-0.073,stopped_out,True,12,7,557358.72,-40687.19,2017
RPOWER,2017-04-24,2017-05-05,49.7249,46.2441,1.61,2.38,4.96,-0.07,-0.073,stopped_out,True,11,8,564358.45,-41198.17,2017
IIFL,2017-04-25,2017-04-26,238.1169,250.0227,4.53,1.91,6.35,0.05,0.047,take_profit,False,1,1,597375.41,28076.64,2017
ALLCARGO,2017-04-26,2017-05-05,40.169,37.3571,1.86,10.47,4.97,-0.07,-0.073,stopped_out,True,9,6,736155.24,-53739.33,2017
CUB,2017-04-26,2017-05-05,126.6816,133.0157,1.27,2.67,4.06,0.05,0.047,take_profit,False,9,6,588924.19,27679.44,2017
NESTLEIND,2017-04-27,2017-05-12,298.3592,303.3643,3.38,2.23,3.93,0.016775,0.013775,time_exit,False,15,10,568546.64,7831.73,2017
INDIANB,2017-05-03,2017-05-05,283.4148,297.5856,4.21,1.62,3.93,0.05,0.047,take_profit,False,2,2,558171.62,26234.07,2017
GAEL,2017-05-05,2017-05-18,33.8615,31.4912,4.08,2.27,3.56,-0.07,-0.073,stopped_out,True,13,9,927854.39,-67733.37,2017
FEDERALBNK,2017-05-05,2017-05-19,107.7447,103.8919,3.14,3.63,2.56,-0.035759,-0.038759,time_exit,False,14,10,742283.52,-28770.17,2017
DBL,2017-05-05,2017-05-08,453.1013,475.7563,0.96,3.28,6.47,0.05,0.047,take_profit,False,3,1,593826.81,27909.86,2017
SFL,2017-05-05,2017-05-11,689.9198,641.6254,1.96,1.53,4.48,-0.07,-0.073,stopped_out,True,6,4,475061.45,-34679.49,2017
ANANTRAJ,2017-05-08,2017-05-09,26.7426,28.0797,5.91,1.82,9.33,0.05,0.047,take_profit,False,1,1,504396.49,23706.64,2017
JKIL,2017-05-09,2017-05-16,275.8242,289.6154,0.51,3.12,2.17,0.05,0.047,take_profit,False,7,5,509137.82,23929.48,2017
SARDAEN,2017-05-11,2017-05-23,24.1454,22.4552,2.17,4.52,4.39,-0.07,-0.073,stopped_out,True,12,8,495386.65,-36163.23,2017
LTIM,2017-05-12,2017-05-25,666.4294,699.7509,0.52,1.65,2.77,0.05,0.047,take_profit,False,13,9,511584.99,24044.49,2017
UNOMINDA,2017-05-16,2017-05-19,88.4673,92.8907,3.51,8.66,4.18,0.05,0.047,take_profit,False,3,3,515881.46,24246.43,2017
SUZLON,2017-05-18,2017-05-19,18.3735,19.2921,1.75,1.86,1.52,0.05,0.047,take_profit,False,1,1,584729.37,27482.28,2017
SHILPAMED,2017-05-19,2017-05-29,348.2583,323.8802,1.11,2.48,1.67,-0.07,-0.073,stopped_out,True,10,6,840954.07,-61389.65,2017
GMDCLTD,2017-05-19,2017-06-02,106.917,104.9259,2.46,4.29,1.91,-0.018622,-0.021622,time_exit,False,14,10,672763.26,-14546.49,2017
WEBELSOLAR,2017-05-19,2017-05-23,12.8864,13.6032,1.13,1.7,2.14,0.055621,0.052621,take_profit_gap,False,4,2,538210.61,28321.18,2017
BHARATFORG,2017-05-24,2017-05-26,508.4074,533.8278,1.42,2.89,3.29,0.05,0.047,take_profit,False,2,2,635719.53,29878.82,2017
VOLTAS,2017-05-24,2017-05-25,424.1255,445.3317,0.76,8.59,4.32,0.05,0.047,take_profit,False,1,1,508575.62,23903.05,2017
UPL,2017-05-25,2017-05-29,493.9147,518.6105,1.3,2.52,2.45,0.05,0.047,take_profit,False,4,2,496385.7,23330.13,2017
GAIL,2017-05-25,2017-06-08,70.1859,67.9476,1.4,2.57,2.15,-0.031891,-0.034891,time_exit,False,14,10,620482.13,-21649.24,2017
NBCC,2017-05-26,2017-06-06,59.3317,62.8647,1.85,1.53,3.02,0.059546,0.056546,take_profit_gap,False,11,7,530228.23,29982.29,2017
DCAL,2017-05-29,2017-06-12,301.0155,300.7146,1.94,1.89,4.51,-0.001,-0.004,time_exit,False,14,10,684038.64,-2736.15,2017
ZYDUSLIFE,2017-05-29,2017-06-02,423.9534,445.1511,0.59,2.0,1.75,0.05,0.047,take_profit,False,4,4,547230.91,25719.85,2017
SUNDRMFAST,2017-06-02,2017-06-16,381.9586,381.3452,3.56,2.87,4.29,-0.001606,-0.004606,time_exit,False,14,10,684018.23,-3150.59,2017
WELCORP,2017-06-02,2017-06-06,79.5536,83.5313,1.08,1.53,4.73,0.05,0.047,take_profit,False,4,2,547214.59,25719.09,2017
TATAELXSI,2017-06-06,2017-06-19,699.6937,734.6783,7.45,6.02,2.4,0.05,0.047,take_profit,False,13,9,664400.51,31226.82,2017
PERSISTENT,2017-06-06,2017-06-12,282.125,296.2313,1.89,2.2,3.24,0.05,0.047,take_profit,False,6,4,531520.41,24981.46,2017
DRREDDY,2017-06-08,2017-06-22,496.011,495.3931,1.42,1.73,3.57,-0.001246,-0.004246,time_exit,False,14,10,544982.9,-2314.0,2017
WELENT,2017-06-12,2017-06-15,92.6166,86.1334,5.21,11.19,13.63,-0.07,-0.073,stopped_out,True,3,3,683547.19,-49898.94,2017
GMDCLTD,2017-06-12,2017-06-16,115.2864,121.0507,0.99,1.53,1.87,0.05,0.047,take_profit,False,4,4,546837.75,25701.37,2017
INDIGO,2017-06-15,2017-06-21,1142.9792,1200.1281,2.63,2.87,2.25,0.05,0.047,take_profit,False,6,4,564199.85,26517.39,2017
GMDCLTD,2017-06-16,2017-06-22,122.6735,114.0864,2.69,2.65,6.88,-0.07,-0.073,stopped_out,True,6,4,702041.24,-51249.01,2017
BEML,2017-06-16,2017-06-20,569.8487,598.3412,4.21,4.25,7.06,0.05,0.047,take_profit,False,4,2,561632.99,26396.75,2017
BALKRISIND,2017-06-19,2017-06-22,742.329,779.4454,2.99,1.5,4.18,0.05,0.047,take_profit,False,3,3,588431.86,27656.3,2017
BEML,2017-06-20,2017-07-05,588.0406,617.4426,0.75,3.68,3.62,0.05,0.047,take_profit,False,15,10,588351.43,27652.52,2017
GMRAIRPORT,2017-06-21,2017-06-27,19.2444,17.8973,0.75,1.9,6.22,-0.07,-0.073,stopped_out,True,6,3,588824.6,-42984.2,2017
SHRIPISTON,2017-06-22,2017-06-27,886.105,946.8034,1.1,2.38,4.49,0.0685,0.0655,take_profit_gap,False,5,2,832969.53,54559.5,2017
SHRIPISTON,2017-06-22,2017-06-27,886.105,946.8034,5.14,2.38,4.49,0.0685,0.0655,take_profit_gap,False,5,2,666375.63,43647.6,2017
AVANTIFEED,2017-06-23,2017-06-30,422.973,444.1217,2.13,2.43,3.26,0.05,0.047,take_profit,False,7,4,533100.5,25055.72,2017
WELENT,2017-06-27,2017-06-28,91.2496,95.812,1.08,1.83,5.43,0.05,0.047,take_profit,False,1,1,855158.94,40192.47,2017
HSCL,2017-06-27,2017-06-30,72.7153,76.3511,0.95,1.53,2.29,0.05,0.047,take_profit,False,3,3,684127.15,32153.98,2017
GRASIM,2017-06-27,2017-07-03,892.4721,937.0957,1.32,1.61,2.85,0.05,0.047,take_profit,False,6,4,547301.72,25723.18,2017
WELCORP,2017-06-28,2017-07-06,92.0,96.6,2.29,2.45,5.89,0.05,0.047,take_profit,False,8,6,616911.66,28994.85,2017
STAR,2017-06-30,2017-07-14,872.9113,916.5568,2.49,1.92,3.36,0.05,0.047,take_profit,False,14,10,748416.79,35175.59,2017
STAR,2017-06-30,2017-07-14,872.9113,916.5568,0.86,1.92,3.36,0.05,0.047,take_profit,False,14,10,598733.44,28140.47,2017
RHIM,2017-07-03,2017-07-06,134.4248,141.146,3.86,2.69,5.19,0.05,0.047,take_profit,False,3,3,593591.73,27898.81,2017
MAHSEAMLES,2017-07-05,2017-07-06,181.6867,190.7711,3.19,2.77,2.96,0.05,0.047,take_profit,False,1,1,598074.17,28109.49,2017
GHCL,2017-07-06,2017-07-20,200.1786,196.7762,1.13,2.56,2.37,-0.016997,-0.019997,time_exit,False,14,10,857175.48,-17140.94,2017
MAHSEAMLES,2017-07-06,2017-07-20,189.1441,187.1876,1.37,1.97,2.99,-0.010344,-0.013344,time_exit,False,14,10,685740.38,-9150.52,2017
PURVA,2017-07-06,2017-07-11,61.4883,64.5627,1.14,4.95,4.93,0.05,0.047,take_profit,False,5,3,548592.31,25783.84,2017
HINDALCO,2017-07-11,2017-07-19,189.5821,199.0612,0.92,1.7,2.63,0.05,0.047,take_profit,False,8,6,553749.07,26026.21,2017
BIOCON,2017-07-14,2017-07-19,197.0671,206.9204,4.46,5.76,2.72,0.05,0.047,take_profit,False,5,3,580074.01,27263.48,2017
RAIN,2017-07-14,2017-07-28,122.9609,121.575,0.99,1.85,5.29,-0.011271,-0.014271,time_exit,False,14,10,725092.52,-10347.8,2017
HERITGFOOD,2017-07-19,2017-07-21,288.247,302.6593,7.11,6.35,8.31,0.05,0.047,take_profit,False,2,2,701481.77,32969.64,2017
KPRMILL,2017-07-19,2017-08-02,159.2271,151.2058,1.18,6.57,3.63,-0.050377,-0.053377,time_exit,False,14,10,561185.41,-29954.39,2017
DEEPAKFERT,2017-07-20,2017-07-24,249.4709,261.9444,5.31,2.92,5.27,0.05,0.047,take_profit,False,4,2,752273.21,35356.84,2017
UNOMINDA,2017-07-20,2017-07-21,114.4676,120.191,3.54,1.76,3.51,0.05,0.047,take_profit,False,1,1,601818.57,28285.47,2017
ADANIPOWER,2017-07-21,2017-07-24,6.4132,6.7339,3.9,3.45,7.19,0.05,0.047,take_profit,False,3,1,754365.95,35455.2,2017
HERITGFOOD,2017-07-21,2017-07-24,304.0061,319.2064,1.8,1.96,2.98,0.05,0.047,take_profit,False,3,1,603492.76,28364.16,2017
M&MFIN,2017-07-24,2017-07-25,198.5618,208.4899,1.27,2.37,1.52,0.05,0.047,take_profit,False,1,1,924655.83,43458.82,2017
GSPL,2017-07-24,2017-07-27,163.9995,172.1995,2.11,2.24,3.38,0.05,0.047,take_profit,False,3,3,739724.66,34767.06,2017
SAREGAMA,2017-07-24,2017-07-28,37.5542,34.9254,9.18,3.87,12.08,-0.07,-0.073,stopped_out,True,4,4,591779.73,-43199.92,2017
SUDARSCHEM,2017-07-25,2017-07-27,413.7412,384.7793,1.35,7.01,6.32,-0.07,-0.073,stopped_out,True,2,2,667046.71,-48694.41,2017
TATAELXSI,2017-07-27,2017-08-10,795.8678,740.157,2.13,4.45,3.06,-0.07,-0.073,stopped_out,True,14,10,812206.18,-59291.05,2017
GODREJCP,2017-07-27,2017-08-01,666.1413,619.5114,1.06,2.9,3.78,-0.07,-0.073,stopped_out,True,5,3,649764.94,-47432.84,2017
IRB,2017-07-28,2017-08-10,20.4105,18.9817,2.88,1.96,4.76,-0.07,-0.073,stopped_out,True,13,9,772476.86,-56390.81,2017
INDIGO,2017-07-28,2017-08-11,1239.2913,1195.9371,2.61,2.11,3.43,-0.034983,-0.037983,time_exit,False,14,10,617981.49,-23472.79,2017
AVANTIFEED,2017-08-01,2017-08-03,511.295,536.8598,3.05,2.59,3.42,0.05,0.047,take_profit,False,2,2,614851.61,28898.03,2017
RCF,2017-08-02,2017-08-04,77.4387,81.3106,7.33,7.8,5.27,0.05,0.047,take_profit,False,2,2,598127.49,28111.99,2017
BATAINDIA,2017-08-03,2017-08-14,577.9122,606.8078,4.87,8.03,3.58,0.05,0.047,take_profit,False,11,7,607251.92,28540.84,2017
IOC,2017-08-04,2017-08-21,78.8584,77.8811,5.1,2.84,6.06,-0.012394,-0.015394,time_exit,False,17,10,611049.43,-9406.49,2017
OLECTRA,2017-08-10,2017-08-14,102.2018,112.5292,12.22,2.34,10.0,0.101049,0.098049,take_profit_gap,False,4,2,782639.78,76737.05,2017
AVANTIFEED,2017-08-11,2017-08-14,497.2345,596.0819,7.99,2.71,6.59,0.198794,0.195794,take_profit_gap,False,3,1,745013.56,145869.19,2017
TATACONSUM,2017-08-11,2017-08-14,153.7884,161.4779,0.97,2.05,5.87,0.05,0.047,take_profit,False,3,1,596010.85,28012.51,2017
KNRCON,2017-08-14,2017-08-30,108.6435,104.4411,0.93,5.68,4.29,-0.038681,-0.041681,time_exit,False,16,10,1078823.82,-44966.46,2017
MOIL,2017-08-14,2017-08-30,134.2298,136.6821,2.25,1.73,2.94,0.018269,0.015269,time_exit,False,16,10,863059.06,13178.05,2017
MOIL,2017-08-14,2017-08-30,134.2298,136.6821,1.54,1.73,2.94,0.018269,0.015269,time_exit,False,16,10,690447.25,10542.44,2017
ASHOKA,2017-08-14,2017-08-30,124.674,130.9077,4.7,2.76,4.96,0.05,0.047,take_profit,False,16,10,552357.8,25960.82,2017
VMART,2017-08-21,2017-08-22,362.9325,381.0791,12.83,12.41,5.44,0.05,0.047,take_profit,False,1,1,562214.83,26424.1,2017
TRENT,2017-08-22,2017-08-23,276.5533,290.381,3.39,4.28,4.91,0.05,0.047,take_profit,False,1,1,567499.64,26672.48,2017
TRIDENT,2017-08-23,2017-08-28,7.1177,7.4735,3.82,4.37,4.28,0.05,0.047,take_profit,False,5,2,572834.14,26923.2,2017
ASAHIINDIA,2017-08-28,2017-09-11,365.3223,375.4358,5.08,10.32,11.92,0.027684,0.024684,time_exit,False,14,10,578218.78,14272.75,2017
HEG,2017-08-30,2017-09-05,114.084,119.7882,6.08,3.79,10.46,0.05,0.047,take_profit,False,6,4,563433.26,26481.36,2017
HERITGFOOD,2017-08-30,2017-09-13,362.5495,337.1711,1.49,3.04,2.9,-0.07,-0.073,stopped_out,True,14,10,704291.57,-51413.28,2017
GODREJPROP,2017-08-30,2017-09-01,568.8843,597.3285,4.34,2.73,4.33,0.05,0.047,take_profit,False,2,2,1100455.58,51721.41,2017
ADANIPOWER,2017-08-30,2017-09-13,6.4332,6.3668,5.13,2.54,6.63,-0.010321,-0.013321,time_exit,False,14,10,880364.46,-11727.34,2017
CENTRALBK,2017-09-01,2017-09-05,93.4529,98.1255,4.3,5.65,7.98,0.05,0.047,take_profit,False,4,2,681182.0,32015.55,2017
COALINDIA,2017-09-05,2017-09-19,125.1072,127.2961,1.7,1.83,2.98,0.017497,0.014497,time_exit,False,14,10,805568.04,11678.32,2017
RAMCOCEM,2017-09-05,2017-09-13,708.6893,744.1237,2.1,3.47,4.27,0.05,0.047,take_profit,False,8,6,644454.43,30289.36,2017
MINDACORP,2017-09-11,2017-09-18,130.8976,137.4425,10.44,14.97,18.38,0.05,0.047,take_profit,False,7,5,634061.85,29800.91,2017
IOB,2017-09-13,2017-09-22,24.4122,22.7033,4.03,4.71,2.52,-0.07,-0.073,stopped_out,True,9,7,946501.32,-69094.6,2017
MARKSANS,2017-09-13,2017-09-14,40.4949,42.5197,2.88,3.56,4.79,0.05,0.047,take_profit,False,1,1,757201.06,35588.45,2017
GMRAIRPORT,2017-09-13,2017-09-22,16.1347,15.0053,1.68,1.68,2.29,-0.07,-0.073,stopped_out,True,9,7,605760.85,-44220.54,2017
RPOWER,2017-09-14,2017-09-20,42.5212,45.7271,0.94,2.82,5.2,0.075395,0.072395,take_profit_gap,False,6,4,643166.58,46562.04,2017
TRIDENT,2017-09-18,2017-09-22,8.5897,7.9884,1.1,1.9,3.36,-0.07,-0.073,stopped_out,True,4,4,647305.81,-47253.32,2017
SCHNEIDER,2017-09-19,2017-09-22,143.4717,133.4287,2.06,8.76,7.82,-0.07,-0.073,stopped_out,True,3,3,681293.92,-49734.46,2017
NBCC,2017-09-20,2017-10-05,67.4432,65.7843,1.43,3.15,2.37,-0.024596,-0.027596,time_exit,False,15,10,682980.86,-18847.54,2017
ITI,2017-09-22,2017-09-25,139.5197,146.4957,5.45,7.03,9.8,0.05,0.047,take_profit,False,3,1,1080496.49,50783.33,2017
SCI,2017-09-25,2017-09-28,90.5746,84.2344,4.39,3.52,12.2,-0.07,-0.073,stopped_out,True,3,3,558414.42,-40764.25,2017
CHOLAHLDNG,2017-09-25,2017-09-27,584.3816,543.4749,8.46,20.0,2.53,-0.07,-0.073,stopped_out,True,2,2,698018.02,-50955.32,2017
CHOLAHLDNG,2017-09-25,2017-09-27,584.3816,543.4749,6.15,20.0,2.53,-0.07,-0.073,stopped_out,True,2,2,872522.52,-63694.14,2017
DCAL,2017-09-25,2017-09-27,329.6979,304.5085,5.03,10.06,2.45,-0.076401,-0.079401,stopped_out_gap,False,2,2,1090653.15,-86598.95,2017
SUBROS,2017-09-28,2017-10-10,233.519,245.195,3.61,2.85,4.24,0.05,0.047,take_profit,False,12,7,1042250.62,48985.78,2017
AKZOINDIA,2017-09-28,2017-09-29,1495.8176,1570.6085,1.07,2.66,4.52,0.05,0.047,take_profit,False,1,1,833800.5,39188.62,2017
PATANJALI,2017-09-28,2017-10-05,814.8091,757.7724,3.01,2.77,11.88,-0.07,-0.073,stopped_out,True,7,4,667040.4,-48693.95,2017
ASHOKLEY,2017-09-28,2017-09-29,49.9747,52.4735,3.04,1.79,2.68,0.05,0.047,take_profit,False,1,1,533632.32,25080.72,2017
RADICO,2017-09-29,2017-10-04,163.1017,171.2568,2.82,4.69,5.11,0.05,0.047,take_profit,False,5,2,713246.29,33522.58,2017
NAVINFLUOR,2017-09-29,2017-10-05,662.5422,695.6693,2.15,2.87,4.04,0.05,0.047,take_profit,False,6,3,570597.03,26818.06,2017
PCJEWELLER,2017-10-04,2017-10-09,36.6464,39.2371,4.49,2.91,3.82,0.070697,0.067697,take_profit_gap,False,5,3,605831.4,41012.97,2017
SUNFLAG,2017-10-05,2017-10-11,78.4592,72.967,2.72,2.16,8.6,-0.07,-0.073,stopped_out,True,6,4,860644.09,-62827.02,2017
DEEPAKNTR,2017-10-05,2017-10-10,199.3914,209.361,3.42,2.67,5.55,0.05,0.047,take_profit,False,5,3,688515.27,32360.22,2017
GNFC,2017-10-05,2017-10-09,294.8929,309.6375,1.9,4.17,6.4,0.05,0.047,take_profit,False,4,2,550812.22,25888.17,2017
SOBHA,2017-10-09,2017-10-11,427.2206,397.3152,8.21,11.42,11.92,-0.07,-0.073,stopped_out,True,2,2,685358.72,-50031.19,2017
TVSMOTOR,2017-10-09,2017-10-24,648.2088,663.6675,2.07,1.67,2.57,0.023848,0.020848,time_exit,False,15,10,548286.98,11430.69,2017
GNFC,2017-10-10,2017-10-16,332.1938,348.8035,0.6,3.43,5.29,0.05,0.047,take_profit,False,6,4,640841.57,30119.55,2017
DMART,2017-10-10,2017-10-12,1185.2423,1244.5045,5.33,2.57,5.36,0.05,0.047,take_profit,False,2,2,801051.96,37649.44,2017
HIKAL,2017-10-11,2017-10-12,147.686,155.0703,1.5,4.49,2.85,0.05,0.047,take_profit,False,1,1,799302.18,37567.2,2017
PETRONET,2017-10-11,2017-10-23,181.1544,190.2121,1.49,2.29,3.57,0.05,0.047,take_profit,False,12,7,639441.74,30053.76,2017
FACT,2017-10-12,2017-10-16,42.182,44.2911,3.97,2.46,1.93,0.05,0.047,take_profit,False,4,2,846667.55,39793.37,2017
SHILPAMED,2017-10-12,2017-10-17,342.4388,318.4681,1.83,2.96,5.52,-0.07,-0.073,stopped_out,True,5,3,677334.04,-49445.38,2017
BHARTIARTL,2017-10-16,2017-10-19,389.6713,409.1549,6.36,2.85,4.88,0.05,0.047,take_profit,False,3,3,853351.64,40107.53,2017
FEDERALBNK,2017-10-16,2017-10-31,116.4488,113.4893,5.37,5.07,5.99,-0.025414,-0.028414,time_exit,False,15,10,682681.31,-19397.71,2017
NAVA,2017-10-17,2017-10-24,56.9877,59.837,0.68,2.22,3.94,0.05,0.047,take_profit,False,7,4,671722.78,31570.97,2017
MOIL,2017-10-19,2017-10-23,189.631,199.1126,6.07,3.06,5.76,0.05,0.047,take_profit,False,4,1,716070.06,33655.29,2017
TORNTPOWER,2017-10-23,2017-11-01,215.5176,226.2935,0.75,3.24,6.18,0.05,0.047,take_profit,False,9,7,856700.22,40264.91,2017
CROMPTON,2017-10-23,2017-11-06,208.1939,209.2966,0.62,2.15,2.85,0.005296,0.002296,time_exit,False,14,10,685360.17,1573.59,2017
BANKBARODA,2017-10-24,2017-10-25,126.9682,139.5121,12.96,1.57,3.28,0.098796,0.095796,take_profit_gap,False,1,1,800890.42,76722.1,2017
ZEEL,2017-10-24,2017-11-07,490.2231,500.9999,3.43,4.05,6.04,0.021983,0.018983,time_exit,False,14,10,640712.34,12162.64,2017
CASTROLIND,2017-10-25,2017-10-26,135.4833,142.2575,2.01,2.59,2.58,0.05,0.047,take_profit,False,1,1,688092.38,32340.34,2017
MMTC,2017-10-26,2017-10-27,40.356,42.3738,0.65,1.67,1.73,0.05,0.047,take_profit,False,1,1,694560.44,32644.34,2017
UBL,2017-10-27,2017-10-30,960.1635,1008.1717,3.56,4.82,4.85,0.05,0.047,take_profit,False,3,1,701089.31,32951.2,2017
MAHSEAMLES,2017-10-30,2017-11-08,225.0929,209.3364,2.14,2.19,4.86,-0.07,-0.073,stopped_out,True,9,7,707679.55,-51660.61,2017
HEG,2017-10-31,2017-11-03,287.618,309.0615,4.71,2.13,6.47,0.074556,0.071556,take_profit_gap,False,3,3,698800.36,50003.36,2017
GODREJCP,2017-11-01,2017-11-15,600.7725,568.4978,0.75,4.77,2.6,-0.053722,-0.056722,time_exit,False,14,10,738433.32,-41885.41,2017
MARKSANS,2017-11-03,2017-11-08,48.8235,45.4059,0.9,2.44,3.51,-0.07,-0.073,stopped_out,True,5,3,740507.4,-54057.04,2017
PCBL,2017-11-06,2017-11-07,77.1831,81.0422,9.97,4.42,9.84,0.05,0.047,take_profit,False,1,1,729792.67,34300.26,2017
NBCC,2017-11-07,2017-11-15,87.4939,81.3693,1.38,4.44,6.17,-0.07,-0.073,stopped_out,True,8,6,867227.72,-63307.62,2017
TECHM,2017-11-07,2017-11-09,356.2564,374.0693,1.62,2.08,1.84,0.05,0.047,take_profit,False,2,2,693782.17,32607.76,2017
LTIM,2017-11-08,2017-11-09,783.2843,822.4485,4.45,9.09,5.76,0.05,0.047,take_profit,False,1,1,823519.6,38705.42,2017
LTTS,2017-11-08,2017-11-10,795.3902,835.1597,1.64,5.45,4.99,0.05,0.047,take_profit,False,2,2,658815.68,30964.34,2017
PIDILITIND,2017-11-09,2017-11-21,391.0411,410.5932,4.31,3.65,3.01,0.05,0.047,take_profit,False,12,8,844775.53,39704.45,2017
PIDILITIND,2017-11-09,2017-11-21,391.0411,410.5932,1.3,3.65,3.01,0.05,0.047,take_profit,False,12,8,675820.43,31763.56,2017
TIPSMUSIC,2017-11-10,2017-11-13,10.9521,11.4997,6.25,5.94,2.54,0.05,0.047,take_profit,False,3,1,678612.35,31894.78,2017
JINDALSTEL,2017-11-13,2017-11-15,169.3919,157.5345,1.02,2.62,4.06,-0.07,-0.073,stopped_out,True,2,2,684991.3,-50004.37,2017
ICIL,2017-11-15,2017-11-16,110.8877,116.4321,4.81,4.4,12.45,0.05,0.047,take_profit,False,1,1,624053.78,29330.53,2017
ZENTEC,2017-11-15,2017-11-16,94.7376,99.4745,8.58,4.86,12.51,0.05,0.047,take_profit,False,1,1,780067.22,36663.16,2017
RELIGARE,2017-11-15,2017-11-16,46.2231,50.7746,10.61,2.07,3.59,0.098468,0.095468,take_profit_gap,False,1,1,975084.03,93089.32,2017
INFY,2017-11-16,2017-11-30,397.303,391.9667,1.18,1.68,3.85,-0.013431,-0.016431,time_exit,False,14,10,1006900.63,-16544.38,2017
TITAGARH,2017-11-16,2017-11-17,149.2976,156.7625,0.73,1.72,6.52,0.05,0.047,take_profit,False,1,1,805520.5,37859.46,2017
RADICO,2017-11-16,2017-11-17,245.9245,258.2207,10.38,5.12,14.25,0.05,0.047,take_profit,False,1,1,644416.4,30287.57,2017
RENUKA,2017-11-17,2017-11-22,17.5588,16.3297,6.27,5.04,11.78,-0.07,-0.073,stopped_out,True,5,3,819149.91,-59797.94,2017
DLF,2017-11-17,2017-12-01,209.5692,221.6585,5.61,2.13,3.97,0.057686,0.054686,take_profit_gap,False,14,10,655319.93,35836.83,2017
DATAMATICS,2017-11-21,2017-12-05,123.5427,117.4702,3.1,4.8,8.51,-0.049153,-0.052153,time_exit,False,14,10,842668.74,-43947.7,2017
TITAN,2017-11-21,2017-12-05,793.1935,770.1964,2.05,1.53,3.35,-0.028993,-0.031993,time_exit,False,14,10,674134.99,-21567.6,2017
VIPIND,2017-11-22,2017-11-23,333.5658,350.2441,7.43,3.22,10.9,0.05,0.047,take_profit,False,1,1,691178.39,32485.38,2017
INDIAGLYCO,2017-11-23,2017-11-24,197.5907,207.4702,4.73,1.94,8.11,0.05,0.047,take_profit,False,1,1,697675.46,32790.75,2017
ANANTRAJ,2017-11-24,2017-11-29,24.6518,25.8844,1.64,1.67,4.54,0.05,0.047,take_profit,False,5,3,704233.61,33098.98,2017
DIXON,2017-11-29,2017-12-01,686.3939,720.7136,1.04,1.51,2.58,0.05,0.047,take_profit,False,2,2,710853.41,33410.11,2017
APLAPOLLO,2017-11-30,2017-12-05,191.5092,178.1035,2.11,3.81,2.05,-0.07,-0.073,stopped_out,True,5,3,766753.97,-55973.04,2017
ADVENZYMES,2017-12-01,2017-12-06,271.8551,252.8252,0.66,6.97,3.89,-0.07,-0.073,stopped_out,True,5,3,900487.23,-65735.57,2017
CUB,2017-12-01,2017-12-06,149.4618,157.0565,1.52,2.75,2.14,0.050814,0.047814,take_profit_gap,False,5,3,720389.79,34444.72,2017
ALKEM,2017-12-05,2017-12-08,1952.3216,2049.9377,1.33,3.68,4.23,0.05,0.047,take_profit,False,3,3,645584.45,30342.47,2017
PHOENIXLTD,2017-12-05,2017-12-15,271.0252,284.5765,0.54,5.09,3.99,0.05,0.047,take_profit,False,10,8,1008725.7,47410.11,2017
ALKEM,2017-12-05,2017-12-08,1952.3216,2049.9377,0.74,3.68,4.23,0.05,0.047,take_profit,False,3,3,806980.56,37928.09,2017
BSOFT,2017-12-06,2017-12-11,88.6978,93.1327,2.41,2.06,3.82,0.05,0.047,take_profit,False,5,3,834384.79,39216.09,2017
BAJAJELEC,2017-12-06,2017-12-11,423.0739,444.2276,5.57,2.07,5.83,0.05,0.047,take_profit,False,5,3,667507.83,31372.87,2017
SUNTV,2017-12-08,2017-12-18,716.741,752.5781,3.66,1.76,4.91,0.05,0.047,take_profit,False,10,6,838173.38,39394.15,2017
JKPAPER,2017-12-08,2017-12-11,108.9063,114.3516,7.78,6.03,9.26,0.05,0.047,take_profit,False,3,1,670538.7,31515.32,2017
AUBANK,2017-12-11,2017-12-14,354.1527,329.362,2.95,2.13,2.58,-0.07,-0.073,stopped_out,True,3,3,991338.08,-72367.68,2017
LUMAXTECH,2017-12-11,2017-12-12,121.1693,127.2278,2.21,2.32,4.17,0.05,0.047,take_profit,False,1,1,793070.47,37274.31,2017
WOCKPHARMA,2017-12-11,2017-12-19,695.133,729.8897,3.66,3.36,6.9,0.05,0.047,take_profit,False,8,6,634456.37,29819.45,2017
PURVA,2017-12-12,2017-12-14,149.8493,139.3598,1.09,3.33,9.11,-0.07,-0.073,stopped_out,True,2,2,673634.06,-49175.29,2017
WELENT,2017-12-14,2017-12-15,131.6494,138.2319,0.98,2.67,3.86,0.05,0.047,take_profit,False,1,1,847593.08,39836.87,2017
NATCOPHARM,2017-12-14,2017-12-28,953.4169,886.6777,4.3,7.06,5.59,-0.07,-0.073,stopped_out,True,14,9,678074.46,-49499.44,2017
GHCL,2017-12-15,2018-01-01,254.3842,261.3556,1.26,1.65,1.93,0.027405,0.024405,time_exit,False,17,10,744938.18,18180.22,2018
SUNDRMFAST,2017-12-15,2017-12-18,504.04,529.242,1.03,5.7,5.57,0.05,0.047,take_profit,False,3,1,931172.72,43765.12,2017
OPTIEMUS,2017-12-18,2017-12-20,110.8279,120.0511,5.16,2.89,4.21,0.083221,0.080221,take_profit_gap,False,2,2,773161.29,62023.77,2017
DCBBANK,2017-12-18,2018-01-02,185.5601,184.0919,1.44,2.51,3.69,-0.007912,-0.010912,time_exit,False,15,10,966451.62,-10545.92,2018
JAIBALAJI,2017-12-19,2017-12-21,4.3222,4.7476,3.01,1.7,4.1,0.098438,0.095438,take_profit_gap,False,2,2,751384.2,71710.61,2017
UNOMINDA,2017-12-20,2018-01-04,210.956,202.9924,3.16,1.56,4.03,-0.03775,-0.04075,time_exit,False,15,10,768144.37,-31301.88,2018
IFCI,2017-12-21,2017-12-22,28.7644,26.7509,8.52,10.36,20.29,-0.07,-0.073,stopped_out,True,1,1,779134.46,-56876.82,2017
VGUARD,2017-12-22,2018-01-08,230.5349,231.3682,1.91,2.23,1.77,0.003615,0.000615,time_exit,False,17,10,767759.1,472.17,2018
OIL,2017-12-28,2018-01-11,105.8422,107.7614,1.98,4.09,4.0,0.018133,0.015133,time_exit,False,14,10,739922.28,11197.24,2018
RPOWER,2018-01-01,2018-01-02,60.6803,56.4327,6.27,10.9,19.16,-0.07,-0.073,stopped_out,True,1,1,744561.51,-54352.99,2018
NMDC,2018-01-02,2018-01-05,21.8442,22.9364,2.76,4.89,5.02,0.05,0.047,take_profit,False,3,3,924872.05,43468.99,2018
REDINGTON,2018-01-02,2018-01-16,70.8402,74.3822,0.67,2.73,3.11,0.05,0.047,take_profit,False,14,10,739897.64,34775.19,2018
ACE,2018-01-04,2018-01-05,150.0185,157.5194,6.58,3.08,8.85,0.05,0.047,take_profit,False,1,1,739286.61,34746.47,2018
FEDERALBNK,2018-01-05,2018-01-16,104.5986,97.2767,3.35,1.76,2.51,-0.07,-0.073,stopped_out,True,11,7,939904.11,-68613.0,2018
SUBROS,2018-01-05,2018-01-08,368.7758,387.2146,3.7,5.1,18.33,0.05,0.047,take_profit,False,3,1,751923.29,35340.39,2018
INDIAGLYCO,2018-01-08,2018-01-12,250.1969,262.7068,2.62,3.1,7.82,0.05,0.047,take_profit,False,4,4,912637.62,42893.97,2018
OLECTRA,2018-01-08,2018-01-09,229.2797,240.7437,3.53,2.82,8.77,0.05,0.047,take_profit,False,1,1,730110.1,34315.17,2018
GODREJPROP,2018-01-09,2018-01-10,791.9458,831.5431,1.48,4.8,7.11,0.05,0.047,take_profit,False,1,1,736973.13,34637.74,2018
CONCOR,2018-01-10,2018-01-24,533.2128,529.1076,2.17,6.04,7.36,-0.007699,-0.010699,time_exit,False,14,10,743900.68,-7958.99,2018
IDFCFIRSTB,2018-01-11,2018-01-16,66.9692,62.2814,2.33,4.66,8.64,-0.07,-0.073,stopped_out,True,5,3,745344.45,-54410.14,2018
USHAMART,2018-01-12,2018-01-15,29.3351,30.8019,8.85,7.68,19.14,0.05,0.047,take_profit,False,3,1,787381.88,37006.95,2018
PCJEWELLER,2018-01-15,2018-01-25,58.0992,54.0323,3.41,2.4,4.9,-0.07,-0.073,stopped_out,True,10,8,794783.27,-58019.18,2018
HCLTECH,2018-01-16,2018-01-23,375.4355,394.2073,1.29,3.33,3.85,0.05,0.047,take_profit,False,7,5,1103206.26,51850.69,2018
TCS,2018-01-16,2018-01-22,1168.436,1226.8578,1.9,2.06,3.44,0.05,0.047,take_profit,False,6,4,882565.01,41480.56,2018
INFY,2018-01-16,2018-01-23,451.3474,473.9147,2.68,2.27,3.85,0.05,0.047,take_profit,False,7,5,706052.01,33184.44,2018
TCS,2018-01-22,2018-02-06,1280.3018,1230.1208,3.69,1.91,5.25,-0.039195,-0.042195,time_exit,False,15,10,749650.72,-31631.51,2018
GHCL,2018-01-23,2018-01-30,285.7405,265.7387,3.02,2.63,6.09,-0.07,-0.073,stopped_out,True,7,4,978579.25,-71436.29,2018
BANKBARODA,2018-01-23,2018-01-30,153.5769,142.8265,1.56,1.65,4.97,-0.07,-0.073,stopped_out,True,7,4,782863.4,-57149.03,2018
STLTECH,2018-01-24,2018-01-29,384.2013,357.3072,2.3,1.58,4.77,-0.07,-0.073,stopped_out,True,5,2,773479.06,-56463.97,2018
LT,2018-01-25,2018-02-06,1257.2983,1169.2874,0.58,2.19,1.76,-0.07,-0.073,stopped_out,True,12,7,766136.07,-55927.93,2018
MPHASIS,2018-01-29,2018-02-07,722.7354,672.1439,2.38,4.13,5.92,-0.07,-0.073,stopped_out,True,9,7,756311.87,-55210.77,2018
IOC,2018-01-30,2018-02-14,78.5344,74.6271,1.1,5.34,2.82,-0.049752,-0.052752,time_exit,False,15,10,931620.96,-49144.87,2018
IOC,2018-01-30,2018-02-14,78.5344,74.6271,3.33,5.34,2.82,-0.049752,-0.052752,time_exit,False,15,10,745296.77,-39315.9,2018
FDC,2018-02-06,2018-02-07,234.6412,246.3732,4.4,1.62,10.5,0.05,0.047,take_profit,False,1,1,881882.89,41448.5,2018
JAMNAAUTO,2018-02-06,2018-02-14,70.8722,74.9921,1.99,2.23,12.24,0.058131,0.055131,take_profit_gap,False,8,5,705506.31,38895.27,2018
CHAMBLFERT,2018-02-07,2018-02-22,131.4268,128.0536,0.78,2.21,8.93,-0.025666,-0.028666,time_exit,False,15,10,711433.23,-20393.95,2018
CENTURYPLY,2018-02-07,2018-02-20,326.8075,303.9309,7.24,5.42,9.19,-0.07,-0.073,stopped_out,True,13,8,889291.54,-64918.28,2018
KRBL,2018-02-14,2018-02-19,591.1902,549.8069,2.66,3.16,1.99,-0.07,-0.073,stopped_out,True,5,3,662859.71,-48388.76,2018
KEC,2018-02-14,2018-02-16,366.1998,384.5098,4.29,2.93,5.96,0.05,0.047,take_profit,False,2,2,1035718.3,48678.76,2018
CANFINHOME,2018-02-14,2018-02-28,489.7056,509.5433,2.7,2.36,4.6,0.040509,0.037509,time_exit,False,14,10,828574.64,31079.01,2018
EPL,2018-02-16,2018-02-28,123.3914,114.754,0.73,1.51,1.85,-0.07,-0.073,stopped_out,True,12,8,747167.18,-54543.2,2018
BBTC,2018-02-19,2018-02-28,1540.3709,1432.5449,3.98,1.81,1.76,-0.07,-0.073,stopped_out,True,9,7,720627.93,-52605.84,2018
ZYDUSWELL,2018-02-20,2018-03-07,245.2788,243.1662,3.18,4.4,6.03,-0.008613,-0.011613,time_exit,False,15,10,741377.0,-8609.61,2018
COFORGE,2018-02-22,2018-03-01,149.8101,157.3006,3.21,1.81,2.56,0.05,0.047,take_profit,False,7,5,731309.46,34371.54,2018
VGUARD,2018-02-28,2018-03-08,234.5522,218.1335,0.89,1.67,5.07,-0.07,-0.073,stopped_out,True,8,5,1029107.51,-75124.85,2018
FSL,2018-03-01,2018-03-07,42.196,39.2423,1.13,1.89,3.5,-0.07,-0.073,stopped_out,True,6,3,976422.21,-71278.82,2018
GODREJAGRO,2018-03-01,2018-03-06,590.2905,619.8051,5.48,6.74,8.04,0.05,0.047,take_profit,False,5,2,781137.77,36713.48,2018
IIFL,2018-03-01,2018-03-12,407.9197,428.3157,1.74,2.62,5.87,0.05,0.047,take_profit,False,11,6,624910.21,29370.78,2018
TRENT,2018-03-08,2018-03-13,328.8328,345.2744,4.52,5.07,6.41,0.05,0.047,take_profit,False,5,3,1181877.11,55548.22,2018
SUNDRMFAST,2018-03-08,2018-03-13,532.8838,559.528,1.06,2.14,2.36,0.05,0.047,take_profit,False,5,3,945501.68,44438.58,2018
OBEROIRLTY,2018-03-09,2018-03-13,510.0893,535.5937,2.6,1.87,4.54,0.05,0.047,take_profit,False,4,2,756401.35,35550.86,2018
JUBLFOOD,2018-03-09,2018-03-16,202.1649,212.2732,1.96,1.74,2.0,0.05,0.047,take_profit,False,7,5,605121.08,28440.69,2018
IOC,2018-03-12,2018-03-16,79.3144,73.7624,0.71,2.87,2.86,-0.07,-0.073,stopped_out,True,4,4,614953.06,-44891.57,2018
AARTIIND,2018-03-13,2018-03-20,282.4099,262.6412,0.85,3.2,2.92,-0.07,-0.073,stopped_out,True,7,5,701328.65,-51196.99,2018
AMBER,2018-03-13,2018-03-20,1178.6468,1096.1415,1.02,2.07,3.83,-0.07,-0.073,stopped_out,True,7,5,876660.81,-63996.24,2018
GPIL,2018-03-13,2018-03-23,118.1266,109.7015,3.76,1.76,5.0,-0.071323,-0.074323,stopped_out_gap,False,10,8,1095826.01,-81445.08,2018
HEG,2018-03-16,2018-03-19,534.8736,565.9994,4.05,3.45,3.98,0.058193,0.055193,take_profit_gap,False,3,1,801787.57,44253.06,2018
PATANJALI,2018-03-16,2018-03-23,602.5342,554.6256,3.52,1.81,8.21,-0.079512,-0.082512,stopped_out_gap,False,7,5,641430.05,-52925.68,2018
SRF,2018-03-20,2018-03-28,371.6489,390.5836,1.69,1.62,3.09,0.050948,0.047948,take_profit_gap,False,8,6,974911.41,46745.05,2018
MARICO,2018-03-20,2018-04-05,284.6874,288.683,3.53,2.83,5.47,0.014035,0.011035,time_exit,False,16,10,779929.13,8606.52,2018
NESTLEIND,2018-03-20,2018-03-28,353.3805,371.0495,0.89,1.8,1.84,0.05,0.047,take_profit,False,8,6,623943.31,29325.34,2018
BALKRISIND,2018-03-26,2018-04-03,1033.8979,1085.5928,0.99,1.77,5.15,0.05,0.047,take_profit,False,8,4,819731.71,38527.39,2018
MMTC,2018-03-26,2018-04-03,38.5617,40.4898,1.78,1.85,6.49,0.05,0.047,take_profit,False,8,4,655785.37,30821.91,2018
JYOTHYLAB,2018-03-28,2018-04-13,174.9806,162.7319,1.18,1.93,4.71,-0.07,-0.073,stopped_out,True,16,10,859613.31,-62751.77,2018
TECHM,2018-03-28,2018-04-13,483.6153,507.7961,0.7,1.91,2.82,0.05,0.047,take_profit,False,16,10,687690.65,32321.46,2018
TATACHEM,2018-04-03,2018-04-17,252.6864,260.2168,1.71,3.91,2.55,0.029801,0.026801,time_exit,False,14,10,859125.8,23025.43,2018
TANLA,2018-04-03,2018-04-04,33.3436,35.0108,5.69,2.08,6.5,0.05,0.047,take_profit,False,1,1,687300.64,32303.13,2018
NATIONALUM,2018-04-04,2018-04-11,44.6063,47.0409,3.28,1.69,1.59,0.05458,0.05158,take_profit_gap,False,7,5,693761.26,35784.21,2018
PRAJIND,2018-04-05,2018-04-10,81.0943,85.149,1.05,2.3,4.85,0.05,0.047,take_profit,False,5,3,712716.14,33497.66,2018
TATAPOWER,2018-04-10,2018-04-24,78.1285,76.3926,0.69,1.77,2.11,-0.022218,-0.025218,time_exit,False,14,10,719415.67,-18142.22,2018
TATAINVEST,2018-04-11,2018-04-23,69.6413,73.1234,0.69,2.15,3.08,0.05,0.047,take_profit,False,12,8,721441.63,33907.76,2018
GLENMARK,2018-04-13,2018-04-27,564.3062,554.6381,1.78,1.92,4.29,-0.017133,-0.020133,time_exit,False,14,10,880528.04,-17727.67,2018
GRAVITA,2018-04-13,2018-04-25,170.8882,179.4326,0.77,3.47,4.2,0.05,0.047,take_profit,False,12,8,704422.43,33107.85,2018
NAVA,2018-04-17,2018-04-24,63.1829,66.342,1.79,1.78,1.77,0.05,0.047,take_profit,False,7,5,739968.19,34778.5,2018
SPARC,2018-04-23,2018-05-08,423.5116,409.2952,0.51,1.79,2.92,-0.033568,-0.036568,time_exit,False,15,10,743044.43,-27171.65,2018
ZYDUSWELL,2018-04-24,2018-04-27,253.4765,266.1504,2.88,4.4,6.79,0.05,0.047,take_profit,False,3,3,889639.57,41813.06,2018
ZENSARTECH,2018-04-24,2018-04-25,204.7047,214.9399,0.75,5.44,6.71,0.05,0.047,take_profit,False,1,1,711711.66,33450.45,2018
GRAVITA,2018-04-25,2018-04-27,173.9816,182.6807,2.72,3.87,6.54,0.05,0.047,take_profit,False,2,2,865907.8,40697.67,2018
SYNGENE,2018-04-25,2018-04-27,336.2671,312.7284,0.8,4.67,3.22,-0.07,-0.073,stopped_out,True,2,2,692726.24,-50569.02,2018
JMFINANCIL,2018-04-27,2018-04-30,123.4507,129.6233,1.49,1.68,4.74,0.05,0.047,take_profit,False,3,1,1222784.13,57470.85,2018
SRF,2018-04-27,2018-05-11,462.1321,429.7829,0.77,1.93,2.95,-0.07,-0.073,stopped_out,True,14,9,978227.3,-71410.59,2018
JMFINANCIL,2018-04-27,2018-04-30,123.4507,129.6233,3.22,1.68,4.74,0.05,0.047,take_profit,False,3,1,782581.84,36781.35,2018
GUJGASLTD,2018-04-27,2018-05-14,166.8511,167.231,2.49,3.37,3.79,0.002277,-0.000723,time_exit,False,17,10,626065.48,-452.65,2018
AMBER,2018-04-30,2018-05-08,1135.8539,1192.6466,2.34,2.59,6.37,0.05,0.047,take_profit,False,8,5,920776.02,43276.47,2018
NEWGEN,2018-04-30,2018-05-15,117.8424,119.1309,3.36,6.15,4.52,0.010934,0.007934,time_exit,False,15,10,736620.81,5844.35,2018
INDIANB,2018-05-08,2018-05-10,293.1907,272.6673,1.03,3.69,5.22,-0.07,-0.073,stopped_out,True,2,2,740225.36,-54036.45,2018
POWERGRID,2018-05-08,2018-05-22,78.8887,78.069,0.5,2.29,1.55,-0.010391,-0.013391,time_exit,False,14,10,925281.7,-12390.45,2018
PNCINFRA,2018-05-10,2018-05-22,170.2171,158.3019,2.03,2.16,1.91,-0.07,-0.073,stopped_out,True,12,8,729418.07,-53247.52,2018
BERGEPAINT,2018-05-11,2018-05-22,221.8107,232.9012,0.69,5.3,1.89,0.05,0.047,take_profit,False,11,7,764897.8,35950.2,2018
SUNTV,2018-05-14,2018-05-28,769.7872,752.1725,6.78,6.45,6.44,-0.022883,-0.025883,time_exit,False,14,10,737040.81,-19076.83,2018
LALPATHLAB,2018-05-15,2018-05-29,418.9996,414.7378,3.16,12.24,7.21,-0.010171,-0.013171,time_exit,False,14,10,738125.68,-9721.85,2018
SBIN,2018-05-22,2018-05-23,234.3949,246.1146,3.37,3.67,4.21,0.05,0.047,take_profit,False,1,1,1068482.5,50218.68,2018
UNOMINDA,2018-05-22,2018-05-23,182.7287,191.8651,1.07,2.18,3.05,0.05,0.047,take_profit,False,1,1,854786.0,40174.94,2018
HAVELLS,2018-05-22,2018-06-05,520.6117,500.6269,2.0,1.62,5.09,-0.038387,-0.041387,time_exit,False,14,10,683828.8,-28301.62,2018
KEI,2018-05-23,2018-06-05,472.1813,435.804,1.66,3.63,4.87,-0.077041,-0.080041,stopped_out_gap,False,13,9,949795.47,-76022.58,2018
UNOMINDA,2018-05-23,2018-05-24,208.6204,219.0514,8.93,11.29,9.71,0.05,0.047,take_profit,False,1,1,759836.37,35712.31,2018
BSOFT,2018-05-24,2018-06-01,148.5701,155.9987,2.51,3.55,2.98,0.05,0.047,take_profit,False,8,6,766978.84,36048.01,2018
LUPIN,2018-05-28,2018-06-08,747.8825,785.2766,2.76,1.63,4.68,0.05,0.047,take_profit,False,11,9,757175.86,35587.27,2018
ADVENZYMES,2018-05-29,2018-05-31,224.7086,208.979,1.51,4.72,5.04,-0.07,-0.073,stopped_out,True,2,2,751421.46,-54853.77,2018
ADANIPORTS,2018-05-31,2018-06-14,374.6076,357.3419,0.85,3.72,4.43,-0.04609,-0.04909,time_exit,False,14,10,740450.7,-36348.72,2018
TIPSMUSIC,2018-06-01,2018-06-04,11.6627,10.8463,6.13,5.25,6.28,-0.07,-0.073,stopped_out,True,3,1,752965.93,-54966.51,2018
BANDHANBNK,2018-06-06,2018-06-11,479.3716,503.3402,3.47,4.16,5.24,0.05,0.047,take_profit,False,5,3,670612.89,31518.81,2018
RADICO,2018-06-06,2018-06-20,404.1341,385.2078,3.84,1.74,10.01,-0.046832,-0.049832,time_exit,False,14,10,1047832.64,-52215.6,2018
NLCINDIA,2018-06-06,2018-06-13,60.6963,63.7311,2.61,3.56,5.77,0.05,0.047,take_profit,False,7,5,838266.11,39398.51,2018
SPARC,2018-06-08,2018-06-13,415.7578,436.5457,7.64,7.88,11.27,0.05,0.047,take_profit,False,5,3,695042.94,32667.02,2018
APLLTD,2018-06-11,2018-06-14,470.9464,437.9801,14.01,9.9,18.44,-0.07,-0.073,stopped_out,True,3,3,696460.69,-50841.63,2018
CIPLA,2018-06-13,2018-06-15,549.2767,576.7405,1.8,1.63,2.13,0.05,0.047,take_profit,False,2,2,878243.47,41277.44,2018
ZYDUSLIFE,2018-06-13,2018-06-21,366.2451,384.5574,2.21,1.97,2.62,0.05,0.047,take_profit,False,8,6,702594.77,33021.95,2018
AARTIDRUGS,2018-06-14,2018-06-15,135.2422,142.0043,3.86,1.95,3.09,0.05,0.047,take_profit,False,1,1,832020.03,39104.94,2018
AARTIDRUGS,2018-06-14,2018-06-15,135.2422,142.0043,0.55,1.95,3.09,0.05,0.047,take_profit,False,1,1,665616.02,31283.95,2018
TORNTPHARM,2018-06-15,2018-06-29,670.695,635.5946,1.58,3.33,2.25,-0.052334,-0.055334,time_exit,False,14,10,1030001.99,-56994.13,2018
CIPLA,2018-06-15,2018-06-29,577.1134,581.297,1.21,2.29,3.66,0.007249,0.004249,time_exit,False,14,10,824001.59,3501.18,2018
HIKAL,2018-06-15,2018-06-25,155.2727,144.4036,0.82,2.09,1.92,-0.07,-0.073,stopped_out,True,10,6,659201.27,-48121.69,2018
KPRMILL,2018-06-20,2018-06-22,124.613,130.8437,3.48,2.65,8.32,0.05,0.047,take_profit,False,2,2,726484.43,34144.77,2018
ZENTEC,2018-06-21,2018-06-26,107.6385,96.5614,11.42,9.55,5.1,-0.10291,-0.10591,stopped_out_gap,False,5,3,728310.89,-77135.41,2018
BAJAJFINSV,2018-06-22,2018-07-06,615.846,603.6568,1.81,1.57,2.95,-0.019793,-0.022793,time_exit,False,14,10,734774.55,-16747.72,2018
BAJFINANCE,2018-06-25,2018-07-09,232.9449,228.9629,1.97,1.74,2.08,-0.017094,-0.020094,time_exit,False,14,10,710035.55,-14267.45,2018
TIINDIA,2018-06-26,2018-07-06,227.1428,238.4999,1.29,3.15,3.86,0.05,0.047,take_profit,False,10,8,698263.54,32818.39,2018
CIEINDIA,2018-06-29,2018-07-13,246.5526,246.5933,1.01,14.16,3.98,0.000165,-0.002835,time_exit,False,14,10,734970.37,-2083.64,2018
GANECOS,2018-06-29,2018-07-02,359.3488,334.1944,0.81,4.29,8.99,-0.07,-0.073,stopped_out,True,3,1,918712.96,-67066.05,2018
GRAPHITE,2018-07-02,2018-07-04,701.3422,742.659,3.11,1.66,2.46,0.058911,0.055911,take_profit_gap,False,2,2,758305.68,42397.63,2018
MARUTI,2018-07-04,2018-07-18,8566.4666,8693.407,2.5,1.8,2.29,0.014818,0.011818,time_exit,False,14,10,766785.2,9061.87,2018
VMART,2018-07-06,2018-07-09,702.6856,737.8199,5.97,1.93,8.09,0.05,0.047,take_profit,False,3,1,903249.91,42452.75,2018
HEROMOTOCO,2018-07-06,2018-07-20,2773.004,2578.8937,2.18,3.11,3.64,-0.07,-0.073,stopped_out,True,14,10,722599.93,-52749.79,2018
YESBANK,2018-07-09,2018-07-12,358.5631,376.4912,0.63,1.92,2.02,0.05,0.047,take_profit,False,3,3,906374.1,42599.58,2018
TIMETECHNO,2018-07-09,2018-07-12,64.6637,67.8969,5.07,6.84,13.27,0.05,0.047,take_profit,False,3,3,725099.28,34079.67,2018
BALRAMCHIN,2018-07-12,2018-07-17,63.3459,58.9117,1.3,2.09,7.79,-0.07,-0.073,stopped_out,True,5,3,921709.95,-67284.83,2018
BORORENEW,2018-07-12,2018-07-23,67.7546,71.1423,1.37,2.71,4.36,0.05,0.047,take_profit,False,11,7,737367.96,34656.29,2018
SONATSOFTW,2018-07-13,2018-07-17,101.4104,94.3117,8.39,8.27,7.37,-0.07,-0.073,stopped_out,True,4,2,736471.71,-53762.43,2018
LICHSGFIN,2018-07-17,2018-07-31,448.5926,457.2186,2.33,1.94,5.8,0.019229,0.016229,time_exit,False,14,10,896604.25,14550.99,2018
FEDERALBNK,2018-07-17,2018-07-31,82.3912,82.9614,6.29,7.5,18.92,0.00692,0.00392,time_exit,False,14,10,717283.4,2811.75,2018
BANDHANBNK,2018-07-18,2018-07-19,581.7447,610.8319,3.99,6.21,6.47,0.05,0.047,take_profit,False,1,1,728996.13,34262.82,2018
ADANIPOWER,2018-07-19,2018-07-20,4.4622,4.6853,2.47,1.52,6.44,0.05,0.047,take_profit,False,1,1,735848.7,34584.89,2018
INFIBEAM,2018-07-20,2018-07-25,34.7274,36.4638,2.68,2.2,6.57,0.05,0.047,take_profit,False,5,3,701388.56,32965.26,2018
BAJFINANCE,2018-07-20,2018-08-03,265.6296,261.4588,6.61,4.42,7.95,-0.015702,-0.018702,time_exit,False,14,10,876735.7,-16396.71,2018
ITC,2018-07-23,2018-07-27,202.9928,214.1017,0.93,2.17,1.66,0.054725,0.051725,take_profit_gap,False,4,4,715515.7,37010.05,2018
CANFINHOME,2018-07-25,2018-07-30,336.923,353.7692,3.85,1.65,3.01,0.05,0.047,take_profit,False,5,3,719283.32,33806.32,2018
NAM-INDIA,2018-07-27,2018-08-03,202.2767,212.3906,3.24,7.27,6.02,0.05,0.047,take_profit,False,7,5,725931.81,34118.79,2018
CARBORUNIV,2018-07-30,2018-08-03,356.2749,374.0887,0.53,1.58,4.2,0.05,0.047,take_profit,False,4,4,731363.37,34374.08,2018
NESTLEIND,2018-07-31,2018-08-14,476.7029,491.8984,2.38,1.81,3.44,0.031876,0.028876,time_exit,False,14,10,911340.78,26315.88,2018
NH,2018-07-31,2018-08-14,255.5223,241.5111,1.12,3.01,1.88,-0.054833,-0.057833,time_exit,False,14,10,729072.62,-42164.46,2018
CUMMINSIND,2018-08-03,2018-08-09,615.5028,572.4176,2.74,3.66,6.22,-0.07,-0.073,stopped_out,True,6,4,1060483.51,-77415.3,2018
ALLCARGO,2018-08-03,2018-08-10,27.3094,25.3977,0.75,4.15,2.47,-0.07,-0.073,stopped_out,True,7,5,848386.8,-61932.24,2018
SARDAEN,2018-08-03,2018-08-08,37.1496,39.007,1.77,2.55,4.52,0.05,0.047,take_profit,False,5,3,678709.44,31899.34,2018
MAHSEAMLES,2018-08-08,2018-08-10,218.0736,228.9772,1.25,3.14,2.28,0.05,0.047,take_profit,False,2,2,685089.31,32199.2,2018
MAHABANK,2018-08-09,2018-08-27,11.5396,11.1814,0.75,1.65,3.1,-0.031045,-0.034045,time_exit,False,18,10,744685.09,-25352.8,2018
EICHERMOT,2018-08-10,2018-08-28,2724.2919,2691.5591,1.48,2.58,4.72,-0.012015,-0.015015,time_exit,False,18,10,896496.69,-13460.9,2018
AUBANK,2018-08-10,2018-08-28,344.9097,357.1565,1.28,4.68,3.54,0.035507,0.032507,time_exit,False,18,10,717197.35,23313.93,2018
DLF,2018-08-14,2018-08-20,190.9562,200.504,0.52,1.74,4.4,0.05,0.047,take_profit,False,6,3,718936.68,33790.02,2018
BALKRISIND,2018-08-14,2018-08-16,1239.5068,1301.4821,5.75,4.48,7.29,0.05,0.047,take_profit,False,2,1,898670.84,42237.53,2018
SUNPHARMA,2018-08-16,2018-08-31,574.2403,602.9523,1.45,4.39,1.59,0.05,0.047,take_profit,False,15,10,763331.02,35876.56,2018
TANLA,2018-08-20,2018-08-23,38.9857,42.92,9.13,4.03,2.8,0.100915,0.097915,take_profit_gap,False,3,2,761210.15,74533.89,2018
MARICO,2018-08-23,2018-09-04,340.8751,317.0139,3.19,1.83,4.9,-0.07,-0.073,stopped_out,True,12,8,776116.93,-56656.54,2018
RBLBANK,2018-08-27,2018-09-05,618.2628,574.9844,2.1,3.76,3.06,-0.07,-0.073,stopped_out,True,9,7,764760.0,-55827.48,2018
JKIL,2018-08-28,2018-08-29,227.0688,238.4223,5.95,2.9,5.52,0.05,0.047,take_profit,False,1,1,936517.42,44016.32,2018
VARROC,2018-08-28,2018-08-31,1091.1212,1145.6773,1.08,2.91,2.9,0.05,0.047,take_profit,False,3,3,749213.93,35213.05,2018
CUB,2018-08-29,2018-09-05,192.7923,179.2969,1.17,2.74,4.09,-0.07,-0.073,stopped_out,True,7,5,795477.89,-58069.89,2018
HCLTECH,2018-08-31,2018-09-17,416.4549,428.7411,1.12,1.73,2.49,0.029502,0.026502,time_exit,False,17,10,953109.23,25259.3,2018
NAUKRI,2018-08-31,2018-09-17,319.9827,306.6168,3.54,1.55,4.07,-0.041771,-0.044771,time_exit,False,17,10,762487.38,-34137.32,2018
NAVINFLUOR,2018-09-04,2018-09-12,687.0888,721.4432,0.71,5.19,2.77,0.05,0.047,take_profit,False,8,6,753881.98,35432.45,2018
SUBROS,2018-09-05,2018-09-17,337.4193,354.2903,3.61,5.51,4.5,0.05,0.047,take_profit,False,12,7,892373.69,41941.56,2018
PRAJIND,2018-09-05,2018-09-07,76.6907,80.5252,1.88,1.56,3.97,0.05,0.047,take_profit,False,2,2,713898.95,33553.25,2018
ZYDUSLIFE,2018-09-07,2018-09-21,399.8498,371.8603,0.52,1.5,2.16,-0.07,-0.073,stopped_out,True,14,8,720609.6,-52604.5,2018
DABUR,2018-09-12,2018-09-25,423.9468,394.2705,0.51,1.64,1.85,-0.07,-0.073,stopped_out,True,13,7,734350.57,-53607.59,2018
DIVISLAB,2018-09-17,2018-10-03,1300.864,1246.6652,1.4,3.01,2.76,-0.041664,-0.044664,time_exit,False,16,10,892549.78,-39864.84,2018
AVANTIFEED,2018-09-17,2018-09-18,426.5686,447.8971,6.73,5.44,13.08,0.05,0.047,take_profit,False,1,1,714039.82,33559.87,2018
JWL,2018-09-17,2018-09-18,14.6511,15.7776,16.27,6.8,15.69,0.076889,0.073889,take_profit_gap,False,1,1,1115687.23,82437.01,2018
GALLANTT,2018-09-18,2018-09-19,60.436,63.4578,4.74,8.98,9.1,0.05,0.047,take_profit,False,1,1,960376.65,45137.7,2018
VAIBHAVGBL,2018-09-18,2018-09-25,128.8104,119.7937,0.93,4.08,2.91,-0.07,-0.073,stopped_out,True,7,4,768301.32,-56086.0,2018
GAIL,2018-09-19,2018-10-04,92.2062,85.7518,0.55,1.52,2.21,-0.07,-0.073,stopped_out,True,15,9,815743.92,-59549.31,2018
OIL,2018-09-21,2018-10-04,96.5243,89.7676,3.52,4.05,5.12,-0.07,-0.073,stopped_out,True,13,8,786196.16,-57392.32,2018
LTTS,2018-09-25,2018-10-05,1557.2197,1448.2144,1.81,1.56,1.62,-0.07,-0.073,stopped_out,True,10,7,907548.59,-66251.05,2018
TDPOWERSYS,2018-09-26,2018-09-28,26.6645,24.798,0.99,3.81,8.35,-0.07,-0.073,stopped_out,True,2,2,726038.87,-53000.84,2018
INDHOTEL,2018-09-28,2018-10-03,129.7877,120.7026,0.74,3.72,6.95,-0.07,-0.073,stopped_out,True,5,2,715438.7,-52227.03,2018
HINDALCO,2018-10-03,2018-10-08,242.1002,223.987,2.13,1.56,4.99,-0.074817,-0.077817,stopped_out_gap,False,5,3,875530.29,-68131.14,2018
NATIONALUM,2018-10-03,2018-10-05,44.5204,41.404,8.62,2.45,10.4,-0.07,-0.073,stopped_out,True,2,2,700424.23,-51130.97,2018
GESHIP,2018-10-10,2018-10-11,252.7644,229.9103,3.28,2.76,9.09,-0.090416,-0.093416,stopped_out_gap,False,1,1,1316937.06,-123022.99,2018
ADANIPOWER,2018-10-10,2018-10-11,6.003,5.5828,8.0,1.8,25.26,-0.07,-0.073,stopped_out,True,1,1,1053549.65,-76909.12,2018
CIEINDIA,2018-10-11,2018-10-26,253.8338,248.6032,1.17,8.82,8.14,-0.020606,-0.023606,time_exit,False,15,10,817248.41,-19291.97,2018
HEG,2018-10-11,2018-10-12,723.8923,760.087,10.17,5.31,11.13,0.05,0.047,take_profit,False,1,1,653798.73,30728.54,2018
NLCINDIA,2018-10-11,2018-10-26,58.417,57.1936,7.38,1.84,2.04,-0.020944,-0.023944,time_exit,False,15,10,1276950.64,-30575.31,2018
HEG,2018-10-11,2018-10-12,723.8923,760.087,7.0,5.31,11.13,0.05,0.047,take_profit,False,1,1,1021560.51,48013.34,2018
ADANIPOWER,2018-10-12,2018-10-15,6.5133,6.8389,4.15,3.27,6.03,0.05,0.047,take_profit,False,3,1,873859.21,41071.38,2018
TATAPOWER,2018-10-15,2018-10-29,65.0829,68.3371,7.12,1.77,1.86,0.05,0.047,take_profit,False,14,9,882073.48,41457.45,2018
TRIDENT,2018-10-15,2018-10-17,5.8181,5.4108,12.3,10.03,19.14,-0.07,-0.073,stopped_out,True,2,2,705658.79,-51513.09,2018
TRIDENT,2018-10-15,2018-10-17,5.8181,5.4108,3.11,10.03,19.14,-0.07,-0.073,stopped_out,True,2,2,564527.03,-41210.47,2018
VAIBHAVGBL,2018-10-23,2018-10-30,118.1828,124.0919,1.5,5.44,6.88,0.05,0.047,take_profit,False,7,5,687114.07,32294.36,2018
SJVN,2018-10-25,2018-11-09,19.7113,19.5219,5.17,10.63,14.62,-0.009612,-0.012612,time_exit,False,15,10,549691.26,-6932.71,2018
STLTECH,2018-10-26,2018-10-29,326.5112,342.8367,3.64,1.76,6.22,0.05,0.047,take_profit,False,3,1,848619.36,39885.11,2018
ADANIPOWER,2018-10-29,2018-10-30,8.4642,8.8874,1.83,2.78,18.49,0.05,0.047,take_profit,False,1,1,1041302.57,48941.22,2018
DIVISLAB,2018-10-29,2018-11-01,1372.7849,1441.4242,4.77,4.94,8.28,0.05,0.047,take_profit,False,3,3,833042.06,39152.98,2018
ICICIBANK,2018-10-29,2018-11-13,337.2803,348.0331,1.98,2.84,6.2,0.031881,0.028881,time_exit,False,15,10,666433.65,19247.27,2018
CANBK,2018-10-30,2018-11-12,44.8296,41.6916,8.42,2.83,8.12,-0.07,-0.073,stopped_out,True,13,8,895077.36,-65340.65,2018
NAVINFLUOR,2018-10-30,2018-10-31,666.3293,619.6862,1.47,3.04,6.66,-0.07,-0.073,stopped_out,True,1,1,716061.89,-52272.52,2018
AHLUCONT,2018-10-31,2018-11-02,297.6463,312.5287,2.01,9.94,6.97,0.05,0.047,take_profit,False,2,2,705607.39,33163.55,2018
CCL,2018-11-01,2018-11-06,239.2757,251.2395,2.29,2.49,2.38,0.05,0.047,take_profit,False,5,3,738924.92,34729.47,2018
NAVA,2018-11-02,2018-11-19,54.2514,53.0194,3.09,2.52,2.18,-0.022708,-0.025708,time_exit,False,17,10,738894.12,-18995.49,2018
FACT,2018-11-06,2018-11-12,41.8828,38.951,1.55,6.71,9.09,-0.07,-0.073,stopped_out,True,6,3,745846.17,-54446.77,2018
STAR,2018-11-09,2018-11-26,450.3189,418.7966,5.74,3.42,11.14,-0.07,-0.073,stopped_out,True,17,10,705228.65,-51481.69,2018
TRIVENI,2018-11-12,2018-11-13,49.6604,52.1434,8.93,3.28,3.63,0.05,0.047,take_profit,False,1,1,868410.14,40815.28,2018
VBL,2018-11-12,2018-11-27,46.2165,44.8724,1.48,1.86,3.35,-0.029085,-0.032085,time_exit,False,15,10,694728.11,-22290.35,2018
ASHOKA,2018-11-13,2018-11-16,133.0165,123.7053,1.81,6.29,9.88,-0.07,-0.073,stopped_out,True,3,3,874763.76,-63857.75,2018
HAVELLS,2018-11-13,2018-11-28,636.2716,637.9735,1.18,1.79,2.64,0.002675,-0.000325,time_exit,False,15,10,699811.01,-227.44,2018
FORTIS,2018-11-16,2018-12-03,145.6556,146.8012,2.01,1.92,1.91,0.007865,0.004865,time_exit,False,17,10,722030.01,3512.68,2018
AMBER,2018-11-19,2018-12-03,898.1994,943.1094,0.57,2.0,4.25,0.05,0.047,take_profit,False,14,9,721603.73,33915.38,2018
HCG,2018-11-26,2018-11-30,235.8679,219.3571,2.67,3.56,4.75,-0.07,-0.073,stopped_out,True,4,4,708032.38,-51686.36,2018
VIPIND,2018-11-27,2018-12-10,511.4344,475.634,2.76,4.44,7.43,-0.07,-0.073,stopped_out,True,13,9,700913.45,-51166.68,2018
ZEEL,2018-11-28,2018-12-12,447.3996,451.0246,3.57,2.53,3.84,0.008102,0.005102,time_exit,False,14,10,700647.48,3574.7,2018
PRESTIGE,2018-11-30,2018-12-06,211.265,196.4764,3.0,5.99,9.92,-0.07,-0.073,stopped_out,True,6,4,691787.18,-50500.46,2018
TATAPOWER,2018-12-03,2018-12-10,75.4048,70.1265,5.09,4.2,7.35,-0.07,-0.073,stopped_out,True,7,5,849642.1,-62023.87,2018
NAM-INDIA,2018-12-03,2018-12-04,146.2747,153.5884,1.43,1.75,4.54,0.05,0.047,take_profit,False,1,1,679713.68,31946.54,2018
JUBLPHARMA,2018-12-04,2018-12-10,574.1665,531.2661,0.64,1.68,2.57,-0.074718,-0.077718,stopped_out_gap,False,6,4,686102.99,-53322.55,2018
COLPAL,2018-12-11,2018-12-13,1061.0862,1114.1405,0.96,1.69,4.53,0.05,0.047,take_profit,False,2,2,558678.44,26257.89,2018
UCOBANK,2018-12-11,2018-12-12,18.3691,19.2875,5.35,2.65,5.95,0.05,0.047,take_profit,False,1,1,698348.05,32822.36,2018
PNB,2018-12-11,2018-12-13,63.7754,66.9641,4.66,1.82,8.19,0.05,0.047,take_profit,False,2,2,1091168.83,51284.93,2018
ZYDUSWELL,2018-12-11,2018-12-13,255.6688,268.9399,0.54,2.1,2.98,0.051907,0.048907,take_profit_gap,False,2,2,872935.06,42692.64,2018
GOKEX,2018-12-12,2018-12-27,80.335,77.36,0.62,2.09,4.28,-0.037033,-0.040033,time_exit,False,15,10,734021.27,-29385.07,2018
MAHABANK,2018-12-12,2018-12-19,11.7999,12.3899,3.17,1.59,4.62,0.05,0.047,take_profit,False,7,5,587217.01,27599.2,2018
AAVAS,2018-12-13,2018-12-26,835.4175,776.9383,0.86,8.54,2.53,-0.07,-0.073,stopped_out,True,13,8,998377.17,-72881.53,2018
INDIANB,2018-12-13,2018-12-19,209.1318,219.5884,2.11,2.58,4.57,0.05,0.047,take_profit,False,6,4,798701.73,37538.98,2018
INDIANB,2018-12-13,2018-12-19,209.1318,219.5884,2.26,2.58,4.57,0.05,0.047,take_profit,False,6,4,638961.39,30031.19,2018
ACC,2018-12-19,2018-12-26,1442.0236,1341.082,1.22,2.03,1.84,-0.07,-0.073,stopped_out,True,7,4,748143.21,-54614.45,2018
ASIANPAINT,2018-12-19,2019-01-03,1322.7706,1310.1705,1.85,2.39,2.21,-0.009525,-0.012525,time_exit,False,15,10,935179.01,-11713.12,2019
ANANTRAJ,2018-12-19,2018-12-21,14.6363,15.3681,2.51,2.2,3.32,0.05,0.047,take_profit,False,2,2,598514.57,28130.18,2018
SCI,2018-12-21,2018-12-28,43.5535,45.7312,4.03,7.64,6.56,0.05,0.047,take_profit,False,7,4,604140.6,28394.61,2018
BRIGADE,2018-12-26,2018-12-28,153.0724,142.3573,5.04,16.46,10.28,-0.07,-0.073,stopped_out,True,2,2,807117.36,-58919.57,2018
PATANJALI,2018-12-26,2018-12-27,243.2997,264.2628,16.11,1.77,2.05,0.086162,0.083162,take_profit_gap,False,1,1,645693.89,53697.2,2018
OLECTRA,2018-12-27,2018-12-28,239.37,251.3385,13.13,12.79,17.45,0.05,0.047,take_profit,False,1,1,797360.57,37475.95,2018
UCOBANK,2018-12-27,2019-01-01,20.1863,21.1957,1.7,3.04,1.73,0.05,0.047,take_profit,False,5,3,637888.45,29980.76,2019
DMART,2018-12-28,2019-01-11,1655.7774,1570.8642,1.03,1.58,4.74,-0.051283,-0.054283,time_exit,False,14,10,610191.79,-33123.04,2019
BBTC,2018-12-28,2019-01-11,1300.0919,1265.2756,1.4,2.95,3.24,-0.02678,-0.02978,time_exit,False,14,10,762739.73,-22714.39,2019
NETWORK18,2018-12-28,2019-01-11,40.3702,39.6802,4.34,3.55,5.08,-0.017092,-0.020092,time_exit,False,14,10,953424.67,-19156.21,2019
UCOBANK,2019-01-01,2019-01-03,22.2983,20.7374,0.99,8.71,5.83,-0.07,-0.073,stopped_out,True,2,2,621727.27,-45386.09,2019
BALRAMCHIN,2019-01-03,2019-01-16,98.5432,103.4703,2.32,2.68,2.87,0.05,0.047,take_profit,False,13,9,797343.23,37475.13,2019
PRAJIND,2019-01-03,2019-01-08,110.485,116.0093,4.24,6.34,8.64,0.05,0.047,take_profit,False,5,3,637874.59,29980.11,2019
NESTLEIND,2019-01-08,2019-01-22,501.4809,511.502,1.08,1.69,1.9,0.019983,0.016983,time_exit,False,14,10,643870.61,10934.85,2019
ELECON,2019-01-11,2019-01-22,35.1857,32.7227,6.52,2.42,7.61,-0.07,-0.073,stopped_out,True,11,7,965369.0,-70471.94,2019
KRBL,2019-01-11,2019-01-16,304.0261,319.2275,6.61,10.45,8.86,0.05,0.047,take_profit,False,5,3,772295.2,36297.87,2019
PRAJIND,2019-01-11,2019-01-14,137.0699,143.9234,0.79,8.6,10.58,0.05,0.047,take_profit,False,3,1,617836.16,29038.3,2019
CASTROLIND,2019-01-14,2019-01-15,114.3114,120.027,3.97,2.32,3.97,0.05,0.047,take_profit,False,1,1,623643.82,29311.26,2019
JBCHEPHARM,2019-01-15,2019-01-29,145.063,139.617,4.04,4.45,4.8,-0.037542,-0.040542,time_exit,False,14,10,629506.07,-25521.44,2019
INDIGO,2019-01-16,2019-01-21,1131.6545,1052.4387,0.92,1.8,5.07,-0.07,-0.073,stopped_out,True,5,3,832287.14,-60756.96,2019
GODREJAGRO,2019-01-16,2019-01-30,463.463,444.4398,1.57,8.65,2.85,-0.041046,-0.044046,time_exit,False,14,10,665829.71,-29327.14,2019
HUDCO,2019-01-21,2019-01-25,31.0358,28.8633,1.11,7.64,5.0,-0.07,-0.073,stopped_out,True,4,4,686969.81,-50148.8,2019
MAHLIFE,2019-01-22,2019-01-28,132.7621,123.4687,1.29,1.77,1.73,-0.07,-0.073,stopped_out,True,6,4,859516.35,-62744.69,2019
HAVELLS,2019-01-22,2019-02-05,679.9218,697.3242,0.77,5.06,4.73,0.025595,0.022595,time_exit,False,14,10,687613.08,15536.62,2019
JINDALSAW,2019-01-29,2019-01-31,36.3008,38.1158,1.82,2.59,3.65,0.05,0.047,take_profit,False,2,2,612867.79,28804.79,2019
MPHASIS,2019-01-29,2019-01-31,813.0168,853.6677,3.3,1.63,4.04,0.05,0.047,take_profit,False,2,2,766084.74,36005.98,2019
PRAJIND,2019-01-29,2019-02-04,116.8834,108.7016,3.78,1.87,6.84,-0.07,-0.073,stopped_out,True,6,4,957605.92,-69905.23,2019
VBL,2019-01-30,2019-02-12,47.0827,43.787,0.99,3.31,3.57,-0.07,-0.073,stopped_out,True,13,9,617594.75,-45084.42,2019
SHAKTIPUMP,2019-01-31,2019-02-14,64.3081,59.8065,2.23,1.9,2.55,-0.07,-0.073,stopped_out,True,14,9,782828.46,-57146.48,2019
DIXON,2019-01-31,2019-02-15,451.975,430.2862,1.12,1.72,1.92,-0.047987,-0.050987,time_exit,False,15,10,626262.77,-31931.26,2019
IGL,2019-02-04,2019-02-05,130.5394,137.0664,1.66,2.49,3.9,0.05,0.047,take_profit,False,1,1,678550.35,31891.87,2019
LTIM,2019-02-05,2019-02-20,1660.4635,1544.231,2.88,2.57,3.7,-0.07,-0.073,stopped_out,True,15,10,825558.66,-60265.78,2019
TITAN,2019-02-05,2019-02-20,1042.128,1007.9515,1.46,3.01,3.87,-0.032795,-0.035795,time_exit,False,15,10,660446.93,-23640.7,2019
JSL,2019-02-12,2019-02-14,31.8259,29.5336,3.96,5.26,16.58,-0.072026,-0.075026,stopped_out_gap,False,2,1,642859.61,-48231.19,2019
YESBANK,2019-02-14,2019-02-18,218.3652,198.181,5.99,3.74,18.73,-0.092433,-0.095433,stopped_out_gap,False,4,2,778349.77,-74280.25,2019
YESBANK,2019-02-14,2019-02-18,218.3652,198.181,15.84,3.74,18.73,-0.092433,-0.095433,stopped_out_gap,False,4,2,622679.82,-59424.2,2019
REDINGTON,2019-02-15,2019-02-18,31.862,33.4551,3.68,2.96,9.53,0.05,0.047,take_profit,False,3,1,617010.15,28999.48,2019
OBEROIRLTY,2019-02-18,2019-02-25,476.9152,506.95,1.51,2.22,4.0,0.062977,0.059977,take_profit_gap,False,7,5,876275.08,52556.35,2019
IPCALAB,2019-02-18,2019-03-01,394.2555,413.9683,0.81,2.0,2.57,0.05,0.047,take_profit,False,11,9,701020.06,32947.94,2019
TECHNOE,2019-02-18,2019-02-21,234.3755,246.0943,0.52,7.33,6.74,0.05,0.047,take_profit,False,3,3,560816.05,26358.35,2019
UNOMINDA,2019-02-20,2019-03-07,159.5895,167.569,2.79,8.23,12.53,0.05,0.047,take_profit,False,15,10,583258.13,27413.13,2019
UNOMINDA,2019-02-20,2019-03-07,159.5895,167.569,6.79,8.23,12.53,0.05,0.047,take_profit,False,15,10,729072.66,34266.42,2019
MANAPPURAM,2019-02-21,2019-03-05,100.2292,105.2407,1.27,1.52,4.45,0.05,0.047,take_profit,False,12,7,584041.38,27449.95,2019
MOTHERSON,2019-02-25,2019-03-06,39.8986,41.8936,4.62,4.93,10.94,0.05,0.047,take_profit,False,9,6,652999.39,30690.97,2019
TRIVENI,2019-03-01,2019-03-06,53.7246,56.4108,1.09,2.32,1.67,0.05,0.047,take_profit,False,5,2,669193.12,31452.08,2019
BEL,2019-03-05,2019-03-15,26.2071,27.5175,2.29,1.87,5.07,0.05,0.047,take_profit,False,10,8,657652.76,30909.68,2019
ACE,2019-03-06,2019-03-07,91.1926,95.7523,2.72,1.82,4.16,0.05,0.047,take_profit,False,1,1,802989.32,37740.5,2019
TIMETECHNO,2019-03-06,2019-03-20,48.7767,47.2668,4.05,2.92,8.02,-0.030955,-0.033955,time_exit,False,14,10,642391.45,-21812.4,2019
JPPOWER,2019-03-07,2019-03-11,2.4512,2.2489,4.08,4.76,4.26,-0.082551,-0.085551,stopped_out_gap,False,4,2,956861.19,-81860.43,2019
AVANTIFEED,2019-03-07,2019-03-11,372.668,391.3014,4.6,4.62,4.6,0.05,0.047,take_profit,False,4,2,765488.96,35977.98,2019
JINDWORLD,2019-03-07,2019-03-14,15.1549,14.0941,6.76,2.82,10.12,-0.07,-0.073,stopped_out,True,7,5,612391.16,-44704.56,2019
BHARTIARTL,2019-03-11,2019-03-12,293.1231,307.7792,5.2,2.24,8.01,0.05,0.047,take_profit,False,1,1,825206.47,38784.7,2019
CHAMBLFERT,2019-03-11,2019-03-25,141.9636,132.0261,1.6,1.87,3.34,-0.07,-0.073,stopped_out,True,14,9,660165.18,-48192.06,2019
PATANJALI,2019-03-12,2019-03-14,238.401,259.369,2.84,2.26,2.1,0.087953,0.084953,take_profit_gap,False,2,2,700930.38,59546.14,2019
ARVIND,2019-03-14,2019-03-22,85.8454,79.8362,0.79,1.86,2.55,-0.07,-0.073,stopped_out,True,8,5,826376.93,-60325.52,2019
ZENTEC,2019-03-14,2019-03-15,80.0124,84.013,0.8,2.13,3.77,0.05,0.047,take_profit,False,1,1,661101.54,31071.77,2019
DBL,2019-03-15,2019-03-18,648.3169,680.7328,5.49,1.76,7.16,0.05,0.047,take_profit,False,3,1,644022.71,30269.07,2019
IIFL,2019-03-15,2019-03-18,227.7196,239.1056,2.37,1.57,3.95,0.05,0.047,take_profit,False,3,1,805028.38,37836.33,2019
PRESTIGE,2019-03-18,2019-03-22,243.6547,255.8374,7.81,5.97,13.96,0.05,0.047,take_profit,False,4,3,818649.46,38476.52,2019
AURIONPRO,2019-03-18,2019-03-19,65.5762,68.855,0.76,2.44,3.93,0.05,0.047,take_profit,False,1,1,654919.57,30781.22,2019
ABCAPITAL,2019-03-19,2019-04-04,104.6023,98.1009,1.48,2.7,1.8,-0.062153,-0.065153,time_exit,False,16,10,661075.81,-43071.07,2019
ELECON,2019-03-20,2019-04-05,32.3308,30.0677,4.08,2.29,4.66,-0.07,-0.073,stopped_out,True,16,10,652976.46,-47667.28,2019
CUB,2019-03-22,2019-04-08,192.4565,191.6889,2.44,2.51,4.7,-0.003988,-0.006988,time_exit,False,17,10,847016.65,-5918.95,2019
CASTROLIND,2019-03-22,2019-04-03,115.7899,121.5794,0.62,2.34,2.26,0.05,0.047,take_profit,False,12,7,677613.32,31847.83,2019
PFC,2019-03-25,2019-04-09,61.272,61.9306,1.47,2.52,6.34,0.010748,0.007748,time_exit,False,15,10,664485.28,5148.43,2019
WELENT,2019-04-03,2019-04-10,102.9939,108.1436,0.57,1.89,3.62,0.05,0.047,take_profit,False,7,5,673480.45,31653.58,2019
ORIENTCEM,2019-04-04,2019-04-08,86.5428,90.87,2.84,4.69,9.59,0.05,0.047,take_profit,False,4,2,662385.31,31132.11,2019
SBILIFE,2019-04-05,2019-04-23,605.8675,593.4949,1.09,1.63,2.36,-0.020421,-0.023421,time_exit,False,18,10,650970.08,-15246.37,2019
MOTILALOFS,2019-04-08,2019-04-15,663.3609,696.5289,3.05,3.29,7.83,0.05,0.047,take_profit,False,7,5,827699.09,38901.86,2019
TANLA,2019-04-08,2019-04-10,40.5258,42.8147,6.9,6.56,10.0,0.056481,0.053481,take_profit_gap,False,2,2,662159.27,35412.94,2019
OPTIEMUS,2019-04-09,2019-04-16,117.3881,123.2575,4.36,1.93,6.06,0.05,0.047,take_profit,False,7,5,663654.16,31191.75,2019
TEJASNET,2019-04-10,2019-04-11,181.5163,190.5921,4.2,1.88,7.25,0.05,0.047,take_profit,False,1,1,811464.58,38138.84,2019
PRAJIND,2019-04-10,2019-04-23,132.7177,123.4275,0.55,3.84,2.12,-0.07,-0.073,stopped_out,True,13,7,649171.66,-47389.53,2019
MFSL,2019-04-11,2019-04-18,436.9684,458.8168,1.74,2.18,4.76,0.05,0.047,take_profit,False,7,4,689258.01,32395.13,2019
TATAELXSI,2019-04-15,2019-04-26,916.1863,852.0532,1.34,1.65,2.68,-0.07,-0.073,stopped_out,True,11,7,724726.6,-52905.04,2019
MOTHERSON,2019-04-16,2019-04-24,39.648,36.8727,0.7,2.04,1.61,-0.07,-0.073,stopped_out,True,8,4,718750.46,-52468.78,2019
GICRE,2019-04-18,2019-04-30,227.6185,211.6852,0.52,1.86,1.82,-0.07,-0.073,stopped_out,True,12,6,719331.0,-52511.16,2019
M&MFIN,2019-04-23,2019-05-02,233.6702,217.3133,1.2,1.7,2.44,-0.07,-0.073,stopped_out,True,9,5,822965.97,-60076.52,2019
SUPREMEIND,2019-04-23,2019-05-03,1092.1282,1015.6792,1.87,1.79,3.03,-0.07,-0.073,stopped_out,True,10,6,658372.77,-48061.21,2019
NAM-INDIA,2019-04-24,2019-04-30,171.1159,159.1378,4.32,5.23,9.17,-0.07,-0.073,stopped_out,True,6,3,659954.55,-48176.68,2019
BPCL,2019-04-26,2019-05-06,116.2561,122.0689,2.72,1.59,3.7,0.05,0.047,take_profit,False,10,4,662327.95,31129.41,2019
GREAVESCOT,2019-04-30,2019-05-14,143.1858,133.1628,2.17,2.53,1.72,-0.07,-0.073,stopped_out,True,14,9,785581.9,-57347.48,2019
JSWSTEEL,2019-04-30,2019-05-08,284.5343,264.0616,1.46,1.92,4.7,-0.071951,-0.074951,stopped_out_gap,False,8,5,628465.52,-47104.12,2019
CANFINHOME,2019-05-02,2019-05-07,324.4199,301.7105,2.03,2.78,9.78,-0.07,-0.073,stopped_out,True,5,3,655350.31,-47840.57,2019
TRENT,2019-05-03,2019-05-14,380.6534,354.0076,0.65,3.56,5.27,-0.07,-0.073,stopped_out,True,11,7,646342.56,-47183.01,2019
DEEPAKNTR,2019-05-06,2019-05-20,276.8631,280.016,2.31,9.59,3.94,0.011388,0.008388,time_exit,False,14,10,655765.52,5500.56,2019
GRSE,2019-05-07,2019-05-16,96.6291,101.4605,1.0,3.06,3.64,0.05,0.047,take_profit,False,9,7,646114.36,30367.38,2019
DCMSHRIRAM,2019-05-08,2019-05-09,436.1748,457.9835,0.86,2.51,1.94,0.05,0.047,take_profit,False,1,1,633163.77,29758.7,2019
DCMSHRIRAM,2019-05-09,2019-05-13,451.2404,419.6536,3.08,4.12,3.17,-0.07,-0.073,stopped_out,True,4,2,639115.51,-46655.43,2019
TANLA,2019-05-14,2019-05-16,42.298,45.0976,2.08,2.39,4.73,0.066188,0.063188,take_profit_gap,False,2,2,895263.22,56569.89,2019
TANLA,2019-05-14,2019-05-16,42.298,45.0976,4.41,2.39,4.73,0.066188,0.063188,take_profit_gap,False,2,2,716210.58,45255.91,2019
ELGIEQUIP,2019-05-14,2019-05-28,130.1368,136.6437,0.78,2.5,5.98,0.05,0.047,take_profit,False,14,10,572968.46,26929.52,2019
TATACHEM,2019-05-16,2019-05-20,228.9613,240.4093,3.63,6.68,7.4,0.05,0.047,take_profit,False,4,2,936331.04,44007.56,2019
VAIBHAVGBL,2019-05-16,2019-05-27,116.3755,122.1942,3.74,2.71,5.43,0.05,0.047,take_profit,False,11,7,749064.83,35206.05,2019
DCMSHRIRAM,2019-05-16,2019-05-20,496.9855,529.0527,2.09,1.98,3.68,0.064524,0.061524,take_profit_gap,False,4,2,599251.86,36868.37,2019
MUTHOOTFIN,2019-05-20,2019-05-27,556.6343,584.466,3.54,1.84,2.33,0.05,0.047,take_profit,False,7,5,934946.47,43942.48,2019
JAMNAAUTO,2019-05-20,2019-05-22,52.52,48.3077,2.67,5.68,10.66,-0.080204,-0.083204,stopped_out_gap,False,2,2,747957.18,-62233.03,2019
TRITURBINE,2019-05-20,2019-05-21,114.6251,106.6013,1.45,10.31,13.99,-0.07,-0.073,stopped_out,True,1,1,598365.74,-43680.7,2019
BAJAJELEC,2019-05-21,2019-06-04,503.6599,477.9964,1.66,1.51,1.99,-0.050954,-0.053954,time_exit,False,14,10,589629.6,-31812.88,2019
GOKEX,2019-05-22,2019-05-23,93.6743,98.358,10.29,8.78,17.19,0.05,0.047,take_profit,False,1,1,608848.51,28615.88,2019
MIDHANI,2019-05-23,2019-05-27,126.8711,133.2147,3.02,3.46,3.2,0.05,0.047,take_profit,False,4,2,614571.69,28884.87,2019
NH,2019-05-27,2019-05-31,223.4099,234.5803,8.74,5.13,2.32,0.05,0.047,take_profit,False,4,4,972980.63,45730.09,2019
GPIL,2019-05-27,2019-05-28,60.3595,63.3775,3.24,1.9,5.02,0.05,0.047,take_profit,False,1,1,778384.5,36584.07,2019
NH,2019-05-27,2019-05-31,223.4099,234.5803,9.95,5.13,2.32,0.05,0.047,take_profit,False,4,4,622707.6,29267.26,2019
BSOFT,2019-05-28,2019-06-06,86.5879,80.5268,2.5,2.26,4.99,-0.07,-0.073,stopped_out,True,9,6,624911.51,-45618.54,2019
HFCL,2019-05-28,2019-06-12,21.9785,20.6766,2.32,1.73,2.76,-0.059237,-0.062237,time_exit,False,15,10,781139.39,-48615.77,2019
SHRIRAMFIN,2019-05-31,2019-06-06,203.5119,189.2661,2.46,2.83,2.42,-0.07,-0.073,stopped_out,True,6,3,834066.33,-60886.84,2019
EDELWEISS,2019-05-31,2019-06-06,95.2041,88.5398,2.49,2.8,4.56,-0.07,-0.073,stopped_out,True,6,3,667253.06,-48709.47,2019
RECLTD,2019-06-04,2019-06-11,67.2515,70.6141,1.41,1.62,2.38,0.05,0.047,take_profit,False,7,4,645365.8,30332.19,2019
PFC,2019-06-06,2019-06-20,67.8599,67.2264,1.04,2.36,1.58,-0.009334,-0.012334,time_exit,False,14,10,910495.85,-11230.06,2019
COALINDIA,2019-06-06,2019-06-20,148.3466,143.3528,0.66,1.58,1.99,-0.033662,-0.036662,time_exit,False,14,10,728396.68,-26704.48,2019
CHAMBLFERT,2019-06-07,2019-06-13,161.0943,149.8177,0.52,1.51,2.6,-0.07,-0.073,stopped_out,True,6,4,582717.34,-42538.37,2019
NAVINFLUOR,2019-06-11,2019-06-25,725.6469,674.8517,0.65,2.24,3.76,-0.07,-0.073,stopped_out,True,14,10,601313.47,-43895.88,2019
ACE,2019-06-12,2019-06-18,101.0067,93.9362,1.15,1.77,1.91,-0.07,-0.073,stopped_out,True,6,4,627555.5,-45811.55,2019
GODREJPROP,2019-06-13,2019-06-20,921.4605,967.5335,0.82,1.91,3.75,0.05,0.047,take_profit,False,7,5,610080.2,28673.77,2019
REFEX,2019-06-18,2019-06-20,14.1086,15.5296,9.71,2.13,10.42,0.100719,0.097719,take_profit_gap,False,2,2,604412.95,59062.63,2019
TANLA,2019-06-21,2019-06-25,62.9107,66.1555,6.08,1.62,1.89,0.051579,0.048579,take_profit_gap,False,4,2,1064167.86,51696.21,2019
TANLA,2019-06-21,2019-06-25,62.9107,66.1555,5.45,1.62,1.89,0.051579,0.048579,take_profit_gap,False,4,2,851334.29,41356.97,2019
TRENT,2019-06-24,2019-06-25,422.0622,443.1653,1.58,1.94,3.16,0.05,0.047,take_profit,False,1,1,544853.95,25608.14,2019
NBCC,2019-06-24,2019-07-05,38.3772,35.6908,1.78,1.9,7.55,-0.07,-0.073,stopped_out,True,11,9,681067.43,-49717.92,2019
DCBBANK,2019-06-25,2019-07-02,230.5343,214.3969,2.7,1.85,4.5,-0.07,-0.073,stopped_out,True,7,5,544343.12,-39737.05,2019
VOLTAS,2019-06-25,2019-07-08,626.7999,568.6059,1.61,2.02,2.77,-0.092843,-0.095843,stopped_out_gap,False,13,9,680428.9,-65214.35,2019
RECLTD,2019-06-25,2019-07-04,72.7936,76.4332,2.05,2.03,3.54,0.05,0.047,take_profit,False,9,7,1063170.16,49969.0,2019
MANAPPURAM,2019-06-25,2019-07-08,124.9029,116.1597,3.96,1.77,6.89,-0.07,-0.073,stopped_out,True,13,9,850536.13,-62089.14,2019
TATAPOWER,2019-07-02,2019-07-08,68.0674,63.3027,0.68,3.17,2.89,-0.07,-0.073,stopped_out,True,6,4,536395.71,-39156.89,2019
MSTCLTD,2019-07-04,2019-07-18,79.2546,73.7068,4.84,5.02,10.16,-0.07,-0.073,stopped_out,True,14,10,651744.4,-47577.34,2019
REFEX,2019-07-05,2019-07-09,18.989,19.9385,0.95,2.3,4.18,0.05,0.047,take_profit,False,4,2,647665.42,30440.27,2019
RELIGARE,2019-07-08,2019-07-09,34.117,35.8229,13.64,8.52,21.35,0.05,0.047,take_profit,False,1,1,898312.41,42220.68,2019
RELIGARE,2019-07-09,2019-07-10,37.5188,41.1294,10.13,3.84,9.97,0.096237,0.093237,take_profit_gap,False,1,1,1042377.69,97188.17,2019
ADANIGREEN,2019-07-09,2019-07-10,49.6248,52.106,2.22,3.19,10.96,0.05,0.047,take_profit,False,1,1,833902.15,39193.4,2019
TANLA,2019-07-10,2019-07-19,65.8487,61.2392,2.48,1.67,3.67,-0.07,-0.073,stopped_out,True,9,7,1069654.0,-78084.74,2019
PHOENIXLTD,2019-07-10,2019-07-24,320.5442,336.5714,0.94,5.67,2.21,0.05,0.047,take_profit,False,14,10,855723.2,40218.99,2019
APOLLOHOSP,2019-07-12,2019-07-26,1336.3292,1334.7974,2.6,2.09,3.25,-0.001146,-0.004146,time_exit,False,14,10,547662.85,-2270.61,2019
SUNPHARMA,2019-07-12,2019-07-16,378.9313,397.8779,3.26,1.97,1.8,0.05,0.047,take_profit,False,4,2,684578.56,32175.19,2019
CREDITACC,2019-07-16,2019-07-22,526.8874,490.0053,4.69,5.27,1.82,-0.07,-0.073,stopped_out,True,6,4,581481.03,-42448.12,2019
HDFCAMC,2019-07-18,2019-07-19,976.9399,1025.7869,2.91,3.17,5.07,0.05,0.047,take_profit,False,1,1,586018.23,27542.86,2019
EPL,2019-07-22,2019-08-05,115.3173,110.7578,1.25,1.55,1.77,-0.039539,-0.042539,time_exit,False,14,10,897647.24,-38185.02,2019
WABAG,2019-07-23,2019-07-30,309.8578,288.1678,1.9,2.06,6.37,-0.07,-0.073,stopped_out,True,7,5,718117.79,-52422.6,2019
INDIGO,2019-07-24,2019-08-05,1588.1296,1476.9605,2.52,1.82,4.39,-0.07,-0.073,stopped_out,True,12,8,753682.67,-55018.84,2019
ZEEL,2019-07-24,2019-07-26,359.294,377.2587,2.17,2.12,4.17,0.05,0.047,take_profit,False,2,2,602946.14,28338.47,2019
PCBL,2019-07-26,2019-07-30,52.8052,49.1088,9.32,5.2,15.74,-0.07,-0.073,stopped_out,True,4,2,717692.28,-52391.54,2019
ICICIPRULI,2019-07-26,2019-08-09,398.9892,391.6097,1.6,2.74,1.63,-0.018495,-0.021495,time_exit,False,14,10,574153.82,-12341.44,2019
VOLTAS,2019-08-01,2019-08-19,589.2502,587.5476,2.66,3.56,4.81,-0.002889,-0.005889,time_exit,False,18,10,725522.25,-4272.6,2019
AJANTPHARM,2019-08-02,2019-08-16,591.2797,620.8437,2.87,4.12,2.49,0.05,0.047,take_profit,False,14,8,580417.8,27279.64,2019
NESTLEIND,2019-08-05,2019-08-09,536.1098,562.9153,1.41,2.49,1.6,0.05,0.047,take_profit,False,4,4,775959.45,36470.09,2019
BATAINDIA,2019-08-05,2019-08-07,1284.1359,1348.3427,2.7,3.58,4.4,0.05,0.047,take_profit,False,2,2,620767.56,29176.08,2019
HINDUNILVR,2019-08-07,2019-08-22,1598.4773,1678.4012,1.15,1.96,1.9,0.05,0.047,take_profit,False,15,9,626602.77,29450.33,2019
INFIBEAM,2019-08-09,2019-08-21,9.1489,8.5085,1.47,6.32,5.24,-0.07,-0.073,stopped_out,True,12,6,776130.61,-56657.53,2019
GABRIEL,2019-08-09,2019-08-14,101.5068,94.4013,3.06,2.91,7.73,-0.07,-0.073,stopped_out,True,5,2,620904.48,-45326.03,2019
LALPATHLAB,2019-08-14,2019-08-16,530.5737,557.1024,0.97,6.42,2.76,0.05,0.047,take_profit,False,2,1,611839.28,28756.45,2019
APOLLOHOSP,2019-08-16,2019-08-30,1441.5592,1476.8898,1.09,5.15,7.74,0.024509,0.021509,time_exit,False,14,10,739130.06,15897.95,2019
LALPATHLAB,2019-08-16,2019-08-30,557.6409,585.5229,3.87,4.06,5.14,0.05,0.047,take_profit,False,14,10,591304.04,27791.29,2019
THYROCARE,2019-08-19,2019-09-03,136.2727,135.1256,0.98,7.05,6.3,-0.008418,-0.011418,time_exit,False,15,10,617293.16,-7048.25,2019
MFSL,2019-08-21,2019-09-03,448.1239,416.7553,1.23,2.23,3.7,-0.07,-0.073,stopped_out,True,13,8,637729.15,-46554.23,2019
ICICIGI,2019-08-23,2019-08-28,1133.5704,1190.2489,3.08,2.08,3.32,0.05,0.047,take_profit,False,5,3,641393.94,30145.52,2019
APOLLOHOSP,2019-08-28,2019-09-13,1491.356,1433.6716,1.65,1.59,2.89,-0.038679,-0.041679,time_exit,False,16,10,647423.04,-26983.94,2019
SPARC,2019-08-30,2019-09-04,160.03,148.8279,3.49,3.22,4.65,-0.07,-0.073,stopped_out,True,5,2,792763.1,-57871.71,2019
J&KBANK,2019-08-30,2019-09-03,39.7102,36.9305,1.08,2.5,12.3,-0.07,-0.073,stopped_out,True,4,1,634210.48,-46297.37,2019
ANANTRAJ,2019-09-03,2019-09-04,13.1645,13.8227,1.55,2.38,3.37,0.05,0.047,take_profit,False,1,1,865234.97,40666.04,2019
CGCL,2019-09-03,2019-09-17,163.206,171.3663,6.42,1.59,13.23,0.05,0.047,take_profit,False,14,9,692187.98,32532.83,2019
PURVA,2019-09-04,2019-09-05,64.2093,67.4198,9.6,3.62,16.33,0.05,0.047,take_profit,False,1,1,881908.86,41449.72,2019
BEL,2019-09-04,2019-09-16,31.7481,33.3355,2.25,1.52,5.55,0.05,0.047,take_profit,False,12,7,705527.09,33159.77,2019
ANANTRAJ,2019-09-04,2019-09-11,13.7368,14.4237,0.74,1.88,2.75,0.05,0.047,take_profit,False,7,4,564421.67,26527.82,2019
AVANTIFEED,2019-09-05,2019-09-06,308.683,324.1172,2.73,2.04,4.09,0.05,0.047,take_profit,False,1,1,636209.06,29901.83,2019
RECLTD,2019-09-06,2019-09-17,68.1563,63.3854,1.49,2.11,3.82,-0.07,-0.073,stopped_out,True,11,6,642189.42,-46879.83,2019
GSFC,2019-09-11,2019-09-17,67.7321,71.1187,2.16,2.29,5.42,0.05,0.047,take_profit,False,6,4,631941.43,29701.25,2019
SCI,2019-09-13,2019-09-16,33.1044,34.7596,0.84,5.77,3.32,0.05,0.047,take_profit,False,3,1,629640.97,29593.13,2019
HAL,2019-09-16,2019-09-19,307.3757,322.7445,1.59,5.3,2.87,0.05,0.047,take_profit,False,3,3,783296.96,36814.96,2019
JISLJALEQS,2019-09-16,2019-09-19,23.2616,21.6333,0.86,1.69,7.64,-0.07,-0.073,stopped_out,True,3,3,626637.57,-45744.54,2019
SHARDACROP,2019-09-17,2019-09-24,282.1488,296.2563,0.84,2.55,1.94,0.05,0.047,take_profit,False,7,5,574492.59,27001.15,2019
PCJEWELLER,2019-09-17,2019-09-18,4.1221,4.3282,7.41,4.98,8.99,0.05,0.047,take_profit,False,1,1,897644.68,42189.3,2019
PCJEWELLER,2019-09-17,2019-09-18,4.1221,4.3282,9.83,4.98,8.99,0.05,0.047,take_profit,False,1,1,718115.74,33751.44,2019
ICIL,2019-09-18,2019-09-23,47.2491,43.9416,1.6,4.8,4.93,-0.07,-0.073,stopped_out,True,5,3,797934.3,-58249.2,2019
GRSE,2019-09-18,2019-09-24,137.4491,144.3215,3.29,4.94,9.45,0.05,0.047,take_profit,False,6,4,638347.44,30002.33,2019
HAL,2019-09-19,2019-10-01,313.9201,291.9457,0.62,9.68,2.74,-0.07,-0.073,stopped_out,True,12,8,790878.95,-57734.16,2019
THYROCARE,2019-09-19,2019-09-20,144.4121,151.6327,2.91,1.74,3.47,0.05,0.047,take_profit,False,1,1,632703.16,29737.05,2019
PRESTIGE,2019-09-20,2019-10-01,296.5007,275.7457,1.06,2.0,4.28,-0.07,-0.073,stopped_out,True,11,7,638650.57,-46621.49,2019
JMFINANCIL,2019-09-23,2019-09-26,72.2778,75.8917,5.12,2.44,7.63,0.05,0.047,take_profit,False,3,3,658857.47,30966.3,2019
IDBI,2019-09-24,2019-09-25,32.2878,33.9022,1.94,1.92,10.71,0.05,0.047,take_profit,False,1,1,781054.68,36709.57,2019
DEEPAKFERT,2019-09-24,2019-09-30,96.652,89.8863,5.34,6.38,13.38,-0.07,-0.073,stopped_out,True,6,4,624843.75,-45613.59,2019
JSL,2019-09-25,2019-09-26,35.466,37.2393,0.97,4.1,3.3,0.05,0.047,take_profit,False,1,1,663427.85,31181.11,2019
GODREJPROP,2019-09-26,2019-10-01,1094.0468,1017.4635,2.11,2.75,7.95,-0.07,-0.073,stopped_out,True,5,3,807628.82,-58956.9,2019
GESHIP,2019-09-26,2019-10-07,220.6048,231.6351,0.54,2.99,2.05,0.05,0.047,take_profit,False,11,6,646103.06,30366.84,2019
HDFCLIFE,2019-09-30,2019-10-16,592.3838,601.0945,0.79,1.67,2.76,0.014705,0.011705,time_exit,False,16,10,632728.48,7406.09,2019
RELIGARE,2019-10-01,2019-10-04,38.2191,42.0789,3.85,2.62,3.24,0.100993,0.097993,take_profit_gap,False,3,2,589409.24,57757.98,2019
NMDC,2019-10-01,2019-10-15,15.8527,16.6453,3.27,3.18,8.68,0.05,0.047,take_profit,False,14,8,920951.94,43284.74,2019
RELIGARE,2019-10-01,2019-10-04,38.2191,42.0789,7.33,2.62,3.24,0.100993,0.097993,take_profit_gap,False,3,2,736761.55,72197.47,2019
NAUKRI,2019-10-04,2019-10-07,445.08,467.334,3.49,1.99,6.32,0.05,0.047,take_profit,False,3,1,762752.64,35849.37,2019
NAUKRI,2019-10-04,2019-10-07,445.08,467.334,2.74,1.99,6.32,0.05,0.047,take_profit,False,3,1,610202.11,28679.5,2019
SHRIRAMFIN,2019-10-07,2019-10-09,186.8665,196.2098,0.77,1.54,5.24,0.05,0.047,take_profit,False,2,1,910952.4,42814.76,2019
WHIRLPOOL,2019-10-07,2019-10-10,1963.4113,2061.5818,0.8,2.14,2.89,0.05,0.047,take_profit,False,3,2,728761.92,34251.81,2019
ADANIGREEN,2019-10-07,2019-10-09,68.084,71.4882,2.2,2.01,3.97,0.05,0.047,take_profit,False,2,1,583009.53,27401.45,2019
JBMA,2019-10-09,2019-10-10,44.1609,46.369,11.36,5.51,18.61,0.05,0.047,take_profit,False,1,1,779243.25,36624.43,2019
BRITANNIA,2019-10-09,2019-10-17,2733.8289,2870.5203,1.05,1.65,2.92,0.05,0.047,take_profit,False,8,6,623394.6,29299.55,2019
IGL,2019-10-10,2019-10-25,165.339,168.0484,2.04,1.87,2.01,0.016387,0.013387,time_exit,False,15,10,814491.97,10903.6,2019
IGL,2019-10-10,2019-10-25,165.339,168.0484,2.93,1.87,2.01,0.016387,0.013387,time_exit,False,15,10,651593.57,8722.88,2019
POLYCAB,2019-10-15,2019-10-22,681.0836,715.1378,4.49,2.61,4.44,0.05,0.047,take_profit,False,7,4,714122.19,33563.74,2019
CHAMBLFERT,2019-10-16,2019-10-22,129.6195,136.1005,1.65,2.03,3.33,0.05,0.047,take_profit,False,6,3,699324.67,32868.26,2019
EMAMILTD,2019-10-17,2019-11-01,301.9998,288.1084,4.08,4.07,6.99,-0.045998,-0.048998,time_exit,False,15,10,689998.56,-33808.55,2019
POLYCAB,2019-10-22,2019-10-23,725.2457,761.508,3.07,2.47,3.2,0.05,0.047,take_profit,False,1,1,678379.7,31883.85,2019
JUBLFOOD,2019-10-22,2019-10-23,282.0531,296.1557,5.81,3.1,5.3,0.05,0.047,take_profit,False,1,1,847974.62,39854.81,2019
IRB,2019-10-23,2019-11-05,7.5862,7.0552,6.42,4.73,12.57,-0.07,-0.073,stopped_out,True,13,9,689857.88,-50359.63,2019
AFFLE,2019-10-23,2019-10-24,279.6398,260.065,0.71,4.61,12.25,-0.07,-0.073,stopped_out,True,1,1,862322.35,-62949.53,2019
PIIND,2019-10-24,2019-11-04,1402.9581,1304.751,0.7,3.12,3.38,-0.07,-0.073,stopped_out,True,11,7,711760.87,-51958.54,2019
SUDARSCHEM,2019-10-25,2019-10-29,378.5801,397.5091,4.52,4.81,5.69,0.05,0.047,take_profit,False,4,2,866551.1,40727.9,2019
KPRMILL,2019-10-25,2019-10-29,126.1311,132.4376,2.13,1.62,2.42,0.05,0.047,take_profit,False,4,2,693240.88,32582.32,2019
SARDAEN,2019-10-29,2019-10-30,15.8153,16.6061,6.57,2.09,5.4,0.05,0.047,take_profit,False,1,1,881213.15,41417.02,2019
SCI,2019-10-29,2019-10-30,54.6499,57.5052,11.68,2.04,9.85,0.052247,0.049247,take_profit_gap,False,1,1,704970.52,34717.68,2019
MINDACORP,2019-10-30,2019-11-11,97.4292,90.6091,5.51,8.21,11.07,-0.07,-0.073,stopped_out,True,12,8,896440.09,-65440.13,2019
ITI,2019-10-30,2019-11-01,96.3482,89.6038,4.1,6.58,4.67,-0.07,-0.073,stopped_out,True,2,2,717152.07,-52352.1,2019
IFCI,2019-11-01,2019-11-04,8.7544,9.3453,9.14,6.11,20.69,0.067503,0.064503,take_profit_gap,False,3,1,837919.65,54048.33,2019
WEBELSOLAR,2019-11-01,2019-11-05,2.5613,2.8136,11.72,2.31,4.49,0.09851,0.09551,take_profit_gap,False,4,2,670335.72,64023.76,2019
BIOCON,2019-11-04,2019-11-19,261.0733,255.8158,2.18,1.78,6.94,-0.020138,-0.023138,time_exit,False,15,10,846622.64,-19589.15,2019
SAREGAMA,2019-11-04,2019-11-15,37.8634,39.7566,7.25,3.35,8.3,0.05,0.047,take_profit,False,11,8,677298.11,31833.01,2019
AKZOINDIA,2019-11-05,2019-11-11,1828.4753,1700.482,2.33,2.01,3.01,-0.07,-0.073,stopped_out,True,6,4,816610.04,-59612.53,2019
DABUR,2019-11-05,2019-11-20,452.3797,441.439,1.15,5.06,4.86,-0.024185,-0.027185,time_exit,False,15,10,653288.03,-17759.64,2019
NEOGEN,2019-11-11,2019-11-14,388.577,361.3766,0.82,2.63,4.08,-0.07,-0.073,stopped_out,True,3,2,840229.92,-61336.78,2019
EPL,2019-11-11,2019-11-13,112.6568,118.2896,5.61,3.13,3.49,0.05,0.047,take_profit,False,2,1,672183.93,31592.64,2019
MGL,2019-11-13,2019-11-19,850.1865,892.6959,2.59,5.33,2.35,0.05,0.047,take_profit,False,6,4,678502.46,31889.62,2019
MUTHOOTFIN,2019-11-14,2019-11-28,640.7982,620.1388,3.89,6.8,4.79,-0.03224,-0.03524,time_exit,False,14,10,698580.6,-24617.98,2019
CHOLAFIN,2019-11-15,2019-11-29,323.1983,306.1994,4.53,2.76,5.89,-0.052596,-0.055596,time_exit,False,14,10,700690.7,-38955.6,2019
CASTROLIND,2019-11-19,2019-11-26,115.2329,107.1666,3.68,2.03,5.71,-0.07,-0.073,stopped_out,True,7,5,868037.67,-63366.75,2019
INDUSTOWER,2019-11-19,2019-11-21,210.0901,195.3838,1.5,1.73,9.91,-0.07,-0.073,stopped_out,True,2,2,694430.14,-50693.4,2019
ADVENZYMES,2019-11-20,2019-11-22,168.2442,156.4671,4.6,2.79,9.46,-0.07,-0.073,stopped_out,True,2,2,682649.79,-49833.43,2019
IRB,2019-11-21,2019-11-26,7.9793,7.4207,5.45,6.85,6.56,-0.07,-0.073,stopped_out,True,5,3,674867.18,-49265.3,2019
EXIDEIND,2019-11-22,2019-12-06,183.0142,172.7003,0.57,1.71,2.85,-0.056356,-0.059356,time_exit,False,14,10,666457.02,-39558.22,2019
ICICIBANK,2019-11-26,2019-12-05,494.1897,518.8991,0.84,7.41,1.77,0.05,0.047,take_profit,False,9,7,819220.17,38503.35,2019
JSWENERGY,2019-11-26,2019-12-10,72.3687,67.3029,2.48,1.59,4.45,-0.07,-0.073,stopped_out,True,14,10,655376.14,-47842.46,2019
IDBI,2019-11-28,2019-12-04,36.0279,33.5059,1.71,2.37,2.56,-0.07,-0.073,stopped_out,True,6,4,659093.43,-48113.82,2019
ATGL,2019-11-29,2019-12-06,160.7412,149.4893,3.84,8.61,7.21,-0.07,-0.073,stopped_out,True,7,5,659621.77,-48152.39,2019
BLUEDART,2019-12-04,2019-12-17,2252.273,2094.6139,7.41,2.68,10.8,-0.07,-0.073,stopped_out,True,13,9,649893.34,-47442.21,2019
TRIVENI,2019-12-05,2019-12-09,60.724,56.4734,0.53,2.58,4.22,-0.07,-0.073,stopped_out,True,4,2,691459.37,-50476.53,2019
PATELENG,2019-12-06,2019-12-10,13.3858,12.4488,4.42,5.46,3.16,-0.07,-0.073,stopped_out,True,4,2,800841.13,-58461.4,2019
ERIS,2019-12-06,2019-12-20,457.2022,458.9505,6.11,3.92,6.36,0.003824,0.000824,time_exit,False,14,10,640672.91,527.91,2019
TANLA,2019-12-09,2019-12-17,64.3549,59.8501,3.6,1.56,3.79,-0.07,-0.073,stopped_out,True,8,6,640734.89,-46773.65,2019
JBCHEPHARM,2019-12-10,2019-12-24,196.6643,198.2121,1.66,6.85,4.49,0.00787,0.00487,time_exit,False,14,10,782570.6,3811.12,2019
PGEL,2019-12-11,2019-12-12,4.1339,4.3495,7.38,5.29,21.62,0.052152,0.049152,take_profit_gap,False,1,1,626056.48,30771.93,2019
DEEPAKNTR,2019-12-12,2019-12-26,346.3799,363.6989,2.32,3.12,4.14,0.05,0.047,take_profit,False,14,9,632210.86,29713.91,2019
TCS,2019-12-17,2020-01-01,1864.7642,1865.1806,0.79,1.52,1.81,0.000223,-0.002777,time_exit,False,15,10,745051.16,-2069.01,2020
SARDAEN,2019-12-17,2019-12-18,17.3644,18.2327,1.04,1.62,3.61,0.05,0.047,take_profit,False,1,1,596040.93,28013.92,2019
CDSL,2019-12-18,2020-01-02,106.5848,111.9141,1.1,1.6,1.6,0.05,0.047,take_profit,False,15,10,601643.72,28277.25,2020
SBILIFE,2019-12-20,2020-01-06,982.6416,972.1173,1.26,2.68,2.13,-0.01071,-0.01371,time_exit,False,17,10,609555.14,-8357.0,2020
ATGL,2019-12-24,2020-01-01,156.4574,164.2803,2.07,2.23,4.6,0.05,0.047,take_profit,False,8,5,644920.45,30311.26,2020
SUNFLAG,2019-12-26,2019-12-27,30.5284,32.0548,2.94,2.22,3.9,0.05,0.047,take_profit,False,1,1,648321.32,30471.1,2019
LICHSGFIN,2019-12-27,2020-01-08,392.8382,363.4743,1.46,1.7,3.5,-0.074748,-0.077748,stopped_out_gap,False,12,8,654415.54,-50879.5,2020
MOTILALOFS,2020-01-01,2020-01-08,791.1554,830.7132,1.6,1.98,7.57,0.05,0.047,take_profit,False,7,5,807175.2,37937.23,2020
JINDALSAW,2020-01-01,2020-01-03,38.6551,40.5878,1.16,11.51,16.25,0.05,0.047,take_profit,False,2,2,645740.16,30349.79,2020
DEEPAKFERT,2020-01-02,2020-01-09,90.0978,94.6027,1.15,2.17,3.61,0.05,0.047,take_profit,False,7,5,642576.32,30201.09,2020
SPARC,2020-01-03,2020-01-08,164.5322,172.7588,1.06,1.69,2.14,0.05,0.047,take_profit,False,5,3,649279.05,30516.12,2020
SUZLON,2020-01-06,2020-01-07,2.9398,3.1663,16.67,5.95,8.47,0.077048,0.074048,take_profit_gap,False,1,1,639662.87,47365.76,2020
RAMCOCEM,2020-01-07,2020-01-13,775.1794,813.9384,1.77,5.73,4.46,0.05,0.047,take_profit,False,6,4,649136.02,30509.39,2020
MAHSEAMLES,2020-01-08,2020-01-14,192.8242,202.4654,2.86,6.02,4.47,0.05,0.047,take_profit,False,6,4,944997.54,44414.88,2020
HSCL,2020-01-08,2020-01-14,66.695,70.0297,1.7,3.61,3.21,0.05,0.047,take_profit,False,6,4,755998.03,35531.91,2020
KITEX,2020-01-08,2020-01-22,40.4528,40.1242,4.16,6.49,11.34,-0.008124,-0.011124,time_exit,False,14,10,604798.43,-6727.78,2020
ANANTRAJ,2020-01-09,2020-01-10,15.6662,16.4496,0.58,3.37,7.71,0.05,0.047,take_profit,False,1,1,618394.22,29064.53,2020
ASAHIINDIA,2020-01-10,2020-01-13,213.9522,224.6498,5.27,3.02,5.92,0.05,0.047,take_profit,False,3,1,624207.13,29337.74,2020
PTC,2020-01-13,2020-01-27,40.8574,39.8019,4.01,9.48,5.5,-0.025834,-0.028834,time_exit,False,14,10,766003.76,-22086.95,2020
NETWORK18,2020-01-13,2020-01-15,26.6633,29.2853,4.88,2.56,3.5,0.098338,0.095338,take_profit_gap,False,2,2,612803.01,58423.41,2020
VGUARD,2020-01-14,2020-01-28,219.2295,219.5946,1.56,2.83,2.98,0.001666,-0.001334,time_exit,False,14,10,846430.88,-1129.14,2020
SEQUENT,2020-01-14,2020-01-28,83.9576,82.0785,2.68,5.35,7.82,-0.022381,-0.025381,time_exit,False,14,10,677144.7,-17186.61,2020
BEML,2020-01-15,2020-01-29,410.6731,397.44,2.72,2.59,2.27,-0.032223,-0.035223,time_exit,False,14,10,675961.05,-23809.38,2020
SFL,2020-01-22,2020-02-04,743.8968,781.0916,1.61,1.61,4.65,0.05,0.047,take_profit,False,13,9,660382.97,31038.0,2020
DIXON,2020-01-27,2020-01-31,861.3401,904.4071,2.06,1.59,2.35,0.05,0.047,take_profit,False,4,4,677089.74,31823.22,2020
SRF,2020-01-28,2020-02-05,736.9729,773.8215,1.02,1.85,2.04,0.05,0.047,take_profit,False,8,6,842723.76,39608.02,2020
ASTRAL,2020-01-28,2020-02-03,684.5565,636.6375,0.9,3.92,6.44,-0.07,-0.073,stopped_out,True,6,4,674179.0,-49215.07,2020
CCL,2020-01-29,2020-01-30,193.9396,203.6366,2.57,14.39,2.46,0.05,0.047,take_profit,False,1,1,669773.54,31479.36,2020
DMART,2020-01-30,2020-02-03,2052.3257,2154.942,1.0,2.4,3.72,0.05,0.047,take_profit,False,4,2,676069.41,31775.26,2020
IRCTC,2020-01-31,2020-02-04,231.0065,245.9725,1.82,2.57,5.05,0.064786,0.061786,take_profit_gap,False,4,2,682638.12,42177.48,2020
SHILPAMED,2020-02-03,2020-02-04,151.1908,158.7503,8.89,5.88,3.74,0.05,0.047,take_profit,False,1,1,812672.22,38195.59,2020
ASIANPAINT,2020-02-03,2020-02-17,1777.1089,1788.4032,1.66,2.09,5.59,0.006355,0.003355,time_exit,False,14,10,650137.77,2181.21,2020
DLF,2020-02-04,2020-02-12,234.464,218.0516,4.87,1.89,5.99,-0.07,-0.073,stopped_out,True,8,6,973531.09,-71067.77,2020
INDIAGLYCO,2020-02-04,2020-02-05,137.2581,144.121,7.38,1.78,7.61,0.05,0.047,take_profit,False,1,1,778824.87,36604.77,2020
WESTLIFE,2020-02-04,2020-02-05,478.316,444.8339,4.77,2.07,4.42,-0.07,-0.073,stopped_out,True,1,1,623059.9,-45483.37,2020
M&MFIN,2020-02-05,2020-02-19,217.2729,213.9497,1.36,1.69,5.39,-0.015295,-0.018295,time_exit,False,14,10,953515.51,-17444.57,2020
SWANCORP,2020-02-05,2020-02-10,135.944,142.7412,12.22,6.49,20.31,0.05,0.047,take_profit,False,5,3,762812.41,35852.18,2020
SRF,2020-02-05,2020-02-11,780.4687,819.4921,1.93,3.73,4.92,0.05,0.047,take_profit,False,6,4,610249.93,28681.75,2020
SWANCORP,2020-02-10,2020-02-12,148.8649,138.4443,1.21,2.77,6.57,-0.07,-0.073,stopped_out,True,2,2,647932.86,-47299.1,2020
JSWSTEEL,2020-02-11,2020-02-24,270.609,251.6664,3.01,1.63,3.11,-0.07,-0.073,stopped_out,True,13,8,646132.62,-47167.68,2020
REFEX,2020-02-12,2020-02-18,13.319,14.3606,3.64,3.96,4.71,0.078207,0.075207,take_profit_gap,False,6,4,817525.51,61483.64,2020
MINDACORP,2020-02-12,2020-02-18,113.7731,105.809,1.33,4.28,7.86,-0.07,-0.073,stopped_out,True,6,4,654020.41,-47743.49,2020
BALKRISIND,2020-02-17,2020-02-27,1202.5322,1118.355,1.75,6.11,8.69,-0.07,-0.073,stopped_out,True,10,7,653680.13,-47718.65,2020
APOLLOHOSP,2020-02-18,2020-03-04,1746.8503,1728.9101,0.77,2.24,3.43,-0.01027,-0.01327,time_exit,False,15,10,656001.05,-8705.13,2020
GANECOS,2020-02-18,2020-02-26,358.9611,333.8338,2.85,1.57,3.87,-0.07,-0.073,stopped_out,True,8,5,820001.32,-59860.1,2020
JSL,2020-02-19,2020-03-05,40.4834,39.3127,2.31,1.66,4.71,-0.028918,-0.031918,time_exit,False,15,10,712015.03,-22726.1,2020
TIINDIA,2020-02-24,2020-02-27,535.9615,562.7596,1.08,5.59,8.04,0.05,0.047,take_profit,False,3,3,689405.01,32402.04,2020
NEOGEN,2020-02-26,2020-02-27,519.9842,545.9834,5.71,5.92,14.18,0.05,0.047,take_profit,False,1,1,703552.25,33066.96,2020
NLCINDIA,2020-02-27,2020-03-06,44.8727,39.06,4.52,4.69,10.33,-0.129539,-0.132539,stopped_out_gap,False,8,6,975719.35,-129320.87,2020
MIDHANI,2020-02-27,2020-02-28,237.4014,249.2715,5.0,3.21,19.73,0.05,0.047,take_profit,False,1,1,780575.48,36687.05,2020
ESCORTS,2020-03-02,2020-03-09,815.9572,758.8402,3.8,2.35,2.96,-0.07,-0.073,stopped_out,True,7,5,787912.89,-57517.64,2020
DEEPAKNTR,2020-03-02,2020-03-03,492.0036,516.6038,5.58,2.25,4.58,0.05,0.047,take_profit,False,1,1,630330.31,29625.52,2020
IPCALAB,2020-03-03,2020-03-04,739.695,687.9164,3.92,1.54,3.58,-0.07,-0.073,stopped_out,True,1,1,636255.42,-46446.65,2020
JBCHEPHARM,2020-03-04,2020-03-06,272.8481,253.7487,1.04,1.91,2.67,-0.07,-0.073,stopped_out,True,2,2,756425.27,-55219.04,2020
DRREDDY,2020-03-04,2020-03-12,611.0147,567.4149,2.78,2.13,3.47,-0.071356,-0.074356,stopped_out_gap,False,8,5,605140.22,-44995.81,2020
GRANULES,2020-03-05,2020-03-06,175.0059,162.7555,3.55,1.54,2.59,-0.07,-0.073,stopped_out,True,1,1,621969.96,-45403.81,2020
DIXON,2020-03-06,2020-03-12,883.5351,821.6877,1.57,2.3,15.08,-0.07,-0.073,stopped_out,True,6,3,922410.14,-67335.94,2020
FINPIPE,2020-03-09,2020-03-12,103.9142,96.6402,1.61,2.35,3.8,-0.07,-0.073,stopped_out,True,3,2,884007.16,-64532.52,2020
ZYDUSLIFE,2020-03-20,2020-03-23,272.4095,286.03,7.68,3.05,13.41,0.05,0.047,take_profit,False,3,1,1154144.38,54244.79,2020
CIPLA,2020-03-30,2020-04-03,416.0693,436.8728,3.18,1.65,4.34,0.05,0.047,take_profit,False,4,3,745595.74,35043.0,2020
AJANTPHARM,2020-03-30,2020-03-31,818.6953,859.63,3.98,1.54,7.36,0.05,0.047,take_profit,False,1,1,931994.67,43803.75,2020
CIPLA,2020-03-30,2020-04-03,416.0693,436.8728,2.08,1.65,4.34,0.05,0.047,take_profit,False,4,3,1164993.34,54754.69,2020
IPCALAB,2020-03-31,2020-04-07,683.7796,784.978,3.38,1.56,3.82,0.147999,0.144999,take_profit_gap,False,7,3,791636.27,114786.47,2020
TORNTPHARM,2020-04-03,2020-04-07,967.953,1016.3507,6.22,2.24,4.95,0.05,0.047,take_profit,False,4,1,1033386.37,48569.16,2020
CIPLA,2020-04-03,2020-04-07,432.8856,461.1419,4.7,2.87,5.69,0.065274,0.062274,take_profit_gap,False,4,1,826709.1,51482.48,2020
CIPLA,2020-04-07,2020-04-08,474.372,498.0906,7.17,3.06,2.77,0.05,0.047,take_profit,False,1,1,1234681.25,58030.02,2020
BIOCON,2020-04-07,2020-04-08,315.249,331.0115,3.99,1.95,6.1,0.05,0.047,take_profit,False,1,1,987745.0,46424.01,2020
APLLTD,2020-04-07,2020-04-08,573.1613,601.8194,10.77,2.16,6.18,0.05,0.047,take_profit,False,1,1,790196.0,37139.21,2020
AARTIDRUGS,2020-04-07,2020-04-08,149.3373,156.8042,9.54,1.79,10.32,0.05,0.047,take_profit,False,1,1,632156.8,29711.37,2020
TORNTPHARM,2020-04-07,2020-04-08,1097.2076,1152.068,10.49,2.31,9.01,0.05,0.047,take_profit,False,1,1,505725.44,23769.1,2020
GRANULES,2020-04-08,2020-04-21,169.1234,156.7113,4.67,1.83,11.29,-0.073391,-0.076391,stopped_out_gap,False,13,7,1273695.99,-97298.91,2020
ZYDUSWELL,2020-04-08,2020-04-09,284.4009,311.4039,6.56,5.2,4.61,0.094947,0.091947,take_profit_gap,False,1,1,1018956.79,93690.02,2020
MIDHANI,2020-04-08,2020-04-13,188.4847,208.752,3.63,2.01,4.64,0.107528,0.104528,take_profit_gap,False,5,2,815165.43,85207.61,2020
APLLTD,2020-04-08,2020-04-09,601.9508,632.0484,1.97,2.68,1.72,0.05,0.047,take_profit,False,1,1,652132.35,30650.22,2020
FACT,2020-04-08,2020-04-09,34.5034,40.247,18.79,3.71,18.49,0.166463,0.163463,take_profit_gap,False,1,1,521705.88,85279.61,2020
DIVISLAB,2020-04-09,2020-04-16,2242.7793,2354.9182,3.05,2.11,3.86,0.05,0.047,take_profit,False,7,3,574622.51,27007.26,2020
LUPIN,2020-04-09,2020-04-13,764.7737,803.0124,8.17,3.49,7.74,0.05,0.047,take_profit,False,4,1,718278.14,33759.07,2020
SUDARSCHEM,2020-04-09,2020-04-27,407.7408,400.509,4.29,2.63,5.46,-0.017736,-0.020736,time_exit,False,18,10,897847.67,-18617.77,2020
IDEA,2020-04-13,2020-04-15,4.102,4.4478,1.52,2.34,24.24,0.084281,0.081281,take_profit_gap,False,2,1,790180.06,64226.63,2020
IDEA,2020-04-13,2020-04-15,4.102,4.4478,17.07,2.34,24.24,0.084281,0.081281,take_profit_gap,False,2,1,632144.05,51381.3,2020
TRIDENT,2020-04-15,2020-04-16,5.0056,5.4173,2.2,3.46,17.39,0.08225,0.07925,take_profit_gap,False,1,1,813301.65,64454.16,2020
ERIS,2020-04-15,2020-04-24,482.991,444.352,0.98,2.0,5.54,-0.08,-0.083,stopped_out_gap,False,9,7,650641.32,-54003.23,2020
FSL,2020-04-16,2020-04-21,34.0471,31.6638,7.85,2.71,3.66,-0.07,-0.073,stopped_out,True,5,3,816390.17,-59596.48,2020
IRCON,2020-04-16,2020-04-21,38.5193,35.8229,5.2,4.28,17.25,-0.07,-0.073,stopped_out,True,5,3,653112.13,-47677.19,2020
UCOBANK,2020-04-21,2020-04-22,14.3907,15.1103,12.63,7.26,5.02,0.05,0.047,take_profit,False,1,1,1030214.85,48420.1,2020
OPTIEMUS,2020-04-21,2020-04-23,20.5752,22.4413,9.02,2.53,7.25,0.090696,0.087696,take_profit_gap,False,2,2,824171.88,72276.58,2020
IRCTC,2020-04-21,2020-04-24,280.5203,254.9204,1.64,2.47,3.7,-0.091259,-0.094259,stopped_out_gap,False,3,3,659337.5,-62148.49,2020
STLTECH,2020-04-22,2020-05-07,88.3866,89.6945,1.96,1.71,6.63,0.014797,0.011797,time_exit,False,15,10,743196.99,8767.49,2020
MUTHOOTFIN,2020-04-23,2020-04-30,754.2135,791.9242,3.88,1.86,6.32,0.05,0.047,take_profit,False,7,5,773847.29,36370.82,2020
ALKEM,2020-04-24,2020-05-04,2595.8009,2414.0948,4.32,2.23,9.38,-0.07,-0.073,stopped_out,True,10,5,857843.25,-62622.56,2020
DEEPAKFERT,2020-04-24,2020-04-27,86.5962,90.926,3.99,7.22,14.89,0.05,0.047,take_profit,False,3,1,686274.6,32254.91,2020
NAVINFLUOR,2020-04-27,2020-05-04,1597.3196,1485.5072,3.45,4.41,7.26,-0.07,-0.073,stopped_out,True,7,4,694857.25,-50724.58,2020
LUMAXTECH,2020-04-27,2020-04-28,75.8491,79.6416,8.82,4.6,13.57,0.05,0.047,take_profit,False,1,1,868571.56,40822.86,2020
MANAPPURAM,2020-04-28,2020-05-04,116.48,108.3264,5.24,1.97,10.9,-0.07,-0.073,stopped_out,True,6,3,737764.68,-53856.82,2020
BSE,2020-04-30,2020-05-13,39.4517,41.4243,1.26,3.2,2.09,0.05,0.047,take_profit,False,13,8,752255.37,35356.0,2020
BHARTIARTL,2020-05-04,2020-05-12,509.2795,534.7435,1.9,2.15,5.98,0.05,0.047,take_profit,False,8,6,1026456.54,48243.46,2020
RALLIS,2020-05-04,2020-05-05,206.6316,216.9631,2.18,3.04,5.18,0.05,0.047,take_profit,False,1,1,821165.23,38594.77,2020
HCG,2020-05-05,2020-05-06,88.7443,93.1816,9.36,7.41,10.46,0.05,0.047,take_profit,False,1,1,828884.18,38957.56,2020
BAJAJELEC,2020-05-05,2020-05-08,327.8379,344.2298,2.55,3.8,3.52,0.05,0.047,take_profit,False,3,3,663107.35,31166.05,2020
COFORGE,2020-05-06,2020-05-20,264.4551,265.5695,8.12,5.87,14.89,0.004214,0.001214,time_exit,False,14,10,704054.23,854.72,2020
JKTYRE,2020-05-07,2020-05-08,48.3568,50.7746,6.71,2.33,9.0,0.05,0.047,take_profit,False,1,1,713636.28,33540.91,2020
JBCHEPHARM,2020-05-08,2020-05-13,306.2335,284.7971,3.04,2.58,3.91,-0.07,-0.073,stopped_out,True,5,3,859199.14,-62721.54,2020
CASTROLIND,2020-05-08,2020-05-18,94.2951,87.6944,1.14,2.26,1.66,-0.07,-0.073,stopped_out,True,10,6,687359.31,-50177.23,2020
INDUSTOWER,2020-05-12,2020-05-14,164.7577,172.9955,1.06,1.63,2.49,0.05,0.047,take_profit,False,2,2,764827.45,35946.89,2020
BDL,2020-05-13,2020-05-19,111.8985,104.0656,2.54,5.08,6.19,-0.07,-0.073,stopped_out,True,6,4,928679.75,-67793.62,2020
IEX,2020-05-13,2020-05-15,47.7774,50.1663,2.58,2.54,1.84,0.05,0.047,take_profit,False,2,2,742943.8,34918.36,2020
MSTCLTD,2020-05-14,2020-05-18,81.5472,85.6246,1.07,2.48,4.99,0.05,0.047,take_profit,False,4,2,754509.91,35461.97,2020
HCG,2020-05-15,2020-05-18,94.2971,99.012,0.62,1.98,5.54,0.05,0.047,take_profit,False,3,1,759180.36,35681.48,2020
HCG,2020-05-18,2020-06-01,104.8024,110.0425,5.44,3.96,10.26,0.05,0.047,take_profit,False,14,9,1051747.45,49432.13,2020
ZENTEC,2020-05-18,2020-05-19,35.7768,38.3152,7.34,3.15,5.25,0.070951,0.067951,take_profit_gap,False,1,1,841397.96,57173.83,2020
CIPLA,2020-05-18,2020-05-22,578.6424,607.5745,0.87,2.34,5.23,0.05,0.047,take_profit,False,4,4,673118.37,31636.56,2020
ADANIPOWER,2020-05-19,2020-05-26,7.0635,7.4167,2.41,4.46,12.06,0.05,0.047,take_profit,False,7,4,890386.28,41848.15,2020
BHARTIARTL,2020-05-19,2020-05-27,572.6884,532.6002,4.94,3.55,7.22,-0.07,-0.073,stopped_out,True,8,5,712309.02,-51998.56,2020
AFFLE,2020-05-20,2020-05-22,281.3306,309.845,4.85,1.53,4.38,0.101355,0.098355,take_profit_gap,False,2,2,710829.01,69913.59,2020
JUBLFOOD,2020-05-22,2020-05-26,320.9831,337.0323,0.94,1.66,3.35,0.05,0.047,take_profit,False,4,1,865762.71,40690.85,2020
VAIBHAVGBL,2020-05-22,2020-05-29,191.3532,200.9208,4.85,4.68,5.1,0.05,0.047,take_profit,False,7,4,692610.17,32552.68,2020
DCMSHRIRAM,2020-05-26,2020-05-28,249.7897,262.2791,3.0,2.66,6.24,0.05,0.047,take_profit,False,2,2,921825.73,43325.81,2020
ULTRACEMCO,2020-05-26,2020-06-09,3673.9911,3675.5056,1.85,1.94,3.3,0.000412,-0.002588,time_exit,False,14,10,737460.59,-1908.55,2020
ACE,2020-05-27,2020-06-02,46.8292,49.1706,6.98,4.7,10.4,0.05,0.047,take_profit,False,6,4,722030.56,33935.44,2020
MOTHERSON,2020-05-28,2020-05-29,24.4158,25.6366,1.67,2.69,6.51,0.05,0.047,take_profit,False,1,1,770654.76,36220.77,2020
CONCOR,2020-05-29,2020-06-01,348.5752,366.004,5.33,2.98,6.85,0.05,0.047,take_profit,False,3,1,922931.48,43377.78,2020
COALINDIA,2020-05-29,2020-06-01,84.904,89.1492,5.13,1.69,5.84,0.05,0.047,take_profit,False,3,1,738345.18,34702.22,2020
UCOBANK,2020-06-01,2020-06-03,11.493,12.0676,4.27,3.46,6.36,0.05,0.047,take_profit,False,2,2,927026.72,43570.26,2020
GHCL,2020-06-01,2020-06-03,98.7536,106.4073,3.59,1.78,3.29,0.077503,0.074503,take_profit_gap,False,2,2,741621.37,55253.02,2020
PHOENIXLTD,2020-06-01,2020-06-02,281.8852,295.9795,0.71,1.7,4.49,0.05,0.047,take_profit,False,1,1,1158783.4,54462.82,2020
JSWENERGY,2020-06-02,2020-06-04,42.7094,39.7197,1.46,3.38,8.83,-0.07,-0.073,stopped_out,True,2,2,987139.54,-72061.19,2020
AMBER,2020-06-02,2020-06-03,1438.0687,1509.9721,7.05,2.47,6.47,0.05,0.047,take_profit,False,1,1,789711.63,37116.45,2020
KEC,2020-06-03,2020-06-05,220.582,231.6111,4.4,2.32,1.69,0.05,0.047,take_profit,False,2,2,1150629.19,54079.57,2020
INDIANB,2020-06-03,2020-06-04,43.2174,45.3782,4.35,4.87,4.44,0.05,0.047,take_profit,False,1,1,920503.36,43263.66,2020
BANKINDIA,2020-06-03,2020-06-05,34.7387,36.549,10.13,3.4,9.12,0.052112,0.049112,take_profit_gap,False,2,2,736402.68,36166.21,2020
TDPOWERSYS,2020-06-04,2020-06-05,20.7316,22.2393,6.84,4.54,5.16,0.072724,0.069724,take_profit_gap,False,1,1,964891.22,67276.08,2020
IGL,2020-06-04,2020-06-08,225.1884,209.4252,2.47,2.19,2.05,-0.07,-0.073,stopped_out,True,4,2,771912.98,-56349.65,2020
JKTYRE,2020-06-05,2020-06-08,54.184,56.8932,3.21,1.78,3.69,0.05,0.047,take_profit,False,3,1,1219419.37,57312.71,2020
J&KBANK,2020-06-05,2020-06-08,13.8579,15.2285,12.76,2.01,8.21,0.098901,0.095901,take_profit_gap,False,3,1,975535.5,93554.83,2020
KRBL,2020-06-05,2020-06-08,218.3734,229.292,9.43,4.26,7.03,0.05,0.047,take_profit,False,3,1,780428.4,36680.13,2020
BPCL,2020-06-08,2020-06-12,133.3561,120.0898,1.76,1.53,3.82,-0.09948,-0.10248,stopped_out_gap,False,4,4,716821.29,-73459.85,2020
SURYAROSNI,2020-06-08,2020-06-12,24.5218,22.7508,2.04,4.41,4.16,-0.072221,-0.075221,stopped_out_gap,False,4,4,1400041.57,-105312.53,2020
BPCL,2020-06-08,2020-06-12,133.3561,120.0898,4.65,1.53,3.82,-0.09948,-0.10248,stopped_out_gap,False,4,4,1120033.26,-114781.01,2020
GSFC,2020-06-08,2020-06-09,44.2665,46.4798,0.68,1.91,2.39,0.05,0.047,take_profit,False,1,1,896026.61,42113.25,2020
BHEL,2020-06-09,2020-06-10,30.2598,31.7728,5.87,1.85,8.5,0.05,0.047,take_profit,False,1,1,726556.33,34148.15,2020
RBLBANK,2020-06-09,2020-06-10,138.2446,145.1569,0.94,2.55,4.58,0.05,0.047,take_profit,False,1,1,908195.41,42685.18,2020
DCAL,2020-06-10,2020-06-11,122.6113,114.0285,7.14,5.1,24.8,-0.07,-0.073,stopped_out,True,1,1,923562.07,-67420.03,2020
NETWORK18,2020-06-10,2020-06-12,32.9165,34.5623,0.61,2.03,8.58,0.05,0.047,take_profit,False,2,2,738849.66,34725.93,2020
INDUSINDBK,2020-06-11,2020-06-12,505.4608,470.0785,5.42,2.46,2.53,-0.07,-0.073,stopped_out,True,1,1,762308.14,-55648.49,2020
MGL,2020-06-12,2020-06-26,918.6525,920.2545,1.23,2.01,6.89,0.001744,-0.001256,time_exit,False,14,10,1494562.1,-1877.17,2020
NETWORK18,2020-06-12,2020-06-16,34.6673,38.1309,3.9,3.09,10.53,0.09991,0.09691,take_profit_gap,False,4,2,1195649.68,115870.41,2020
SHAKTIPUMP,2020-06-12,2020-06-15,31.2586,32.8215,6.02,7.91,14.8,0.05,0.047,take_profit,False,3,1,956519.75,44956.43,2020
PATANJALI,2020-06-12,2020-06-16,304.7288,335.6138,9.76,2.76,3.91,0.101352,0.098352,take_profit_gap,False,4,2,765215.8,75260.5,2020
BORORENEW,2020-06-12,2020-06-16,87.3437,94.9525,4.75,2.63,10.37,0.087114,0.084114,take_profit_gap,False,4,2,612172.64,51492.29,2020
SUMICHEM,2020-06-15,2020-06-19,289.5216,303.9977,2.32,2.53,4.95,0.05,0.047,take_profit,False,4,4,690033.34,32431.57,2020
ECLERX,2020-06-16,2020-06-18,282.7807,296.9197,2.72,1.7,4.73,0.05,0.047,take_profit,False,2,2,1115158.94,52412.47,2020
MOIL,2020-06-16,2020-06-19,135.3585,125.0636,1.04,6.0,7.4,-0.076057,-0.079057,stopped_out_gap,False,3,3,892127.15,-70528.9,2020
NEOGEN,2020-06-16,2020-06-24,518.9939,482.6643,1.52,3.63,4.82,-0.07,-0.073,stopped_out,True,8,6,713701.72,-52100.23,2020
HINDCOPPER,2020-06-18,2020-06-24,30.9688,32.5173,5.34,3.07,10.02,0.05,0.047,take_profit,False,6,4,804475.66,37810.36,2020
EIDPARRY,2020-06-19,2020-06-22,252.2085,264.819,9.89,2.2,10.12,0.05,0.047,take_profit,False,3,1,952393.16,44762.48,2020
PERSISTENT,2020-06-19,2020-06-26,287.8788,302.2727,0.85,1.58,2.82,0.05,0.047,take_profit,False,7,5,761914.53,35809.98,2020
QUESS,2020-06-22,2020-06-24,300.2247,330.6238,5.61,1.61,2.22,0.101254,0.098254,take_profit_gap,False,2,2,808962.75,79483.83,2020
ATGL,2020-06-24,2020-06-25,160.9704,169.0189,1.71,2.02,5.6,0.05,0.047,take_profit,False,1,1,1125637.02,52904.94,2020
GALLANTT,2020-06-24,2020-06-25,40.2457,37.4285,3.84,12.23,12.53,-0.07,-0.073,stopped_out,True,1,1,900509.61,-65737.2,2020
TARIL,2020-06-24,2020-06-25,5.2754,5.5392,8.53,4.85,17.88,0.05,0.047,take_profit,False,1,1,720407.69,33859.16,2020
GUJGASLTD,2020-06-25,2020-07-01,294.676,309.4098,2.96,1.95,8.03,0.05,0.047,take_profit,False,6,4,1129842.4,53102.59,2020
HFCL,2020-06-25,2020-06-29,14.4153,15.4402,1.72,1.53,4.68,0.071093,0.068093,take_profit_gap,False,4,2,903873.92,61547.49,2020
ASTRAL,2020-06-25,2020-07-09,536.4262,533.5525,1.72,1.51,3.98,-0.005357,-0.008357,time_exit,False,14,10,723099.14,-6042.94,2020
HFCL,2020-06-26,2020-06-30,15.1089,16.4299,1.31,2.22,2.69,0.087437,0.084437,take_profit_gap,False,4,2,1036561.2,87524.12,2020
TI,2020-06-26,2020-06-29,20.2819,21.296,5.39,9.55,5.15,0.05,0.047,take_profit,False,3,1,829248.96,38974.7,2020
AVANTIFEED,2020-06-29,2020-07-07,492.3989,457.931,2.51,7.68,3.42,-0.07,-0.073,stopped_out,True,8,6,1030128.18,-75199.36,2020
NFL,2020-06-29,2020-06-30,30.7663,32.3046,1.54,3.56,5.68,0.05,0.047,take_profit,False,1,1,824102.54,38732.82,2020
ASTRAMICRO,2020-06-30,2020-07-01,102.5624,107.6906,3.92,2.47,8.68,0.05,0.047,take_profit,False,1,1,1056666.17,49663.31,2020
JSL,2020-06-30,2020-07-14,39.9423,38.7721,1.64,1.66,2.14,-0.029296,-0.032296,time_exit,False,14,10,845332.94,-27300.87,2020
SEQUENT,2020-07-01,2020-07-13,96.4864,101.3107,1.19,1.82,5.05,0.05,0.047,take_profit,False,12,8,1134121.24,53303.7,2020
KRBL,2020-07-01,2020-07-06,249.3584,261.8263,0.84,2.96,5.68,0.05,0.047,take_profit,False,5,3,907296.99,42642.96,2020
IRCON,2020-07-06,2020-07-13,40.8065,37.9501,5.85,6.6,9.27,-0.07,-0.073,stopped_out,True,7,5,915825.59,-66855.27,2020
BBTC,2020-07-07,2020-07-08,1096.3922,1151.2118,1.18,3.41,4.74,0.05,0.047,take_profit,False,1,1,923646.23,43411.37,2020
INDUSINDBK,2020-07-08,2020-07-14,533.9149,496.5409,3.67,2.11,3.48,-0.07,-0.073,stopped_out,True,6,4,932328.51,-68059.98,2020
GNFC,2020-07-09,2020-07-13,143.8259,151.0172,1.0,1.84,3.34,0.05,0.047,take_profit,False,4,2,889274.05,41795.88,2020
LTIM,2020-07-13,2020-07-15,2060.1406,2163.1477,0.88,3.13,3.44,0.05,0.047,take_profit,False,2,2,1304912.27,61330.88,2020
INTELLECT,2020-07-13,2020-07-16,114.2735,119.9872,2.75,2.17,3.71,0.05,0.047,take_profit,False,3,3,1043929.82,49064.7,2020
HCC,2020-07-13,2020-07-15,6.4032,5.8971,4.1,1.73,1.59,-0.079046,-0.082046,stopped_out_gap,False,2,2,835143.86,-68520.21,2020
FORTIS,2020-07-14,2020-07-17,126.6657,132.999,2.35,2.41,2.99,0.05,0.047,take_profit,False,3,3,1004575.2,47215.03,2020
DRREDDY,2020-07-14,2020-07-28,772.366,784.8054,0.8,1.65,2.03,0.016106,0.013106,time_exit,False,14,10,803660.16,10532.77,2020
TIINDIA,2020-07-15,2020-07-17,469.5696,493.0481,2.23,4.0,4.59,0.05,0.047,take_profit,False,2,2,1069501.49,50266.57,2020
PERSISTENT,2020-07-15,2020-07-22,365.9019,340.2887,0.92,2.78,2.36,-0.07,-0.073,stopped_out,True,7,5,855601.19,-62458.89,2020
BPCL,2020-07-16,2020-07-17,133.2884,139.9528,2.45,2.2,5.67,0.05,0.047,take_profit,False,1,1,903079.86,42444.75,2020
CHENNPETRO,2020-07-17,2020-07-21,72.8102,76.4507,4.53,1.79,6.91,0.05,0.047,take_profit,False,4,2,1345880.47,63256.38,2020
MUTHOOTFIN,2020-07-17,2020-07-22,1110.0955,1165.6003,2.77,2.51,5.54,0.05,0.047,take_profit,False,5,3,1076704.37,50605.11,2020
SBICARD,2020-07-17,2020-07-21,746.5216,783.8477,1.06,2.64,4.7,0.05,0.047,take_profit,False,4,2,861363.5,40484.08,2020
RALLIS,2020-07-21,2020-07-23,283.5011,297.6762,0.79,2.12,1.89,0.05,0.047,take_profit,False,2,2,1151287.68,54110.52,2020
VIPIND,2020-07-21,2020-07-22,280.6624,294.6956,1.88,3.87,5.12,0.05,0.047,take_profit,False,1,1,921030.15,43288.42,2020
DIXON,2020-07-22,2020-07-23,1472.7579,1546.3958,3.44,2.45,3.08,0.05,0.047,take_profit,False,1,1,840818.04,39518.45,2020
FEDERALBNK,2020-07-22,2020-08-03,54.2249,50.4292,3.0,1.7,4.04,-0.07,-0.073,stopped_out,True,12,8,1313778.19,-95905.81,2020
M&MFIN,2020-07-22,2020-07-24,141.3595,131.4643,0.67,2.03,13.96,-0.07,-0.073,stopped_out,True,2,2,1051022.55,-76724.65,2020
OBEROIRLTY,2020-07-23,2020-07-27,398.4355,370.545,0.82,2.59,6.21,-0.07,-0.073,stopped_out,True,4,2,1089801.37,-79555.5,2020
CANFINHOME,2020-07-23,2020-07-29,380.5118,353.8759,1.67,2.64,4.05,-0.07,-0.073,stopped_out,True,6,4,871841.1,-63644.4,2020
ITI,2020-07-24,2020-07-31,138.3191,128.6368,0.53,2.3,2.83,-0.07,-0.073,stopped_out,True,7,5,892332.46,-65140.27,2020
ASIANPAINT,2020-07-27,2020-08-10,1700.2494,1702.5619,1.35,2.96,3.55,0.00136,-0.00164,time_exit,False,14,10,915915.14,-1502.1,2020
THANGAMAYL,2020-07-28,2020-07-30,168.3149,156.5329,7.12,5.69,15.81,-0.07,-0.073,stopped_out,True,2,2,895570.7,-65376.66,2020
SONATSOFTW,2020-07-29,2020-08-03,87.176,91.5348,4.46,2.87,3.25,0.05,0.047,take_profit,False,5,3,878095.9,41270.51,2020
DIVISLAB,2020-07-30,2020-08-03,2486.8175,2611.1584,1.62,2.77,5.23,0.05,0.047,take_profit,False,4,2,868515.53,40820.23,2020
DIVISLAB,2020-07-31,2020-08-06,2539.42,2666.391,1.09,2.1,1.81,0.05,0.047,take_profit,False,6,4,860250.86,40431.79,2020
AMBER,2020-08-03,2020-08-17,1723.0611,1773.3629,9.94,7.41,15.58,0.029193,0.026193,time_exit,False,14,10,1297515.6,33985.83,2020
MOTHERSON,2020-08-03,2020-08-10,25.8163,27.1071,1.16,1.76,2.3,0.05,0.047,take_profit,False,7,5,1038012.48,48786.59,2020
KRBL,2020-08-03,2020-08-04,272.9071,286.5525,5.59,2.31,4.89,0.05,0.047,take_profit,False,1,1,830409.98,39029.27,2020
ALLCARGO,2020-08-04,2020-08-10,22.6612,23.7943,1.65,1.87,3.91,0.05,0.047,take_profit,False,6,4,838215.83,39396.14,2020
PRESTIGE,2020-08-06,2020-08-10,218.4682,229.3916,7.38,2.76,8.37,0.05,0.047,take_profit,False,4,2,850709.2,39983.33,2020
PFC,2020-08-10,2020-08-13,49.8489,52.3413,1.17,1.56,1.88,0.05,0.047,take_profit,False,3,3,1147576.54,53936.1,2020
M&M,2020-08-10,2020-08-24,600.2685,573.9712,0.94,1.94,3.95,-0.043809,-0.046809,time_exit,False,14,10,734448.99,-34378.82,2020
INDIAGLYCO,2020-08-10,2020-08-24,141.0908,142.1032,3.14,2.32,4.79,0.007175,0.004175,time_exit,False,14,10,1434470.68,5988.92,2020
GREAVESCOT,2020-08-10,2020-08-13,84.0185,88.2194,3.35,3.89,4.53,0.05,0.047,take_profit,False,3,3,918061.24,43148.88,2020
BLS,2020-08-13,2020-08-17,26.4777,29.0478,3.66,1.59,3.42,0.097067,0.094067,take_profit_gap,False,4,2,1020103.74,95958.1,2020
CHALET,2020-08-13,2020-08-17,144.9619,134.8146,0.81,5.61,6.15,-0.07,-0.073,stopped_out,True,4,2,816082.99,-59574.06,2020
GNFC,2020-08-17,2020-08-20,149.2278,156.6892,2.09,2.23,3.73,0.05,0.047,take_profit,False,3,3,1293680.83,60803.0,2020
ADVENZYMES,2020-08-17,2020-08-28,225.7372,209.9356,1.95,3.5,6.41,-0.07,-0.073,stopped_out,True,11,9,1034944.67,-75550.96,2020
APLAPOLLO,2020-08-17,2020-08-21,224.9571,236.205,1.32,1.81,3.31,0.05,0.047,take_profit,False,4,4,827955.73,38913.92,2020
NTPC,2020-08-20,2020-08-21,81.7735,85.8621,5.04,4.41,6.87,0.05,0.047,take_profit,False,1,1,933261.35,43863.28,2020
WABAG,2020-08-21,2020-08-24,216.9005,201.7175,5.98,7.47,14.76,-0.07,-0.073,stopped_out,True,3,1,1115407.94,-81424.78,2020
CARBORUNIV,2020-08-21,2020-08-31,274.4877,255.2736,3.87,4.64,2.69,-0.07,-0.073,stopped_out,True,10,6,892326.35,-65139.82,2020
STLTECH,2020-08-24,2020-08-31,164.1465,152.6563,7.63,3.98,13.84,-0.07,-0.073,stopped_out,True,7,5,1079010.93,-78767.8,2020
KAJARIACER,2020-08-24,2020-08-31,454.0932,422.3067,0.95,3.79,4.79,-0.07,-0.073,stopped_out,True,7,5,1348763.67,-98459.75,2020
DEEPAKNTR,2020-08-24,2020-08-25,741.3731,781.1124,8.22,4.13,13.01,0.053602,0.050602,take_profit_gap,False,1,1,863208.75,43680.09,2020
CHOLAFIN,2020-08-25,2020-08-28,239.0956,251.0503,3.78,1.63,3.51,0.05,0.047,take_profit,False,3,3,871944.76,40981.4,2020
NMDC,2020-08-28,2020-08-31,18.9024,17.5792,1.25,6.75,7.39,-0.07,-0.073,stopped_out,True,3,1,857615.83,-62605.96,2020
OBEROIRLTY,2020-08-28,2020-08-31,404.9489,430.5222,3.62,2.09,5.55,0.063152,0.060152,take_profit_gap,False,3,1,1072019.79,64484.13,2020
ADANIGREEN,2020-09-01,2020-09-02,494.8973,519.6422,1.27,1.86,8.93,0.05,0.047,take_profit,False,1,1,1687942.14,79333.28,2020
BIOCON,2020-09-01,2020-09-03,401.4646,421.5379,1.02,3.63,5.99,0.05,0.047,take_profit,False,2,2,1350353.71,63466.62,2020
NAUKRI,2020-09-02,2020-09-16,682.5297,694.8122,1.9,1.78,4.54,0.017996,0.014996,time_exit,False,14,10,1433738.05,21500.34,2020
JUBLFOOD,2020-09-02,2020-09-11,445.876,468.1698,0.93,2.4,5.42,0.05,0.047,take_profit,False,9,7,1146990.44,53908.55,2020
ESCORTS,2020-09-02,2020-09-07,1185.1749,1102.2127,3.15,2.84,9.47,-0.07,-0.073,stopped_out,True,5,3,917592.35,-66984.24,2020
POLYMED,2020-09-02,2020-09-03,430.1954,451.7052,3.99,1.6,7.82,0.05,0.047,take_profit,False,1,1,734073.88,34501.47,2020
BIOCON,2020-09-03,2020-09-16,421.2729,442.3366,1.19,1.89,3.24,0.05,0.047,take_profit,False,13,9,1023738.24,48115.7,2020
GRASIM,2020-09-03,2020-09-08,704.2812,654.9815,1.76,1.79,5.8,-0.07,-0.073,stopped_out,True,5,3,818990.6,-59786.31,2020
DIXON,2020-09-07,2020-09-08,1781.0305,1870.082,1.96,1.99,3.84,0.05,0.047,take_profit,False,1,1,825314.1,38789.76,2020
ICIL,2020-09-08,2020-09-11,76.9048,80.75,2.05,2.77,4.16,0.05,0.047,take_profit,False,3,3,984912.91,46290.91,2020
DIXON,2020-09-08,2020-09-14,1917.721,2013.607,2.28,3.66,6.73,0.05,0.047,take_profit,False,6,4,787930.33,37032.73,2020
COLPAL,2020-09-11,2020-09-25,1249.2624,1245.4186,1.37,2.3,1.7,-0.003077,-0.006077,time_exit,False,14,10,1076764.82,-6543.5,2020
THANGAMAYL,2020-09-11,2020-09-14,179.2426,188.2047,1.64,1.95,6.77,0.05,0.047,take_profit,False,3,1,861411.86,40486.36,2020
ASTERDM,2020-09-14,2020-09-17,100.5589,105.5868,1.89,2.47,6.64,0.05,0.047,take_profit,False,3,3,1034501.74,48621.58,2020
WIPRO,2020-09-14,2020-09-21,141.6634,148.7466,1.4,2.57,4.76,0.05,0.047,take_profit,False,7,5,827601.39,38897.27,2020
DRREDDY,2020-09-16,2020-09-18,897.3884,968.5726,2.29,2.7,3.88,0.079324,0.076324,take_profit_gap,False,2,2,933999.66,71286.59,2020
ZENTEC,2020-09-16,2020-09-18,80.8736,84.9173,3.7,4.3,9.07,0.05,0.047,take_profit,False,2,2,1167499.58,54872.48,2020
GOKEX,2020-09-17,2020-09-21,64.8975,60.3547,1.0,2.27,6.56,-0.07,-0.073,stopped_out,True,4,2,963824.4,-70359.18,2020
NATCOPHARM,2020-09-18,2020-09-24,856.0685,796.1437,9.26,11.85,12.59,-0.07,-0.073,stopped_out,True,6,4,1216591.18,-88811.16,2020
LAURUSLABS,2020-09-18,2020-09-22,292.9296,272.4245,6.06,2.41,3.14,-0.07,-0.073,stopped_out,True,4,2,973272.94,-71048.92,2020
ELGIEQUIP,2020-09-21,2020-09-24,123.8224,130.0135,0.83,5.21,1.98,0.05,0.047,take_profit,False,3,3,1130611.13,53138.72,2020
CIEINDIA,2020-09-22,2020-09-23,126.4618,132.7849,4.58,3.04,8.42,0.05,0.047,take_profit,False,1,1,1084933.71,50991.88,2020
ZENSARTECH,2020-09-23,2020-09-24,186.7249,196.0612,6.05,2.83,7.9,0.05,0.047,take_profit,False,1,1,1095132.08,51471.21,2020
ADVENZYMES,2020-09-24,2020-09-25,258.7568,277.2395,11.04,7.25,22.14,0.071429,0.068429,take_profit_gap,False,1,1,1567732.3,107278.35,2020
APOLLOHOSP,2020-09-24,2020-09-25,1923.4743,2019.648,4.4,3.78,6.78,0.05,0.047,take_profit,False,1,1,1254185.84,58946.73,2020
PRINCEPIPE,2020-09-24,2020-09-25,236.5222,248.3484,3.93,1.56,7.0,0.05,0.047,take_profit,False,1,1,1003348.67,47157.39,2020
VEDL,2020-09-24,2020-09-28,58.2992,61.7995,0.87,1.63,2.85,0.06004,0.05704,take_profit_gap,False,4,2,802678.94,45784.81,2020
APOLLOHOSP,2020-09-25,2020-09-30,2002.4813,2102.6054,1.24,2.19,3.08,0.05,0.047,take_profit,False,5,3,1663917.27,78204.11,2020
ERIS,2020-09-25,2020-10-12,527.1307,497.0446,0.96,10.64,1.85,-0.057075,-0.060075,time_exit,False,17,10,1331133.82,-79967.86,2020
GMRAIRPORT,2020-09-25,2020-10-12,21.1824,22.2415,4.26,2.88,8.29,0.05,0.047,take_profit,False,17,10,1064907.05,50050.63,2020
GAEL,2020-09-25,2020-10-01,53.6499,56.3324,2.44,1.86,6.54,0.05,0.047,take_profit,False,6,4,851925.64,40040.51,2020
MCX,2020-09-28,2020-10-13,340.4104,333.2177,4.51,2.37,9.14,-0.021129,-0.024129,time_exit,False,15,10,851233.26,-20539.41,2020
KPITTECH,2020-09-30,2020-10-05,119.1859,125.1452,1.84,2.45,2.56,0.05,0.047,take_profit,False,5,2,1029410.89,48382.31,2020
GAEL,2020-10-01,2020-10-06,59.9072,62.9025,3.75,1.76,10.82,0.05,0.047,take_profit,False,5,2,1001921.94,47090.33,2020
TCS,2020-10-05,2020-10-08,2365.1918,2483.4514,4.07,2.88,3.27,0.05,0.047,take_profit,False,3,3,1017096.19,47803.52,2020
TIMETECHNO,2020-10-06,2020-10-07,19.9636,20.9618,2.2,2.93,4.81,0.05,0.047,take_profit,False,1,1,1023479.41,48103.53,2020
AMBUJACEM,2020-10-07,2020-10-13,211.8088,222.3992,1.55,4.01,3.89,0.05,0.047,take_profit,False,6,4,1033100.11,48555.71,2020
BALRAMCHIN,2020-10-08,2020-10-15,153.6945,142.9358,1.33,2.07,5.39,-0.07,-0.073,stopped_out,True,7,5,1039460.03,-75880.58,2020
COFORGE,2020-10-12,2020-10-13,501.1073,526.1626,5.33,2.91,8.13,0.05,0.047,take_profit,False,1,1,1304792.76,61325.26,2020
JSL,2020-10-12,2020-10-14,50.5181,53.044,10.13,9.69,13.73,0.05,0.047,take_profit,False,2,2,1043834.2,49060.21,2020
SONATSOFTW,2020-10-13,2020-10-23,120.2079,126.2183,3.33,4.14,6.57,0.05,0.047,take_profit,False,10,8,1490760.9,70065.76,2020
ICIL,2020-10-13,2020-10-14,116.1243,121.9305,1.48,2.17,5.44,0.05,0.047,take_profit,False,1,1,1192608.72,56052.61,2020
ICIL,2020-10-13,2020-10-14,116.1243,121.9305,0.74,2.17,5.44,0.05,0.047,take_profit,False,1,1,954086.98,44842.09,2020
SBICARD,2020-10-14,2020-10-22,881.0229,819.3513,0.58,3.43,3.74,-0.07,-0.073,stopped_out,True,8,6,1431366.54,-104489.76,2020
OPTIEMUS,2020-10-14,2020-10-16,76.8837,84.6514,6.85,2.38,6.54,0.101032,0.098032,take_profit_gap,False,2,2,1145093.23,112255.78,2020
TATACHEM,2020-10-14,2020-10-28,296.6759,300.5262,1.72,3.43,2.93,0.012978,0.009978,time_exit,False,14,10,916074.59,9140.59,2020
JUSTDIAL,2020-10-15,2020-10-16,460.9804,484.0294,10.45,5.03,11.98,0.05,0.047,take_profit,False,1,1,925575.56,43502.05,2020
GPPL,2020-10-16,2020-10-19,69.3101,72.7756,6.77,2.61,8.41,0.05,0.047,take_profit,False,3,1,948596.62,44584.04,2020
SUNTECK,2020-10-16,2020-10-20,268.4654,281.8887,1.32,2.91,8.17,0.05,0.047,take_profit,False,4,2,1185745.77,55730.05,2020
TECHNOE,2020-10-19,2020-11-02,187.435,183.9348,1.48,1.68,2.37,-0.018674,-0.021674,time_exit,False,14,10,957513.43,-20753.15,2020
FACT,2020-10-20,2020-10-21,47.517,50.4084,13.85,5.16,8.05,0.060848,0.057848,take_profit_gap,False,1,1,1014305.91,58675.57,2020
NEWGEN,2020-10-21,2020-10-22,118.9808,124.9298,7.74,11.68,8.18,0.05,0.047,take_profit,False,1,1,1026041.02,48223.93,2020
CHENNPETRO,2020-10-22,2020-10-26,71.5343,66.5269,7.44,13.0,13.63,-0.07,-0.073,stopped_out,True,4,2,1301061.16,-94977.46,2020
RELIGARE,2020-10-22,2020-10-28,53.4267,49.6868,3.56,2.81,7.88,-0.07,-0.073,stopped_out,True,6,4,1040848.93,-75981.97,2020
JKTYRE,2020-10-23,2020-10-30,69.2732,64.4241,4.33,6.96,8.17,-0.07,-0.073,stopped_out,True,7,5,1144844.48,-83573.65,2020
JUSTDIAL,2020-10-26,2020-10-27,641.3705,673.439,0.63,1.72,9.77,0.05,0.047,take_profit,False,1,1,1157092.32,54383.34,2020
KOTAKBANK,2020-10-27,2020-11-05,316.3671,332.1854,3.16,6.25,9.3,0.05,0.047,take_profit,False,9,7,1167968.99,54894.54,2020
KPRMILL,2020-10-28,2020-11-05,140.4753,147.4991,2.54,6.65,3.28,0.05,0.047,take_profit,False,8,6,1312391.62,61682.41,2020
ROUTE,2020-10-28,2020-10-29,876.0309,919.8325,4.96,2.4,9.29,0.05,0.047,take_profit,False,1,1,1049913.3,49345.92,2020
PIDILITIND,2020-10-29,2020-11-12,776.9013,766.6845,0.72,4.96,3.77,-0.013151,-0.016151,time_exit,False,14,10,1059782.48,-17116.55,2020
TANLA,2020-10-30,2020-11-03,306.2818,332.2856,7.15,4.17,2.54,0.084901,0.081901,take_profit_gap,False,4,2,1060080.15,86821.62,2020
HAVELLS,2020-11-02,2020-11-03,756.212,794.0226,5.05,3.7,7.07,0.05,0.047,take_profit,False,1,1,1035416.18,48664.56,2020
JAMNAAUTO,2020-11-03,2020-11-04,42.4386,44.5605,4.56,5.55,7.29,0.05,0.047,take_profit,False,1,1,1019623.55,47922.31,2020
JAMNAAUTO,2020-11-03,2020-11-04,42.4386,44.5605,3.34,5.55,7.29,0.05,0.047,take_profit,False,1,1,1274529.44,59902.88,2020
GLENMARK,2020-11-04,2020-11-18,489.0776,473.9615,1.8,1.83,2.64,-0.030907,-0.033907,time_exit,False,14,10,1296094.48,-43946.68,2020
GLENMARK,2020-11-04,2020-11-18,489.0776,473.9615,1.14,1.83,2.64,-0.030907,-0.033907,time_exit,False,14,10,1036875.59,-35157.34,2020
BRIGADE,2020-11-05,2020-11-17,200.793,210.8327,5.06,4.93,10.05,0.05,0.047,take_profit,False,12,8,1348887.98,63397.74,2020
SRF,2020-11-05,2020-11-10,955.5962,1003.376,8.1,4.95,6.03,0.05,0.047,take_profit,False,5,3,1079110.38,50718.19,2020
JAMNAAUTO,2020-11-10,2020-11-18,44.2241,46.4353,1.76,2.01,3.98,0.05,0.047,take_profit,False,8,6,1089254.02,51194.94,2020
ADANIGREEN,2020-11-12,2020-11-14,942.8212,1017.491,4.82,2.81,3.1,0.079198,0.076198,take_profit_gap,False,2,2,1079936.4,82288.99,2020
SUNFLAG,2020-11-14,2020-11-17,55.0209,57.7719,2.81,1.55,2.13,0.05,0.047,take_profit,False,3,1,1096394.2,51530.53,2020
ATGL,2020-11-17,2020-11-18,292.0648,306.6681,18.47,4.88,18.7,0.05,0.047,take_profit,False,1,1,1389157.45,65290.4,2020
INDIANB,2020-11-17,2020-11-25,56.34,59.157,0.78,2.19,2.38,0.05,0.047,take_profit,False,8,6,1111325.96,52232.32,2020
LT,2020-11-18,2020-12-03,1090.073,1067.1687,1.05,2.09,6.22,-0.021012,-0.024012,time_exit,False,15,10,1858813.34,-44633.83,2020
LT,2020-11-18,2020-12-03,1090.073,1067.1687,0.95,2.09,6.22,-0.021012,-0.024012,time_exit,False,15,10,1487050.67,-35707.06,2020
TATAPOWER,2020-11-18,2020-11-25,58.2463,61.1587,0.91,2.8,4.75,0.05,0.047,take_profit,False,7,5,1189640.54,55913.11,2020
SUPREMEIND,2020-11-18,2020-11-20,1432.4712,1504.0948,3.27,1.78,3.38,0.05,0.047,take_profit,False,2,2,951712.43,44730.48,2020
TIMETECHNO,2020-11-20,2020-11-25,21.4585,22.5314,1.24,2.38,4.71,0.05,0.047,take_profit,False,5,3,960658.53,45150.95,2020
SCI,2020-11-25,2020-11-26,50.7883,53.3278,2.77,3.44,2.65,0.05,0.047,take_profit,False,1,1,928967.11,43661.45,2020
TATAPOWER,2020-11-25,2020-11-27,59.1114,62.067,0.75,3.1,1.74,0.05,0.047,take_profit,False,2,2,1451511.1,68221.02,2020
DCBBANK,2020-11-25,2020-11-27,98.5538,103.4815,0.73,4.21,4.53,0.05,0.047,take_profit,False,2,2,1161208.88,54576.82,2020
BALRAMCHIN,2020-11-26,2020-12-01,153.9804,161.6794,0.53,3.37,2.83,0.05,0.047,take_profit,False,5,2,937699.4,44071.87,2020
ACE,2020-11-27,2020-12-01,112.2909,117.9054,7.59,3.95,11.08,0.05,0.047,take_profit,False,4,1,1297263.08,60971.36,2020
AARTIIND,2020-11-27,2020-12-07,569.5632,598.0414,1.64,2.36,3.99,0.05,0.047,take_profit,False,10,5,1037810.47,48777.09,2020
RVNL,2020-12-01,2020-12-04,19.0057,19.956,2.4,3.32,2.23,0.05,0.047,take_profit,False,3,3,1298249.52,61017.73,2020
JBMA,2020-12-01,2020-12-15,56.2729,53.5516,1.59,2.13,4.01,-0.04836,-0.05136,time_exit,False,14,10,1038599.61,-53342.48,2020
SBICARD,2020-12-03,2020-12-17,828.1902,828.9902,4.2,2.74,4.71,0.000966,-0.002034,time_exit,False,14,10,1483984.32,-3018.42,2020
SCI,2020-12-03,2020-12-04,57.0666,60.3328,5.91,2.71,1.5,0.057234,0.054234,take_profit_gap,False,1,1,1187187.45,64385.92,2020
PRAJIND,2020-12-04,2020-12-09,94.3542,99.0719,2.02,1.89,3.45,0.05,0.047,take_profit,False,5,3,1471918.09,69180.15,2020
PRSMJOHNSN,2020-12-04,2020-12-14,87.8439,92.2361,2.96,2.79,5.47,0.05,0.047,take_profit,False,10,6,1177534.47,55344.12,2020
TRIDENT,2020-12-07,2020-12-18,9.2232,8.5776,4.02,2.61,6.42,-0.07,-0.073,stopped_out,True,11,9,1159345.09,-84632.19,2020
DATAMATICS,2020-12-09,2020-12-10,98.7073,91.7978,5.14,5.77,13.87,-0.07,-0.073,stopped_out,True,1,1,1235695.72,-90205.79,2020
ITC,2020-12-10,2020-12-22,163.2671,151.8384,2.61,1.99,2.93,-0.07,-0.073,stopped_out,True,12,8,1217654.56,-88888.78,2020
INTELLECT,2020-12-14,2020-12-16,295.8911,310.6857,2.36,2.1,5.16,0.05,0.047,take_profit,False,2,2,1220699.36,57372.87,2020
VGUARD,2020-12-15,2020-12-21,192.931,179.4258,2.41,2.54,3.17,-0.07,-0.073,stopped_out,True,6,4,1173610.92,-85673.6,2020
SAMMAANCAP,2020-12-16,2020-12-21,173.3191,161.1867,4.26,3.31,6.26,-0.07,-0.073,stopped_out,True,5,3,1194503.18,-87198.73,2020
GODREJAGRO,2020-12-17,2021-01-01,510.7594,499.3946,3.55,4.43,3.57,-0.022251,-0.025251,time_exit,False,15,10,1251795.72,-31609.09,2021
CAMS,2020-12-18,2020-12-21,294.9612,309.7093,4.85,3.14,5.98,0.05,0.047,take_profit,False,3,1,1216379.16,57169.82,2020
BORORENEW,2020-12-21,2020-12-22,170.3852,180.9095,2.38,3.47,1.95,0.061768,0.058768,take_profit_gap,False,1,1,1666861.48,97958.12,2020
TATAELXSI,2020-12-22,2020-12-23,1576.8009,1655.641,1.0,1.99,6.59,0.05,0.047,take_profit,False,1,1,1912206.25,89873.69,2020
BSOFT,2020-12-22,2020-12-23,218.8063,229.7467,3.01,3.65,11.71,0.05,0.047,take_profit,False,1,1,1529765.0,71898.96,2020
SAMMAANCAP,2020-12-23,2020-12-28,170.5893,179.1188,6.2,1.8,8.61,0.05,0.047,take_profit,False,5,2,1944560.78,91394.36,2020
PCBL,2020-12-23,2020-12-30,69.356,72.8238,3.75,3.13,8.47,0.05,0.047,take_profit,False,7,4,1555648.63,73115.49,2020
PERSISTENT,2020-12-23,2020-12-30,695.9862,730.7855,3.85,2.94,4.26,0.05,0.047,take_profit,False,7,4,1244518.9,58492.39,2020
PERSISTENT,2020-12-23,2020-12-30,695.9862,730.7855,1.13,2.94,4.26,0.05,0.047,take_profit,False,7,4,995615.12,46793.91,2020
SAREGAMA,2020-12-28,2021-01-01,74.1247,77.8309,3.28,8.94,7.07,0.05,0.047,take_profit,False,4,4,1203683.13,56573.11,2021
USHAMART,2020-12-30,2020-12-31,34.1923,35.9019,5.63,2.22,8.55,0.05,0.047,take_profit,False,1,1,1757783.39,82615.82,2020
HEMIPROP,2020-12-30,2020-12-31,88.2941,97.2514,20.28,3.35,18.14,0.101448,0.098448,take_profit_gap,False,1,1,1406226.71,138440.21,2020
BORORENEW,2020-12-30,2021-01-01,308.0539,285.3073,10.95,2.77,1.7,-0.07384,-0.07684,stopped_out_gap,False,2,2,1124981.37,-86443.57,2021
SAIL,2020-12-31,2021-01-04,62.935,66.0818,2.56,2.36,7.08,0.05,0.047,take_profit,False,4,2,1261598.66,59295.14,2021
SAIL,2020-12-31,2021-01-04,62.935,66.0818,3.73,2.36,7.08,0.05,0.047,take_profit,False,4,2,1576998.32,74118.92,2021
BHEL,2021-01-01,2021-01-04,38.2073,40.1177,5.81,2.37,7.05,0.05,0.047,take_profit,False,3,1,1713075.06,80514.53,2021
SUNFLAG,2021-01-01,2021-01-04,63.9,67.0951,3.75,2.74,6.4,0.05,0.047,take_profit,False,3,1,1370460.05,64411.62,2021
TRIDENT,2021-01-01,2021-01-04,9.9648,10.4641,1.52,3.57,7.5,0.050112,0.047112,take_profit_gap,False,3,1,1096368.04,51652.09,2021
SPARC,2021-01-04,2021-01-15,203.9019,189.6288,1.1,3.59,3.09,-0.07,-0.073,stopped_out,True,11,9,2346792.91,-171315.88,2021
TCS,2021-01-04,2021-01-11,2668.1691,2832.609,1.23,1.73,3.03,0.06163,0.05863,take_profit_gap,False,7,5,1877434.33,110073.97,2021
TCS,2021-01-04,2021-01-11,2668.1691,2832.609,3.28,1.73,3.03,0.06163,0.05863,take_profit_gap,False,7,5,1501947.46,88059.18,2021
NMDC,2021-01-04,2021-01-07,21.5224,22.5985,2.0,1.6,3.68,0.05,0.047,take_profit,False,3,3,1201557.97,56473.22,2021
ZENTEC,2021-01-04,2021-01-07,98.2144,103.1251,4.67,6.68,9.93,0.05,0.047,take_profit,False,3,3,961246.38,45178.58,2021
MOTILALOFS,2021-01-07,2021-01-11,623.62,654.801,4.69,7.6,6.11,0.05,0.047,take_profit,False,4,2,1221888.33,57428.75,2021
BHARTIARTL,2021-01-07,2021-01-13,523.3461,563.8147,1.02,2.38,2.49,0.077327,0.074327,take_profit_gap,False,6,4,977510.67,72655.44,2021
ARVIND,2021-01-11,2021-01-25,50.4523,46.9206,0.59,3.36,2.57,-0.07,-0.073,stopped_out,True,14,10,1753374.94,-127996.37,2021
HCLTECH,2021-01-11,2021-01-18,859.5387,799.371,3.34,1.96,3.95,-0.07,-0.073,stopped_out,True,7,5,1402699.95,-102397.1,2021
MARUTI,2021-01-11,2021-01-25,7894.5229,7645.9461,0.97,2.24,1.65,-0.031487,-0.034487,time_exit,False,14,10,1122159.96,-38699.93,2021
TATAELXSI,2021-01-13,2021-01-14,2264.9117,2378.1573,4.94,6.21,10.31,0.05,0.047,take_profit,False,1,1,1107761.19,52064.78,2021
UPL,2021-01-14,2021-01-18,484.1463,508.3536,1.1,2.12,3.1,0.05,0.047,take_profit,False,4,2,1118174.14,52554.18,2021
NAM-INDIA,2021-01-15,2021-01-25,281.0429,261.3699,3.46,5.91,5.78,-0.07,-0.073,stopped_out,True,10,6,1329634.72,-97063.33,2021
UPL,2021-01-18,2021-01-21,533.4733,560.147,4.59,3.96,6.92,0.05,0.047,take_profit,False,3,3,1557914.01,73221.96,2021
SHAKTIPUMP,2021-01-18,2021-01-20,61.4133,65.9997,6.47,1.93,3.76,0.07468,0.07168,take_profit_gap,False,2,2,1246331.21,89337.02,2021
FEDERALBNK,2021-01-20,2021-01-25,73.9257,68.7509,1.66,2.2,1.98,-0.07,-0.073,stopped_out,True,5,3,1264198.61,-92286.5,2021
HAVELLS,2021-01-21,2021-01-28,1095.1821,1149.9412,7.25,7.79,6.29,0.05,0.047,take_profit,False,7,4,1337586.09,62866.55,2021
GRASIM,2021-01-25,2021-02-01,1039.5375,1091.5143,1.9,5.97,4.37,0.05,0.047,take_profit,False,7,4,2092733.29,98358.46,2021
ATGL,2021-01-25,2021-02-02,377.3461,396.2134,0.66,2.04,2.22,0.05,0.047,take_profit,False,8,5,1674186.63,78686.77,2021
ATGL,2021-01-25,2021-02-02,377.3461,396.2134,1.79,2.04,2.22,0.05,0.047,take_profit,False,8,5,1339349.3,62949.42,2021
UBL,2021-01-27,2021-02-10,1273.9019,1228.2779,0.81,2.21,4.22,-0.035814,-0.038814,time_exit,False,14,10,1071479.44,-41588.4,2021
ARVIND,2021-01-28,2021-02-09,50.2178,52.7287,2.99,1.83,9.29,0.05,0.047,take_profit,False,12,8,1137274.08,53451.88,2021
NIACL,2021-02-01,2021-02-15,133.7414,131.7252,1.59,2.6,8.12,-0.015075,-0.018075,time_exit,False,14,10,1348037.62,-24365.78,2021
INDIANB,2021-02-02,2021-02-04,88.7531,93.1907,2.27,2.17,6.01,0.05,0.047,take_profit,False,2,2,1709464.52,80344.83,2021
INDIANB,2021-02-02,2021-02-04,88.7531,93.1907,2.76,2.17,6.01,0.05,0.047,take_profit,False,2,2,1367571.61,64275.87,2021
BAJAJELEC,2021-02-04,2021-02-05,713.6279,749.3093,5.73,3.27,2.73,0.05,0.047,take_profit,False,1,1,1738388.66,81704.27,2021
BANCOINDIA,2021-02-04,2021-02-08,61.9274,65.0237,1.53,2.11,1.64,0.05,0.047,take_profit,False,4,2,1390710.93,65363.41,2021
SBIN,2021-02-05,2021-02-16,362.9013,381.0463,9.35,3.37,1.58,0.05,0.047,take_profit,False,11,7,1476587.33,69399.6,2021
PATELENG,2021-02-08,2021-02-15,13.4769,12.5335,4.73,3.56,10.45,-0.07,-0.073,stopped_out,True,7,5,1472484.73,-107491.39,2021
REFEX,2021-02-09,2021-02-11,20.599,21.6289,2.5,4.21,2.42,0.05,0.047,take_profit,False,2,2,1416132.98,66558.25,2021
IRCON,2021-02-10,2021-02-15,42.8302,39.8321,7.98,8.88,6.55,-0.07,-0.073,stopped_out,True,5,3,1338884.59,-97738.57,2021
SHAKTIPUMP,2021-02-11,2021-02-12,75.5096,79.285,1.57,3.42,5.49,0.05,0.047,take_profit,False,1,1,1367645.92,64279.36,2021
IRCTC,2021-02-12,2021-02-22,332.9111,309.6073,2.6,3.36,6.42,-0.07,-0.073,stopped_out,True,10,6,1380501.79,-100776.63,2021
SHARDACROP,2021-02-15,2021-02-16,314.1456,329.8528,6.8,2.19,3.47,0.05,0.047,take_profit,False,1,1,1890363.67,88847.09,2021
POWERINDIA,2021-02-15,2021-02-18,1353.7107,1421.3962,1.69,2.58,2.86,0.05,0.047,take_profit,False,3,3,1512290.93,71077.67,2021
POLYMED,2021-02-15,2021-02-17,615.7107,646.4962,1.12,6.6,4.15,0.05,0.047,take_profit,False,2,2,1209832.75,56862.14,2021
ONGC,2021-02-16,2021-02-18,74.6928,78.4274,3.16,2.56,4.53,0.05,0.047,take_profit,False,2,2,1672905.74,78626.57,2021
OPTIEMUS,2021-02-16,2021-02-18,115.599,127.2999,12.34,1.76,2.92,0.10122,0.09822,take_profit_gap,False,2,2,1338324.59,131450.24,2021
SUBROS,2021-02-17,2021-02-22,340.3907,316.5633,2.15,3.89,4.82,-0.07,-0.073,stopped_out,True,5,3,1323998.65,-96651.9,2021
COALINDIA,2021-02-18,2021-02-25,89.316,93.7818,1.07,1.51,3.67,0.05,0.047,take_profit,False,7,5,2020134.07,94946.3,2021
GVT&D,2021-02-18,2021-02-19,131.4182,137.9891,3.3,3.09,6.46,0.05,0.047,take_profit,False,1,1,1616107.25,75957.04,2021
BEML,2021-02-18,2021-02-25,414.0739,434.7776,0.63,2.34,3.33,0.05,0.047,take_profit,False,7,5,1292885.8,60765.63,2021
IDFCFIRSTB,2021-02-19,2021-02-25,62.2275,65.3389,2.88,4.08,6.67,0.05,0.047,take_profit,False,6,4,1372721.5,64517.91,2021
SONATSOFTW,2021-02-22,2021-02-23,158.8336,166.7753,13.18,10.58,15.17,0.05,0.047,take_profit,False,1,1,1279673.27,60144.64,2021
RELINFRA,2021-02-22,2021-03-01,31.6658,33.2491,0.79,1.5,2.43,0.05,0.047,take_profit,False,7,5,1599591.58,75180.8,2021
MMTC,2021-02-23,2021-02-24,33.967,35.6653,3.09,4.42,8.12,0.05,0.047,take_profit,False,1,1,1291702.19,60710.0,2021
ABFRL,2021-02-24,2021-03-01,179.3396,188.3066,3.6,1.91,5.44,0.05,0.047,take_profit,False,5,3,1303844.2,61280.68,2021
TRIVENI,2021-02-25,2021-02-26,78.4807,82.4047,0.9,4.65,5.3,0.05,0.047,take_profit,False,1,1,2024269.6,95140.67,2021
NBCC,2021-02-25,2021-03-01,26.8363,28.1781,1.42,2.2,5.61,0.05,0.047,take_profit,False,4,2,1619415.68,76112.54,2021
NFL,2021-02-25,2021-02-26,42.3923,44.5119,13.15,8.47,12.12,0.05,0.047,take_profit,False,1,1,1295532.54,60890.03,2021
TRIVENI,2021-02-26,2021-03-01,82.0522,86.1548,1.78,2.56,5.43,0.05,0.047,take_profit,False,3,1,1731592.6,81384.85,2021
PRAJIND,2021-02-26,2021-03-02,156.3992,164.2192,8.04,4.37,16.38,0.05,0.047,take_profit,False,4,2,1385274.08,65107.88,2021
IRFC,2021-03-01,2021-03-16,22.7139,21.5084,1.93,2.75,5.07,-0.053071,-0.056071,time_exit,False,15,10,2417899.85,-135574.06,2021
HERITGFOOD,2021-03-01,2021-03-02,167.4829,175.8571,0.65,1.94,9.09,0.05,0.047,take_profit,False,1,1,1934319.88,90913.03,2021
IFCI,2021-03-01,2021-03-02,9.5048,9.98,2.11,2.71,4.97,0.05,0.047,take_profit,False,1,1,1547455.91,72730.43,2021
NETWORK18,2021-03-01,2021-03-09,42.7214,44.8574,5.74,9.14,10.91,0.05,0.047,take_profit,False,8,6,1237964.72,58184.34,2021
ABFRL,2021-03-02,2021-03-03,206.2531,216.5657,5.07,2.2,5.72,0.05,0.047,take_profit,False,1,1,2009532.02,94448.01,2021
GHCL,2021-03-02,2021-03-03,206.3759,216.6947,6.23,3.29,5.53,0.05,0.047,take_profit,False,1,1,1607625.62,75558.4,2021
DCMSHRIRAM,2021-03-02,2021-03-03,470.2416,493.7537,3.45,2.34,7.6,0.05,0.047,take_profit,False,1,1,1286100.49,60446.72,2021
SAMMAANCAP,2021-03-03,2021-03-05,208.302,193.7209,2.66,1.88,7.31,-0.07,-0.073,stopped_out,True,2,2,1315598.5,-96038.69,2021
WELENT,2021-03-03,2021-03-04,87.2817,91.6458,6.98,3.77,8.47,0.05,0.047,take_profit,False,1,1,2055622.65,96614.26,2021
JSWSTEEL,2021-03-03,2021-03-09,405.4983,377.1134,1.66,1.58,3.09,-0.07,-0.073,stopped_out,True,6,4,1644498.12,-120048.36,2021
INDHOTEL,2021-03-04,2021-03-16,123.3493,114.7149,0.72,1.6,3.04,-0.07,-0.073,stopped_out,True,12,7,1482926.18,-108253.61,2021
CSBBANK,2021-03-05,2021-03-08,259.9799,272.9789,4.73,9.41,8.72,0.05,0.047,take_profit,False,3,1,1430252.9,67221.89,2021
BEML,2021-03-08,2021-03-09,580.5235,618.8518,7.06,4.12,14.13,0.066024,0.063024,take_profit_gap,False,1,1,1443697.28,90987.58,2021
KPITTECH,2021-03-09,2021-03-10,157.5182,165.876,4.02,5.43,10.0,0.053059,0.050059,take_profit_gap,False,1,1,2026014.56,101420.26,2021
IFCI,2021-03-09,2021-03-10,13.0065,13.6568,3.85,4.2,9.24,0.05,0.047,take_profit,False,1,1,1620811.65,76178.15,2021
RELINFRA,2021-03-09,2021-03-10,35.6178,37.3987,6.46,3.05,8.7,0.05,0.047,take_profit,False,1,1,1296649.32,60942.52,2021
KPRMILL,2021-03-10,2021-03-15,210.3588,220.8767,7.26,2.95,8.33,0.05,0.047,take_profit,False,5,2,2073722.75,97464.97,2021
LTIM,2021-03-10,2021-03-25,3892.8866,3620.3846,1.94,5.56,4.4,-0.07,-0.073,stopped_out,True,15,10,1658978.2,-121105.41,2021
RELINFRA,2021-03-10,2021-03-12,39.1696,41.1281,3.83,2.16,6.1,0.05,0.047,take_profit,False,2,1,1327182.56,62377.58,2021
DEEPAKFERT,2021-03-12,2021-03-15,205.8128,216.1034,1.44,1.66,2.85,0.05,0.047,take_profit,False,3,1,1339658.07,62963.93,2021
TARIL,2021-03-15,2021-03-16,9.2758,9.7396,6.2,4.06,6.0,0.05,0.047,take_profit,False,1,1,1429190.72,67171.96,2021
OBEROIRLTY,2021-03-15,2021-03-19,584.333,543.4297,1.86,2.62,6.25,-0.07,-0.073,stopped_out,True,4,4,1786488.4,-130413.65,2021
GLAND,2021-03-16,2021-03-17,2665.7617,2479.1583,0.74,2.92,6.76,-0.07,-0.073,stopped_out,True,1,1,1739219.83,-126963.05,2021
PERSISTENT,2021-03-16,2021-03-22,912.5141,962.2437,0.92,2.25,6.89,0.054497,0.051497,take_profit_gap,False,6,4,1391375.86,71651.68,2021
ZENSARTECH,2021-03-16,2021-03-18,310.1219,288.4134,5.52,4.32,13.64,-0.07,-0.073,stopped_out,True,2,2,2174024.79,-158703.81,2021
ADANIPOWER,2021-03-17,2021-03-19,17.4487,18.3212,5.72,1.69,3.32,0.05,0.047,take_profit,False,2,2,1435552.05,67470.95,2021
ITC,2021-03-18,2021-04-05,171.1829,167.0046,1.42,2.73,2.18,-0.024408,-0.027408,time_exit,False,18,10,1551505.83,-42523.67,2021
ADANIPOWER,2021-03-19,2021-03-23,18.4492,20.3098,2.28,1.54,4.77,0.100851,0.097851,take_profit_gap,False,4,2,1873024.22,183277.29,2021
AAVAS,2021-03-19,2021-03-22,2254.8769,2367.6207,2.05,5.63,2.76,0.05,0.047,take_profit,False,3,1,1498419.37,70425.71,2021
SCI,2021-03-22,2021-03-24,112.4465,104.5752,6.04,1.78,11.47,-0.07,-0.073,stopped_out,True,2,2,1805110.02,-131773.03,2021
ADANIENT,2021-03-22,2021-03-23,989.1429,1038.6,9.65,2.99,10.99,0.05,0.047,take_profit,False,1,1,1444088.02,67872.14,2021
BANKINDIA,2021-03-23,2021-03-24,66.1354,69.4422,3.0,1.73,8.44,0.05,0.047,take_profit,False,1,1,1868922.75,87839.37,2021
RELINFRA,2021-03-23,2021-03-24,39.8199,37.0325,1.88,1.52,5.85,-0.07,-0.073,stopped_out,True,1,1,1495138.2,-109145.09,2021
KPITTECH,2021-03-24,2021-03-26,167.5032,175.8783,1.68,2.57,3.03,0.05,0.047,take_profit,False,2,2,2199329.0,103368.46,2021
JKIL,2021-03-24,2021-04-05,198.2389,183.2818,1.12,3.36,2.65,-0.07545,-0.07845,stopped_out_gap,False,12,6,1759463.2,-138029.89,2021
ZYDUSWELL,2021-03-24,2021-04-05,390.3645,409.8827,0.87,2.4,3.29,0.05,0.047,take_profit,False,12,6,1407570.56,66155.82,2021
REDINGTON,2021-03-25,2021-03-26,74.7995,69.5635,1.63,8.54,15.68,-0.07,-0.073,stopped_out,True,1,1,1433631.01,-104655.06,2021
HCG,2021-03-26,2021-04-12,185.3426,172.3686,0.67,13.33,4.07,-0.07,-0.073,stopped_out,True,17,9,1873239.49,-136746.48,2021
SAIL,2021-03-26,2021-03-30,66.227,69.5384,1.52,1.8,4.0,0.05,0.047,take_profit,False,4,1,1498591.59,70433.8,2021
MOIL,2021-03-30,2021-04-08,136.3524,143.17,6.15,5.52,12.3,0.05,0.047,take_profit,False,9,6,1512678.35,71095.88,2021
RELIGARE,2021-04-05,2021-04-07,99.7498,104.7373,1.9,1.6,5.39,0.05,0.047,take_profit,False,2,2,2130971.05,100155.64,2021
ADVENZYMES,2021-04-05,2021-04-07,344.7881,362.0275,1.18,2.12,3.44,0.05,0.047,take_profit,False,2,2,1704776.84,80124.51,2021
SAIL,2021-04-05,2021-04-08,77.3584,81.2263,5.3,2.62,3.64,0.05,0.047,take_profit,False,3,3,1363821.47,64099.61,2021
WABAG,2021-04-07,2021-04-12,259.5621,241.3927,3.98,1.95,6.82,-0.07,-0.073,stopped_out,True,5,3,1894262.79,-138281.18,2021
PRINCEPIPE,2021-04-07,2021-04-08,444.7085,466.944,5.52,1.66,6.53,0.05,0.047,take_profit,False,1,1,1515410.23,71224.28,2021
NAM-INDIA,2021-04-08,2021-04-12,305.8216,284.4141,0.66,3.21,4.85,-0.07,-0.073,stopped_out,True,4,2,2131994.15,-155635.57,2021
JKLAKSHMI,2021-04-08,2021-04-09,423.1471,444.3044,2.85,1.55,3.31,0.05,0.047,take_profit,False,1,1,1705595.32,80162.98,2021
PRAJIND,2021-04-08,2021-04-15,189.1373,198.5941,3.12,1.64,3.68,0.05,0.047,take_profit,False,7,4,1364476.26,64130.38,2021
MAHABANK,2021-04-09,2021-04-12,21.4741,19.9709,1.82,5.1,15.38,-0.07,-0.073,stopped_out,True,3,1,1448732.66,-105757.48,2021
AURIONPRO,2021-04-12,2021-04-13,87.5622,81.4329,16.61,3.88,4.44,-0.07,-0.073,stopped_out,True,1,1,2521347.8,-184058.39,2021
IPCALAB,2021-04-12,2021-04-28,1061.4439,1007.4612,0.65,3.2,3.01,-0.050858,-0.053858,time_exit,False,16,10,2017078.24,-108635.8,2021
BAJAJFINSV,2021-04-13,2021-04-28,978.9579,1027.9058,1.4,1.95,6.59,0.05,0.047,take_profit,False,15,9,2081120.48,97812.66,2021
KPRMILL,2021-04-13,2021-04-20,241.051,253.1036,5.75,4.88,12.25,0.05,0.047,take_profit,False,7,4,1664896.38,78250.13,2021
TRIVENI,2021-04-13,2021-04-15,88.2085,92.6189,3.25,2.01,4.92,0.05,0.047,take_profit,False,2,1,1331917.11,62600.1,2021
REFEX,2021-04-15,2021-04-16,21.1645,22.2228,7.17,5.88,15.11,0.05,0.047,take_profit,False,1,1,1304126.76,61293.96,2021
CENTURYPLY,2021-04-15,2021-04-16,328.7899,345.2294,6.09,8.26,9.78,0.05,0.047,take_profit,False,1,1,1630158.45,76617.45,2021
STAR,2021-04-16,2021-05-03,910.7625,847.0091,1.3,2.86,7.3,-0.07,-0.073,stopped_out,True,17,10,1657740.74,-121015.07,2021
CAMS,2021-04-16,2021-04-22,382.3093,401.4247,4.93,7.41,10.83,0.05,0.047,take_profit,False,6,3,1326192.59,62331.05,2021
MARKSANS,2021-04-20,2021-04-22,57.253,60.1157,5.48,5.6,6.38,0.05,0.047,take_profit,False,2,1,1409583.37,66250.42,2021
ELECON,2021-04-22,2021-04-26,40.0133,42.1559,2.02,2.61,6.96,0.053547,0.050547,take_profit_gap,False,4,2,1700538.18,85957.1,2021
POLYMED,2021-04-22,2021-04-23,983.9192,1038.6286,9.57,5.0,10.96,0.055604,0.052604,take_profit_gap,False,1,1,1360430.55,71564.09,2021
RAILTEL,2021-04-23,2021-05-07,114.9858,113.9851,7.59,4.9,12.67,-0.008703,-0.011703,time_exit,False,14,10,1374743.37,-16088.62,2021
ICICIGI,2021-04-26,2021-05-10,1401.9834,1444.7726,1.12,2.61,2.86,0.030521,0.027521,time_exit,False,14,10,1457093.75,40100.68,2021
RADICO,2021-04-28,2021-05-12,560.9969,563.7477,3.22,2.49,3.08,0.004903,0.001903,time_exit,False,14,10,1983150.12,3773.93,2021
SHAKTIPUMP,2021-04-28,2021-04-29,88.5592,92.9871,3.32,4.68,6.67,0.05,0.047,take_profit,False,1,1,1586520.09,74566.44,2021
CARBORUNIV,2021-04-29,2021-04-30,514.3164,540.0322,0.71,4.62,3.11,0.05,0.047,take_profit,False,1,1,1601433.38,75267.37,2021
STARCEMENT,2021-04-30,2021-05-17,102.1255,100.8336,1.07,4.36,4.2,-0.01265,-0.01565,time_exit,False,17,10,1616486.86,-25298.02,2021
VBL,2021-05-03,2021-05-04,88.1658,92.5741,2.59,4.7,3.49,0.05,0.047,take_profit,False,1,1,1600534.62,75225.13,2021
ANGELONE,2021-05-04,2021-05-05,391.2155,410.7763,2.11,7.5,11.3,0.05,0.047,take_profit,False,1,1,1615579.64,75932.24,2021
ANURAS,2021-05-05,2021-05-07,678.0681,711.9715,4.34,1.95,6.26,0.05,0.047,take_profit,False,2,2,1630766.09,76646.01,2021
HAPPSTMNDS,2021-05-07,2021-05-14,806.6052,750.1428,2.95,2.52,2.06,-0.07,-0.073,stopped_out,True,7,4,1534260.99,-112001.05,2021
UTIAMC,2021-05-07,2021-05-17,599.6119,629.5925,4.23,1.87,5.17,0.05,0.047,take_profit,False,10,5,1917826.24,90137.83,2021
GLAND,2021-05-10,2021-05-12,2737.434,2874.3056,2.5,2.14,4.3,0.05,0.047,take_profit,False,2,2,1526847.68,71761.84,2021
CENTRALBK,2021-05-12,2021-05-19,18.0829,18.9871,1.63,4.05,7.27,0.05,0.047,take_profit,False,7,4,1938584.86,91113.49,2021
THANGAMAYL,2021-05-12,2021-05-21,315.5249,331.3012,1.69,2.56,2.09,0.05,0.047,take_profit,False,9,6,1550867.89,72890.79,2021
CDSL,2021-05-14,2021-05-17,395.1069,414.8623,2.72,2.86,2.58,0.05,0.047,take_profit,False,3,1,1525146.3,71681.88,2021
DALBHARAT,2021-05-17,2021-05-21,1739.8353,1826.8271,2.93,1.84,1.71,0.05,0.047,take_profit,False,4,4,2259313.26,106187.72,2021
SUNDRMFAST,2021-05-17,2021-05-18,709.3861,744.8554,4.87,3.71,7.95,0.05,0.047,take_profit,False,1,1,1807450.6,84950.18,2021
BLUEDART,2021-05-17,2021-05-18,5377.0646,5645.9179,0.51,1.8,3.67,0.05,0.047,take_profit,False,1,1,1445960.48,67960.14,2021
HINDZINC,2021-05-18,2021-06-01,229.9856,217.8191,7.02,5.27,7.48,-0.052901,-0.055901,time_exit,False,14,10,1838032.67,-102747.86,2021
THOMASCOOK,2021-05-18,2021-05-20,49.6409,54.6395,8.48,1.9,2.87,0.100695,0.097695,take_profit_gap,False,2,2,1470426.13,143653.28,2021
GABRIEL,2021-05-19,2021-05-24,113.0285,118.68,0.84,7.83,6.0,0.05,0.047,take_profit,False,5,3,1582280.58,74367.19,2021
PNB,2021-05-20,2021-05-24,34.8119,36.5525,1.87,2.07,2.74,0.05,0.047,take_profit,False,4,2,1588640.34,74666.1,2021
JBCHEPHARM,2021-05-21,2021-06-02,690.4317,724.9533,2.2,2.22,4.34,0.05,0.047,take_profit,False,12,8,2068764.21,97231.92,2021
BDL,2021-05-21,2021-06-04,172.2979,174.8305,1.17,2.86,2.73,0.014699,0.011699,time_exit,False,14,10,1655011.37,19361.98,2021
SHAKTIPUMP,2021-05-24,2021-06-03,122.7449,128.8822,1.73,2.79,7.63,0.05,0.047,take_profit,False,10,8,1590399.95,74748.8,2021
360ONE,2021-05-24,2021-06-07,264.0911,260.1033,4.18,7.86,4.27,-0.0151,-0.0181,time_exit,False,14,10,1987999.93,-35982.8,2021
TATACOMM,2021-06-01,2021-06-07,1047.4975,1099.8724,1.12,2.28,4.18,0.05,0.047,take_profit,False,6,4,1619376.92,76110.72,2021
BLS,2021-06-02,2021-06-09,30.9205,32.4665,1.5,8.75,7.94,0.05,0.047,take_profit,False,7,5,1728700.76,81248.94,2021
VOLTAS,2021-06-03,2021-06-14,1084.5513,1008.6327,5.32,3.03,6.67,-0.07,-0.073,stopped_out,True,11,7,1715990.36,-125267.3,2021
RBA,2021-06-04,2021-06-07,156.7283,164.5647,4.25,1.56,4.02,0.05,0.047,take_profit,False,3,1,1707666.95,80260.35,2021
CAMS,2021-06-07,2021-06-11,508.8423,534.2844,3.69,1.69,7.55,0.05,0.047,take_profit,False,4,4,2453219.98,115301.34,2021
FORTIS,2021-06-07,2021-06-21,234.8883,233.561,2.03,1.65,3.53,-0.005651,-0.008651,time_exit,False,14,10,1962575.98,-16978.24,2021
ICIL,2021-06-07,2021-06-08,151.604,159.1842,1.27,1.67,3.33,0.05,0.047,take_profit,False,1,1,1570060.79,73792.86,2021
TATAELXSI,2021-06-08,2021-06-22,3573.3339,3565.1489,1.11,3.46,3.02,-0.002291,-0.005291,time_exit,False,14,10,1584819.36,-8385.28,2021
JPPOWER,2021-06-09,2021-06-10,4.2021,4.4978,11.9,3.32,7.69,0.070358,0.067358,take_profit_gap,False,1,1,1629845.42,109783.13,2021
JSL,2021-06-10,2021-06-11,99.2654,104.2286,2.82,4.7,7.8,0.05,0.047,take_profit,False,1,1,1651802.05,77634.7,2021
DCBBANK,2021-06-11,2021-06-25,106.7066,100.8029,2.56,4.37,5.95,-0.055327,-0.058327,time_exit,False,14,10,2181033.25,-127213.13,2021
APLLTD,2021-06-11,2021-06-25,944.9835,920.7207,0.86,4.18,2.65,-0.025675,-0.028675,time_exit,False,14,10,1744826.6,-50032.9,2021
IMFA,2021-06-14,2021-06-18,226.8829,211.0011,5.0,4.02,10.02,-0.07,-0.073,stopped_out,True,4,4,1714005.89,-125122.43,2021
IDEA,2021-06-18,2021-06-24,10.3552,9.6303,1.93,3.94,8.95,-0.07,-0.073,stopped_out,True,6,4,1688981.41,-123295.64,2021
UNIONBANK,2021-06-21,2021-07-05,34.3905,33.5793,2.89,2.18,8.45,-0.02359,-0.02659,time_exit,False,14,10,1740304.67,-46274.7,2021
SHRIPISTON,2021-06-22,2021-06-24,463.1454,505.349,5.25,1.59,2.16,0.091124,0.088124,take_profit_gap,False,2,2,1707530.55,150474.42,2021
INFY,2021-06-24,2021-07-08,1388.1008,1388.092,1.15,1.67,2.78,-6e-06,-0.003006,time_exit,False,14,10,1640610.07,-4931.67,2021
CSBBANK,2021-06-24,2021-06-28,333.1665,349.8248,1.13,2.1,3.1,0.05,0.047,take_profit,False,4,2,2050762.59,96385.84,2021
MTARTECH,2021-06-25,2021-06-30,1021.8415,1072.9335,1.76,1.62,4.7,0.05,0.047,take_profit,False,5,3,2062210.82,96923.91,2021
HCG,2021-06-25,2021-06-28,219.6098,230.5902,5.72,5.21,7.02,0.05,0.047,take_profit,False,3,1,1649768.66,77539.13,2021
NATIONALUM,2021-06-28,2021-07-07,63.0221,66.1732,2.87,6.18,6.52,0.05,0.047,take_profit,False,9,7,2094706.17,98451.19,2021
AAVAS,2021-06-28,2021-07-06,2647.323,2779.6892,2.21,1.91,4.05,0.05,0.047,take_profit,False,8,6,1675764.94,78760.95,2021
IOB,2021-06-30,2021-07-06,28.064,26.0995,1.78,1.93,7.88,-0.07,-0.073,stopped_out,True,6,4,1772438.9,-129388.04,2021
GODREJCP,2021-07-05,2021-07-06,888.3606,932.7786,2.02,1.98,2.55,0.05,0.047,take_profit,False,1,1,1756757.11,82567.58,2021
BAJFINANCE,2021-07-06,2021-07-20,607.8681,582.6909,1.04,1.91,2.43,-0.041419,-0.044419,time_exit,False,14,10,1962228.78,-87160.24,2021
SAREGAMA,2021-07-06,2021-07-08,318.4596,334.3825,5.11,4.4,3.84,0.05,0.047,take_profit,False,2,2,2452785.98,115280.94,2021
JKLAKSHMI,2021-07-06,2021-07-20,627.0363,658.3881,3.4,7.4,6.93,0.05,0.047,take_profit,False,14,10,1569783.03,73779.8,2021
RAIN,2021-07-07,2021-07-09,213.6784,224.3623,3.84,4.46,8.86,0.05,0.047,take_profit,False,2,2,1694457.89,79639.52,2021
WESTLIFE,2021-07-08,2021-07-20,541.6467,503.7315,1.52,9.11,5.03,-0.07,-0.073,stopped_out,True,12,8,2196315.38,-160331.02,2021
HOMEFIRST,2021-07-08,2021-07-09,568.1462,596.5535,3.55,5.2,4.41,0.05,0.047,take_profit,False,1,1,1757052.3,82581.46,2021
VTL,2021-07-09,2021-07-12,281.2624,295.3255,2.21,4.34,3.16,0.05,0.047,take_profit,False,3,1,2128388.08,100034.24,2021
CESC,2021-07-09,2021-07-13,64.7118,67.9474,3.65,1.83,3.81,0.05,0.047,take_profit,False,4,2,1702710.46,80027.39,2021
WELSPUNLIV,2021-07-12,2021-07-13,112.3162,117.932,2.85,2.44,6.14,0.05,0.047,take_profit,False,1,1,1807852.83,84969.08,2021
GOKEX,2021-07-13,2021-07-14,200.2881,210.3025,6.64,1.66,7.74,0.05,0.047,take_profit,False,1,1,1745115.38,82020.42,2021
GOKEX,2021-07-13,2021-07-14,200.2881,210.3025,0.84,1.66,7.74,0.05,0.047,take_profit,False,1,1,2181394.22,102525.53,2021
WIPRO,2021-07-14,2021-07-23,259.6069,272.5872,5.25,4.34,6.74,0.05,0.047,take_profit,False,9,6,2218303.41,104260.26,2021
RTNINDIA,2021-07-14,2021-07-16,47.8739,52.6737,4.28,1.81,3.12,0.100258,0.097258,take_profit_gap,False,2,2,1774642.73,172598.2,2021
ELECON,2021-07-16,2021-07-20,69.6183,64.745,1.71,2.79,5.04,-0.07,-0.073,stopped_out,True,4,2,1809162.37,-132068.85,2021
DMART,2021-07-20,2021-08-03,3398.9987,3568.9486,1.0,1.97,1.5,0.05,0.047,take_profit,False,14,9,2893671.74,136002.57,2021
KANSAINER,2021-07-20,2021-07-30,396.0454,415.8477,2.27,2.54,1.88,0.05,0.047,take_profit,False,10,7,2314937.39,108802.06,2021
GUJGASLTD,2021-07-20,2021-08-02,680.9327,714.9793,2.97,3.59,4.5,0.05,0.047,take_profit,False,13,8,1851949.91,87041.65,2021
ACC,2021-07-20,2021-08-02,2220.9674,2332.0157,2.66,10.17,3.72,0.05,0.047,take_profit,False,13,8,1481559.93,69633.32,2021
BAJAJELEC,2021-07-23,2021-07-29,1041.8372,1093.929,1.01,4.69,3.87,0.05,0.047,take_profit,False,6,4,1649760.68,77538.75,2021
BAJAJFINSV,2021-07-29,2021-08-12,1457.7098,1430.4823,0.68,2.05,4.58,-0.018678,-0.021678,time_exit,False,14,10,1665268.43,-36099.69,2021
AARTIIND,2021-07-30,2021-08-03,921.7133,967.799,3.23,1.73,4.48,0.05,0.047,take_profit,False,4,2,1816962.63,85397.24,2021
ASTRAL,2021-08-02,2021-08-04,1620.4729,1701.4966,4.47,2.94,4.52,0.05,0.047,take_profit,False,2,2,2151607.07,101125.53,2021
PHOENIXLTD,2021-08-02,2021-08-05,444.6982,413.5693,2.67,2.86,2.84,-0.07,-0.073,stopped_out,True,3,3,1721285.66,-125653.85,2021
TITAN,2021-08-03,2021-08-17,1817.2716,1849.2446,1.03,4.29,3.38,0.017594,0.014594,time_exit,False,14,10,2363435.36,34491.98,2021
HAVELLS,2021-08-03,2021-08-17,1198.6823,1190.7737,1.43,2.01,2.78,-0.006598,-0.009598,time_exit,False,14,10,1890748.29,-18147.4,2021
ICICIPRULI,2021-08-04,2021-08-18,667.1333,677.3628,1.29,3.66,2.5,0.015333,0.012333,time_exit,False,14,10,1963145.15,24211.47,2021
HIKAL,2021-08-05,2021-08-09,602.1311,632.2377,5.08,8.33,12.09,0.05,0.047,take_profit,False,4,2,1889642.48,88813.2,2021
LAURUSLABS,2021-08-09,2021-08-23,693.5033,644.9581,1.5,2.35,2.49,-0.07,-0.073,stopped_out,True,14,9,1907405.12,-139240.57,2021
VIPIND,2021-08-12,2021-08-16,456.6251,479.4564,0.75,13.34,12.65,0.05,0.047,take_profit,False,4,2,1851757.85,87032.62,2021
RELAXO,2021-08-16,2021-08-31,1189.6352,1172.8929,1.27,5.37,1.72,-0.014073,-0.017073,time_exit,False,15,10,1869164.37,-31912.24,2021
NAM-INDIA,2021-08-17,2021-08-26,343.4405,360.6126,0.82,1.51,2.64,0.05,0.047,take_profit,False,9,6,2349437.14,110423.55,2021
TCS,2021-08-17,2021-08-30,3147.1055,3304.4608,1.19,1.85,2.04,0.05,0.047,take_profit,False,13,8,1879549.71,88338.84,2021
HAL,2021-08-18,2021-08-25,516.6452,542.4774,1.75,2.01,1.92,0.05,0.047,take_profit,False,7,4,1901111.09,89352.22,2021
ESCORTS,2021-08-23,2021-08-24,1225.6134,1286.894,1.88,2.99,4.09,0.05,0.047,take_profit,False,1,1,1874521.79,88102.52,2021
BAJFINANCE,2021-08-24,2021-08-31,685.1922,719.4518,1.45,1.94,3.03,0.05,0.047,take_profit,False,7,5,1892142.29,88930.69,2021
HDFCLIFE,2021-08-25,2021-09-01,679.5232,713.4994,2.12,3.06,1.84,0.05,0.047,take_profit,False,7,5,1911806.5,89854.91,2021
SWANCORP,2021-08-26,2021-08-30,147.9442,137.5881,2.76,6.06,11.22,-0.07,-0.073,stopped_out,True,4,2,2021417.33,-147563.47,2021
ABB,2021-08-30,2021-09-14,1887.7927,1871.7743,1.09,4.36,2.49,-0.008485,-0.011485,time_exit,False,15,10,2385482.35,-27397.26,2021
GHCL,2021-08-30,2021-09-14,337.6359,348.367,2.01,2.77,3.69,0.031783,0.028783,time_exit,False,15,10,1908385.88,54929.07,2021
IGL,2021-08-31,2021-09-06,245.1862,257.4455,0.83,2.21,2.08,0.05,0.047,take_profit,False,6,4,2290373.72,107647.57,2021
IOC,2021-08-31,2021-09-15,56.0525,58.8551,1.26,1.99,2.64,0.05,0.047,take_profit,False,15,10,1832298.98,86118.05,2021
SUNTECK,2021-09-01,2021-09-13,371.1646,389.7229,0.82,3.71,2.74,0.05,0.047,take_profit,False,12,7,1866171.46,87710.06,2021
VOLTAS,2021-09-06,2021-09-07,1101.4353,1156.5071,2.58,1.99,3.08,0.05,0.047,take_profit,False,1,1,1972541.43,92709.45,2021
JKLAKSHMI,2021-09-07,2021-09-17,709.8416,660.1527,1.5,2.01,3.46,-0.07,-0.073,stopped_out,True,10,7,1991083.32,-145349.08,2021
FDC,2021-09-13,2021-09-27,360.9773,342.3024,2.3,5.69,4.89,-0.051734,-0.054734,time_exit,False,14,10,1983642.96,-108572.71,2021
SOLARINDS,2021-09-14,2021-09-28,1975.9945,1982.7098,1.21,5.55,8.44,0.003398,0.000398,time_exit,False,14,10,2451194.37,975.58,2021
PGEL,2021-09-14,2021-09-15,39.7494,41.7369,1.4,2.07,5.48,0.05,0.047,take_profit,False,1,1,1960955.5,92164.91,2021
TARC,2021-09-15,2021-09-17,40.8704,43.2783,4.28,1.54,4.74,0.058916,0.055916,take_profit_gap,False,2,2,2363071.89,132133.53,2021
NCC,2021-09-15,2021-09-17,80.608,74.9654,1.58,4.64,6.72,-0.07,-0.073,stopped_out,True,2,2,1890457.51,-138003.4,2021
INDIGO,2021-09-17,2021-09-22,2193.4414,2303.1135,6.48,7.74,10.08,0.05,0.047,take_profit,False,5,3,2731044.76,128359.1,2021
DCMSHRIRAM,2021-09-17,2021-09-21,986.8731,917.792,0.5,3.37,5.47,-0.07,-0.073,stopped_out,True,4,2,2184835.81,-159493.01,2021
KARURVYSYA,2021-09-17,2021-09-21,38.7518,36.0392,1.7,9.75,8.48,-0.07,-0.073,stopped_out,True,4,2,1747868.65,-127594.41,2021
ITC,2021-09-21,2021-10-05,195.4328,189.7401,0.56,1.82,2.79,-0.029129,-0.032129,time_exit,False,14,10,2127418.32,-68351.82,2021
HSCL,2021-09-21,2021-10-05,52.6782,55.3121,2.56,5.69,9.5,0.05,0.047,take_profit,False,14,10,1701934.66,79990.93,2021
CEATLTD,2021-09-22,2021-10-06,1322.1361,1301.6049,2.2,3.17,3.61,-0.015529,-0.018529,time_exit,False,14,10,1933428.5,-35824.5,2021
ICIL,2021-09-27,2021-10-01,288.0722,267.9071,2.36,4.38,8.25,-0.07,-0.073,stopped_out,True,4,4,1921756.85,-140288.25,2021
BHEL,2021-09-28,2021-09-29,59.5817,62.5608,4.64,3.0,5.97,0.05,0.047,take_profit,False,1,1,2027839.47,95308.46,2021
COALINDIA,2021-09-29,2021-10-05,125.6356,131.9174,4.2,4.86,6.42,0.05,0.047,take_profit,False,6,4,2046901.16,96204.35,2021
TDPOWERSYS,2021-10-01,2021-10-05,64.8193,68.0603,4.82,1.52,6.42,0.05,0.047,take_profit,False,4,2,1993814.65,93709.29,2021
APTUS,2021-10-05,2021-10-20,323.2999,300.6689,1.43,2.44,8.58,-0.07,-0.073,stopped_out,True,15,10,3209376.03,-234284.45,2021
ARVINDFASN,2021-10-05,2021-10-06,341.1606,317.2794,3.1,3.53,20.13,-0.07,-0.073,stopped_out,True,1,1,2567500.82,-187427.56,2021
SUMICHEM,2021-10-05,2021-10-20,409.9384,391.0515,1.07,3.76,3.71,-0.046072,-0.049072,time_exit,False,15,10,2054000.66,-100793.92,2021
IRCON,2021-10-05,2021-10-20,41.9012,40.3171,2.53,3.6,4.86,-0.037805,-0.040805,time_exit,False,15,10,1643200.53,-67050.8,2021
NAZARA,2021-10-06,2021-10-08,328.0577,344.4606,5.23,2.0,4.05,0.05,0.047,take_profit,False,2,2,2170095.87,101994.51,2021
CASTROLIND,2021-10-06,2021-10-21,118.6025,117.8692,0.73,4.13,1.8,-0.006183,-0.009183,time_exit,False,15,10,1736076.7,-15942.39,2021
THOMASCOOK,2021-10-08,2021-10-13,78.9696,82.9181,9.54,6.87,10.69,0.05,0.047,take_profit,False,5,3,1843279.43,86634.13,2021
KNRCON,2021-10-13,2021-10-20,311.3744,289.5782,0.8,2.11,4.6,-0.07,-0.073,stopped_out,True,7,4,1860606.26,-135824.26,2021
TANLA,2021-10-20,2021-10-22,940.8926,1002.0094,1.21,2.64,1.88,0.064956,0.061956,take_profit_gap,False,2,2,3134331.02,194190.61,2021
DBREALTY,2021-10-20,2021-10-22,44.5222,47.8761,2.58,1.96,5.95,0.075329,0.072329,take_profit_gap,False,2,2,2507464.81,181362.42,2021
TECHNOE,2021-10-21,2021-10-27,276.8257,257.4479,0.53,2.74,8.41,-0.07,-0.073,stopped_out,True,6,4,2349998.71,-171549.91,2021
RVNL,2021-10-21,2021-10-22,32.3882,34.0076,7.1,6.4,9.12,0.05,0.047,take_profit,False,1,1,1879998.97,88359.95,2021
HSCL,2021-10-21,2021-10-22,53.8212,56.5122,5.63,4.92,6.18,0.05,0.047,take_profit,False,1,1,1503999.18,70687.96,2021
IRFC,2021-10-22,2021-10-29,22.6262,20.8952,0.83,4.95,5.74,-0.076505,-0.079505,stopped_out_gap,False,7,5,1595022.5,-126812.26,2021
RVNL,2021-10-22,2021-10-25,38.8388,36.1201,5.11,8.4,17.95,-0.07,-0.073,stopped_out,True,3,1,1993778.13,-145545.8,2021
FEDERALBNK,2021-10-22,2021-10-29,100.1695,93.1577,2.21,4.9,6.89,-0.07,-0.073,stopped_out,True,7,5,2492222.66,-181932.25,2021
IRB,2021-10-22,2021-10-25,28.6902,31.2387,5.88,4.39,15.14,0.088829,0.085829,take_profit_gap,False,3,1,3115278.33,267381.22,2021
AXISBANK,2021-10-25,2021-10-27,842.0069,783.0664,1.46,3.45,1.81,-0.07,-0.073,stopped_out,True,2,2,2322196.38,-169520.34,2021
CUB,2021-10-25,2021-11-09,170.7355,165.0003,1.53,2.6,3.07,-0.033591,-0.036591,time_exit,False,15,10,1857757.1,-67977.19,2021
UPL,2021-10-27,2021-11-11,712.9604,734.5325,0.56,1.66,3.78,0.030257,0.027257,time_exit,False,15,10,2352430.65,64120.2,2021
ORIENTCEM,2021-10-27,2021-11-01,154.8081,162.5485,2.21,2.17,1.96,0.05,0.047,take_profit,False,5,3,1881944.52,88451.39,2021
ELECON,2021-10-29,2021-11-15,84.4802,83.9285,3.09,2.91,11.5,-0.00653,-0.00953,time_exit,False,17,10,2261255.75,-21549.77,2021
ABB,2021-10-29,2021-11-12,2082.4956,2186.6203,1.56,3.78,6.1,0.05,0.047,take_profit,False,14,9,1809004.6,85023.22,2021
SAIL,2021-11-01,2021-11-16,109.7936,103.6395,4.11,3.75,1.83,-0.056052,-0.059052,time_exit,False,15,10,1841282.86,-108731.44,2021
KTKBANK,2021-11-09,2021-11-10,65.2339,68.4956,1.02,1.93,2.57,0.05,0.047,take_profit,False,1,1,1830982.27,86056.17,2021
HEG,2021-11-10,2021-11-17,420.9636,391.4961,3.11,4.71,5.49,-0.07,-0.073,stopped_out,True,7,5,1848193.5,-134918.13,2021
GICRE,2021-11-11,2021-11-23,133.4948,124.1501,1.03,6.52,2.74,-0.07,-0.073,stopped_out,True,12,7,1961864.97,-143216.14,2021
MAHSEAMLES,2021-11-12,2021-11-15,252.8398,265.4818,6.14,1.59,4.26,0.05,0.047,take_profit,False,3,1,1948297.54,91569.98,2021
ESCORTS,2021-11-15,2021-11-18,1599.0287,1678.9802,1.6,1.72,3.24,0.05,0.047,take_profit,False,3,3,2414552.73,113483.98,2021
FINCABLES,2021-11-15,2021-11-16,532.7851,559.4243,7.46,8.81,8.03,0.05,0.047,take_profit,False,1,1,1931642.19,90787.18,2021
CIEINDIA,2021-11-16,2021-11-18,285.9282,265.9133,1.01,3.49,4.76,-0.07,-0.073,stopped_out,True,2,2,1837047.93,-134104.5,2021
BIOCON,2021-11-16,2021-12-01,365.8097,366.7798,1.41,2.27,2.09,0.002652,-0.000348,time_exit,False,15,10,2296309.91,-799.12,2021
KIMS,2021-11-17,2021-11-22,246.173,228.9409,0.98,2.26,4.7,-0.07,-0.073,stopped_out,True,5,2,1812293.42,-132297.42,2021
SCI,2021-11-18,2021-11-24,132.118,138.7238,1.35,7.4,7.7,0.05,0.047,take_profit,False,6,3,2296030.76,107913.45,2021
ESCORTS,2021-11-18,2021-12-03,1757.2746,1817.1076,5.0,6.68,9.93,0.034049,0.031049,time_exit,False,15,10,1836824.61,57031.57,2021
TRIDENT,2021-11-22,2021-11-24,45.3662,49.9055,5.9,2.83,4.98,0.100058,0.097058,take_profit_gap,False,2,2,1805458.89,175234.23,2021
BHARTIARTL,2021-11-23,2021-12-06,742.0893,690.1431,1.65,1.65,1.87,-0.07,-0.073,stopped_out,True,13,9,1808096.88,-131991.07,2021
SCI,2021-11-24,2021-11-26,134.0436,140.7458,0.81,3.28,3.03,0.05,0.047,take_profit,False,2,2,2323404.97,109200.03,2021
ELGIEQUIP,2021-11-24,2021-11-30,263.8091,276.9996,7.54,9.26,13.48,0.05,0.047,take_profit,False,6,4,1858723.97,87360.03,2021
SAMMAANCAP,2021-11-26,2021-11-29,215.6868,200.5887,1.57,5.86,9.8,-0.07,-0.073,stopped_out,True,3,1,1973500.18,-144065.51,2021
BEML,2021-11-29,2021-12-02,769.4659,807.9392,1.22,6.86,13.09,0.05,0.047,take_profit,False,3,3,1944687.08,91400.29,2021
SUNDRMFAST,2021-11-30,2021-12-14,847.4985,832.6799,1.94,1.64,6.05,-0.017485,-0.020485,time_exit,False,14,10,1944966.46,-39842.64,2021
AURIONPRO,2021-12-01,2021-12-03,128.0514,141.004,4.74,3.17,3.08,0.101152,0.098152,take_profit_gap,False,2,2,2015075.33,197783.67,2021
NEOGEN,2021-12-02,2021-12-03,1503.2869,1578.4513,6.82,2.71,9.47,0.05,0.047,take_profit,False,1,1,2019277.74,94906.05,2021
CLEAN,2021-12-03,2021-12-06,2433.6945,2555.3792,5.93,3.88,5.79,0.05,0.047,take_profit,False,3,1,1830145.27,86016.83,2021
IEX,2021-12-03,2021-12-09,240.152,252.1596,2.1,2.62,3.31,0.05,0.047,take_profit,False,6,4,2287681.59,107521.03,2021
KIMS,2021-12-03,2021-12-06,268.024,281.4252,1.29,6.59,3.84,0.05,0.047,take_profit,False,3,1,2859601.98,134401.29,2021
HCC,2021-12-06,2021-12-07,12.9565,13.6432,3.47,2.17,6.58,0.053001,0.050001,take_profit_gap,False,1,1,2781370.45,139071.3,2021
IDEA,2021-12-06,2021-12-07,15.0075,13.957,6.57,1.71,1.69,-0.07,-0.073,stopped_out,True,1,1,2225096.36,-162432.03,2021
HFCL,2021-12-06,2021-12-07,77.7324,81.619,4.53,3.02,9.36,0.05,0.047,take_profit,False,1,1,1780077.09,83663.62,2021
PATELENG,2021-12-07,2021-12-09,24.4041,25.6243,2.58,4.93,9.84,0.05,0.047,take_profit,False,2,2,2793431.03,131291.26,2021
TIPSMUSIC,2021-12-07,2021-12-09,131.8632,145.2288,3.22,1.56,2.9,0.10136,0.09836,take_profit_gap,False,2,2,2234744.82,219809.5,2021
GRAVITA,2021-12-07,2021-12-08,211.667,222.2503,4.88,2.26,6.68,0.05,0.047,take_profit,False,1,1,1787795.86,84026.41,2021
UNOMINDA,2021-12-08,2021-12-13,454.8762,485.1284,3.45,1.66,5.67,0.066506,0.063506,take_profit_gap,False,5,3,1804601.14,114603.0,2021
NATCOPHARM,2021-12-09,2021-12-14,837.1272,878.9836,2.26,2.42,3.43,0.05,0.047,take_profit,False,5,3,2998576.76,140933.11,2021
GMDCLTD,2021-12-09,2021-12-15,64.4952,67.7199,1.78,2.07,1.69,0.05,0.047,take_profit,False,6,4,2398861.41,112746.49,2021
RVNL,2021-12-09,2021-12-20,33.1883,30.826,1.15,2.01,3.27,-0.071177,-0.074177,stopped_out_gap,False,11,7,1919089.12,-142352.27,2021
CDSL,2021-12-13,2021-12-14,760.422,798.443,0.71,2.91,2.85,0.05,0.047,take_profit,False,1,1,1919112.13,90198.27,2021
CGPOWER,2021-12-14,2021-12-20,179.8774,163.0607,5.11,2.53,3.41,-0.093489,-0.096489,stopped_out_gap,False,6,4,2946078.52,-284264.17,2021
SUBROS,2021-12-14,2021-12-15,394.1169,366.5287,1.27,4.84,9.59,-0.07,-0.073,stopped_out,True,1,1,2356862.81,-172050.99,2021
PGEL,2021-12-14,2021-12-17,71.4059,66.4075,0.87,2.8,8.58,-0.07,-0.073,stopped_out,True,3,3,1885490.25,-137640.79,2021
PIIND,2021-12-15,2021-12-20,3049.4014,2835.9433,2.36,2.84,4.17,-0.07,-0.073,stopped_out,True,5,3,1958140.92,-142944.29,2021
SWANCORP,2021-12-15,2021-12-16,141.7595,148.8475,6.27,13.77,12.58,0.05,0.047,take_profit,False,1,1,2447676.15,115040.78,2021
AMBER,2021-12-16,2021-12-30,3433.716,3289.8042,0.83,2.04,2.76,-0.041911,-0.044911,time_exit,False,14,10,2079056.12,-93372.49,2021
PERSISTENT,2021-12-17,2021-12-31,2242.9197,2355.0657,2.24,4.12,1.76,0.05,0.047,take_profit,False,14,10,2012814.79,94602.29,2021
MINDACORP,2021-12-21,2021-12-22,161.5135,169.5891,0.76,1.87,2.66,0.05,0.047,take_profit,False,1,1,2861001.4,134467.07,2021
HCLTECH,2021-12-21,2021-12-24,1017.275,1068.1388,3.13,2.0,3.09,0.05,0.047,take_profit,False,3,3,2288801.12,107573.65,2021
MOIL,2021-12-21,2022-01-04,158.0503,151.7436,3.1,2.4,4.18,-0.039903,-0.042903,time_exit,False,14,10,1831040.89,-78557.15,2022
RADICO,2021-12-22,2021-12-23,1110.3791,1165.8981,2.88,3.48,5.0,0.05,0.047,take_profit,False,1,1,2063926.41,97004.54,2021
GOKEX,2021-12-23,2021-12-24,304.2041,319.4143,6.37,2.07,6.32,0.05,0.047,take_profit,False,1,1,2083327.31,97916.38,2021
SHARDACROP,2021-12-24,2021-12-30,324.9449,341.1922,2.97,12.22,6.26,0.05,0.047,take_profit,False,6,4,2582185.55,121362.72,2021
ALOKINDS,2021-12-24,2021-12-28,25.4627,26.7359,1.01,1.55,1.8,0.05,0.047,take_profit,False,4,2,2065748.44,97090.18,2021
TARIL,2021-12-28,2021-12-29,17.4015,18.2716,12.64,6.95,12.44,0.05,0.047,take_profit,False,1,1,2085166.47,98002.82,2021
INDIAGLYCO,2021-12-29,2022-01-04,449.5571,472.0349,11.81,8.47,19.69,0.05,0.047,take_profit,False,6,4,2104767.04,98924.05,2022
INTELLECT,2021-12-30,2022-01-05,760.4624,707.2301,0.52,6.33,6.91,-0.07,-0.073,stopped_out,True,6,4,2621660.01,-191381.18,2022
PCBL,2021-12-30,2022-01-13,107.0443,106.4586,1.44,6.89,3.24,-0.005472,-0.008472,time_exit,False,14,10,2097328.01,-17768.56,2022
TITAN,2021-12-31,2022-01-07,2490.9717,2615.5203,1.15,2.21,3.07,0.05,0.047,take_profit,False,7,5,2099345.82,98669.25,2022
ONGC,2022-01-04,2022-01-07,113.9899,119.6894,2.67,1.66,3.28,0.05,0.047,take_profit,False,3,3,1976569.3,92898.76,2022
APOLLOTYRE,2022-01-04,2022-01-14,213.1478,223.8052,0.71,1.95,2.08,0.05,0.047,take_profit,False,10,8,2470711.62,116123.45,2022
SAPPHIRE,2022-01-05,2022-01-07,253.8068,266.4972,2.15,1.95,5.44,0.05,0.047,take_profit,False,2,2,2067311.2,97163.63,2022
SHAREINDIA,2022-01-07,2022-01-17,225.192,236.4516,3.86,2.27,8.1,0.05,0.047,take_profit,False,10,6,2940240.56,138191.31,2022
DEVYANI,2022-01-07,2022-01-18,186.9434,196.2906,3.26,2.58,6.38,0.05,0.047,take_profit,False,11,7,2352192.45,110553.04,2022
ABREL,2022-01-07,2022-01-11,934.7654,981.5037,1.72,1.64,3.28,0.05,0.047,take_profit,False,4,2,1881753.96,88442.44,2022
AUBANK,2022-01-11,2022-01-25,646.4916,601.2372,3.1,1.68,4.57,-0.07,-0.073,stopped_out,True,14,10,1899442.44,-138659.3,2022
SUNPHARMA,2022-01-13,2022-01-21,826.3667,768.521,1.36,1.57,3.5,-0.07,-0.073,stopped_out,True,8,6,1935465.84,-141289.01,2022
WELENT,2022-01-14,2022-01-21,94.1556,87.5647,1.03,6.64,2.93,-0.07,-0.073,stopped_out,True,7,5,2065739.69,-150799.0,2022
MMTC,2022-01-17,2022-01-20,49.0245,51.4757,1.12,3.42,8.89,0.05,0.047,take_profit,False,3,3,2268278.12,106609.07,2022
GAEL,2022-01-18,2022-01-19,94.1957,98.9055,4.08,6.75,2.78,0.05,0.047,take_profit,False,1,1,2307171.6,108437.07,2022
BIOCON,2022-01-19,2022-02-02,363.8289,382.0203,0.54,3.0,3.98,0.05,0.047,take_profit,False,14,9,2328859.01,109456.37,2022
TIMETECHNO,2022-01-20,2022-01-21,43.1902,45.3497,0.68,5.03,5.34,0.05,0.047,take_profit,False,1,1,2338064.65,109889.04,2022
JBMA,2022-01-21,2022-01-25,324.6239,293.4451,2.49,1.51,2.59,-0.096046,-0.099046,stopped_out_gap,False,4,2,3101865.96,-307227.42,2022
POWERINDIA,2022-01-21,2022-01-25,3025.3461,2813.5719,0.61,10.11,7.09,-0.07,-0.073,stopped_out,True,4,2,2481492.77,-181148.97,2022
SHARDACROP,2022-01-21,2022-01-24,363.0386,401.5919,9.57,8.77,3.63,0.106196,0.103196,take_profit_gap,False,3,1,1985194.21,204864.1,2022
SHARDACROP,2022-01-24,2022-01-25,419.0305,439.9821,9.18,9.07,4.24,0.05,0.047,take_profit,False,1,1,2026167.03,95229.85,2022
BANKBARODA,2022-01-25,2022-01-27,87.3655,91.7337,2.54,2.06,7.07,0.05,0.047,take_profit,False,2,1,3416366.1,160569.21,2022
MARUTI,2022-01-25,2022-02-09,8301.7728,8627.8636,0.78,3.13,7.67,0.03928,0.03628,time_exit,False,15,10,2733092.88,99156.61,2022
SHARDACROP,2022-01-25,2022-01-27,502.8271,527.9684,9.52,6.86,16.74,0.05,0.047,take_profit,False,2,1,2186474.31,102764.29,2022
AXISBANK,2022-01-25,2022-02-01,749.4469,786.9192,2.88,3.4,5.35,0.05,0.047,take_profit,False,7,4,1749179.44,82211.43,2022
BANKINDIA,2022-01-27,2022-02-03,48.5022,51.1774,4.26,2.57,6.57,0.055155,0.052155,take_profit_gap,False,7,5,2572578.34,134172.82,2022
MMTC,2022-01-27,2022-01-28,52.5763,56.4718,9.13,3.49,6.38,0.074092,0.071092,take_profit_gap,False,1,1,2058062.67,146311.79,2022
GPIL,2022-01-28,2022-01-31,284.9657,299.214,4.52,2.22,4.17,0.05,0.047,take_profit,False,3,1,2087325.03,98104.28,2022
CHALET,2022-01-31,2022-02-08,258.393,271.3127,1.16,9.36,9.9,0.05,0.047,take_profit,False,8,6,2106945.88,99026.46,2022
ULTRACEMCO,2022-02-01,2022-02-15,7352.5827,7124.4248,1.94,1.76,3.48,-0.031031,-0.034031,time_exit,False,14,10,2051834.88,-69825.99,2022
ELGIEQUIP,2022-02-02,2022-02-03,377.0535,395.9062,12.37,3.91,11.67,0.05,0.047,take_profit,False,1,1,2129130.98,100069.16,2022
RPOWER,2022-02-03,2022-02-07,16.8584,18.091,2.8,1.69,4.01,0.07311,0.07011,take_profit_gap,False,4,2,2690495.05,188630.61,2022
BSE,2022-02-03,2022-02-09,232.7302,216.4391,4.1,2.08,5.38,-0.07,-0.073,stopped_out,True,6,4,2152396.04,-157124.91,2022
GNFC,2022-02-07,2022-02-08,458.0234,480.9246,6.13,7.0,2.97,0.05,0.047,take_profit,False,1,1,2297741.96,107993.87,2022
SKIPPER,2022-02-08,2022-02-14,77.206,71.8016,6.19,3.21,9.39,-0.07,-0.073,stopped_out,True,6,4,2760535.2,-201519.07,2022
BSE,2022-02-09,2022-02-22,237.2957,217.0752,2.99,3.42,6.94,-0.085212,-0.088212,stopped_out_gap,False,13,9,2031316.66,-179186.51,2022
NATIONALUM,2022-02-09,2022-02-15,101.314,94.222,3.09,1.63,2.8,-0.07,-0.073,stopped_out,True,6,4,2539145.83,-185357.65,2022
RAIN,2022-02-09,2022-02-14,232.9066,216.6031,2.66,3.06,4.49,-0.07,-0.073,stopped_out,True,5,3,3173932.29,-231697.06,2022
RHIM,2022-02-15,2022-02-16,513.2186,538.8795,1.59,2.65,5.61,0.05,0.047,take_profit,False,1,1,3592463.02,168845.76,2022
HEROMOTOCO,2022-02-15,2022-02-24,2370.2561,2204.3381,2.27,1.52,4.85,-0.07,-0.073,stopped_out,True,9,7,2873970.41,-209799.84,2022
LICHSGFIN,2022-02-15,2022-02-22,360.6899,333.5608,1.55,1.63,7.2,-0.075215,-0.078215,stopped_out_gap,False,7,5,2299176.33,-179830.08,2022
EICHERMOT,2022-02-15,2022-03-02,2614.5417,2431.5238,3.02,2.98,7.24,-0.07,-0.073,stopped_out,True,15,10,1839341.06,-134271.9,2022
M&MFIN,2022-02-16,2022-02-22,149.661,139.1847,3.97,4.15,1.95,-0.07,-0.073,stopped_out,True,6,4,2223734.61,-162332.63,2022
SUPRIYA,2022-02-25,2022-03-11,429.0379,450.4898,0.51,1.58,6.59,0.05,0.047,take_profit,False,14,9,3518397.48,165364.68,2022
HINDALCO,2022-02-25,2022-02-28,519.0742,545.0279,0.82,1.53,1.7,0.05,0.047,take_profit,False,3,1,2814717.98,132291.75,2022
DABUR,2022-02-28,2022-03-07,539.4698,497.4597,2.09,4.31,3.79,-0.077873,-0.080873,stopped_out_gap,False,7,4,2841176.33,-229774.45,2022
MARICO,2022-02-28,2022-03-07,493.536,458.9885,1.34,1.9,4.24,-0.07,-0.073,stopped_out,True,7,4,2272941.07,-165924.7,2022
ADVENZYMES,2022-02-28,2022-03-02,303.7804,318.9694,8.57,4.74,3.49,0.05,0.047,take_profit,False,2,1,1818352.85,85462.58,2022
GAIL,2022-03-02,2022-03-07,84.8305,89.072,4.16,2.87,4.49,0.05,0.047,take_profit,False,5,3,2176459.2,102293.58,2022
COALINDIA,2022-03-02,2022-03-03,136.5727,143.4013,9.15,4.49,8.07,0.05,0.047,take_profit,False,1,1,1741167.36,81834.87,2022
GMDCLTD,2022-03-03,2022-03-04,138.9367,145.8835,6.9,3.96,11.05,0.05,0.047,take_profit,False,1,1,1757534.34,82604.11,2022
ATGL,2022-03-04,2022-03-08,1804.0897,1677.8034,3.72,1.92,1.99,-0.07,-0.073,stopped_out,True,4,2,1774055.16,-129506.03,2022
GESHIP,2022-03-07,2022-03-09,273.0172,286.6681,1.42,1.51,2.35,0.05,0.047,take_profit,False,2,2,2254942.67,105982.31,2022
ONGC,2022-03-07,2022-03-09,145.7027,135.5035,3.64,4.47,11.88,-0.07,-0.073,stopped_out,True,2,2,2818678.33,-205763.52,2022
IMFA,2022-03-08,2022-03-11,338.6114,355.542,3.5,3.86,11.36,0.05,0.047,take_profit,False,3,3,2132863.96,100244.61,2022
GHCL,2022-03-08,2022-03-09,401.5362,421.613,4.73,2.39,7.75,0.05,0.047,take_profit,False,1,1,1706291.17,80195.68,2022
INDHOTEL,2022-03-09,2022-03-23,205.2635,215.5267,2.65,2.77,5.23,0.05,0.047,take_profit,False,14,9,2717098.26,127703.62,2022
OPTIEMUS,2022-03-09,2022-03-10,296.2534,311.0661,9.41,3.19,17.2,0.05,0.047,take_profit,False,1,1,2173678.61,102162.89,2022
DATAPATTNS,2022-03-09,2022-03-11,705.697,656.2982,1.49,1.97,10.9,-0.07,-0.073,stopped_out,True,2,2,1738942.89,-126942.83,2022
GANECOS,2022-03-10,2022-03-11,696.236,731.0478,4.52,2.83,4.9,0.05,0.047,take_profit,False,1,1,1846322.61,86777.16,2022
NH,2022-03-11,2022-03-25,696.1175,730.9234,2.14,1.81,3.29,0.05,0.047,take_profit,False,14,9,3369452.2,158364.25,2022
BALRAMCHIN,2022-03-11,2022-03-14,474.6293,498.3608,3.2,3.22,7.96,0.05,0.047,take_profit,False,3,1,2695561.76,126691.4,2022
JSWSTEEL,2022-03-11,2022-03-23,640.5181,672.544,0.96,1.73,3.28,0.05,0.047,take_profit,False,12,7,2156449.41,101353.12,2022
SUNPHARMA,2022-03-11,2022-03-28,868.0121,870.8939,0.89,2.04,3.44,0.00332,0.00032,time_exit,False,17,10,1725159.53,552.05,2022
GREENPANEL,2022-03-14,2022-03-17,541.232,568.2936,0.62,1.93,7.17,0.05,0.047,take_profit,False,3,3,1944578.25,91395.18,2022
ONGC,2022-03-17,2022-03-22,132.7263,139.3626,1.44,1.69,2.22,0.05,0.047,take_profit,False,5,2,1962857.29,92254.29,2022
CENTURYPLY,2022-03-22,2022-03-23,706.4366,741.7584,1.55,3.37,1.56,0.05,0.047,take_profit,False,1,1,1981308.15,93121.48,2022
TORNTPHARM,2022-03-23,2022-04-06,1349.1381,1301.2066,0.63,2.15,2.39,-0.035527,-0.038527,time_exit,False,14,10,1933090.13,-74476.16,2022
LTF,2022-03-23,2022-03-24,82.8259,77.0281,4.7,7.81,15.72,-0.07,-0.073,stopped_out,True,1,1,2416362.66,-176394.47,2022
ADANIPOWER,2022-03-23,2022-03-25,26.053,27.3557,4.19,1.72,4.41,0.05,0.047,take_profit,False,2,2,3020453.33,141961.31,2022
GMDCLTD,2022-03-24,2022-03-25,158.1603,166.0683,7.05,1.59,6.17,0.05,0.047,take_profit,False,1,1,1994465.74,93739.89,2022
CONCOR,2022-03-25,2022-04-08,653.0614,665.1768,3.48,8.2,10.72,0.018552,0.015552,time_exit,False,14,10,3351259.94,52118.79,2022
INDIAGLYCO,2022-03-25,2022-03-31,463.0962,486.251,0.51,1.89,2.75,0.05,0.047,take_profit,False,6,4,2681007.95,126007.37,2022
ADANIPOWER,2022-03-25,2022-03-28,28.6543,30.087,7.12,2.69,7.31,0.05,0.047,take_profit,False,3,1,2144806.36,100805.9,2022
AWL,2022-03-28,2022-03-29,461.2305,484.292,10.87,2.05,8.5,0.05,0.047,take_profit,False,1,1,2510109.85,117975.16,2022
MOIL,2022-03-28,2022-03-30,169.5522,178.0299,1.7,2.17,3.55,0.05,0.047,take_profit,False,2,2,2008087.88,94380.13,2022
INDHOTEL,2022-03-29,2022-04-06,238.2859,250.2002,1.72,1.76,2.67,0.05,0.047,take_profit,False,8,6,2132087.31,100208.1,2022
USHAMART,2022-03-30,2022-04-05,128.8342,135.2759,0.56,1.94,5.47,0.05,0.047,take_profit,False,6,4,2126163.45,99929.68,2022
BEML,2022-03-31,2022-04-18,749.2395,786.7015,2.58,3.09,7.5,0.05,0.047,take_profit,False,18,10,2262333.82,106329.69,2022
NLCINDIA,2022-04-05,2022-04-07,62.7344,65.8712,0.99,2.82,4.96,0.05,0.047,take_profit,False,2,2,2255085.69,105989.03,2022
WELCORP,2022-04-06,2022-04-13,188.4949,197.9197,3.54,3.55,7.05,0.05,0.047,take_profit,False,7,5,2622250.42,123245.77,2022
JISLJALEQS,2022-04-06,2022-04-07,45.6728,47.9565,1.2,1.62,6.29,0.05,0.047,take_profit,False,1,1,2097800.34,98596.62,2022
DCBBANK,2022-04-07,2022-04-18,84.6939,78.7653,0.58,8.52,11.77,-0.07,-0.073,stopped_out,True,11,5,2589734.61,-189050.63,2022
REFEX,2022-04-07,2022-04-08,26.4342,27.7559,2.26,3.73,2.15,0.05,0.047,take_profit,False,1,1,2071787.68,97374.02,2022
IMFA,2022-04-08,2022-04-11,403.6839,423.8681,2.7,2.72,5.63,0.05,0.047,take_profit,False,3,1,2217550.59,104224.88,2022
JKTYRE,2022-04-08,2022-04-18,130.9983,121.8284,7.1,4.57,11.07,-0.07,-0.073,stopped_out,True,10,4,2771938.23,-202351.49,2022
GANECOS,2022-04-11,2022-04-13,770.8327,716.8744,1.91,4.61,7.46,-0.07,-0.073,stopped_out,True,2,2,2238395.56,-163402.88,2022
GODFRYPHLP,2022-04-13,2022-04-18,401.4732,421.5468,2.34,6.18,5.15,0.05,0.047,take_profit,False,5,1,2754814.23,129476.27,2022
REDINGTON,2022-04-13,2022-04-27,145.0618,134.9075,1.11,5.41,2.62,-0.07,-0.073,stopped_out,True,14,8,2203851.38,-160881.15,2022
NTPC,2022-04-18,2022-05-02,143.975,138.8076,0.58,3.9,5.36,-0.035891,-0.038891,time_exit,False,14,10,3807726.05,-148086.27,2022
PGEL,2022-04-18,2022-04-27,81.8482,75.9587,2.1,3.68,9.89,-0.071956,-0.074956,stopped_out_gap,False,9,7,3046180.84,-228329.53,2022
SJVN,2022-04-18,2022-05-02,26.4678,26.1217,0.69,1.87,2.12,-0.013077,-0.016077,time_exit,False,14,10,2436944.67,-39178.76,2022
TIMETECHNO,2022-04-18,2022-04-19,42.8494,44.9918,3.69,1.93,4.89,0.05,0.047,take_profit,False,1,1,1949555.74,91629.12,2022
SUNFLAG,2022-04-19,2022-04-20,108.7448,114.182,8.67,5.77,3.81,0.05,0.047,take_profit,False,1,1,1967881.56,92490.43,2022
OPTIEMUS,2022-04-20,2022-04-25,414.6355,385.611,0.61,4.94,9.12,-0.07,-0.073,stopped_out,True,5,3,1986379.65,-145005.71,2022
RELIGARE,2022-04-25,2022-05-02,130.9154,121.7514,5.54,7.04,8.14,-0.07,-0.073,stopped_out,True,7,5,1957378.51,-142888.63,2022
HEROMOTOCO,2022-04-27,2022-05-12,2179.7058,2091.4716,3.4,1.85,4.6,-0.04048,-0.04348,time_exit,False,15,10,2538067.11,-110355.16,2022
ALOKINDS,2022-04-27,2022-04-28,27.7639,25.8204,4.68,3.79,17.34,-0.07,-0.073,stopped_out,True,1,1,2030453.69,-148223.12,2022
BLS,2022-04-28,2022-05-06,90.5993,84.2574,3.46,2.13,8.38,-0.07,-0.073,stopped_out,True,8,5,2000809.07,-146059.06,2022
HOMEFIRST,2022-05-02,2022-05-04,725.4256,761.6969,2.15,1.86,5.77,0.05,0.047,take_profit,False,2,1,2540021.09,119380.99,2022
GOKEX,2022-05-02,2022-05-04,462.3262,429.9634,1.3,9.78,14.99,-0.07,-0.073,stopped_out,True,2,1,2032016.87,-148337.23,2022
SOLARINDS,2022-05-02,2022-05-04,2901.9793,3049.1003,3.66,1.7,4.29,0.050697,0.047697,take_profit_gap,False,2,1,3175026.37,151439.23,2022
DCMSHRIRAM,2022-05-04,2022-05-06,1144.1757,1064.0834,0.92,1.87,2.36,-0.07,-0.073,stopped_out,True,2,2,3199522.97,-233565.18,2022
SUMICHEM,2022-05-04,2022-05-10,440.9603,410.093,1.04,10.72,1.95,-0.07,-0.073,stopped_out,True,6,4,2559618.37,-186852.14,2022
GMDCLTD,2022-05-04,2022-05-05,168.2405,176.6525,4.48,2.03,9.4,0.05,0.047,take_profit,False,1,1,2047694.7,96241.65,2022
TIMETECHNO,2022-05-05,2022-05-11,50.7619,47.2085,0.96,2.7,10.43,-0.07,-0.073,stopped_out,True,6,4,2066943.03,-150886.84,2022
REFEX,2022-05-09,2022-05-10,27.7678,25.8241,4.37,9.34,1.82,-0.07,-0.073,stopped_out,True,1,1,2617695.98,-191091.81,2022
DIACABS,2022-05-09,2022-05-23,18.009,18.4908,2.78,5.77,2.86,0.026751,0.023751,time_exit,False,14,10,2094156.79,49738.32,2022
AVANTIFEED,2022-05-12,2022-05-25,433.7231,403.3625,4.28,6.97,12.69,-0.07,-0.073,stopped_out,True,13,9,3503953.14,-255788.58,2022
KRBL,2022-05-12,2022-05-23,227.0384,238.3904,1.91,4.54,10.25,0.05,0.047,take_profit,False,11,7,2803162.51,131748.64,2022
JKTYRE,2022-05-13,2022-05-18,114.5211,120.2472,1.94,1.51,3.84,0.05,0.047,take_profit,False,5,3,2242530.01,105398.91,2022
TATAELXSI,2022-05-13,2022-05-18,7628.0489,8009.4514,11.9,3.24,9.84,0.05,0.047,take_profit,False,5,3,1794024.01,84319.13,2022
WELCORP,2022-05-18,2022-05-20,190.1052,199.6617,0.75,2.37,4.5,0.05027,0.04727,take_profit_gap,False,2,2,2280473.62,107797.99,2022
WELCORP,2022-05-18,2022-05-20,190.1052,199.6617,0.86,2.37,4.5,0.05027,0.04727,take_profit_gap,False,2,2,1824378.89,86238.39,2022
KSB,2022-05-20,2022-05-31,286.5906,266.5292,3.44,5.34,6.62,-0.07,-0.073,stopped_out,True,11,7,2319280.89,-169307.51,2022
GMMPFAUDLR,2022-05-20,2022-05-26,1555.8108,1446.9041,4.3,3.32,3.13,-0.07,-0.073,stopped_out,True,6,4,1855424.71,-135446.0,2022
COCHINSHIP,2022-05-23,2022-05-26,161.4407,150.1398,1.88,6.56,2.13,-0.07,-0.073,stopped_out,True,3,3,2000080.82,-146005.9,2022
STARHEALTH,2022-05-23,2022-05-26,742.5711,690.5911,4.12,2.54,9.24,-0.07,-0.073,stopped_out,True,3,3,2500101.02,-182507.37,2022
BALKRISIND,2022-05-25,2022-05-27,2106.3009,2211.616,2.08,2.68,4.02,0.05,0.047,take_profit,False,2,2,2249697.56,105735.79,2022
ASTERDM,2022-05-26,2022-05-30,145.1084,152.3638,2.09,3.29,6.28,0.05,0.047,take_profit,False,4,2,2978087.51,139970.11,2022
ITI,2022-05-26,2022-05-27,98.9995,92.0695,2.43,15.64,14.92,-0.07,-0.073,stopped_out,True,1,1,2382470.01,-173920.31,2022
CONCOR,2022-05-26,2022-05-30,609.2748,639.7385,2.19,2.18,3.14,0.05,0.047,take_profit,False,4,2,1905976.0,89580.87,2022
EIDPARRY,2022-05-27,2022-05-30,516.1036,541.9088,2.64,2.33,3.69,0.05,0.047,take_profit,False,3,1,2437577.41,114566.14,2022
EIDPARRY,2022-05-27,2022-05-30,516.1036,541.9088,2.94,2.33,3.69,0.05,0.047,take_profit,False,3,1,1950061.93,91652.91,2022
JUBLFOOD,2022-05-30,2022-06-07,562.3818,510.6776,4.98,4.74,7.0,-0.091938,-0.094938,stopped_out_gap,False,8,6,3501544.12,-332429.6,2022
HUDCO,2022-05-30,2022-06-13,29.7034,28.9214,3.6,3.14,2.31,-0.026326,-0.029326,time_exit,False,14,10,2801235.3,-82149.03,2022
PGEL,2022-05-30,2022-05-31,77.8142,81.7049,6.07,4.96,2.96,0.05,0.047,take_profit,False,1,1,2240988.24,105326.45,2022
GAEL,2022-05-30,2022-06-06,168.3287,156.5457,5.33,2.91,4.63,-0.07,-0.073,stopped_out,True,7,5,1792790.59,-130873.71,2022
BALKRISIND,2022-05-31,2022-06-10,2279.1698,2119.6279,0.77,3.56,2.14,-0.07,-0.073,stopped_out,True,10,8,2333490.09,-170344.78,2022
IONEXCHANG,2022-05-31,2022-06-03,182.9398,192.0868,5.19,1.96,1.63,0.05,0.047,take_profit,False,3,3,1866792.07,87739.23,2022
MAHSEAMLES,2022-06-03,2022-06-08,273.2605,286.9235,2.44,4.02,2.03,0.05,0.047,take_profit,False,5,3,1884339.91,88563.98,2022
BAJAJ-AUTO,2022-06-06,2022-06-20,3455.0548,3269.7976,0.81,2.23,4.29,-0.053619,-0.056619,time_exit,False,14,10,1839855.31,-104170.77,2022
MRPL,2022-06-07,2022-06-08,106.5336,111.8603,18.08,3.74,13.25,0.05,0.047,take_profit,False,1,1,2105707.15,98968.24,2022
MRPL,2022-06-08,2022-06-09,116.2364,122.0482,3.73,5.14,7.18,0.05,0.047,take_profit,False,1,1,2520081.58,118443.83,2022
LODHA,2022-06-08,2022-06-16,546.5703,508.3104,0.73,1.55,3.76,-0.07,-0.073,stopped_out,True,8,6,2016065.26,-147172.76,2022
TIMETECHNO,2022-06-09,2022-06-13,56.3372,52.3936,3.28,3.09,9.2,-0.07,-0.073,stopped_out,True,4,2,2140557.29,-156260.68,2022
SHILPAMED,2022-06-14,2022-06-16,224.0228,208.3412,0.5,2.18,8.08,-0.07,-0.073,stopped_out,True,2,2,3085751.47,-225259.86,2022
BLS,2022-06-14,2022-06-16,100.6058,105.6141,6.43,2.56,9.76,0.049781,0.046781,take_profit_gap,False,2,2,2468601.18,115483.63,2022
CHOICEIN,2022-06-15,2022-06-23,90.3577,94.8755,3.2,1.54,5.41,0.05,0.047,take_profit,False,8,6,1974880.94,92819.4,2022
NAVA,2022-06-21,2022-06-24,82.3167,86.4326,1.3,2.44,17.26,0.05,0.047,take_profit,False,3,3,3389735.44,159317.57,2022
ASAHIINDIA,2022-06-21,2022-06-23,510.2566,474.5387,3.16,6.62,14.69,-0.07,-0.073,stopped_out,True,2,2,2711788.36,-197960.55,2022
KSB,2022-06-22,2022-06-24,266.5629,279.8911,0.51,1.61,3.16,0.05,0.047,take_profit,False,2,2,2169430.68,101963.24,2022
ITI,2022-06-22,2022-06-23,104.2521,109.4647,6.43,8.06,16.16,0.05,0.047,take_profit,False,1,1,1735544.55,81570.59,2022
HEROMOTOCO,2022-06-23,2022-07-06,2331.5009,2448.0759,1.89,2.47,3.95,0.05,0.047,take_profit,False,13,9,2668164.3,125403.72,2022
TVSMOTOR,2022-06-23,2022-06-28,762.4054,800.5256,3.94,1.51,3.49,0.05,0.047,take_profit,False,5,3,2134531.44,100322.98,2022
KEC,2022-06-23,2022-07-01,406.7171,378.2469,5.47,6.02,9.41,-0.07,-0.073,stopped_out,True,8,6,1707625.15,-124656.64,2022
IMAGICAA,2022-06-24,2022-06-27,15.7579,17.2913,13.65,3.99,6.06,0.097315,0.094315,take_profit_gap,False,3,1,2530189.51,238634.82,2022
JUBLINGREA,2022-06-24,2022-07-08,475.4258,475.3843,3.04,1.63,5.1,-8.7e-05,-0.003087,time_exit,False,14,10,2024151.61,-6248.56,2022
PRICOLLTD,2022-06-27,2022-07-04,127.73,134.1165,2.34,1.8,2.07,0.05,0.047,take_profit,False,7,5,2173086.15,102135.05,2022
KSB,2022-06-28,2022-07-11,289.4559,303.9287,1.09,2.55,5.2,0.05,0.047,take_profit,False,13,9,2185439.8,102715.67,2022
JUBLFOOD,2022-07-01,2022-07-07,537.1821,564.0412,1.16,1.71,5.7,0.05,0.047,take_profit,False,6,4,2064945.55,97052.44,2022
GODREJCP,2022-07-04,2022-07-06,780.7489,819.7864,1.61,1.55,3.69,0.05,0.047,take_profit,False,2,2,2107000.68,99029.03,2022
CCL,2022-07-06,2022-07-20,393.6598,402.8771,2.68,4.03,5.22,0.023415,0.020415,time_exit,False,14,10,2685520.09,54824.89,2022
CUMMINSIND,2022-07-06,2022-07-18,1044.8891,1097.1336,1.87,2.94,3.17,0.05,0.047,take_profit,False,12,8,2148416.07,100975.56,2022
PRAJIND,2022-07-07,2022-07-21,376.5334,368.4961,1.44,2.02,3.92,-0.021346,-0.024346,time_exit,False,14,10,2151132.45,-52371.47,2022
LT,2022-07-08,2022-07-21,1620.2276,1701.2389,1.71,2.87,4.1,0.05,0.047,take_profit,False,13,9,2124486.57,99850.87,2022
ATGL,2022-07-11,2022-07-13,2714.9794,2850.7283,4.46,1.77,6.54,0.05,0.047,take_profit,False,2,2,2157220.35,101389.36,2022
PATELENG,2022-07-13,2022-07-15,21.4446,19.9435,3.56,2.97,3.06,-0.07,-0.073,stopped_out,True,2,2,2177498.22,-158957.37,2022
EPL,2022-07-15,2022-07-27,166.5772,154.9168,1.21,3.41,7.29,-0.07,-0.073,stopped_out,True,12,8,2145706.75,-156636.59,2022
TORNTPOWER,2022-07-18,2022-08-01,474.0954,483.0601,1.81,1.55,3.37,0.018909,0.015909,time_exit,False,14,10,2166443.72,34465.95,2022
MCX,2022-07-20,2022-08-03,273.0789,255.6858,3.15,1.68,1.98,-0.063692,-0.066692,time_exit,False,14,10,2281223.98,-152139.39,2022
ABCAPITAL,2022-07-21,2022-07-29,100.05,105.0525,3.95,2.24,3.47,0.05,0.047,take_profit,False,8,6,2689598.86,126411.15,2022
KARURVYSYA,2022-07-21,2022-07-25,41.5955,43.6753,5.8,4.58,8.04,0.05,0.047,take_profit,False,4,2,2151679.09,101128.92,2022
KARURVYSYA,2022-07-25,2022-07-26,44.4891,46.7136,1.54,3.84,4.43,0.05,0.047,take_profit,False,1,1,2171904.88,102079.53,2022
DBL,2022-07-26,2022-08-02,233.9709,245.6694,4.06,2.64,6.31,0.05,0.047,take_profit,False,7,5,2192320.78,103039.08,2022
GRASIM,2022-07-27,2022-08-11,1512.2216,1592.0341,1.33,1.64,2.18,0.052778,0.049778,take_profit_gap,False,15,10,2151670.66,107105.86,2022
GMMPFAUDLR,2022-07-29,2022-08-02,1591.5344,1671.1111,9.1,11.43,10.23,0.05,0.047,take_profit,False,4,2,2284538.53,107373.31,2022
AARTIIND,2022-08-01,2022-08-17,793.9578,822.2806,1.34,2.36,2.2,0.035673,0.032673,time_exit,False,16,10,2267812.76,74096.25,2022
MAHABANK,2022-08-02,2022-08-18,15.9985,15.9825,0.87,2.46,4.69,-0.001,-0.004,time_exit,False,16,10,2751704.55,-11006.82,2022
JINDALSAW,2022-08-02,2022-08-08,42.8753,39.874,0.94,2.24,3.86,-0.07,-0.073,stopped_out,True,6,4,2201363.64,-160699.55,2022
ENGINERSIN,2022-08-03,2022-08-19,63.8025,61.1269,0.65,1.78,2.88,-0.041936,-0.044936,time_exit,False,16,10,2186907.83,-98270.89,2022
LEMONTREE,2022-08-08,2022-08-19,76.7383,71.3667,0.78,3.58,3.79,-0.07,-0.073,stopped_out,True,11,7,2157659.08,-157509.11,2022
PRESTIGE,2022-08-11,2022-08-26,453.8681,460.0093,0.55,3.48,2.97,0.013531,0.010531,time_exit,False,15,10,2177882.57,22935.28,2022
IMAGICAA,2022-08-17,2022-08-19,28.9645,31.7841,2.72,1.63,1.58,0.097348,0.094348,take_profit_gap,False,2,2,2210687.85,208573.98,2022
PGIL,2022-08-18,2022-08-19,256.5809,269.4099,8.63,7.1,12.87,0.05,0.047,take_profit,False,1,1,2316689.83,108884.42,2022
LT,2022-08-19,2022-09-05,1882.7296,1912.2268,1.34,1.91,2.21,0.015667,0.012667,time_exit,False,17,10,3640076.46,46108.85,2022
TATACOMM,2022-08-19,2022-08-25,1084.2337,1138.4454,2.67,3.09,3.11,0.05,0.047,take_profit,False,6,4,2912061.17,136866.87,2022
PGIL,2022-08-19,2022-08-30,273.3992,287.0692,2.09,4.79,3.89,0.05,0.047,take_profit,False,11,7,2329648.93,109493.5,2022
WEBELSOLAR,2022-08-19,2022-08-22,9.0695,9.6752,9.65,3.21,4.8,0.066776,0.063776,take_profit_gap,False,3,1,1863719.15,118860.55,2022
TARC,2022-08-22,2022-08-24,39.3697,41.3382,1.4,2.96,4.65,0.05,0.047,take_profit,False,2,2,1887491.26,88712.09,2022
RHIM,2022-08-24,2022-08-30,557.0528,584.9054,0.51,2.37,3.46,0.05,0.047,take_profit,False,6,4,1905233.68,89545.98,2022
IDBI,2022-08-25,2022-08-26,40.7622,42.8003,6.39,3.92,6.03,0.05,0.047,take_profit,False,1,1,2133972.55,100296.71,2022
SURYAROSNI,2022-08-26,2022-08-29,108.9536,114.4013,15.09,9.46,18.6,0.05,0.047,take_profit,False,3,1,2594195.46,121927.19,2022
RELINFRA,2022-08-26,2022-08-29,157.4287,165.3001,5.34,4.99,11.24,0.05,0.047,take_profit,False,3,1,2075356.37,97541.75,2022
BRITANNIA,2022-08-29,2022-09-13,3553.5452,3597.9152,1.32,1.63,2.48,0.012486,0.009486,time_exit,False,15,10,2638089.25,25024.91,2022
TARC,2022-08-29,2022-09-07,43.3717,45.5403,0.92,2.46,8.51,0.05,0.047,take_profit,False,9,6,2110471.4,99192.16,2022
HAVELLS,2022-08-30,2022-09-14,1363.4228,1339.7425,1.46,1.81,3.07,-0.017368,-0.020368,time_exit,False,15,10,2575161.54,-52450.89,2022
SRF,2022-08-30,2022-09-01,2517.7133,2643.599,3.01,2.7,4.03,0.05,0.047,take_profit,False,2,1,2060129.23,96826.07,2022
MANINFRA,2022-09-01,2022-09-15,93.8388,94.9531,0.77,3.2,5.72,0.011874,0.008874,time_exit,False,14,10,2079494.44,18453.43,2022
WEBELSOLAR,2022-09-05,2022-09-06,9.7099,10.1953,4.69,3.57,6.88,0.05,0.047,take_profit,False,1,1,2400832.62,112839.13,2022
WOCKPHARMA,2022-09-06,2022-09-07,255.6278,268.4091,1.78,2.88,4.16,0.05,0.047,take_profit,False,1,1,2423400.44,113899.82,2022
WOCKPHARMA,2022-09-07,2022-09-09,278.139,258.6693,2.73,4.98,9.54,-0.07,-0.073,stopped_out,True,2,2,2888113.12,-210832.26,2022
GRSE,2022-09-07,2022-09-16,336.1173,352.9232,6.1,4.23,15.31,0.05,0.047,take_profit,False,9,7,2310490.5,108593.05,2022
ALLCARGO,2022-09-09,2022-09-13,91.442,96.0141,7.31,3.28,10.31,0.05,0.047,take_profit,False,4,2,2383848.57,112040.88,2022
LTF,2022-09-13,2022-09-22,80.3349,74.7114,0.54,3.55,3.51,-0.07,-0.073,stopped_out,True,9,7,2351103.66,-171630.57,2022
BAJAJFINSV,2022-09-13,2022-09-27,1782.708,1675.9518,0.56,2.05,1.7,-0.059884,-0.062884,time_exit,False,14,10,2938879.58,-184808.5,2022
SBIN,2022-09-14,2022-09-28,541.0135,503.1426,1.38,1.76,3.95,-0.07,-0.073,stopped_out,True,14,10,2385425.06,-174136.03,2022
JKTYRE,2022-09-15,2022-09-16,182.0472,191.1496,9.93,8.1,17.4,0.05,0.047,take_profit,False,1,1,2327929.62,109412.69,2022
TI,2022-09-16,2022-09-20,86.5608,91.8945,5.81,7.69,4.76,0.061618,0.058618,take_profit_gap,False,4,2,2833628.87,166101.66,2022
DBREALTY,2022-09-16,2022-09-20,108.8544,119.8401,4.73,8.82,2.16,0.100921,0.097921,take_profit_gap,False,4,2,2266903.1,221977.42,2022
JUBLPHARMA,2022-09-20,2022-09-26,344.0037,319.9235,3.98,7.52,11.11,-0.07,-0.073,stopped_out,True,6,4,2911244.69,-212520.86,2022
SOLARINDS,2022-09-20,2022-09-26,3840.3015,3571.4804,1.45,3.78,5.43,-0.07,-0.073,stopped_out,True,6,4,2328995.75,-170016.69,2022
DBREALTY,2022-09-22,2022-09-26,132.1661,119.1904,4.73,1.61,2.4,-0.098177,-0.101177,stopped_out_gap,False,4,2,2299091.22,-232615.15,2022
TARIL,2022-09-26,2022-09-27,27.4523,28.825,1.09,2.33,7.96,0.05,0.047,take_profit,False,1,1,3224108.76,151533.11,2022
IGL,2022-09-27,2022-09-30,193.6356,180.0811,2.61,2.63,6.12,-0.07,-0.073,stopped_out,True,3,3,3805229.6,-277781.76,2022
HCC,2022-09-27,2022-09-28,14.6073,13.5848,5.14,4.53,12.31,-0.07,-0.073,stopped_out,True,1,1,3044183.68,-222225.41,2022
GUJGASLTD,2022-09-27,2022-10-11,498.5362,463.6387,1.19,1.76,4.18,-0.07,-0.073,stopped_out,True,14,9,2435346.94,-177780.33,2022
LALPATHLAB,2022-09-27,2022-10-03,1290.251,1199.9334,0.9,1.82,3.08,-0.07,-0.073,stopped_out,True,6,4,1948277.56,-142224.26,2022
SUNPHARMA,2022-09-28,2022-10-03,886.1647,930.4729,1.66,1.92,2.67,0.05,0.047,take_profit,False,5,3,2565271.51,120567.76,2022
TEJASNET,2022-09-28,2022-09-30,649.0923,681.5469,1.16,3.18,5.04,0.05,0.047,take_profit,False,2,2,2052217.2,96454.21,2022
PHOENIXLTD,2022-09-30,2022-10-10,695.8595,730.6525,1.42,2.29,7.04,0.05,0.047,take_profit,False,10,5,2221598.09,104415.11,2022
MAZDOCK,2022-09-30,2022-10-03,237.6081,249.4885,4.32,1.87,6.58,0.05,0.047,take_profit,False,3,1,2776997.61,130518.89,2022
COCHINSHIP,2022-10-03,2022-10-06,230.4626,241.9858,6.51,5.2,10.57,0.05,0.047,take_profit,False,3,2,3257160.29,153086.53,2022
ZYDUSLIFE,2022-10-03,2022-10-18,400.1776,405.8326,4.28,5.21,5.29,0.014131,0.011131,time_exit,False,15,10,2605728.23,29004.36,2022
GOKEX,2022-10-03,2022-10-06,366.6036,384.9337,3.18,3.43,3.97,0.05,0.047,take_profit,False,3,2,2084582.58,97975.38,2022
INDIACEM,2022-10-06,2022-10-11,278.3891,258.9019,1.67,1.73,6.41,-0.07,-0.073,stopped_out,True,5,3,2786227.02,-203394.57,2022
HINDZINC,2022-10-06,2022-10-20,214.2194,209.3424,1.83,2.14,2.84,-0.022767,-0.025767,time_exit,False,14,10,2228981.62,-57434.17,2022
GRAVITA,2022-10-10,2022-10-20,351.4895,369.0639,1.08,3.69,4.15,0.05,0.047,take_profit,False,10,8,2248387.93,105674.23,2022
KIRLOSENG,2022-10-12,2022-10-21,276.3633,257.0178,1.46,3.31,9.72,-0.07,-0.073,stopped_out,True,9,7,2766790.16,-201975.68,2022
JBMA,2022-10-12,2022-10-14,224.7626,209.0293,0.69,13.03,10.45,-0.07,-0.073,stopped_out,True,2,2,2213432.13,-161580.55,2022
RKFORGE,2022-10-14,2022-10-18,221.0266,232.0779,3.71,4.34,3.93,0.05,0.047,take_profit,False,4,2,2181116.02,102512.45,2022
HAL,2022-10-18,2022-11-02,1182.3332,1188.7304,2.51,1.57,4.28,0.005411,0.002411,time_exit,False,15,10,2728565.03,6578.57,2022
WESTLIFE,2022-10-18,2022-11-02,752.7489,759.5071,1.39,2.07,3.41,0.008978,0.005978,time_exit,False,15,10,2182852.02,13049.09,2022
PNB,2022-10-20,2022-10-25,38.4234,40.3446,0.74,2.0,3.58,0.05,0.047,take_profit,False,5,3,2121122.83,99692.77,2022
NESTLEIND,2022-10-20,2022-11-04,964.3682,986.7323,0.67,1.79,1.73,0.02319,0.02019,time_exit,False,15,10,2651403.54,53531.84,2022
BANKINDIA,2022-10-21,2022-10-25,46.4021,48.7222,1.98,2.41,2.33,0.05,0.047,take_profit,False,4,2,2209861.16,103863.47,2022
BDL,2022-10-25,2022-11-10,486.2107,481.0637,0.77,2.28,3.13,-0.010586,-0.013586,time_exit,False,16,10,2139837.58,-29071.83,2022
BANKBARODA,2022-10-25,2022-11-07,135.5424,145.1277,1.25,1.83,2.81,0.070718,0.067718,take_profit_gap,False,13,8,2674796.98,181131.9,2022
REDINGTON,2022-11-02,2022-11-03,135.4543,142.227,7.1,8.3,7.17,0.05,0.047,take_profit,False,1,1,2158463.21,101447.77,2022
ALKEM,2022-11-02,2022-11-11,3209.8004,2985.1144,1.24,2.38,2.22,-0.07,-0.073,stopped_out,True,9,6,2698079.01,-196959.77,2022
MIDHANI,2022-11-03,2022-11-07,246.8256,259.1669,3.12,2.37,6.21,0.05,0.047,take_profit,False,4,2,2178752.76,102401.38,2022
ASTRAMICRO,2022-11-04,2022-11-09,324.5632,340.7914,1.37,3.72,3.35,0.05,0.047,take_profit,False,5,2,2283989.28,107347.5,2022
MANAPPURAM,2022-11-07,2022-11-14,100.1688,105.1773,1.12,1.72,2.2,0.05,0.047,take_profit,False,7,4,2854608.03,134166.58,2022
TRIDENT,2022-11-07,2022-11-10,36.0509,37.8534,5.62,2.91,3.75,0.05,0.047,take_profit,False,3,2,2283686.43,107333.26,2022
ADANIPORTS,2022-11-09,2022-11-23,877.2438,859.4456,0.82,2.87,3.64,-0.020289,-0.023289,time_exit,False,14,10,2305216.5,-53686.19,2022
ENDURANCE,2022-11-10,2022-11-18,1441.6316,1513.7132,1.09,3.52,4.62,0.05,0.047,take_profit,False,8,6,2744530.28,128992.92,2022
NIACL,2022-11-10,2022-11-14,99.1004,92.1634,2.05,8.77,3.23,-0.07,-0.073,stopped_out,True,4,2,2195624.23,-160280.57,2022
COFORGE,2022-11-11,2022-11-25,748.5929,756.8913,4.9,2.74,3.8,0.011085,0.008085,time_exit,False,14,10,2256723.23,18245.61,2022
AKZOINDIA,2022-11-14,2022-11-28,2070.8481,2031.156,1.17,2.52,2.85,-0.019167,-0.022167,time_exit,False,14,10,2810202.24,-62293.75,2022
GODFRYPHLP,2022-11-14,2022-11-17,566.9032,595.2484,1.55,3.39,3.94,0.05,0.047,take_profit,False,3,3,2248161.79,105663.6,2022
AHLUCONT,2022-11-17,2022-12-01,438.9598,429.8394,3.24,4.69,2.45,-0.020777,-0.023777,time_exit,False,14,10,2269294.51,-53957.02,2022
IOB,2022-11-18,2022-11-21,21.3607,22.4287,3.51,2.79,4.91,0.05,0.047,take_profit,False,3,1,2390140.25,112336.59,2022
EASEMYTRIP,2022-11-21,2022-11-22,28.5919,30.0215,17.71,5.27,8.11,0.05,0.047,take_profit,False,1,1,2412607.57,113392.56,2022
UCOBANK,2022-11-22,2022-11-25,20.5793,21.6082,3.82,5.78,8.55,0.05,0.047,take_profit,False,3,3,2435286.08,114458.45,2022
NBCC,2022-11-23,2022-12-07,27.0755,26.7562,5.04,6.32,8.46,-0.011793,-0.014793,time_exit,False,14,10,2398534.93,-35481.53,2022
BHEL,2022-11-25,2022-12-02,81.4229,85.494,6.35,3.46,8.69,0.05,0.047,take_profit,False,7,5,2307016.49,108429.78,2022
RATEGAIN,2022-11-25,2022-12-09,306.103,301.4992,1.96,2.87,6.71,-0.01504,-0.01804,time_exit,False,14,10,2883770.61,-52023.22,2022
DBL,2022-11-28,2022-12-05,232.2272,243.8385,4.1,2.18,4.51,0.05,0.047,take_profit,False,7,5,2395194.89,112574.16,2022
DCBBANK,2022-12-01,2022-12-05,132.9311,123.626,0.95,1.69,3.67,-0.07,-0.073,stopped_out,True,4,2,2359223.41,-172223.31,2022
BHEL,2022-12-02,2022-12-12,89.9676,83.6698,1.88,3.68,6.34,-0.07,-0.073,stopped_out,True,10,6,2370467.98,-173044.16,2022
ABCAPITAL,2022-12-05,2022-12-19,158.7293,154.4727,2.05,2.42,4.03,-0.026817,-0.029817,time_exit,False,14,10,2835328.22,-84540.98,2022
SOBHA,2022-12-05,2022-12-08,664.8491,618.3097,1.47,3.79,4.47,-0.07,-0.073,stopped_out,True,3,3,2268262.57,-165583.17,2022
UCOBANK,2022-12-07,2022-12-08,21.8563,22.9491,2.47,1.68,4.22,0.05,0.047,take_profit,False,1,1,2287220.74,107499.37,2022
IOB,2022-12-08,2022-12-09,25.6128,26.8934,1.56,2.64,5.35,0.05,0.047,take_profit,False,1,1,2729256.49,128275.06,2022
JKLAKSHMI,2022-12-08,2022-12-14,834.8297,876.5712,2.15,5.05,5.41,0.05,0.047,take_profit,False,6,4,2183405.2,102620.04,2022
VGUARD,2022-12-09,2022-12-19,257.272,270.1356,1.17,8.46,2.56,0.05,0.047,take_profit,False,10,6,2884579.94,135575.26,2022
NIACL,2022-12-09,2022-12-14,107.1487,112.5062,2.81,4.17,4.25,0.05,0.047,take_profit,False,5,3,2307663.96,108460.21,2022
FACT,2022-12-12,2022-12-13,177.0047,185.8549,4.54,3.41,12.56,0.05,0.047,take_profit,False,1,1,2285615.93,107423.95,2022
ORIENTCEM,2022-12-13,2022-12-22,131.2138,122.0288,0.64,1.6,1.94,-0.07,-0.073,stopped_out,True,9,7,2307100.72,-168418.35,2022
CUB,2022-12-14,2022-12-19,197.9614,184.1041,0.56,2.63,2.94,-0.07,-0.073,stopped_out,True,5,3,2786110.45,-203386.06,2022
PCBL,2022-12-14,2022-12-22,124.7096,115.98,2.22,4.64,3.55,-0.07,-0.073,stopped_out,True,8,6,2228888.36,-162708.85,2022
NIACL,2022-12-19,2022-12-20,129.8875,136.3819,2.13,3.45,9.26,0.05,0.047,take_profit,False,1,1,2210460.2,103891.63,2022
SCI,2022-12-19,2022-12-20,132.2053,138.8155,5.49,3.07,7.8,0.05,0.047,take_profit,False,1,1,3453844.06,162330.67,2022
JKPAPER,2022-12-19,2022-12-20,402.8035,422.9437,1.65,3.27,2.82,0.05,0.047,take_profit,False,1,1,2763075.24,129864.54,2022
JAIBALAJI,2022-12-20,2022-12-21,11.7159,12.3016,5.81,8.25,19.37,0.05,0.047,take_profit,False,1,1,3533061.42,166053.89,2022
SUDARSCHEM,2022-12-20,2022-12-26,391.5485,361.5689,0.57,8.67,5.61,-0.076567,-0.079567,stopped_out_gap,False,6,4,2826449.14,-224892.08,2022
JINDWORLD,2022-12-20,2022-12-21,82.8125,86.9531,4.67,3.77,7.62,0.05,0.047,take_profit,False,1,1,2261159.31,106274.49,2022
LUPIN,2022-12-21,2023-01-04,740.6215,723.3869,2.51,1.81,3.28,-0.02327,-0.02627,time_exit,False,14,10,3022237.27,-79394.17,2023
THYROCARE,2022-12-21,2022-12-22,216.0979,200.971,0.68,15.71,13.45,-0.07,-0.073,stopped_out,True,1,1,2417789.82,-176498.66,2022
USHAMART,2022-12-23,2022-12-26,140.6836,147.7177,0.9,2.58,3.94,0.05,0.047,take_profit,False,3,1,3223462.46,151502.74,2022
USHAMART,2022-12-26,2022-12-27,164.9697,173.2182,12.59,6.39,15.81,0.05,0.047,take_profit,False,1,1,3774074.42,177381.5,2022
YESBANK,2022-12-26,2022-12-27,19.6098,20.5903,3.57,1.83,11.36,0.05,0.047,take_profit,False,1,1,3019259.54,141905.2,2022
EASEMYTRIP,2022-12-26,2023-01-09,27.2696,26.6442,4.3,1.91,21.44,-0.022936,-0.025936,time_exit,False,14,10,2415407.63,-62646.01,2023
IOB,2022-12-26,2022-12-27,31.2156,32.7764,4.49,1.82,16.42,0.05,0.047,take_profit,False,1,1,1932326.1,90819.33,2022
KITEX,2022-12-27,2023-01-10,65.9462,61.6734,9.2,11.13,11.67,-0.064792,-0.067792,time_exit,False,14,10,2158729.02,-146344.56,2023
JINDALSTEL,2022-12-27,2023-01-09,572.117,600.7229,5.47,3.69,7.64,0.05,0.047,take_profit,False,13,9,3373014.1,158531.66,2023
HINDALCO,2022-12-27,2023-01-10,462.121,468.0792,3.94,1.92,5.15,0.012893,0.009893,time_exit,False,14,10,2698411.28,26695.38,2023
ANANDRATHI,2023-01-04,2023-01-05,350.8035,368.3437,2.07,6.81,1.66,0.05,0.047,take_profit,False,1,1,2315551.84,108830.94,2023
BALKRISIND,2023-01-05,2023-01-19,2133.8003,2170.5389,1.72,4.64,2.08,0.017217,0.014217,time_exit,False,14,10,2337318.03,33229.65,2023
CGPOWER,2023-01-09,2023-01-12,286.0742,300.378,4.94,4.54,6.42,0.05,0.047,take_profit,False,3,3,3046715.9,143195.65,2023
ZYDUSLIFE,2023-01-09,2023-01-23,434.1,433.9103,1.42,1.81,1.85,-0.000437,-0.003437,time_exit,False,14,10,2437372.72,-8377.25,2023
SYNGENE,2023-01-10,2023-01-24,609.8415,577.6668,1.49,1.72,2.01,-0.052759,-0.055759,time_exit,False,14,10,2897396.4,-161555.93,2023
HINDCOPPER,2023-01-10,2023-01-16,121.4023,127.4724,2.27,3.69,3.09,0.05,0.047,take_profit,False,6,4,2317917.12,108942.1,2023
PVRINOX,2023-01-12,2023-01-20,1754.2267,1631.4308,0.86,2.33,2.43,-0.07,-0.073,stopped_out,True,8,6,2492316.0,-181939.07,2023
HEG,2023-01-16,2023-01-27,211.6183,196.805,1.23,3.69,4.15,-0.07,-0.073,stopped_out,True,11,8,2479224.65,-180983.4,2023
DATAMATICS,2023-01-19,2023-02-03,300.2528,292.4246,6.23,11.64,11.16,-0.026072,-0.029072,time_exit,False,15,10,2457489.25,-71444.13,2023
GALLANTT,2023-01-20,2023-01-23,68.587,72.0163,7.7,11.5,9.11,0.05,0.047,take_profit,False,3,1,2428066.79,114119.14,2023
GAIL,2023-01-23,2023-01-30,88.8099,82.5932,2.35,2.78,2.25,-0.07,-0.073,stopped_out,True,7,4,2936689.71,-214378.35,2023
GAIL,2023-01-23,2023-01-30,88.8099,82.5932,1.72,2.78,2.25,-0.07,-0.073,stopped_out,True,7,4,2349351.77,-171502.68,2023
MARUTI,2023-01-24,2023-02-08,8449.8801,8573.3128,2.28,2.21,2.94,0.014608,0.011608,time_exit,False,15,10,2426649.51,28168.55,2023
BAJAJ-AUTO,2023-01-27,2023-02-10,3697.286,3594.9821,2.0,6.78,2.25,-0.02767,-0.03067,time_exit,False,14,10,2400967.86,-73637.68,2023
JINDALSAW,2023-01-30,2023-02-01,59.8599,62.8529,2.06,1.89,5.25,0.05,0.047,take_profit,False,2,2,2900806.38,136337.9,2023
DATAPATTNS,2023-01-30,2023-01-31,1283.3761,1347.5449,8.0,9.68,2.55,0.05,0.047,take_profit,False,1,1,2320645.1,109070.32,2023
KPITTECH,2023-01-31,2023-02-02,750.4377,787.9596,1.25,3.01,7.56,0.05,0.047,take_profit,False,2,2,2342459.16,110095.58,2023
INDHOTEL,2023-02-01,2023-02-15,324.0743,312.2056,2.54,6.05,2.74,-0.036623,-0.039623,time_exit,False,14,10,2481396.19,-98320.36,2023
CLEAN,2023-02-02,2023-02-16,1461.5852,1445.5573,3.1,4.7,7.64,-0.010966,-0.013966,time_exit,False,14,10,2475627.9,-34574.62,2023
KTKBANK,2023-02-03,2023-02-13,141.3331,131.4397,3.75,5.11,3.97,-0.07,-0.073,stopped_out,True,10,6,2457711.34,-179412.93,2023
PGIL,2023-02-08,2023-02-09,207.5381,221.204,9.39,9.17,4.24,0.065847,0.062847,take_profit_gap,False,1,1,2457132.69,154423.42,2023
TRENT,2023-02-09,2023-02-23,1338.5212,1323.5314,1.24,4.71,4.02,-0.011199,-0.014199,time_exit,False,14,10,2488017.37,-35327.36,2023
BECTORFOOD,2023-02-10,2023-02-14,101.3883,106.4577,2.14,1.9,1.83,0.05,0.047,take_profit,False,4,2,2455879.93,115426.36,2023
VAIBHAVGBL,2023-02-13,2023-02-20,293.2455,307.9077,1.68,3.64,3.35,0.05,0.047,take_profit,False,7,5,2420363.63,113757.09,2023
UPL,2023-02-14,2023-02-27,742.087,690.1409,2.99,2.85,3.41,-0.07,-0.073,stopped_out,True,13,9,2450552.16,-178890.31,2023
TORNTPOWER,2023-02-15,2023-02-28,462.6753,485.809,4.98,11.31,2.02,0.05,0.047,take_profit,False,13,9,2437056.89,114541.67,2023
HAL,2023-02-16,2023-03-02,1281.3271,1301.7295,4.73,3.19,6.87,0.015923,0.012923,time_exit,False,14,10,2437856.17,31504.42,2023
JBMA,2023-02-20,2023-03-06,289.775,287.4674,2.55,3.5,4.02,-0.007963,-0.010963,time_exit,False,14,10,2457109.08,-26937.29,2023
USHAMART,2023-02-23,2023-03-08,176.7463,185.5836,1.11,2.11,7.81,0.05,0.047,take_profit,False,13,8,2456225.27,115442.59,2023
TIINDIA,2023-02-27,2023-02-28,2652.6689,2785.3024,1.36,1.6,3.68,0.05,0.047,take_profit,False,1,1,2419312.58,113707.69,2023
ABCAPITAL,2023-02-28,2023-03-02,145.9229,153.2191,1.92,1.57,3.04,0.05,0.047,take_profit,False,2,2,2952373.84,138761.57,2023
PHOENIXLTD,2023-02-28,2023-03-10,687.9018,639.7486,0.9,1.99,4.52,-0.07,-0.073,stopped_out,True,10,7,2361899.07,-172418.63,2023
STARCEMENT,2023-03-02,2023-03-15,112.5465,104.6682,1.01,2.14,2.62,-0.07,-0.073,stopped_out,True,13,8,2401294.76,-175294.52,2023
TEGA,2023-03-02,2023-03-09,663.9856,697.1849,1.88,2.11,4.13,0.05,0.047,take_profit,False,7,4,3001618.45,141076.07,2023
GODREJIND,2023-03-06,2023-03-15,437.4186,406.7993,2.41,2.42,3.85,-0.07,-0.073,stopped_out,True,9,6,2407070.17,-175716.12,2023
NCC,2023-03-08,2023-03-16,94.7533,99.4909,4.76,5.81,4.6,0.05,0.047,take_profit,False,8,6,2439989.71,114679.52,2023
JBMA,2023-03-09,2023-03-10,311.9694,327.5679,3.36,2.87,4.76,0.05,0.047,take_profit,False,1,1,2580530.67,121284.94,2023
KSB,2023-03-10,2023-03-24,410.3604,409.2617,1.82,6.03,6.05,-0.002677,-0.005677,time_exit,False,14,10,3042683.74,-17273.32,2023
SEQUENT,2023-03-10,2023-03-13,80.8904,75.2281,17.34,11.26,6.38,-0.07,-0.073,stopped_out,True,3,1,2434147.0,-177692.73,2023
ZENTEC,2023-03-14,2023-03-17,292.9378,307.5847,1.99,2.51,12.0,0.05,0.047,take_profit,False,3,3,2398608.45,112734.6,2023
PETRONET,2023-03-15,2023-03-28,211.3512,196.5566,2.07,1.73,2.47,-0.07,-0.073,stopped_out,True,13,9,2810357.62,-205156.11,2023
IEX,2023-03-15,2023-03-27,143.6796,133.622,1.55,3.63,2.89,-0.07,-0.073,stopped_out,True,12,8,2248286.09,-164124.88,2023
TITAN,2023-03-16,2023-03-31,2428.3801,2489.8599,0.88,2.42,1.53,0.025317,0.022317,time_exit,False,15,10,2309562.72,51542.51,2023
JBMA,2023-03-17,2023-04-03,312.7675,328.4058,1.23,2.33,8.05,0.05,0.047,take_profit,False,17,10,2349918.78,110446.18,2023
GESHIP,2023-03-24,2023-03-31,562.8089,590.9493,2.39,2.28,3.35,0.05,0.047,take_profit,False,7,4,2485017.11,116795.8,2023
VIJAYA,2023-03-27,2023-03-28,445.8794,414.6678,1.8,15.3,16.38,-0.07,-0.073,stopped_out,True,1,1,2404845.93,-175553.75,2023
JKCEMENT,2023-03-29,2023-04-18,2928.3206,2973.1055,1.53,2.05,3.91,0.015294,0.012294,time_exit,False,20,10,2890775.48,35539.19,2023
NHPC,2023-03-29,2023-04-18,38.7154,40.0248,1.08,2.54,5.99,0.033822,0.030822,time_exit,False,20,10,2312620.39,71279.59,2023
PGIL,2023-03-31,2023-04-18,196.9723,206.8209,0.89,4.82,2.44,0.05,0.047,take_profit,False,18,9,2274143.95,106884.77,2023
SANSERA,2023-03-31,2023-04-19,742.8129,720.6756,1.09,2.96,3.1,-0.029802,-0.032802,time_exit,False,19,10,2842679.94,-93245.59,2023
TIPSMUSIC,2023-04-03,2023-04-12,149.9042,157.3995,4.56,2.76,6.7,0.05,0.047,take_profit,False,9,5,2311388.15,108635.24,2023
KPIGREEN,2023-04-12,2023-04-17,98.5797,103.5087,0.73,1.53,1.6,0.05,0.047,take_profit,False,5,2,2333115.2,109656.41,2023
SONACOMS,2023-04-17,2023-04-28,451.4447,474.0169,2.72,1.59,3.45,0.05,0.047,take_profit,False,11,9,2355046.49,110687.18,2023
IDFCFIRSTB,2023-04-18,2023-04-27,56.3438,59.161,1.63,2.02,2.45,0.05,0.047,take_profit,False,9,7,3422285.86,160847.44,2023
IDFCFIRSTB,2023-04-18,2023-04-27,56.3438,59.161,1.68,2.02,2.45,0.05,0.047,take_profit,False,9,7,2737828.69,128677.95,2023
KPIGREEN,2023-04-18,2023-04-21,106.012,111.3126,1.74,1.77,1.83,0.05,0.047,take_profit,False,3,3,2190262.95,102942.36,2023
BIKAJI,2023-04-19,2023-05-04,372.9548,369.2492,1.83,9.7,3.55,-0.009936,-0.012936,time_exit,False,15,10,2302097.23,-29779.93,2023
LUMAXTECH,2023-04-21,2023-05-03,312.2171,289.306,3.86,6.24,9.28,-0.073382,-0.076382,stopped_out_gap,False,12,7,2300318.85,-175702.95,2023
CENTRALBK,2023-04-27,2023-05-02,28.423,30.3528,5.86,2.6,3.76,0.067897,0.064897,take_profit_gap,False,5,2,3130183.07,203139.49,2023
GESHIP,2023-04-27,2023-05-12,599.1307,609.3366,1.25,1.62,2.41,0.017034,0.014034,time_exit,False,15,10,2504146.45,35143.19,2023
TDPOWERSYS,2023-04-28,2023-05-05,172.9343,181.581,1.75,1.77,2.2,0.05,0.047,take_profit,False,7,4,2496463.9,117333.8,2023
IRB,2023-05-02,2023-05-16,28.033,28.3974,0.55,2.43,1.96,0.012997,0.009997,time_exit,False,14,10,2663835.63,26630.36,2023
ACE,2023-05-03,2023-05-16,437.7294,459.6159,2.71,2.09,5.57,0.05,0.047,take_profit,False,13,9,2555991.68,120131.61,2023
IONEXCHANG,2023-05-04,2023-05-08,357.907,375.8024,4.46,3.25,6.34,0.05,0.047,take_profit,False,4,2,2499256.81,117465.07,2023
HAPPSTMNDS,2023-05-05,2023-05-19,850.8188,853.4307,0.8,8.37,5.13,0.00307,7e-05,time_exit,False,14,10,2522164.98,176.55,2023
ASTRAL,2023-05-08,2023-05-16,1533.9896,1637.0956,0.86,1.58,1.85,0.067214,0.064214,take_profit_gap,False,8,6,2541076.36,163172.68,2023
ADVENZYMES,2023-05-12,2023-05-15,276.3113,290.1269,0.52,4.74,5.02,0.05,0.047,take_profit,False,3,1,2540719.02,119413.79,2023
UJJIVANSFB,2023-05-15,2023-05-16,31.5405,33.1175,5.45,4.36,6.45,0.05,0.047,take_profit,False,1,1,2564601.78,120536.28,2023
HUDCO,2023-05-16,2023-05-29,53.3277,49.5948,3.16,4.58,6.35,-0.07,-0.073,stopped_out,True,13,9,4202876.7,-306810.0,2023
ASTRAL,2023-05-16,2023-05-26,1676.0001,1759.8001,3.69,9.16,2.27,0.05,0.047,take_profit,False,10,8,3362301.36,158028.16,2023
BDL,2023-05-16,2023-05-25,520.1126,483.7048,2.6,2.04,3.4,-0.07,-0.073,stopped_out,True,9,7,2689841.09,-196358.4,2023
PGIL,2023-05-16,2023-05-17,250.2588,262.7717,3.15,13.63,10.85,0.05,0.047,take_profit,False,1,1,2151872.87,101138.02,2023
ZENTEC,2023-05-17,2023-05-18,332.9179,349.5638,5.62,6.07,7.75,0.05,0.047,take_profit,False,1,1,2172100.47,102088.72,2023
TEGA,2023-05-18,2023-05-24,744.1441,781.3513,3.68,7.34,8.87,0.05,0.047,take_profit,False,6,4,2192518.22,103048.36,2023
ADANIPORTS,2023-05-19,2023-05-22,677.6285,711.5099,0.5,1.57,3.63,0.05,0.047,take_profit,False,3,1,2258482.88,106148.7,2023
ELGIEQUIP,2023-05-22,2023-05-31,551.8803,513.2487,9.64,10.84,14.95,-0.07,-0.073,stopped_out,True,9,7,2279712.62,-166419.02,2023
AMBER,2023-05-24,2023-06-07,2131.5152,2132.7832,0.8,1.51,4.69,0.000595,-0.002405,time_exit,False,14,10,2282883.41,-5490.33,2023
SKYGOLD,2023-05-25,2023-05-30,40.8456,42.8879,7.74,9.29,18.89,0.05,0.047,take_profit,False,5,3,2325003.27,109275.15,2023
KTKBANK,2023-05-26,2023-05-29,133.6181,140.299,4.35,3.0,3.57,0.05,0.047,take_profit,False,3,1,2564068.52,120511.22,2023
PRINCEPIPE,2023-05-29,2023-06-12,635.5678,667.3462,3.36,9.54,4.05,0.05,0.047,take_profit,False,14,10,2693907.28,126613.64,2023
AHLUCONT,2023-05-29,2023-06-12,579.6027,585.7591,6.69,8.61,3.31,0.010622,0.007622,time_exit,False,14,10,3367384.1,25666.2,2023
MCX,2023-05-30,2023-06-08,285.034,299.2857,0.84,2.25,3.75,0.05,0.047,take_profit,False,9,7,2641981.51,124173.13,2023
ICIL,2023-05-31,2023-06-01,169.1285,177.5849,6.3,9.22,3.56,0.05,0.047,take_profit,False,1,1,2536243.93,119203.46,2023
WELSPUNLIV,2023-06-01,2023-06-05,95.0388,99.7908,1.74,1.62,3.88,0.05,0.047,take_profit,False,4,2,2560084.62,120323.98,2023
TATACHEM,2023-06-05,2023-06-19,954.3519,953.7111,0.94,5.51,1.63,-0.000671,-0.003671,time_exit,False,14,10,2584149.42,-9486.41,2023
ITI,2023-06-07,2023-06-21,113.6068,110.1449,1.06,4.34,4.65,-0.030472,-0.033472,time_exit,False,14,10,2522798.15,-84443.1,2023
TTML,2023-06-08,2023-06-09,78.4392,82.3612,9.63,9.35,13.54,0.05,0.047,take_profit,False,1,1,2571469.45,120859.06,2023
BLUEDART,2023-06-09,2023-06-21,6507.8568,6906.7287,0.7,2.22,1.59,0.061291,0.058291,take_profit_gap,False,12,8,2595641.26,151302.52,2023
USHAMART,2023-06-12,2023-06-13,265.095,278.3497,6.51,4.07,5.14,0.05,0.047,take_profit,False,1,1,3319227.25,156003.68,2023
NAZARA,2023-06-12,2023-06-13,165.3451,173.6124,4.24,3.49,4.48,0.05,0.047,take_profit,False,1,1,2655381.8,124802.94,2023
GPIL,2023-06-13,2023-06-14,422.0505,443.153,4.74,5.09,4.21,0.05,0.047,take_profit,False,1,1,3375388.58,158643.26,2023
ARVIND,2023-06-13,2023-06-27,125.2867,126.0046,2.54,1.68,5.61,0.00573,0.00273,time_exit,False,14,10,2700310.86,7371.85,2023
BLS,2023-06-14,2023-06-22,191.9824,201.5815,1.99,2.11,4.26,0.05,0.047,take_profit,False,8,6,2867055.06,134751.59,2023
BORORENEW,2023-06-19,2023-06-26,549.0244,510.5927,1.37,3.32,3.54,-0.07,-0.073,stopped_out,True,7,5,2808576.65,-205026.1,2023
JKTYRE,2023-06-21,2023-06-27,190.3752,199.894,1.18,1.88,2.3,0.05,0.047,take_profit,False,6,4,2627136.87,123475.43,2023
GMDCLTD,2023-06-21,2023-07-06,156.8986,154.2195,1.96,4.81,3.58,-0.017075,-0.020075,time_exit,False,15,10,3283921.09,-65924.72,2023
BSE,2023-06-22,2023-07-03,196.5961,206.426,2.24,6.08,2.94,0.05,0.047,take_profit,False,11,6,2702070.82,126997.33,2023
ZENTEC,2023-06-26,2023-07-11,418.1689,439.0773,0.84,1.71,6.83,0.05,0.047,take_profit,False,15,10,2682366.77,126071.24,2023
ELECON,2023-06-27,2023-07-03,292.7101,307.3456,1.88,2.87,6.25,0.05,0.047,take_profit,False,6,3,3237552.42,152164.96,2023
INDIGO,2023-06-27,2023-06-30,2526.7449,2653.0822,2.08,2.05,2.13,0.05,0.047,take_profit,False,3,2,2590041.93,121731.97,2023
KFINTECH,2023-06-30,2023-07-13,366.3829,384.702,1.92,5.88,6.84,0.05,0.047,take_profit,False,13,9,2614388.33,122876.25,2023
CAMS,2023-07-03,2023-07-17,436.7068,432.3978,2.18,6.46,2.44,-0.009867,-0.012867,time_exit,False,14,10,3335267.77,-42914.89,2023
LTF,2023-07-03,2023-07-17,131.3571,126.3054,1.75,3.66,5.61,-0.038458,-0.041458,time_exit,False,14,10,2668214.22,-110618.82,2023
BSE,2023-07-06,2023-07-12,229.9189,241.4148,1.64,3.82,3.29,0.05,0.047,take_profit,False,6,4,2778170.65,130574.02,2023
ELECON,2023-07-11,2023-07-14,358.7642,376.7024,10.39,8.58,13.72,0.05,0.047,take_profit,False,3,3,2784224.12,130858.53,2023
NLCINDIA,2023-07-12,2023-07-25,109.5707,115.0492,2.08,1.94,4.1,0.05,0.047,take_profit,False,13,9,2809128.23,132029.03,2023
NAUKRI,2023-07-13,2023-07-27,914.9245,903.1913,0.52,1.95,3.41,-0.012824,-0.015824,time_exit,False,14,10,2794755.5,-44224.21,2023
PERSISTENT,2023-07-14,2023-07-28,2425.4055,2311.1815,0.69,2.33,2.18,-0.047095,-0.050095,time_exit,False,14,10,2818820.93,-141208.83,2023
INDUSTOWER,2023-07-17,2023-07-26,171.6358,180.2176,2.42,2.25,4.25,0.05,0.047,take_profit,False,9,7,3425046.4,160977.18,2023
COCHINSHIP,2023-07-17,2023-07-25,321.0009,337.051,0.72,2.94,4.37,0.05,0.047,take_profit,False,8,6,2740037.12,128781.74,2023
HINDALCO,2023-07-25,2023-08-08,441.0263,445.7313,1.97,1.57,3.06,0.010668,0.007668,time_exit,False,14,10,2683219.93,20574.93,2023
JYOTHYLAB,2023-07-25,2023-07-26,285.95,300.4924,18.03,10.66,19.05,0.050857,0.047857,take_profit_gap,False,1,1,3354024.92,160513.57,2023
IRCON,2023-07-26,2023-08-07,92.4494,97.0719,0.62,1.84,5.39,0.05,0.047,take_profit,False,12,8,3566688.36,167634.35,2023
RBLBANK,2023-07-26,2023-07-27,235.2765,247.0403,2.09,2.11,6.19,0.05,0.047,take_profit,False,1,1,2853350.69,134107.48,2023
SPARC,2023-07-27,2023-07-31,234.117,245.8228,1.73,1.67,2.01,0.05,0.047,take_profit,False,4,2,3430278.44,161223.09,2023
CIPLA,2023-07-27,2023-08-04,1149.8979,1207.3928,6.29,7.93,5.06,0.05,0.047,take_profit,False,8,6,2744222.75,128978.47,2023
MAHLIFE,2023-07-28,2023-08-11,504.7884,511.1005,3.86,3.16,5.01,0.012504,0.009504,time_exit,False,14,10,2730900.62,25954.48,2023
EMAMILTD,2023-07-31,2023-08-08,438.1014,460.0064,1.56,3.75,2.35,0.05,0.047,take_profit,False,8,6,2903020.8,136441.98,2023
GRAPHITE,2023-08-04,2023-08-07,426.7263,448.0626,5.34,2.03,5.33,0.05,0.047,take_profit,False,3,1,2897056.89,136161.67,2023
SEQUENT,2023-08-07,2023-08-11,99.2996,92.3487,6.6,2.72,6.78,-0.07,-0.073,stopped_out,True,4,4,3671153.77,-267994.22,2023
HSCL,2023-08-07,2023-08-10,152.6066,160.237,5.33,3.22,7.33,0.05,0.047,take_profit,False,3,3,2936923.01,138035.38,2023
VIPIND,2023-08-08,2023-08-10,656.9157,689.7615,2.2,4.48,5.1,0.05,0.047,take_profit,False,2,2,3498189.94,164414.93,2023
NLCINDIA,2023-08-08,2023-08-09,117.6309,123.5124,2.04,1.51,3.38,0.05,0.047,take_profit,False,1,1,2798551.95,131531.94,2023
JSWENERGY,2023-08-09,2023-08-10,312.1411,327.7481,6.35,4.37,8.05,0.05,0.047,take_profit,False,1,1,2824858.34,132768.34,2023
SOLARINDS,2023-08-10,2023-08-17,4104.0036,4309.2038,1.02,2.03,3.46,0.05,0.047,take_profit,False,7,4,2687311.78,126303.65,2023
SOLARINDS,2023-08-10,2023-08-17,4104.0036,4309.2038,1.7,2.03,3.46,0.05,0.047,take_profit,False,7,4,3359139.73,157879.57,2023
BANCOINDIA,2023-08-10,2023-08-16,195.8642,205.6574,3.34,3.35,6.39,0.05,0.047,take_profit,False,6,3,4198924.66,197349.46,2023
ELECON,2023-08-11,2023-08-28,415.3289,420.3238,3.04,1.86,5.82,0.012026,0.009026,time_exit,False,17,10,3381852.35,30524.6,2023
EDELWEISS,2023-08-11,2023-08-14,47.2556,49.6184,3.48,2.24,2.16,0.05,0.047,take_profit,False,3,1,2705481.88,127157.65,2023
MAZDOCK,2023-08-14,2023-08-16,907.2082,952.5686,2.42,3.65,6.99,0.05,0.047,take_profit,False,2,1,2730913.41,128352.93,2023
JSWENERGY,2023-08-16,2023-08-25,365.5303,339.9432,2.2,2.32,2.51,-0.07,-0.073,stopped_out,True,9,7,3635838.82,-265416.23,2023
MIDHANI,2023-08-16,2023-08-23,380.8703,399.9138,6.16,3.58,10.88,0.05,0.047,take_profit,False,7,5,2908671.06,136707.54,2023
HEMIPROP,2023-08-17,2023-08-18,114.7073,120.4427,2.62,1.97,5.43,0.05,0.047,take_profit,False,1,1,3593063.79,168874.0,2023
MINDACORP,2023-08-17,2023-08-24,305.9747,321.2735,2.32,2.21,3.32,0.05,0.047,take_profit,False,7,5,2874451.03,135099.2,2023
ADANIENT,2023-08-18,2023-08-22,2576.4035,2705.2237,3.62,2.89,4.03,0.05,0.047,take_profit,False,4,2,3051948.39,143441.57,2023
ARVIND,2023-08-22,2023-08-24,162.9859,171.1352,2.13,1.61,2.05,0.05,0.047,take_profit,False,2,2,3080636.7,144789.92,2023
IMFA,2023-08-23,2023-09-04,352.6753,370.309,2.56,3.56,6.01,0.05,0.047,take_profit,False,12,8,3073585.08,144458.5,2023
ESCORTS,2023-08-24,2023-08-30,2936.0647,3082.8679,0.54,1.58,2.96,0.05,0.047,take_profit,False,6,4,3705863.44,174175.58,2023
RALLIS,2023-08-24,2023-09-07,225.6142,232.9016,2.24,5.38,5.57,0.0323,0.0293,time_exit,False,14,10,2964690.75,86865.44,2023
CHENNPETRO,2023-08-25,2023-08-29,363.8054,381.9956,0.89,1.74,1.89,0.05,0.047,take_profit,False,4,2,3045837.12,143154.34,2023
GMDCLTD,2023-08-28,2023-09-06,232.2723,243.8859,4.96,5.01,10.72,0.05,0.047,take_profit,False,9,7,3119145.08,146599.82,2023
SHAREINDIA,2023-08-29,2023-09-12,267.7386,262.9775,2.76,2.8,1.88,-0.017783,-0.020783,time_exit,False,14,10,3133114.36,-65115.52,2023
AARTIDRUGS,2023-08-30,2023-09-05,577.5468,606.4241,2.54,1.99,4.71,0.05,0.047,take_profit,False,6,4,3282499.29,154277.47,2023
SJVN,2023-09-04,2023-09-11,62.636,65.7678,0.55,2.16,1.96,0.05,0.047,take_profit,False,7,5,3269608.15,153671.58,2023
UCOBANK,2023-09-05,2023-09-08,33.7912,35.4808,1.31,2.32,2.99,0.05,0.047,take_profit,False,3,3,3303041.87,155242.97,2023
CHOICEIN,2023-09-06,2023-09-21,202.5262,203.6981,1.18,1.93,2.88,0.005786,0.002786,time_exit,False,15,10,3295582.48,9181.49,2023
STAR,2023-09-07,2023-09-15,473.4224,497.0935,2.53,5.31,3.52,0.05,0.047,take_profit,False,8,6,3246777.22,152598.53,2023
TIINDIA,2023-09-08,2023-09-11,3304.831,3470.0726,2.14,1.91,2.42,0.05,0.047,take_profit,False,3,1,3289078.74,154586.7,2023
PRAJIND,2023-09-11,2023-09-12,579.486,538.922,4.32,5.9,7.77,-0.07,-0.073,stopped_out,True,1,1,4004652.03,-292339.6,2023
PRAJIND,2023-09-11,2023-09-12,579.486,538.922,3.97,5.9,7.77,-0.07,-0.073,stopped_out,True,1,1,3203721.62,-233871.68,2023
ITI,2023-09-12,2023-09-13,167.3336,175.7003,4.01,12.73,7.21,0.05,0.047,take_profit,False,1,1,3610407.63,169689.16,2023
TCS,2023-09-12,2023-09-27,3327.9358,3332.5016,0.52,2.62,2.54,0.001372,-0.001628,time_exit,False,15,10,2888326.11,-4702.19,2023
JBCHEPHARM,2023-09-12,2023-09-27,1430.5697,1379.5321,1.87,4.63,2.29,-0.035676,-0.038676,time_exit,False,15,10,4513009.54,-174545.16,2023
BLUEDART,2023-09-13,2023-09-28,6760.5866,6623.0945,1.04,2.11,4.06,-0.020337,-0.023337,time_exit,False,15,10,3066680.24,-71567.12,2023
WELENT,2023-09-15,2023-09-22,294.0966,273.5098,5.23,1.75,7.52,-0.07,-0.073,stopped_out,True,7,4,3133219.35,-228725.01,2023
GAEL,2023-09-21,2023-09-22,147.7458,155.1331,5.69,2.4,7.75,0.05,0.047,take_profit,False,1,1,3167528.27,148873.83,2023
GAEL,2023-09-22,2023-09-25,156.7808,164.6199,2.7,7.53,3.26,0.05,0.047,take_profit,False,3,1,3778201.9,177575.49,2023
IFCI,2023-09-22,2023-09-26,23.0615,24.2146,0.87,4.37,13.27,0.05,0.047,take_profit,False,4,2,3022561.52,142060.39,2023
MANINFRA,2023-09-25,2023-09-27,149.6311,157.1127,3.75,1.77,4.08,0.05,0.047,take_profit,False,2,2,3209204.7,150832.62,2023
COCHINSHIP,2023-09-26,2023-10-11,531.0596,511.5318,5.67,2.96,10.36,-0.036771,-0.039771,time_exit,False,15,10,3200288.14,-127278.66,2023
TRITURBINE,2023-09-27,2023-10-06,437.3325,406.7192,1.28,1.98,5.51,-0.07,-0.073,stopped_out,True,9,6,2993059.61,-218493.35,2023
POLYCAB,2023-09-27,2023-10-12,5308.9442,5185.4563,0.58,1.67,3.93,-0.02326,-0.02626,time_exit,False,15,10,4676655.64,-122808.98,2023
EQUITASBNK,2023-09-27,2023-10-03,88.4597,92.8826,0.69,1.51,1.76,0.05,0.047,take_profit,False,6,3,3741324.51,175842.25,2023
SYRMA,2023-09-28,2023-10-03,594.43,624.1515,0.52,3.37,6.37,0.05,0.047,take_profit,False,5,2,2993470.31,140693.1,2023
STARCEMENT,2023-10-03,2023-10-16,159.7882,167.7776,1.12,2.25,5.23,0.05,0.047,take_profit,False,13,9,3805042.28,178836.99,2023
CARTRADE,2023-10-03,2023-10-06,585.0924,614.347,3.64,1.51,5.42,0.05,0.047,take_profit,False,3,3,3044033.83,143069.59,2023
MCX,2023-10-06,2023-10-09,406.0363,426.3381,4.22,2.1,4.38,0.05,0.047,take_profit,False,3,1,3627561.0,170495.37,2023
BSE,2023-10-06,2023-10-11,463.3765,486.5453,2.16,1.67,5.12,0.05,0.047,take_profit,False,5,3,2902048.8,136396.29,2023
KAYNES,2023-10-09,2023-10-10,2632.4655,2764.0888,0.63,2.58,2.94,0.05,0.047,take_profit,False,1,1,3081250.31,144818.76,2023
CARTRADE,2023-10-10,2023-10-13,628.8142,660.255,1.06,2.28,2.2,0.05,0.047,take_profit,False,3,3,3110214.06,146180.06,2023
PHOENIXLTD,2023-10-11,2023-10-13,959.712,1007.6976,0.78,1.95,1.81,0.05,0.047,take_profit,False,2,2,3710462.16,174391.72,2023
FSL,2023-10-11,2023-10-19,161.8334,169.9251,1.35,1.57,1.87,0.05,0.047,take_profit,False,8,6,2968369.73,139513.38,2023
POWERINDIA,2023-10-12,2023-10-16,4316.4882,4532.3126,3.68,1.7,4.33,0.05,0.047,take_profit,False,4,2,3285465.12,154416.86,2023
TEXRAIL,2023-10-13,2023-10-16,132.4309,147.7755,6.45,1.95,6.47,0.115869,0.112869,take_profit_gap,False,3,1,4056621.7,457866.83,2023
NFL,2023-10-13,2023-10-16,71.3867,74.956,0.76,1.96,2.98,0.05,0.047,take_profit,False,3,1,3245297.36,152528.98,2023
IIFL,2023-10-16,2023-10-23,663.4605,617.0183,3.03,5.09,4.9,-0.07,-0.073,stopped_out,True,7,5,2899687.99,-211677.22,2023
HERITGFOOD,2023-10-16,2023-10-17,242.6867,254.821,1.27,2.12,1.87,0.05,0.047,take_profit,False,1,1,3624609.99,170356.67,2023
NAVA,2023-10-16,2023-10-23,222.1609,206.6096,0.66,1.96,4.12,-0.07,-0.073,stopped_out,True,7,5,5663453.11,-413432.08,2023
BEML,2023-10-16,2023-10-23,1192.5628,1109.0834,1.76,2.54,5.05,-0.07,-0.073,stopped_out,True,7,5,4530762.49,-330745.66,2023
SARDAEN,2023-10-17,2023-10-23,227.5348,211.6074,1.42,2.33,5.39,-0.07,-0.073,stopped_out,True,6,4,3078743.72,-224748.29,2023
NESTLEIND,2023-10-19,2023-11-03,1172.8271,1171.953,2.3,4.11,3.76,-0.000745,-0.003745,time_exit,False,15,10,3084571.6,-11551.72,2023
BSE,2023-10-23,2023-10-25,564.4332,592.6549,5.92,4.02,4.09,0.05,0.047,take_profit,False,2,1,5466066.09,256905.11,2023
BSE,2023-10-23,2023-10-25,564.4332,592.6549,5.34,4.02,4.09,0.05,0.047,take_profit,False,2,1,4372852.87,205524.09,2023
CREDITACC,2023-10-23,2023-10-27,1496.2888,1571.1032,2.32,11.47,5.78,0.05,0.047,take_profit,False,4,3,3498282.3,164419.27,2023
IPCALAB,2023-10-23,2023-11-07,993.2357,999.8924,3.1,8.33,1.92,0.006702,0.003702,time_exit,False,15,10,2798625.84,10360.51,2023
SHAREINDIA,2023-10-25,2023-11-01,286.3314,300.6479,0.77,2.04,4.19,0.05,0.047,take_profit,False,7,5,4299170.3,202061.0,2023
NUVAMA,2023-10-26,2023-10-30,437.5727,468.7259,2.77,1.68,8.18,0.071195,0.068195,take_profit_gap,False,4,2,3439336.24,234545.54,2023
PATANJALI,2023-10-27,2023-10-31,420.0,441.0,0.72,1.51,1.98,0.05,0.047,take_profit,False,4,2,3484009.31,163748.44,2023
DBREALTY,2023-10-30,2023-11-02,167.5837,175.9629,0.6,2.14,2.29,0.05,0.047,take_profit,False,3,3,3521983.8,165533.24,2023
THOMASCOOK,2023-10-31,2023-11-02,134.3915,141.1111,1.11,7.17,3.92,0.05,0.047,take_profit,False,2,2,3547138.59,166715.51,2023
SHAREINDIA,2023-11-01,2023-11-02,304.9142,320.1599,2.91,2.93,2.78,0.05,0.047,take_profit,False,1,1,3737957.13,175683.99,2023
LUPIN,2023-11-02,2023-11-09,1157.4795,1215.3534,2.8,2.67,2.58,0.05,0.047,take_profit,False,7,5,4202694.53,197526.64,2023
NLCINDIA,2023-11-02,2023-11-08,136.389,143.2084,2.47,2.08,4.04,0.05,0.047,take_profit,False,6,4,3362155.62,158021.31,2023
SPARC,2023-11-02,2023-11-09,238.0189,249.9199,0.69,4.53,2.34,0.05,0.047,take_profit,False,7,5,5253368.16,246908.3,2023
BLS,2023-11-03,2023-11-20,274.2822,255.0825,3.28,1.81,4.74,-0.07,-0.073,stopped_out,True,17,10,3304328.47,-241215.98,2023
JSWINFRA,2023-11-07,2023-11-17,205.1403,215.3973,6.29,3.22,5.92,0.05,0.047,take_profit,False,10,7,3205260.05,150647.22,2023
GPPL,2023-11-08,2023-11-13,117.9391,123.8361,2.7,2.88,5.42,0.05,0.047,take_profit,False,5,3,3268243.43,153607.44,2023
ELGIEQUIP,2023-11-09,2023-11-24,531.2504,518.9576,1.02,4.9,1.85,-0.023139,-0.026139,time_exit,False,15,10,4594694.27,-120100.71,2023
GABRIEL,2023-11-09,2023-11-15,359.4895,377.464,1.66,2.83,4.46,0.05,0.047,take_profit,False,6,3,3675755.41,172760.5,2023
BHEL,2023-11-13,2023-11-23,136.1675,142.9759,1.01,3.51,5.85,0.05,0.047,take_profit,False,10,7,3624974.5,170373.8,2023
SANDUMA,2023-11-15,2023-11-30,87.4196,85.5527,2.86,2.14,6.63,-0.021356,-0.024356,time_exit,False,15,10,3669682.79,-89378.79,2023
KEI,2023-11-17,2023-11-21,2715.3431,2851.1102,1.04,2.6,2.17,0.05,0.047,take_profit,False,4,2,3606927.68,169525.6,2023
ZENSARTECH,2023-11-20,2023-12-05,517.6742,514.9776,1.64,2.98,2.19,-0.005209,-0.008209,time_exit,False,15,10,3498164.65,-28716.43,2023
MFSL,2023-11-21,2023-12-04,979.7396,1029.485,0.54,2.17,3.16,0.050774,0.047774,take_profit_gap,False,13,8,3553822.37,169780.31,2023
AFFLE,2023-11-23,2023-11-29,1085.1423,1139.3994,1.95,3.93,3.2,0.05,0.047,take_profit,False,6,3,3602127.56,169300.0,2023
NIACL,2023-11-24,2023-11-28,205.6084,215.8889,12.87,8.88,18.75,0.05,0.047,take_profit,False,4,1,3776620.76,177501.18,2023
ADANIPORTS,2023-11-28,2023-12-04,830.4977,872.0226,3.62,4.21,3.93,0.05,0.047,take_profit,False,6,4,3812120.99,179169.69,2023
CYIENT,2023-11-29,2023-12-04,1872.1462,1965.7535,1.85,1.55,2.26,0.05,0.047,take_profit,False,5,3,3803982.31,178787.17,2023
GRANULES,2023-11-30,2023-12-14,397.4731,384.206,0.88,3.13,3.11,-0.033379,-0.036379,time_exit,False,14,10,3759246.64,-136757.63,2023
GREAVESCOT,2023-12-04,2023-12-18,136.5336,135.223,2.58,4.38,4.42,-0.009599,-0.012599,time_exit,False,14,10,5346929.88,-67365.97,2023
BPCL,2023-12-04,2023-12-18,196.6095,199.341,1.2,2.6,3.71,0.013893,0.010893,time_exit,False,14,10,4277543.91,46595.29,2023
AURIONPRO,2023-12-04,2023-12-08,962.1993,1023.1215,4.95,1.69,2.4,0.063316,0.060316,take_profit_gap,False,4,4,3422035.13,206403.47,2023
ABB,2023-12-05,2023-12-19,4786.7755,4774.4426,0.8,2.95,3.94,-0.002576,-0.005576,time_exit,False,14,10,3431517.74,-19134.14,2023
SWANCORP,2023-12-08,2023-12-14,465.3583,488.6262,1.05,3.76,1.59,0.05,0.047,take_profit,False,6,4,3470901.91,163132.39,2023
SHRIRAMFIN,2023-12-14,2023-12-29,410.6439,397.6454,2.76,2.26,5.6,-0.031654,-0.034654,time_exit,False,15,10,4228026.19,-146518.02,2023
ZENSARTECH,2023-12-14,2023-12-15,518.6437,544.5759,2.23,2.32,1.95,0.05,0.047,take_profit,False,1,1,3382420.95,158973.78,2023
HEG,2023-12-15,2023-12-27,358.7957,376.7355,1.59,4.73,3.89,0.05,0.047,take_profit,False,12,7,3414215.71,160468.14,2023
WEBELSOLAR,2023-12-18,2023-12-19,26.7584,28.7856,4.82,1.53,9.25,0.07576,0.07276,take_profit_gap,False,1,1,4652113.19,338487.76,2023
AARTIDRUGS,2023-12-18,2023-12-19,488.3658,512.7841,2.6,2.1,4.0,0.05,0.047,take_profit,False,1,1,3721690.55,174919.46,2023
PCJEWELLER,2023-12-19,2023-12-20,4.1671,4.3754,17.65,5.68,16.5,0.05,0.047,take_profit,False,1,1,5437271.35,255551.75,2023
GESHIP,2023-12-19,2023-12-22,920.0776,966.0815,2.17,3.74,5.0,0.05,0.047,take_profit,False,3,3,4349817.08,204441.4,2023
VBL,2023-12-19,2023-12-20,466.7725,535.2977,1.39,1.55,2.49,0.146806,0.143806,take_profit_gap,False,1,1,3479853.67,500423.84,2023
OIL,2023-12-20,2023-12-21,224.2885,235.5029,4.41,7.36,3.03,0.05,0.047,take_profit,False,1,1,3774802.44,177415.71,2023
GALLANTT,2023-12-20,2023-12-21,123.3271,129.4934,0.57,5.51,6.82,0.05,0.047,take_profit,False,1,1,4718503.05,221769.64,2023
SONACOMS,2023-12-21,2023-12-27,563.424,591.5952,0.73,2.4,6.21,0.05,0.047,take_profit,False,6,3,4798340.13,225521.99,2023
GALLANTT,2023-12-21,2023-12-22,131.0973,137.6522,1.75,3.28,6.56,0.05,0.047,take_profit,False,1,1,3838672.1,180417.59,2023
GLAND,2023-12-22,2023-12-27,1832.1837,1923.7929,1.31,2.21,2.6,0.05,0.047,take_profit,False,5,2,4785607.32,224923.54,2023
JUBLPHARMA,2023-12-22,2024-01-01,527.5856,565.9951,0.87,1.7,2.67,0.072802,0.069802,take_profit_gap,False,10,5,3828485.85,267235.97,2024
HINDALCO,2023-12-27,2024-01-10,598.0633,572.2587,1.43,2.04,4.05,-0.043147,-0.046147,time_exit,False,14,10,5784604.05,-266942.12,2024
BAJAJ-AUTO,2023-12-27,2024-01-03,6494.2953,6819.0101,2.85,2.14,3.7,0.05,0.047,take_profit,False,7,5,4627683.24,217501.11,2024
LICI,2023-12-27,2024-01-01,803.5747,843.7534,0.97,1.87,4.64,0.05,0.047,take_profit,False,5,3,3702146.59,174000.89,2024
ASHOKLEY,2023-12-29,2024-01-12,85.3729,82.9857,3.0,2.41,2.4,-0.027962,-0.030962,time_exit,False,14,10,3778018.91,-116975.02,2024
SPARC,2024-01-01,2024-01-02,307.6538,323.0364,5.56,5.21,6.79,0.05,0.047,take_profit,False,1,1,4616788.99,216989.08,2024
JPPOWER,2024-01-01,2024-01-02,14.7574,15.4952,1.08,1.61,5.36,0.05,0.047,take_profit,False,1,1,3693431.19,173591.27,2024
ALLCARGO,2024-01-02,2024-01-09,87.1368,81.0373,5.96,3.73,4.77,-0.07,-0.073,stopped_out,True,7,5,4694905.06,-342728.07,2024
SHRIPISTON,2024-01-02,2024-01-16,1587.5569,1589.1318,0.7,1.83,1.98,0.000992,-0.002008,time_exit,False,14,10,3755924.04,-7541.9,2024
RELINFRA,2024-01-03,2024-01-04,215.2576,226.0204,1.77,2.5,3.46,0.05,0.047,take_profit,False,1,1,3973776.11,186767.48,2024
NIACL,2024-01-04,2024-01-18,224.2509,217.393,1.97,1.82,3.85,-0.030582,-0.033582,time_exit,False,14,10,4011129.6,-134701.75,2024
PURVA,2024-01-09,2024-01-10,215.5431,226.3203,2.83,2.12,7.21,0.05,0.047,take_profit,False,1,1,4079339.08,191728.94,2024
TRENT,2024-01-10,2024-01-25,3170.2633,3225.1754,0.93,1.74,1.51,0.017321,0.014321,time_exit,False,15,10,4176973.8,59818.44,2024
YESBANK,2024-01-10,2024-01-24,25.5127,23.7269,0.59,1.85,5.59,-0.07,-0.073,stopped_out,True,14,9,5221217.25,-381148.86,2024
IFCI,2024-01-12,2024-01-15,30.9154,32.4612,1.46,2.01,3.34,0.05,0.047,take_profit,False,3,1,4073787.82,191468.03,2024
IRCON,2024-01-15,2024-01-17,195.183,204.9422,1.04,2.54,3.05,0.05,0.047,take_profit,False,2,2,4112081.42,193267.83,2024
IOC,2024-01-16,2024-01-23,130.9726,138.0398,1.2,2.16,3.87,0.053959,0.050959,take_profit_gap,False,7,4,4039341.57,205840.81,2024
ICICIGI,2024-01-17,2024-02-02,1435.6804,1478.2257,2.74,7.19,3.15,0.029634,0.026634,time_exit,False,16,10,4092543.1,109000.79,2024
OFSS,2024-01-18,2024-01-19,6057.7017,6360.5867,20.05,9.83,16.99,0.05,0.047,take_profit,False,1,1,4049320.05,190318.04,2024
CEATLTD,2024-01-19,2024-01-23,2542.5631,2852.587,7.84,3.79,2.2,0.121934,0.118934,take_profit_gap,False,4,1,4087383.66,486128.89,2024
CIPLA,2024-01-23,2024-02-07,1383.0775,1410.8687,4.54,3.95,1.73,0.020094,0.017094,time_exit,False,15,10,5033645.91,86045.14,2024
KARURVYSYA,2024-01-23,2024-01-29,149.2041,156.6643,2.82,7.31,3.54,0.05,0.047,take_profit,False,6,3,4026916.73,189265.09,2024
CHOLAHLDNG,2024-01-24,2024-01-29,1085.009,1139.2595,2.77,1.92,5.35,0.05,0.047,take_profit,False,5,2,4189547.06,196908.71,2024
AMBUJACEM,2024-01-25,2024-02-09,556.7054,572.0843,5.68,2.02,5.69,0.027625,0.024625,time_exit,False,15,10,4198996.1,103400.28,2024
JKIL,2024-01-29,2024-02-05,648.1459,680.5532,3.09,6.77,6.74,0.05,0.047,take_profit,False,7,5,5079724.4,238747.05,2024
LATENTVIEW,2024-01-29,2024-02-06,474.187,497.8963,1.51,4.48,3.7,0.05,0.047,take_profit,False,8,6,4063779.52,190997.64,2024
NTPC,2024-02-02,2024-02-16,314.066,321.8179,0.96,1.53,2.62,0.024683,0.021683,time_exit,False,14,10,4091332.39,88712.36,2024
NLCINDIA,2024-02-05,2024-02-06,264.6418,277.8739,2.16,3.23,1.66,0.05,0.047,take_profit,False,1,1,4336760.2,203827.73,2024
LATENTVIEW,2024-02-06,2024-02-20,524.212,514.1928,3.26,5.26,6.71,-0.019113,-0.022113,time_exit,False,14,10,4182784.94,-92493.92,2024
JINDWORLD,2024-02-06,2024-02-07,69.2067,64.3622,4.99,13.34,13.57,-0.07,-0.073,stopped_out,True,1,1,5228481.18,-381679.13,2024
IOB,2024-02-07,2024-02-08,79.6898,74.1115,2.95,4.55,17.05,-0.07,-0.073,stopped_out,True,1,1,5339526.58,-389785.44,2024
YESBANK,2024-02-07,2024-02-08,29.8149,31.3056,10.74,1.57,14.18,0.05,0.047,take_profit,False,1,1,4271621.26,200766.2,2024
YATHARTH,2024-02-08,2024-02-09,425.1124,446.3681,1.08,3.04,4.14,0.05,0.047,take_profit,False,1,1,5301722.73,249180.97,2024
YATHARTH,2024-02-08,2024-02-09,425.1124,446.3681,0.86,3.04,4.14,0.05,0.047,take_profit,False,1,1,4241378.18,199344.77,2024
ETERNAL,2024-02-09,2024-02-12,149.5247,157.001,1.34,3.36,1.74,0.05,0.047,take_profit,False,3,1,6251907.15,293839.64,2024
SUNPHARMA,2024-02-09,2024-02-23,1506.7636,1531.1986,1.44,2.47,2.26,0.016217,0.013217,time_exit,False,14,10,5001525.72,66105.17,2024
ACC,2024-02-09,2024-02-23,2611.3416,2659.8528,2.68,3.07,4.29,0.018577,0.015577,time_exit,False,14,10,4001220.58,62327.01,2024
JINDWORLD,2024-02-12,2024-02-13,68.6367,72.0686,1.19,1.94,5.34,0.05,0.047,take_profit,False,1,1,4510125.82,211975.91,2024
360ONE,2024-02-13,2024-02-15,679.577,713.5558,2.12,2.67,6.29,0.05,0.047,take_profit,False,2,2,4552521.0,213968.49,2024
DCAL,2024-02-15,2024-02-16,205.3026,215.5677,2.0,3.65,9.44,0.05,0.047,take_profit,False,1,1,4595314.7,215979.79,2024
MAHLIFE,2024-02-16,2024-02-23,587.0161,616.3669,0.89,2.18,3.19,0.05,0.047,take_profit,False,7,5,5474519.61,257302.42,2024
GRANULES,2024-02-16,2024-02-26,453.381,476.05,4.53,2.98,4.01,0.05,0.047,take_profit,False,10,6,4379615.69,205841.94,2024
ALLCARGO,2024-02-20,2024-03-04,82.4947,86.6194,6.33,12.59,13.73,0.05,0.047,take_profit,False,13,9,4321750.75,203122.29,2024
RAILTEL,2024-02-23,2024-02-27,401.9388,422.0358,5.2,2.18,6.78,0.05,0.047,take_profit,False,4,2,4115200.45,193414.42,2024
JIOFIN,2024-02-23,2024-02-28,333.5968,310.245,6.12,4.72,9.21,-0.07,-0.073,stopped_out,True,5,3,5144000.56,-375512.04,2024
SAMMAANCAP,2024-02-23,2024-02-27,204.4849,190.171,4.93,2.54,9.7,-0.07,-0.073,stopped_out,True,4,2,6430000.71,-469390.05,2024
CARTRADE,2024-02-26,2024-02-29,760.6801,798.7141,7.04,3.45,8.77,0.05,0.047,take_profit,False,3,3,4209251.89,197834.84,2024
ICICIGI,2024-02-27,2024-03-13,1704.4663,1620.4225,1.36,5.22,3.7,-0.049308,-0.052308,time_exit,False,15,10,5421246.61,-283574.57,2024
ABSLAMC,2024-02-27,2024-03-13,502.1635,467.0121,1.52,5.21,3.12,-0.07,-0.073,stopped_out,True,15,10,4336997.29,-316600.8,2024
HAVELLS,2024-02-28,2024-03-14,1515.802,1497.1143,1.89,5.31,3.74,-0.012329,-0.015329,time_exit,False,15,10,4423295.54,-67804.7,2024
ZENTEC,2024-02-29,2024-03-04,864.5471,973.4576,2.02,1.59,3.45,0.125974,0.122974,take_profit_gap,False,4,2,4420053.78,543551.69,2024
PNCINFRA,2024-03-04,2024-03-11,461.8865,429.5545,5.2,2.8,6.04,-0.07,-0.073,stopped_out,True,7,4,5433738.72,-396662.93,2024
NTPC,2024-03-04,2024-03-13,337.4958,313.8711,2.6,2.5,1.68,-0.07,-0.073,stopped_out,True,9,6,4346990.98,-317330.34,2024
KPIL,2024-03-11,2024-03-13,1091.972,1015.5339,4.51,5.38,2.92,-0.07,-0.073,stopped_out,True,2,2,4485007.94,-327405.58,2024
SOLARINDS,2024-03-14,2024-03-15,8138.0162,8544.917,1.33,1.96,10.87,0.05,0.047,take_profit,False,1,1,7928170.83,372624.03,2024
SOLARINDS,2024-03-15,2024-03-22,8848.0703,9290.4738,1.02,3.21,7.08,0.05,0.047,take_profit,False,7,5,8002695.63,376126.69,2024
JAMNAAUTO,2024-03-15,2024-03-20,117.2019,123.062,3.98,2.01,5.0,0.05,0.047,take_profit,False,5,3,6402156.51,300901.36,2024
SAPPHIRE,2024-03-15,2024-03-19,288.204,302.6142,3.38,3.89,4.42,0.05,0.047,take_profit,False,4,2,5121725.21,240721.08,2024
COLPAL,2024-03-15,2024-04-02,2615.5818,2664.728,0.57,3.59,1.51,0.01879,0.01579,time_exit,False,18,10,4097380.16,64697.63,2024
SHRIPISTON,2024-03-15,2024-03-22,1691.4432,1776.0154,0.98,1.5,3.68,0.05,0.047,take_profit,False,7,5,3277904.13,154061.49,2024
SAPPHIRE,2024-03-19,2024-03-20,303.9219,319.118,1.9,1.95,4.39,0.05,0.047,take_profit,False,1,1,3694812.56,173656.19,2024
SAPPHIRE,2024-03-20,2024-03-22,310.8053,326.3456,1.94,4.78,2.32,0.05,0.047,take_profit,False,2,2,5070155.37,238297.3,2024
MARUTI,2024-03-20,2024-03-27,11708.6053,12294.0355,1.22,2.1,2.49,0.05,0.047,take_profit,False,7,4,4056124.3,190637.84,2024
CAMS,2024-03-22,2024-04-09,597.8948,579.5663,1.51,2.28,5.11,-0.030655,-0.033655,time_exit,False,18,10,6668747.57,-224436.7,2024
DMART,2024-03-22,2024-03-27,4299.7489,4514.7363,1.38,2.15,3.31,0.05,0.047,take_profit,False,5,2,5334998.05,250744.91,2024
SKIPPER,2024-03-22,2024-03-26,295.3208,310.0868,5.03,3.49,14.02,0.05,0.047,take_profit,False,4,1,4267998.44,200595.93,2024
DMART,2024-03-26,2024-04-04,4488.4433,4712.8655,1.26,3.61,3.95,0.05,0.047,take_profit,False,9,6,4308117.63,202481.53,2024
SIEMENS,2024-03-27,2024-04-02,3095.0856,3249.8399,2.37,2.44,3.09,0.05,0.047,take_profit,False,6,3,5412995.12,254410.77,2024
JAMNAAUTO,2024-03-27,2024-04-03,127.7866,134.176,1.32,1.8,4.77,0.05,0.047,take_profit,False,7,4,4330396.1,203528.62,2024
REDINGTON,2024-04-02,2024-04-18,211.3044,210.4281,3.33,5.31,4.89,-0.004147,-0.007147,time_exit,False,16,10,5430213.62,-38809.74,2024
ACC,2024-04-02,2024-04-12,2631.8104,2447.5836,1.9,1.59,3.67,-0.07,-0.073,stopped_out,True,10,7,4344170.89,-317124.48,2024
AUBANK,2024-04-03,2024-04-04,603.6523,633.8349,3.36,3.04,2.55,0.05,0.047,take_profit,False,1,1,4382121.66,205959.72,2024
GVT&D,2024-04-04,2024-04-12,967.7563,900.0134,1.19,2.03,2.64,-0.07,-0.073,stopped_out,True,8,5,5325433.43,-388756.64,2024
MTARTECH,2024-04-04,2024-04-15,1954.5768,1817.7564,1.31,2.73,2.5,-0.07,-0.073,stopped_out,True,11,6,4260346.75,-311005.31,2024
HINDZINC,2024-04-09,2024-04-12,370.1483,388.6557,1.06,8.71,15.11,0.05,0.047,take_profit,False,3,2,4697139.57,220765.56,2024
PURVA,2024-04-12,2024-04-15,324.212,340.4226,6.48,2.09,10.75,0.05,0.047,take_profit,False,3,1,4181783.89,196543.84,2024
ACI,2024-04-12,2024-04-19,690.6118,642.269,0.93,3.62,6.38,-0.07,-0.073,stopped_out,True,7,4,5227229.86,-381587.78,2024
QUESS,2024-04-12,2024-04-23,576.8264,605.6677,0.51,6.45,3.78,0.05,0.047,take_profit,False,11,6,6534037.32,307099.75,2024
ONGC,2024-04-15,2024-04-30,252.2356,254.6848,0.98,3.91,3.99,0.00971,0.00671,time_exit,False,15,10,5010960.94,33623.55,2024
PURVA,2024-04-15,2024-04-16,355.0774,372.8313,6.61,2.61,9.88,0.05,0.047,take_profit,False,1,1,4008768.75,188412.13,2024
TEGA,2024-04-16,2024-04-23,1418.8965,1489.8413,3.17,2.27,5.66,0.05,0.047,take_profit,False,7,4,4046451.18,190183.21,2024
TECHNOE,2024-04-18,2024-04-22,907.4398,952.8118,3.24,4.51,4.16,0.05,0.047,take_profit,False,4,2,4315441.72,202825.76,2024
KSB,2024-04-19,2024-04-25,923.2073,969.3677,1.31,3.76,3.48,0.05,0.047,take_profit,False,6,4,4421481.79,207809.64,2024
ARE&M,2024-04-22,2024-04-23,1022.7779,1073.9168,1.1,1.7,2.1,0.05,0.047,take_profit,False,1,1,4440838.93,208719.43,2024
IEX,2024-04-23,2024-04-29,147.474,154.8477,1.7,1.59,2.07,0.05,0.047,take_profit,False,6,4,6698137.11,314812.44,2024
BDL,2024-04-23,2024-04-24,954.2392,1001.9512,1.87,2.33,3.73,0.05,0.047,take_profit,False,1,1,5358509.69,251849.96,2024
GRSE,2024-04-23,2024-04-24,945.4254,992.6966,8.68,4.49,10.14,0.05,0.047,take_profit,False,1,1,4286807.75,201479.96,2024
BECTORFOOD,2024-04-24,2024-04-26,229.7444,241.2316,2.52,1.99,4.96,0.05,0.047,take_profit,False,2,2,5449175.67,256111.26,2024
ORIENTCEM,2024-04-24,2024-04-25,229.1367,240.5935,1.22,5.83,11.76,0.05,0.047,take_profit,False,1,1,4359340.54,204889.01,2024
BHARATFORG,2024-04-25,2024-05-08,1296.8702,1206.0892,2.06,4.24,5.73,-0.07,-0.073,stopped_out,True,13,8,5326176.62,-388810.89,2024
EMAMILTD,2024-04-25,2024-04-29,447.4483,469.8207,2.8,3.93,3.83,0.05,0.047,take_profit,False,4,2,4260941.3,200264.24,2024
WESTLIFE,2024-04-26,2024-05-08,886.1687,824.1369,3.05,2.65,7.45,-0.07,-0.073,stopped_out,True,12,7,4549810.43,-332136.16,2024
CESC,2024-04-29,2024-05-02,138.5149,145.4406,1.12,2.37,2.01,0.05,0.047,take_profit,False,3,2,4747743.49,223143.94,2024
UNIONBANK,2024-04-29,2024-05-06,147.7837,137.4388,0.56,1.55,3.12,-0.07,-0.073,stopped_out,True,7,4,5934679.36,-433231.59,2024
M&M,2024-04-30,2024-05-14,2124.6766,2230.9104,4.49,1.91,4.02,0.05,0.047,take_profit,False,14,9,4807111.69,225934.25,2024
JSFB,2024-05-02,2024-05-07,665.8327,619.2245,8.36,7.2,9.46,-0.07,-0.073,stopped_out,True,5,3,4839866.84,-353310.28,2024
JUBLFOOD,2024-05-06,2024-05-07,471.0896,494.6441,0.96,2.07,1.86,0.05,0.047,take_profit,False,1,1,4972183.02,233692.6,2024
HINDUNILVR,2024-05-07,2024-05-22,2288.2625,2273.966,2.67,3.11,5.0,-0.006248,-0.009248,time_exit,False,15,10,5916232.85,-54713.32,2024
DABUR,2024-05-07,2024-05-22,545.1104,540.2263,3.33,3.99,4.67,-0.00896,-0.01196,time_exit,False,15,10,4732986.28,-56606.52,2024
CROMPTON,2024-05-08,2024-05-17,334.8032,351.5434,2.16,2.41,5.43,0.05,0.047,take_profit,False,9,7,5617397.03,264017.66,2024
BHARATFORG,2024-05-08,2024-05-16,1389.1048,1458.5601,10.01,6.65,13.14,0.05,0.047,take_profit,False,8,6,4493917.62,211214.13,2024
NATIONALUM,2024-05-14,2024-05-21,174.0222,183.1427,5.35,1.59,6.42,0.05241,0.04941,take_profit_gap,False,7,4,4601743.28,227372.14,2024
TEXRAIL,2024-05-16,2024-05-21,187.7966,197.1865,1.26,4.17,4.76,0.05,0.047,take_profit,False,5,2,4622420.98,217253.79,2024
DATAPATTNS,2024-05-17,2024-05-21,3174.3752,3381.2365,6.1,2.35,6.34,0.065166,0.062166,take_profit_gap,False,4,1,4874219.72,303010.74,2024
POLYMED,2024-05-21,2024-05-22,1740.2242,1827.2354,1.35,8.4,3.1,0.05,0.047,take_profit,False,1,1,6868579.9,322823.26,2024
STARCEMENT,2024-05-21,2024-05-23,242.9078,225.9043,4.66,4.85,6.41,-0.07,-0.073,stopped_out,True,2,2,5494863.92,-401125.07,2024
NBCC,2024-05-21,2024-05-28,97.7239,90.8832,0.81,2.23,2.23,-0.07,-0.073,stopped_out,True,7,5,4395891.14,-320900.05,2024
CIEINDIA,2024-05-22,2024-05-27,517.3122,543.1778,3.31,6.14,5.53,0.05,0.047,take_profit,False,5,3,4520046.98,212442.21,2024
HAL,2024-05-22,2024-05-24,4818.4305,5059.352,1.44,1.74,2.31,0.05,0.047,take_profit,False,2,2,7062573.4,331940.95,2024
CLEAN,2024-05-22,2024-06-04,1382.3649,1285.5994,3.92,3.48,4.38,-0.07,-0.073,stopped_out,True,13,9,5650058.72,-412454.29,2024
BANCOINDIA,2024-05-23,2024-05-30,304.9997,283.6497,4.48,2.6,5.83,-0.07,-0.073,stopped_out,True,7,5,4634785.35,-338339.33,2024
KPITTECH,2024-05-24,2024-05-31,1534.3562,1426.9512,2.12,1.51,2.46,-0.07,-0.073,stopped_out,True,7,5,5186731.15,-378631.37,2024
JBMA,2024-05-27,2024-06-04,1056.8889,982.9067,0.55,6.11,6.93,-0.07,-0.073,stopped_out,True,8,6,5095882.76,-371999.44,2024
GLENMARK,2024-05-28,2024-06-04,1156.2837,1075.3438,1.69,5.39,3.59,-0.07,-0.073,stopped_out,True,7,5,4891704.42,-357094.42,2024
KNRCON,2024-05-30,2024-05-31,302.1464,317.2537,3.19,12.47,4.71,0.05,0.047,take_profit,False,1,1,4772652.74,224314.68,2024
ADANIPOWER,2024-05-31,2024-06-03,151.2356,173.913,15.51,4.14,7.08,0.149948,0.146948,take_profit_gap,False,3,1,5779135.64,849232.42,2024
PRAJIND,2024-05-31,2024-06-03,511.3169,536.8827,3.55,9.16,2.06,0.05,0.047,take_profit,False,3,1,4623308.51,217295.5,2024
SKIPPER,2024-06-03,2024-06-04,326.323,303.4804,3.27,4.37,4.58,-0.07,-0.073,stopped_out,True,1,1,5992441.22,-437448.21,2024
ULTRACEMCO,2024-06-03,2024-06-04,10347.937,9623.5814,1.93,2.03,1.65,-0.07,-0.073,stopped_out,True,1,1,4793952.98,-349958.57,2024
HINDUNILVR,2024-06-04,2024-06-05,2400.6848,2520.7191,5.51,3.33,5.15,0.05,0.047,take_profit,False,1,1,4471899.86,210179.29,2024
UBL,2024-06-04,2024-06-05,1907.3496,2002.717,1.64,2.74,1.95,0.05,0.047,take_profit,False,1,1,5589874.83,262724.12,2024
MARICO,2024-06-04,2024-06-05,605.5727,635.8513,1.48,1.77,2.08,0.05,0.047,take_profit,False,1,1,3577519.89,168143.43,2024
COLPAL,2024-06-04,2024-06-05,2729.661,2866.1441,3.45,2.14,3.64,0.05,0.047,take_profit,False,1,1,8734179.42,410506.43,2024
DABUR,2024-06-04,2024-06-05,564.3887,592.6081,4.03,3.67,5.42,0.05,0.047,take_profit,False,1,1,6987343.53,328405.15,2024
NESTLEIND,2024-06-05,2024-06-20,1230.3321,1243.7448,1.69,2.16,3.29,0.010902,0.007902,time_exit,False,15,10,9010171.1,71198.37,2024
TRENT,2024-06-05,2024-06-13,4902.005,5180.9175,2.77,1.61,4.69,0.056898,0.053898,take_profit_gap,False,8,6,7208136.88,388504.16,2024
EMAMILTD,2024-06-05,2024-06-07,672.6158,706.2466,1.82,3.42,10.84,0.05,0.047,take_profit,False,2,2,5766509.5,271025.95,2024
NESTLEIND,2024-06-05,2024-06-20,1230.3321,1243.7448,0.58,2.16,3.29,0.010902,0.007902,time_exit,False,15,10,4613207.6,36453.57,2024
BECTORFOOD,2024-06-05,2024-06-06,281.9951,296.0949,12.34,5.54,12.72,0.05,0.047,take_profit,False,1,1,3690566.08,173456.61,2024
MAZDOCK,2024-06-06,2024-06-13,1555.9702,1633.7687,4.58,1.66,11.36,0.05,0.047,take_profit,False,7,5,3725257.4,175087.1,2024
IRB,2024-06-07,2024-06-10,76.1103,70.7826,3.35,2.01,7.78,-0.07,-0.073,stopped_out,True,3,1,4187713.01,-305703.05,2024
BLUEDART,2024-06-10,2024-06-13,7632.9444,8014.5917,3.3,4.26,3.15,0.05,0.047,take_profit,False,3,3,4126572.4,193948.9,2024
OFSS,2024-06-13,2024-06-28,9219.7472,9424.3919,5.28,8.28,9.32,0.022196,0.019196,time_exit,False,15,10,6464759.29,124097.52,2024
DCMSHRIRAM,2024-06-13,2024-06-27,1041.2496,968.3621,2.91,7.1,6.12,-0.07,-0.073,stopped_out,True,14,9,5171807.43,-377541.94,2024
NEOGEN,2024-06-13,2024-06-24,1606.5295,1686.856,1.69,2.15,3.64,0.05,0.047,take_profit,False,11,6,4137445.95,194459.96,2024
NIACL,2024-06-20,2024-06-27,247.0154,229.7243,2.9,2.25,5.81,-0.07,-0.073,stopped_out,True,7,5,6056162.89,-442099.89,2024
NAVINFLUOR,2024-06-20,2024-07-04,3750.1236,3635.9787,1.42,4.03,2.87,-0.030438,-0.033438,time_exit,False,14,10,4844930.31,-162004.78,2024
BORORENEW,2024-06-24,2024-06-25,507.2535,532.6162,2.46,2.26,3.38,0.05,0.047,take_profit,False,1,1,4742325.43,222889.3,2024
GODREJAGRO,2024-06-25,2024-07-01,657.6418,690.5239,5.01,4.85,6.14,0.05,0.047,take_profit,False,6,4,4786903.29,224984.45,2024
DRREDDY,2024-06-27,2024-07-08,1232.6403,1294.2723,2.51,3.82,3.93,0.05,0.047,take_profit,False,11,7,4728950.66,222260.68,2024
PRICOLLTD,2024-06-27,2024-07-11,495.0159,497.3601,0.76,1.78,2.78,0.004735,0.001735,time_exit,False,14,10,5911188.33,10255.91,2024
PERSISTENT,2024-06-28,2024-07-01,4193.9436,4403.6408,0.62,1.79,4.99,0.05,0.047,take_profit,False,3,1,5100931.89,239743.8,2024
JKTYRE,2024-07-01,2024-07-10,438.5752,460.504,0.94,3.52,2.48,0.05,0.047,take_profit,False,9,7,6151258.2,289109.14,2024
GODREJAGRO,2024-07-01,2024-07-02,732.5291,769.1556,10.52,2.52,10.81,0.05,0.047,take_profit,False,1,1,4921006.56,231287.31,2024
SEQUENT,2024-07-02,2024-07-04,125.2626,131.5257,2.02,1.63,1.79,0.05,0.047,take_profit,False,2,2,4967264.02,233461.41,2024
HCLTECH,2024-07-04,2024-07-15,1436.2686,1508.082,1.09,1.71,2.52,0.05,0.047,take_profit,False,11,7,5950541.41,279675.45,2024
SEQUENT,2024-07-04,2024-07-10,133.4467,124.1054,3.04,4.4,5.23,-0.07,-0.073,stopped_out,True,6,4,4760433.13,-347511.62,2024
ONGC,2024-07-08,2024-07-15,269.6311,283.1127,1.35,2.69,3.16,0.05,0.047,take_profit,False,7,5,4798588.77,225533.67,2024
MANINFRA,2024-07-10,2024-07-23,201.3992,187.3012,1.77,2.3,4.07,-0.07,-0.073,stopped_out,True,13,8,6009528.79,-438695.6,2024
BRITANNIA,2024-07-10,2024-07-25,5610.9071,5677.4167,0.95,2.06,1.51,0.011854,0.008854,time_exit,False,15,10,4807623.03,42566.69,2024
GPPL,2024-07-11,2024-07-18,214.976,199.9277,0.55,2.66,7.17,-0.07,-0.073,stopped_out,True,7,4,5030387.27,-367218.27,2024
PGIL,2024-07-15,2024-07-16,750.6613,788.1944,4.06,2.12,2.8,0.05,0.047,take_profit,False,1,1,6275177.68,294933.35,2024
CANBK,2024-07-15,2024-07-23,113.2509,105.3233,0.68,1.7,3.53,-0.07,-0.073,stopped_out,True,8,5,5020142.14,-366470.38,2024
ANURAS,2024-07-16,2024-07-31,775.3204,782.279,1.3,3.17,2.86,0.008975,0.005975,time_exit,False,15,10,5330135.92,31847.56,2024
MARICO,2024-07-18,2024-08-01,674.8457,664.3764,0.79,2.1,3.1,-0.015514,-0.018514,time_exit,False,14,10,5196742.53,-96212.49,2024
RELAXO,2024-07-23,2024-07-30,825.9924,867.292,0.67,1.83,1.88,0.05,0.047,take_profit,False,7,5,4961836.01,233206.29,2024
MAPMYINDIA,2024-07-23,2024-08-02,2449.4128,2269.4311,3.29,4.02,7.8,-0.07348,-0.07648,stopped_out_gap,False,10,8,6202295.02,-474351.52,2024
PETRONET,2024-07-25,2024-08-08,345.6821,344.0605,2.24,2.77,6.02,-0.004691,-0.007691,time_exit,False,14,10,4939506.76,-37989.75,2024
CAMS,2024-07-30,2024-08-02,912.7257,848.8349,3.49,4.74,9.39,-0.07,-0.073,stopped_out,True,3,3,4990613.87,-364314.81,2024
AJANTPHARM,2024-07-31,2024-08-02,2642.5428,2774.6699,3.11,3.98,6.06,0.05,0.047,take_profit,False,2,2,5064887.79,238049.73,2024
NAZARA,2024-08-01,2024-08-02,237.4562,249.329,2.32,2.3,4.4,0.05,0.047,take_profit,False,1,1,5072016.24,238384.76,2024
GHCL,2024-08-02,2024-08-06,616.7697,573.5958,2.56,11.32,11.23,-0.07,-0.073,stopped_out,True,4,2,8251129.21,-602332.43,2024
AWL,2024-08-02,2024-08-08,383.3416,402.5086,1.25,6.53,11.38,0.05,0.047,take_profit,False,6,4,6600903.36,310242.46,2024
ETERNAL,2024-08-02,2024-08-19,262.4712,277.861,4.19,6.77,7.3,0.058634,0.055634,take_profit_gap,False,17,10,5280722.69,293787.73,2024
ETERNAL,2024-08-02,2024-08-19,262.4712,277.861,5.49,6.77,7.3,0.058634,0.055634,take_profit_gap,False,17,10,4224578.15,235030.18,2024
GRAVITA,2024-08-06,2024-08-08,1706.5502,1791.8777,3.26,3.19,4.87,0.05,0.047,take_profit,False,2,2,4909421.88,230742.83,2024
HONASA,2024-08-08,2024-08-12,496.5982,461.8363,2.27,8.37,9.1,-0.07,-0.073,stopped_out,True,4,2,7318103.01,-534221.52,2024
DCMSHRIRAM,2024-08-08,2024-08-23,1136.2573,1160.9144,0.76,6.77,4.58,0.0217,0.0187,time_exit,False,15,10,5854482.41,109478.82,2024
BBTC,2024-08-08,2024-08-09,2214.0892,2324.7936,4.37,2.96,3.47,0.05,0.047,take_profit,False,1,1,4683585.93,220128.54,2024
WOCKPHARMA,2024-08-09,2024-08-20,957.0783,1004.9322,2.43,1.65,2.86,0.05,0.047,take_profit,False,11,6,4727611.63,222197.75,2024
INOXGREEN,2024-08-12,2024-08-19,188.8244,198.2656,1.22,5.53,14.07,0.05,0.047,take_profit,False,7,4,5138865.6,241526.68,2024
TRIVENI,2024-08-19,2024-09-02,459.1035,463.0315,5.5,7.19,11.62,0.008556,0.005556,time_exit,False,14,10,4604156.6,25580.69,2024
PGEL,2024-08-19,2024-08-22,519.7113,545.6969,3.32,1.81,3.97,0.05,0.047,take_profit,False,3,3,7193994.69,338117.75,2024
AARTIDRUGS,2024-08-19,2024-08-22,522.8627,585.2212,3.1,2.89,6.0,0.119264,0.116264,take_profit_gap,False,3,3,5755195.75,669122.08,2024
OPTIEMUS,2024-08-20,2024-08-23,565.2325,593.4941,1.26,2.67,10.77,0.05,0.047,take_profit,False,3,3,4673287.16,219644.5,2024
JYOTICNC,2024-08-22,2024-08-26,1222.8611,1284.0042,4.63,2.76,7.8,0.05,0.047,take_profit,False,4,2,6529915.78,306906.04,2024
ABDL,2024-08-22,2024-08-27,330.3116,346.8272,3.91,3.8,7.39,0.05,0.047,take_profit,False,5,3,5223932.63,245524.83,2024
TATAELXSI,2024-08-23,2024-08-26,7012.3682,7362.9866,0.89,2.61,1.62,0.05,0.047,take_profit,False,3,1,6350524.68,298474.66,2024
WELENT,2024-08-23,2024-09-04,598.173,556.3009,2.21,2.73,1.91,-0.07,-0.073,stopped_out,True,12,8,5080419.74,-370870.64,2024
ELGIEQUIP,2024-08-26,2024-09-09,717.4973,708.3182,1.44,3.7,2.89,-0.012793,-0.015793,time_exit,False,14,10,6761500.03,-106784.37,2024
POLYMED,2024-08-26,2024-09-03,2322.9925,2439.1421,2.23,4.7,3.5,0.05,0.047,take_profit,False,8,6,5409200.02,254232.4,2024
ECLERX,2024-08-27,2024-09-02,2808.9844,2949.4336,1.39,4.91,1.61,0.05,0.047,take_profit,False,6,4,5421251.51,254798.82,2024
GAEL,2024-09-02,2024-09-16,146.8832,137.7823,0.53,3.91,2.19,-0.061961,-0.064961,time_exit,False,14,10,6398158.73,-415630.79,2024
THANGAMAYL,2024-09-02,2024-09-03,2213.5317,2324.2083,7.34,7.33,9.39,0.05,0.047,take_profit,False,1,1,5118526.99,240570.77,2024
CHALET,2024-09-03,2024-09-05,875.518,919.2939,1.54,1.67,2.46,0.05,0.047,take_profit,False,2,2,6299327.62,296068.4,2024
AEGISLOG,2024-09-03,2024-09-17,827.9794,778.1468,1.72,1.56,2.62,-0.060186,-0.063186,time_exit,False,14,10,5039462.1,-318423.45,2024
REFEX,2024-09-04,2024-09-05,380.3855,399.4047,12.4,4.45,15.71,0.05,0.047,take_profit,False,1,1,4973479.5,233753.54,2024
AAVAS,2024-09-05,2024-09-06,1816.6579,1907.4908,0.69,2.46,3.64,0.05,0.047,take_profit,False,1,1,5071447.53,238358.03,2024
PVRINOX,2024-09-05,2024-09-13,1580.9401,1659.9871,0.6,3.19,3.39,0.05,0.047,take_profit,False,8,6,6339309.41,297947.54,2024
GODFRYPHLP,2024-09-06,2024-09-11,2362.6402,2197.2554,2.66,2.38,12.87,-0.07,-0.073,stopped_out,True,5,3,5119119.14,-373695.7,2024
BALUFORGE,2024-09-09,2024-09-12,854.4122,794.6033,3.89,2.3,10.78,-0.07,-0.073,stopped_out,True,3,3,5426238.44,-396115.41,2024
PRSMJOHNSN,2024-09-11,2024-09-12,232.7263,216.4355,3.13,11.32,11.4,-0.07,-0.073,stopped_out,True,1,1,5290075.44,-386175.51,2024
ABREL,2024-09-12,2024-09-13,2781.9963,2921.0961,1.58,2.34,6.39,0.05,0.047,take_profit,False,1,1,6218864.94,292286.65,2024
AUROPHARMA,2024-09-12,2024-09-26,1556.3884,1508.8785,0.56,3.02,2.63,-0.030526,-0.033526,time_exit,False,14,10,4975091.96,-166794.93,2024
WIPRO,2024-09-13,2024-09-27,258.1954,253.8148,0.87,2.28,3.15,-0.016966,-0.019966,time_exit,False,14,10,6609755.27,-131970.37,2024
NEWGEN,2024-09-13,2024-09-19,1186.284,1245.5982,4.45,4.14,9.24,0.05,0.047,take_profit,False,6,4,5287804.22,248526.8,2024
MCX,2024-09-16,2024-09-18,1113.3746,1169.0434,3.42,3.27,4.97,0.05,0.047,take_profit,False,2,2,5426748.96,255057.2,2024
NAVA,2024-09-17,2024-09-18,619.0633,650.0165,0.76,7.43,13.12,0.05,0.047,take_profit,False,1,1,5285606.9,248423.52,2024
SHRIRAMFIN,2024-09-18,2024-10-03,699.6391,666.6392,0.93,1.83,3.78,-0.047167,-0.050167,time_exit,False,15,10,6471652.84,-324663.41,2024
BAJFINANCE,2024-09-18,2024-10-03,758.8093,738.4566,1.38,1.88,3.3,-0.026822,-0.029822,time_exit,False,15,10,5177322.27,-154398.1,2024
JUBLFOOD,2024-09-19,2024-10-03,694.5867,645.9657,1.1,1.68,2.32,-0.07,-0.073,stopped_out,True,14,9,5249124.02,-383186.05,2024
NATIONALUM,2024-09-26,2024-09-30,188.1596,197.5676,2.78,2.25,4.27,0.05,0.047,take_profit,False,4,2,5160958.62,242565.06,2024
CANBK,2024-09-27,2024-10-07,109.2425,101.5955,0.64,3.76,2.15,-0.07,-0.073,stopped_out,True,10,5,5424323.88,-395975.64,2024
TIINDIA,2024-09-30,2024-10-07,4329.4102,4026.3515,0.91,1.54,4.26,-0.07,-0.073,stopped_out,True,7,4,5420163.84,-395671.96,2024
KITEX,2024-10-03,2024-10-07,185.0794,171.4539,2.66,2.42,2.12,-0.07362,-0.07662,stopped_out_gap,False,4,2,7543301.38,-577967.75,2024
PETRONET,2024-10-03,2024-10-17,344.8306,331.6782,2.91,4.79,7.19,-0.038142,-0.041142,time_exit,False,14,10,6034641.11,-248277.2,2024
INFIBEAM,2024-10-03,2024-10-07,31.6458,29.4306,1.71,5.98,9.11,-0.07,-0.073,stopped_out,True,4,2,4827712.88,-352423.04,2024
CGPOWER,2024-10-07,2024-10-09,756.3518,794.1694,0.72,2.55,5.73,0.05,0.047,take_profit,False,2,2,8160863.02,383560.56,2024
SKIPPER,2024-10-08,2024-10-09,501.2081,526.2685,3.06,3.96,11.37,0.05,0.047,take_profit,False,1,1,6528690.42,306848.45,2024
M&M,2024-10-08,2024-10-18,3142.1885,2920.4145,2.47,1.56,2.99,-0.070579,-0.073579,stopped_out_gap,False,10,8,5222952.34,-384299.61,2024
TRITURBINE,2024-10-08,2024-10-11,722.9739,759.1226,4.57,4.45,11.12,0.05,0.047,take_profit,False,3,3,4178361.87,196383.01,2024
AIIL,2024-10-09,2024-10-22,364.2873,338.7872,4.49,2.03,5.77,-0.07,-0.073,stopped_out,True,13,9,6418681.99,-468563.78,2024
IPCALAB,2024-10-09,2024-10-14,1608.7137,1689.1494,2.46,1.95,4.35,0.05,0.047,take_profit,False,5,3,5134945.59,241342.44,2024
BANDHANBNK,2024-10-11,2024-10-15,208.4608,193.8685,3.73,6.29,4.09,-0.07,-0.073,stopped_out,True,4,2,4982905.45,-363752.1,2024
TIMETECHNO,2024-10-14,2024-10-15,208.1084,218.5139,6.04,1.63,4.94,0.05,0.047,take_profit,False,1,1,5061581.96,237894.35,2024
DEEPAKNTR,2024-10-15,2024-10-22,2921.9742,2717.436,2.39,1.68,2.75,-0.07,-0.073,stopped_out,True,7,5,4826393.2,-352326.7,2024
HINDPETRO,2024-10-15,2024-10-24,408.0528,379.4891,4.08,2.16,2.15,-0.07,-0.073,stopped_out,True,9,7,6032991.5,-440408.38,2024
LATENTVIEW,2024-10-17,2024-10-24,484.9424,450.9964,0.89,5.39,2.93,-0.07,-0.073,stopped_out,True,7,5,5018387.34,-366342.28,2024
WIPRO,2024-10-18,2024-10-30,257.281,270.1451,1.64,4.34,3.13,0.05,0.047,take_profit,False,12,8,4982440.42,234174.7,2024
CUB,2024-10-22,2024-10-29,167.0207,175.3717,2.97,13.78,2.75,0.05,0.047,take_profit,False,7,5,6070789.27,285327.1,2024
CUB,2024-10-22,2024-10-29,167.0207,175.3717,4.04,13.78,2.75,0.05,0.047,take_profit,False,7,5,4856631.42,228261.68,2024
RADICO,2024-10-24,2024-10-25,2293.9213,2408.6174,1.65,3.7,2.47,0.05,0.047,take_profit,False,1,1,5934230.77,278908.85,2024
ASTERDM,2024-10-24,2024-11-07,439.1894,430.5383,5.82,13.25,3.13,-0.019698,-0.022698,time_exit,False,14,10,4747384.62,-107756.14,2024
LAURUSLABS,2024-10-28,2024-11-11,490.9675,493.6207,0.55,1.8,6.16,0.005404,0.002404,time_exit,False,14,10,5040535.62,12117.45,2024
FIRSTCRY,2024-10-29,2024-10-31,694.5971,645.9753,2.54,1.73,11.36,-0.07,-0.073,stopped_out,True,2,2,6320630.39,-461406.02,2024
ICICIBANK,2024-10-29,2024-11-12,1322.3128,1260.2405,2.35,1.53,2.34,-0.046942,-0.049942,time_exit,False,14,10,5056504.31,-252531.94,2024
BEL,2024-10-30,2024-11-06,286.4396,300.7616,1.45,2.09,1.8,0.05,0.047,take_profit,False,7,5,5088526.47,239160.74,2024
POLYMED,2024-10-31,2024-11-01,2870.6961,3014.2309,3.46,3.89,3.02,0.05,0.047,take_profit,False,1,1,5242666.05,246405.3,2024
RATEGAIN,2024-11-04,2024-11-07,795.4475,835.2199,1.71,1.77,3.65,0.05,0.047,take_profit,False,3,3,5291947.11,248721.51,2024
KALYANKJIL,2024-11-06,2024-11-14,698.3066,649.4251,3.39,1.8,7.86,-0.07,-0.073,stopped_out,True,8,6,5299095.13,-386833.94,2024
JSWENERGY,2024-11-07,2024-11-11,712.3424,747.9595,3.22,2.76,3.44,0.05,0.047,take_profit,False,4,2,5020268.42,235952.62,2024
AVALON,2024-11-07,2024-11-08,707.9538,743.3515,7.04,11.53,6.41,0.05,0.047,take_profit,False,1,1,6275335.53,294940.77,2024
INDHOTEL,2024-11-08,2024-11-21,731.1166,767.6724,4.65,6.62,3.23,0.05,0.047,take_profit,False,13,7,5330270.0,250522.69,2024
JSWENERGY,2024-11-11,2024-11-12,736.7083,773.5437,2.39,2.37,4.14,0.05,0.047,take_profit,False,1,1,6325990.82,297321.57,2024
ZAGGLE,2024-11-11,2024-11-19,433.2165,454.8773,0.61,1.72,2.36,0.05,0.047,take_profit,False,8,5,5060792.66,237857.25,2024
JUBLFOOD,2024-11-12,2024-11-28,636.0594,640.8615,0.91,7.52,1.68,0.00755,0.00455,time_exit,False,16,10,5067272.86,23056.09,2024
ERIS,2024-11-12,2024-11-25,1362.3997,1430.5197,0.5,3.54,3.22,0.05,0.047,take_profit,False,13,7,6334091.08,297702.28,2024
DCMSHRIRAM,2024-11-14,2024-11-19,1287.8111,1352.2016,2.24,2.86,9.43,0.05,0.047,take_profit,False,5,2,5036270.53,236704.71,2024
MTARTECH,2024-11-19,2024-12-04,1744.1717,1786.0066,1.2,5.08,7.3,0.023986,0.020986,time_exit,False,15,10,6143341.45,128924.16,2024
HDFCBANK,2024-11-19,2024-11-28,859.9368,902.9337,0.88,1.74,1.65,0.05,0.047,take_profit,False,9,6,4914673.16,230989.64,2024
INDHOTEL,2024-11-21,2024-12-05,784.8853,817.2866,2.49,2.86,3.53,0.041282,0.038282,time_exit,False,14,10,5047897.07,193243.6,2024
POLICYBZR,2024-11-25,2024-11-28,1807.2032,1897.5634,1.72,3.73,2.46,0.05,0.047,take_profit,False,3,3,5364676.33,252139.79,2024
SUDARSCHEM,2024-11-28,2024-12-03,1041.0347,1093.0864,3.55,1.79,5.41,0.05,0.047,take_profit,False,5,3,7462302.63,350728.22,2024
STAR,2024-11-28,2024-12-04,1588.9658,1477.7382,0.95,2.03,3.86,-0.07,-0.073,stopped_out,True,6,4,5969842.11,-435798.47,2024
JPPOWER,2024-11-28,2024-12-04,18.9395,19.8864,3.7,3.51,8.73,0.05,0.047,take_profit,False,6,4,4775873.69,224466.06,2024
GALLANTT,2024-12-03,2024-12-12,381.8683,355.1375,4.15,1.77,5.0,-0.07,-0.073,stopped_out,True,9,7,5383305.12,-392981.27,2024
IOB,2024-12-04,2024-12-13,58.9995,54.8695,3.44,5.77,8.0,-0.07,-0.073,stopped_out,True,9,7,7667973.9,-559762.09,2024
IOB,2024-12-04,2024-12-13,58.9995,54.8695,0.73,5.77,8.0,-0.07,-0.073,stopped_out,True,9,7,6134379.12,-447809.68,2024
NIACL,2024-12-04,2024-12-16,202.5031,212.6283,0.83,1.97,2.94,0.05,0.047,take_profit,False,12,8,4907503.29,230652.65,2024
BORORENEW,2024-12-05,2024-12-06,512.306,537.9213,6.29,5.29,2.82,0.05,0.047,take_profit,False,1,1,4974230.77,233788.85,2024
IRFC,2024-12-06,2024-12-11,155.7766,163.5654,3.64,3.04,4.75,0.05,0.047,take_profit,False,5,3,5020988.54,235986.46,2024
IXIGO,2024-12-11,2024-12-16,156.9885,145.9993,5.67,7.63,8.21,-0.07,-0.073,stopped_out,True,5,3,5068185.83,-369977.57,2024
WAAREEENER,2024-12-12,2024-12-18,3292.0495,3061.606,0.79,3.01,1.77,-0.07,-0.073,stopped_out,True,6,4,5052613.43,-368840.78,2024
V2RETAIL,2024-12-13,2024-12-17,1461.4804,1596.2015,2.14,1.85,5.08,0.092181,0.089181,take_profit_gap,False,4,2,6601046.99,588687.97,2024
SHAKTIPUMP,2024-12-13,2024-12-17,898.7763,982.3894,7.09,1.55,6.06,0.09303,0.09003,take_profit_gap,False,4,2,5280837.6,475433.81,2024
SHAREINDIA,2024-12-16,2024-12-17,310.4943,326.0191,0.73,3.81,3.42,0.05,0.047,take_profit,False,1,1,6191942.92,291021.32,2024
ANANTRAJ,2024-12-16,2024-12-17,786.6467,825.9791,3.42,1.56,3.65,0.05,0.047,take_profit,False,1,1,4953554.33,232817.05,2024
FIVESTAR,2024-12-17,2024-12-20,740.5547,777.5825,2.07,2.87,5.65,0.05,0.047,take_profit,False,3,3,8885911.87,417637.86,2024
BLUEJET,2024-12-17,2024-12-18,543.3161,570.4819,5.35,5.26,3.62,0.05,0.047,take_profit,False,1,1,7108729.49,334110.29,2024
MAZDOCK,2024-12-17,2024-12-19,2637.5427,2452.9147,0.53,2.36,5.07,-0.07,-0.073,stopped_out,True,2,2,5686983.59,-415149.8,2024
EDELWEISS,2024-12-17,2024-12-19,136.9005,127.3175,1.84,3.06,7.54,-0.07,-0.073,stopped_out,True,2,2,4549586.88,-332119.84,2024
SUPREMEIND,2024-12-18,2024-12-23,5065.4944,4710.9098,0.65,1.97,2.45,-0.07,-0.073,stopped_out,True,5,3,6064991.99,-442744.42,2024
BLUEJET,2024-12-18,2024-12-19,572.7292,601.3656,1.26,4.47,4.84,0.05,0.047,take_profit,False,1,1,4851993.59,228043.7,2024
DRREDDY,2024-12-19,2024-12-27,1317.9045,1383.7997,2.75,3.23,3.97,0.05,0.047,take_profit,False,8,5,6795462.49,319386.74,2024
KFINTECH,2024-12-19,2024-12-24,1420.2557,1491.2685,3.65,4.99,9.75,0.05,0.047,take_profit,False,5,3,5436370.0,255509.39,2024
ANANTRAJ,2024-12-19,2024-12-30,837.0613,878.9144,2.42,1.53,7.39,0.05,0.047,take_profit,False,11,6,4349096.0,204407.51,2024
NEWGEN,2024-12-20,2024-12-26,1567.1594,1645.5174,0.7,3.14,2.55,0.05,0.047,take_profit,False,6,3,5339986.74,250979.38,2024
DEVYANI,2024-12-23,2024-12-27,177.3887,186.2581,1.19,3.28,2.49,0.05,0.047,take_profit,False,4,3,5396438.91,253632.63,2024
KFINTECH,2024-12-24,2024-12-26,1467.8608,1541.2538,1.76,2.7,4.05,0.05,0.047,take_profit,False,2,1,5455527.0,256409.77,2024
HSCL,2024-12-26,2025-01-03,565.3674,593.6358,1.71,2.2,1.95,0.05,0.047,take_profit,False,8,6,6625002.18,311375.1,2025
J&KBANK,2024-12-26,2025-01-09,99.9899,93.5153,1.53,4.42,3.03,-0.064753,-0.067753,time_exit,False,14,10,5300001.74,-359091.02,2025
SAGILITY,2024-12-27,2025-01-01,53.8331,48.4273,0.86,1.5,3.2,-0.100417,-0.103417,stopped_out_gap,False,5,3,6792985.55,-702510.19,2025
CAMPUS,2024-12-27,2024-12-30,314.7873,330.5267,3.21,4.07,3.24,0.05,0.047,take_profit,False,3,1,5434388.44,255416.26,2024
INOXGREEN,2024-12-30,2025-01-06,175.2776,163.0082,1.97,1.58,8.14,-0.07,-0.073,stopped_out,True,7,5,6396172.39,-466920.58,2025
HAPPSTMNDS,2024-12-30,2025-01-13,741.9372,710.3495,3.37,8.63,6.98,-0.042575,-0.045575,time_exit,False,14,10,5116937.91,-233204.45,2025
JINDWORLD,2025-01-01,2025-01-07,84.6623,88.8954,4.03,1.68,5.22,0.05,0.047,take_profit,False,6,4,5311645.4,249647.33,2025
QUESS,2025-01-03,2025-01-08,655.3061,609.4346,1.14,3.58,1.68,-0.07,-0.073,stopped_out,True,5,3,5636591.78,-411471.2,2025
RBLBANK,2025-01-06,2025-01-10,166.2688,154.63,1.08,1.63,1.77,-0.07,-0.073,stopped_out,True,4,4,5695123.79,-415744.04,2025
NAVINFLUOR,2025-01-07,2025-01-09,3471.3283,3644.8947,1.21,2.09,3.83,0.05,0.047,take_profit,False,2,2,5668357.58,266412.81,2025
CREDITACC,2025-01-08,2025-01-10,1029.6145,957.5415,6.97,10.87,12.47,-0.07,-0.073,stopped_out,True,2,2,5579710.18,-407318.84,2025
NAVINFLUOR,2025-01-09,2025-01-23,3816.8841,3761.1256,2.38,11.43,6.52,-0.014608,-0.017608,time_exit,False,14,10,6638904.36,-116897.83,2025
NAVINFLUOR,2025-01-09,2025-01-23,3816.8841,3761.1256,1.91,11.43,6.52,-0.014608,-0.017608,time_exit,False,14,10,5311123.49,-93518.26,2025
HCLTECH,2025-01-10,2025-01-14,1909.1455,1775.5053,1.05,1.9,3.05,-0.07,-0.073,stopped_out,True,4,2,5071402.41,-370212.38,2025
TCS,2025-01-10,2025-01-24,4050.684,4011.635,2.1,3.46,1.56,-0.00964,-0.01264,time_exit,False,14,10,6339253.01,-80128.16,2025
KITEX,2025-01-13,2025-01-20,236.8996,252.9942,2.15,1.74,2.78,0.067938,0.064938,take_profit_gap,False,7,5,5033868.62,326889.36,2025
IOB,2025-01-14,2025-01-15,53.7969,50.0311,2.6,4.57,17.89,-0.07,-0.073,stopped_out,True,1,1,4967332.9,-362615.3,2025
ANANTRAJ,2025-01-15,2025-01-22,894.6208,831.9973,4.23,1.78,7.14,-0.07,-0.073,stopped_out,True,7,5,4894809.84,-357321.12,2025
KRN,2025-01-20,2025-01-21,829.1644,870.6226,0.64,2.28,9.2,0.05,0.047,take_profit,False,1,1,4987999.47,234435.98,2025
PARADEEP,2025-01-21,2025-01-27,124.0142,115.3332,2.03,2.65,7.82,-0.07,-0.073,stopped_out,True,6,4,5034886.66,-367546.73,2025
STARCEMENT,2025-01-22,2025-01-27,228.0406,212.0777,0.7,2.84,6.92,-0.07,-0.073,stopped_out,True,5,3,4935407.08,-360284.72,2025
GODIGIT,2025-01-23,2025-01-27,327.5137,304.5877,4.38,8.73,8.04,-0.07,-0.073,stopped_out,True,4,2,6296248.01,-459626.1,2025
KEI,2025-01-23,2025-01-27,4473.3283,4160.1953,1.64,4.5,8.83,-0.07,-0.073,stopped_out,True,4,2,5036998.41,-367700.88,2025
CGCL,2025-01-24,2025-01-27,200.4868,186.4527,3.69,17.3,6.76,-0.07,-0.073,stopped_out,True,3,1,5281423.7,-385543.93,2025
MAZDOCK,2025-01-28,2025-01-31,2306.885,2422.2293,1.66,1.93,3.69,0.05,0.047,take_profit,False,3,3,9153991.26,430237.59,2025
BANKINDIA,2025-01-28,2025-02-10,105.7288,100.2412,1.94,4.1,5.48,-0.051903,-0.054903,time_exit,False,13,10,7323193.01,-402065.27,2025
BAJFINANCE,2025-01-28,2025-01-30,756.3731,794.1918,1.24,2.26,2.93,0.05,0.047,take_profit,False,2,2,5858554.41,275352.06,2025
BANKINDIA,2025-01-28,2025-02-10,105.7288,100.2412,2.68,4.1,5.48,-0.051903,-0.054903,time_exit,False,13,10,4686843.52,-257321.77,2025
AUBANK,2025-01-28,2025-02-10,588.2689,578.7464,3.06,2.14,2.56,-0.016187,-0.019187,time_exit,False,13,10,3749474.82,-71941.17,2025
UJJIVANSFB,2025-01-30,2025-02-03,35.3977,37.1676,2.36,1.8,4.06,0.05,0.047,take_profit,False,4,3,4226361.15,198638.97,2025
TATACONSUM,2025-01-31,2025-02-13,1017.6204,1014.7678,3.88,2.57,5.63,-0.002803,-0.005803,time_exit,False,13,10,5297934.69,-30743.91,2025
GREENPANEL,2025-02-03,2025-02-07,375.97,349.6521,3.85,6.07,4.78,-0.07,-0.073,stopped_out,True,4,4,5123347.78,-374004.39,2025
GODFRYPHLP,2025-02-07,2025-02-11,1804.3905,1678.0832,7.67,10.82,15.77,-0.07,-0.073,stopped_out,True,4,2,5048546.9,-368543.92,2025
ASHOKLEY,2025-02-12,2025-02-27,107.097,109.9555,3.14,4.58,7.52,0.026691,0.023691,time_exit,False,15,10,7980474.74,189065.43,2025
PGIL,2025-02-12,2025-02-19,1397.3713,1467.2399,0.59,4.33,11.62,0.05,0.047,take_profit,False,7,5,6384379.79,300065.85,2025
SBICARD,2025-02-13,2025-02-28,857.7172,838.3806,4.0,3.35,4.22,-0.022544,-0.025544,time_exit,False,15,10,6160941.99,-157375.1,2025
BAJAJFINSV,2025-02-13,2025-02-28,1849.2737,1870.4526,1.31,1.98,2.51,0.011453,0.008453,time_exit,False,15,10,4928753.59,41662.75,2025
REDINGTON,2025-02-13,2025-02-18,239.3456,222.5914,3.31,2.82,7.21,-0.07,-0.073,stopped_out,True,5,3,3943002.87,-287839.21,2025
NH,2025-02-18,2025-02-25,1365.2686,1433.532,0.67,1.73,3.62,0.05,0.047,take_profit,False,7,5,3885435.03,182615.45,2025
KRN,2025-02-19,2025-02-25,854.8772,897.6211,2.6,2.03,14.85,0.05,0.047,take_profit,False,6,4,4445237.15,208926.15,2025
NH,2025-02-25,2025-03-03,1462.8376,1535.9795,2.39,9.18,5.19,0.05,0.047,take_profit,False,6,3,5300632.48,249129.73,2025
THANGAMAYL,2025-02-25,2025-02-27,1851.6583,1722.0422,2.03,2.73,18.51,-0.07,-0.073,stopped_out,True,2,1,4240505.98,-309556.94,2025
CREDITACC,2025-02-27,2025-02-28,971.9357,903.9002,0.79,10.07,10.48,-0.07,-0.073,stopped_out,True,1,1,5812502.63,-424312.69,2025
CHOLAFIN,2025-02-27,2025-03-13,1437.6466,1442.2493,1.32,2.54,2.31,0.003202,0.000202,time_exit,False,14,10,4650002.1,939.3,2025
HOMEFIRST,2025-02-28,2025-03-17,1016.0148,998.7079,1.19,13.48,11.76,-0.017034,-0.020034,time_exit,False,17,10,5593949.05,-112069.18,2025
AETHER,2025-02-28,2025-03-03,855.7777,898.5665,2.01,4.66,7.72,0.05,0.047,take_profit,False,3,1,6992436.32,328644.51,2025
BLUESTARCO,2025-03-03,2025-03-04,2023.7947,2124.9845,1.58,5.01,4.91,0.05,0.047,take_profit,False,1,1,7049327.85,331318.41,2025
DBL,2025-03-03,2025-03-05,437.3271,459.1935,3.16,1.82,5.66,0.05,0.047,take_profit,False,2,2,5639462.28,265054.73,2025
NH,2025-03-03,2025-03-18,1612.6099,1573.6548,1.9,9.97,11.42,-0.024157,-0.027157,time_exit,False,15,10,4511569.82,-122520.7,2025
KRN,2025-03-04,2025-03-05,923.5615,969.7396,3.0,1.92,7.01,0.05,0.047,take_profit,False,1,1,5085385.11,239013.1,2025
REDINGTON,2025-03-05,2025-03-12,241.7337,224.8124,3.76,1.82,7.5,-0.07,-0.073,stopped_out,True,7,5,6314091.13,-460928.65,2025
INDIGO,2025-03-05,2025-03-19,4692.5194,4927.1454,1.02,1.62,1.69,0.05,0.047,take_profit,False,14,9,5051272.9,237409.83,2025
BALRAMCHIN,2025-03-12,2025-03-19,483.5304,508.8883,2.55,4.84,7.49,0.052443,0.049443,take_profit_gap,False,7,4,5211650.82,257679.65,2025
DMART,2025-03-13,2025-03-25,3798.9986,3988.9486,0.82,4.09,3.15,0.05,0.047,take_profit,False,12,7,5099508.94,239676.92,2025
INDIASHLTR,2025-03-17,2025-04-01,804.8848,808.4034,3.84,6.7,5.25,0.004371,0.001371,time_exit,False,15,10,5175983.12,7096.27,2025
FEDERALBNK,2025-03-19,2025-03-24,185.1622,194.4203,4.46,1.71,2.41,0.05,0.047,take_profit,False,5,3,7170198.96,336999.35,2025
FEDERALBNK,2025-03-19,2025-03-24,185.1622,194.4203,1.3,1.71,2.41,0.05,0.047,take_profit,False,5,3,5736159.17,269599.48,2025
GICRE,2025-03-19,2025-03-21,407.4201,427.7911,2.06,1.92,3.55,0.05,0.047,take_profit,False,2,2,4588927.34,215679.58,2025
POONAWALLA,2025-03-21,2025-03-24,334.9674,351.7158,3.17,3.02,5.25,0.05,0.047,take_profit,False,3,1,4632063.25,217706.97,2025
BHEL,2025-03-24,2025-04-07,217.1924,193.4964,2.28,1.56,1.65,-0.109101,-0.112101,stopped_out_gap,False,14,9,5902556.83,-661682.52,2025
CHOLAHLDNG,2025-03-24,2025-04-07,1774.4645,1413.3186,0.97,1.65,3.25,-0.203524,-0.206524,stopped_out_gap,False,14,9,4722045.47,-975215.72,2025
CONCOR,2025-03-24,2025-04-07,563.2852,504.5989,1.84,1.74,2.57,-0.104186,-0.107186,stopped_out_gap,False,14,9,7378196.04,-790839.32,2025
BLUEDART,2025-03-25,2025-04-04,6491.3779,6036.9814,0.76,14.44,7.96,-0.07,-0.073,stopped_out,True,10,7,4845473.54,-353719.57,2025
GALLANTT,2025-04-01,2025-04-02,407.486,427.8603,2.07,4.65,5.29,0.05,0.047,take_profit,False,1,1,4912994.72,230910.75,2025
SUPRIYA,2025-04-02,2025-04-03,785.6053,824.8856,3.83,2.61,7.11,0.05,0.047,take_profit,False,1,1,4959176.87,233081.31,2025
INDIAGLYCO,2025-04-03,2025-04-07,626.1948,536.6491,1.19,3.37,6.25,-0.143,-0.146,stopped_out_gap,False,4,2,5005793.13,-730845.8,2025
VIJAYA,2025-04-08,2025-04-11,1014.5646,943.5451,5.27,8.83,10.47,-0.07,-0.073,stopped_out,True,3,2,8872986.92,-647728.05,2025
FIVESTAR,2025-04-08,2025-04-15,711.1419,746.699,0.53,7.06,4.54,0.05,0.047,take_profit,False,7,3,7098389.54,333624.31,2025
CHOLAHLDNG,2025-04-08,2025-04-15,1718.1251,1811.8443,0.64,6.35,8.15,0.054547,0.051547,take_profit_gap,False,7,3,5678711.63,292720.55,2025
ASIANPAINT,2025-04-08,2025-04-25,2369.8003,2404.4134,1.54,1.69,1.62,0.014606,0.011606,time_exit,False,17,10,4542969.3,52725.7,2025
BERGEPAINT,2025-04-08,2025-04-22,532.2457,558.8579,3.75,2.95,2.99,0.05,0.047,take_profit,False,14,7,3634375.44,170815.65,2025
PIIND,2025-04-11,2025-04-29,3600.4182,3636.9509,7.35,5.05,5.48,0.010147,0.007147,time_exit,False,18,10,4552552.13,32537.09,2025
YATHARTH,2025-04-15,2025-04-16,485.0924,509.3471,1.62,1.83,5.08,0.05,0.047,take_profit,False,1,1,6322730.91,297168.35,2025
JKTYRE,2025-04-15,2025-04-25,298.5061,315.5454,4.27,3.97,4.51,0.057082,0.054082,take_profit_gap,False,10,7,5058184.73,273556.75,2025
ZEEL,2025-04-16,2025-04-21,110.3601,115.8781,1.28,1.75,4.14,0.05,0.047,take_profit,False,5,2,5370527.63,252414.8,2025
NAM-INDIA,2025-04-21,2025-04-22,619.6845,650.6687,5.24,2.69,5.96,0.05,0.047,take_profit,False,1,1,5421010.59,254787.5,2025
BALRAMCHIN,2025-04-22,2025-04-30,587.4454,546.3243,1.08,2.43,3.52,-0.07,-0.073,stopped_out,True,8,6,4986405.05,-364007.57,2025
BALRAMCHIN,2025-04-22,2025-04-30,587.4454,546.3243,0.83,2.43,3.52,-0.07,-0.073,stopped_out,True,8,6,6233006.31,-455009.46,2025
RBA,2025-04-25,2025-04-29,82.2611,86.3742,3.32,2.57,5.42,0.05,0.047,take_profit,False,4,2,5974611.33,280806.73,2025
MFSL,2025-04-25,2025-05-12,1267.0332,1292.3535,0.62,1.79,1.95,0.019984,0.016984,time_exit,False,17,10,4779689.07,81178.24,2025
SONATSOFTW,2025-04-29,2025-04-30,368.1359,386.5427,0.99,1.96,3.13,0.05,0.047,take_profit,False,1,1,5991852.71,281617.08,2025
HAL,2025-04-29,2025-05-14,4558.2516,4710.4815,0.57,2.06,3.05,0.033397,0.030397,time_exit,False,15,10,4793482.17,145707.48,2025
RRKABEL,2025-04-30,2025-05-05,1039.4941,1163.0061,2.08,10.6,5.79,0.118819,0.115819,take_profit_gap,False,5,2,7169558.56,830371.1,2025
BALKRISIND,2025-04-30,2025-05-08,2659.3212,2792.2872,1.11,1.83,2.04,0.05,0.047,take_profit,False,8,5,5735646.85,269575.4,2025
VMM,2025-04-30,2025-05-05,118.5392,124.4662,4.95,7.07,5.88,0.05,0.047,take_profit,False,5,2,4588517.48,215660.32,2025
SWIGGY,2025-05-05,2025-05-08,344.122,320.0334,4.27,5.68,10.95,-0.07,-0.073,stopped_out,True,3,3,6231635.47,-454909.39,2025
GRAVITA,2025-05-05,2025-05-09,1930.1148,1774.1125,1.88,3.51,1.75,-0.080825,-0.083825,stopped_out_gap,False,4,4,4985308.38,-417893.47,2025
SHRIPISTON,2025-05-08,2025-05-09,2114.7189,2220.4549,9.71,12.86,6.37,0.05,0.047,take_profit,False,1,1,6344636.37,298197.91,2025
KPRMILL,2025-05-08,2025-05-09,1183.6638,1242.847,1.04,8.18,8.08,0.05,0.047,take_profit,False,1,1,5075709.1,238558.33,2025
EPL,2025-05-09,2025-05-12,203.2906,213.4551,3.08,3.75,4.82,0.05,0.047,take_profit,False,3,1,5892376.48,276941.69,2025
IIFL,2025-05-09,2025-05-12,369.9489,388.4464,1.05,2.27,7.6,0.05,0.047,take_profit,False,3,1,4713901.18,221553.36,2025
UNIONBANK,2025-05-09,2025-05-13,118.9326,124.8792,4.56,4.4,6.87,0.05,0.047,take_profit,False,4,2,7365470.6,346177.12,2025
HINDCOPPER,2025-05-12,2025-05-23,223.6587,234.8417,6.53,2.18,6.01,0.05,0.047,take_profit,False,11,9,4457119.33,209484.61,2025
LTTS,2025-05-12,2025-05-26,4392.9864,4449.163,5.33,1.56,4.7,0.012788,0.009788,time_exit,False,14,10,5571399.16,54532.85,2025
ZENSARTECH,2025-05-12,2025-05-14,738.5333,775.46,4.2,1.51,2.96,0.05,0.047,take_profit,False,2,2,6964248.95,327319.7,2025
TANLA,2025-05-13,2025-05-19,552.1787,579.7876,5.54,9.65,10.64,0.05,0.047,take_profit,False,6,4,5108025.01,240077.18,2025
JSL,2025-05-14,2025-05-28,651.282,644.2586,2.52,1.71,3.9,-0.010784,-0.013784,time_exit,False,14,10,6532571.66,-90044.97,2025
PRSMJOHNSN,2025-05-14,2025-05-15,133.3967,140.0665,2.07,1.91,3.35,0.05,0.047,take_profit,False,1,1,5226057.33,245624.69,2025
HEROMOTOCO,2025-05-15,2025-05-29,4181.2092,4207.549,4.31,2.87,5.93,0.0063,0.0033,time_exit,False,14,10,5275182.27,17408.1,2025
KPIGREEN,2025-05-19,2025-06-02,485.0543,490.3061,5.14,1.71,9.48,0.010827,0.007827,time_exit,False,14,10,5289766.25,41403.0,2025
RELIGARE,2025-05-23,2025-06-04,239.8799,223.0883,1.65,3.45,2.97,-0.07,-0.073,stopped_out,True,12,8,5165133.79,-377054.77,2025
SUZLON,2025-05-26,2025-05-28,64.4022,67.6223,1.64,1.87,2.45,0.05,0.047,take_profit,False,2,2,5257293.43,247092.79,2025
CDSL,2025-05-28,2025-06-02,1507.7663,1583.1546,1.97,1.52,3.35,0.05,0.047,take_profit,False,5,3,6595217.33,309975.21,2025
TRIVENI,2025-05-28,2025-06-11,446.6183,428.0838,0.95,12.92,4.01,-0.0415,-0.0445,time_exit,False,14,10,5276173.87,-234789.74,2025
PRESTIGE,2025-05-29,2025-06-03,1499.924,1574.9202,1.66,4.19,1.69,0.05,0.047,take_profit,False,5,3,5279457.17,248134.49,2025
DBREALTY,2025-06-02,2025-06-05,203.2516,213.4141,1.31,3.62,5.81,0.05,0.047,take_profit,False,3,3,6670838.09,313529.39,2025
KFINTECH,2025-06-02,2025-06-05,1117.4805,1173.3545,1.78,1.58,4.24,0.05,0.047,take_profit,False,3,3,5336670.47,250823.51,2025
SOBHA,2025-06-03,2025-06-05,1530.7441,1607.2813,1.34,4.07,4.58,0.05,0.047,take_profit,False,2,2,5374854.71,252618.17,2025
SHARDACROP,2025-06-04,2025-06-12,789.5126,828.9882,2.39,2.1,3.74,0.05,0.047,take_profit,False,8,6,5257499.57,247102.48,2025
SJVN,2025-06-05,2025-06-19,102.2144,95.0594,2.73,2.68,3.44,-0.07,-0.073,stopped_out,True,14,10,7845866.53,-572748.26,2025
DRREDDY,2025-06-05,2025-06-10,1283.1077,1347.263,2.25,2.03,2.09,0.05,0.047,take_profit,False,5,3,6276693.22,295004.58,2025
DRREDDY,2025-06-05,2025-06-10,1283.1077,1347.263,0.86,2.03,2.09,0.05,0.047,take_profit,False,5,3,5021354.58,236003.67,2025
BSOFT,2025-06-10,2025-06-24,422.114,415.985,1.04,1.86,2.07,-0.01452,-0.01752,time_exit,False,14,10,6382894.87,-111828.32,2025
RPOWER,2025-06-10,2025-06-11,71.2756,74.8394,3.25,2.59,8.45,0.05,0.047,take_profit,False,1,1,5106315.9,239996.85,2025
JKCEMENT,2025-06-11,2025-06-25,5960.1378,6015.0037,1.02,1.62,3.56,0.009205,0.006205,time_exit,False,14,10,6162592.09,38238.88,2025
PRSMJOHNSN,2025-06-11,2025-06-16,160.05,148.8465,0.97,5.61,5.24,-0.07,-0.073,stopped_out,True,5,3,4930073.67,-359895.38,2025
AJANTPHARM,2025-06-12,2025-06-17,2701.3639,2512.2684,2.23,4.78,2.64,-0.07,-0.073,stopped_out,True,5,3,5044979.35,-368283.49,2025
PIIND,2025-06-16,2025-06-30,4138.4173,4092.6045,0.76,3.14,2.23,-0.01107,-0.01407,time_exit,False,14,10,4950019.14,-69646.77,2025
ABCAPITAL,2025-06-17,2025-06-24,255.2376,268.8655,2.15,2.06,2.56,0.053393,0.050393,take_profit_gap,False,7,5,4895354.48,246691.6,2025
EICHERMOT,2025-06-19,2025-07-03,5425.8918,5697.1864,0.58,1.89,1.54,0.05,0.047,take_profit,False,14,10,5370907.24,252432.64,2025
EDELWEISS,2025-06-24,2025-06-27,107.5732,112.9518,4.87,1.83,4.75,0.05,0.047,take_profit,False,3,3,6579348.32,309229.37,2025
SWANCORP,2025-06-24,2025-07-08,445.8316,439.8398,2.15,5.0,2.7,-0.013439,-0.016439,time_exit,False,14,10,5263478.66,-86526.33,2025
TITAN,2025-06-25,2025-07-09,3643.0623,3430.384,0.61,2.91,2.88,-0.058379,-0.061379,time_exit,False,14,10,5450949.12,-334573.81,2025
ONESOURCE,2025-06-27,2025-07-02,2195.097,2041.4402,6.47,1.86,8.89,-0.07,-0.073,stopped_out,True,5,3,5738474.83,-418908.66,2025
KAYNES,2025-06-30,2025-07-14,6098.0475,6019.9885,1.41,2.69,3.29,-0.012801,-0.015801,time_exit,False,14,10,5566854.34,-87961.87,2025
GMRAIRPORT,2025-07-02,2025-07-09,88.4442,92.8664,0.95,1.91,2.33,0.05,0.047,take_profit,False,7,5,5517396.71,259317.65,2025
KAJARIACER,2025-07-03,2025-07-10,1130.0564,1186.5593,0.52,1.75,2.02,0.05,0.047,take_profit,False,7,5,5538585.34,260313.51,2025
TRIDENT,2025-07-08,2025-07-22,32.3061,30.0447,0.74,5.98,2.87,-0.07,-0.073,stopped_out,True,14,10,5466258.74,-399036.89,2025
TARIL,2025-07-09,2025-07-23,517.3085,503.8979,2.26,3.65,4.67,-0.025924,-0.028924,time_exit,False,14,10,6551624.92,-189499.2,2025
AHLUCONT,2025-07-09,2025-07-14,998.2928,1048.2075,2.83,2.56,5.52,0.05,0.047,take_profit,False,5,3,5241299.94,246341.1,2025
GODIGIT,2025-07-10,2025-07-23,342.171,359.2796,1.52,2.69,2.09,0.05,0.047,take_profit,False,13,9,5352819.72,251582.53,2025
UJJIVANSFB,2025-07-14,2025-07-24,49.2946,45.844,2.54,1.77,4.72,-0.07,-0.073,stopped_out,True,10,8,6475562.48,-472716.06,2025
RRKABEL,2025-07-14,2025-07-17,1365.9661,1434.2644,0.79,3.64,3.65,0.05,0.047,take_profit,False,3,3,5180449.98,243481.15,2025
BALKRISIND,2025-07-17,2025-07-31,2730.0685,2665.6587,0.94,2.71,3.75,-0.023593,-0.026593,time_exit,False,14,10,5229146.21,-139058.69,2025
POWERINDIA,2025-07-22,2025-07-30,20119.2226,21125.1837,1.07,1.52,3.79,0.05,0.047,take_profit,False,8,6,5196761.34,244247.78,2025
IGIL,2025-07-23,2025-07-30,399.0154,418.9661,0.54,1.67,2.12,0.05,0.047,take_profit,False,7,5,6550714.67,307883.59,2025
GODREJAGRO,2025-07-23,2025-08-06,837.8908,830.6345,2.71,7.01,4.69,-0.00866,-0.01166,time_exit,False,14,10,5240571.73,-61105.07,2025
OLECTRA,2025-07-24,2025-07-29,1532.7978,1425.5019,7.84,11.05,14.36,-0.07,-0.073,stopped_out,True,5,3,5393026.67,-393690.95,2025
NETWEB,2025-07-29,2025-08-01,1971.3978,2089.3219,1.22,2.73,8.69,0.059818,0.056818,take_profit_gap,False,3,3,5314288.48,301947.24,2025
GODFRYPHLP,2025-07-30,2025-08-04,3097.3924,2880.5749,0.6,1.99,4.35,-0.07,-0.073,stopped_out,True,5,3,5369081.81,-391942.97,2025
COROMANDEL,2025-07-30,2025-08-07,2643.6058,2458.5534,2.96,2.44,5.27,-0.07,-0.073,stopped_out,True,8,6,6711352.26,-489928.72,2025
HINDUNILVR,2025-07-31,2025-08-01,2502.7862,2627.9255,3.33,3.08,4.18,0.05,0.047,take_profit,False,1,1,5313282.95,249724.3,2025
HBLENGINE,2025-08-01,2025-08-11,597.9035,657.2008,1.18,1.78,1.7,0.099175,0.096175,take_profit_gap,False,10,6,6486474.96,623836.73,2025
JSL,2025-08-01,2025-08-18,703.7075,738.8928,1.19,1.83,1.74,0.05,0.047,take_profit,False,17,10,5189179.97,243891.46,2025
TVSMOTOR,2025-08-04,2025-08-18,2943.9712,3154.322,0.98,2.49,1.82,0.071451,0.068451,take_profit_gap,False,14,9,5146771.74,352301.67,2025
TRANSRAILL,2025-08-06,2025-08-13,794.23,833.9415,3.55,8.31,4.56,0.05,0.047,take_profit,False,7,5,5153310.73,242205.6,2025
FSL,2025-08-07,2025-08-22,370.0349,367.9659,0.59,3.16,5.76,-0.005591,-0.008591,time_exit,False,15,10,5366933.29,-46107.32,2025
HCG,2025-08-11,2025-08-14,651.8758,684.4696,3.34,3.21,5.43,0.05,0.047,take_profit,False,3,3,5715608.97,268633.62,2025
ACI,2025-08-13,2025-08-28,694.4971,645.8823,1.51,8.62,3.15,-0.07,-0.073,stopped_out,True,15,9,5651590.44,-412566.1,2025
SENCO,2025-08-14,2025-08-18,360.1199,378.1259,0.55,3.94,5.99,0.05,0.047,take_profit,False,4,1,5718120.87,268751.68,2025
ASAHIINDIA,2025-08-18,2025-09-02,866.2755,841.2292,1.94,2.1,2.71,-0.028913,-0.031913,time_exit,False,15,10,7958300.18,-253973.23,2025
NIVABUPA,2025-08-18,2025-09-02,86.3331,82.7886,2.05,5.76,1.88,-0.041057,-0.044057,time_exit,False,15,10,6366640.14,-280495.06,2025
BIKAJI,2025-08-18,2025-09-02,771.814,810.4047,1.23,3.49,3.07,0.05,0.047,take_profit,False,15,10,5093312.11,239385.67,2025
SHAILY,2025-08-22,2025-08-29,2102.6846,2207.8188,1.9,1.5,4.13,0.05,0.047,take_profit,False,7,4,5138814.88,241524.3,2025
OLAELEC,2025-08-28,2025-09-01,54.8674,57.6108,3.48,4.27,7.21,0.05,0.047,take_profit,False,4,2,5158856.77,242466.27,2025
RBLBANK,2025-08-29,2025-09-05,260.2342,273.2459,0.96,4.88,3.8,0.05,0.047,take_profit,False,7,5,5203153.26,244548.2,2025
HEMIPROP,2025-09-01,2025-09-03,138.5492,145.4767,2.39,2.65,4.41,0.05,0.047,take_profit,False,2,2,5242787.21,246411.0,2025
IGL,2025-09-02,2025-09-16,211.4016,211.538,2.58,1.99,1.7,0.000645,-0.002355,time_exit,False,14,10,8018863.73,-18884.42,2025
DABUR,2025-09-02,2025-09-04,542.0111,569.1117,3.07,3.0,3.73,0.05,0.047,take_profit,False,2,2,6415090.98,301509.28,2025
NMDC,2025-09-02,2025-09-11,70.6876,74.222,4.71,2.58,3.73,0.05,0.047,take_profit,False,9,7,5132072.79,241207.42,2025
RATEGAIN,2025-09-03,2025-09-05,590.345,619.8623,4.27,1.6,6.32,0.05,0.047,take_profit,False,2,2,5203497.87,244564.4,2025
DEVYANI,2025-09-04,2025-09-09,179.3897,188.3591,0.73,1.73,1.56,0.05,0.047,take_profit,False,5,3,5506118.35,258787.56,2025
AVALON,2025-09-05,2025-09-10,923.4115,969.5821,4.69,1.99,6.74,0.05,0.047,take_profit,False,5,3,6584047.43,309450.23,2025
GMDCLTD,2025-09-05,2025-09-08,499.8635,524.8567,7.34,6.28,11.82,0.05,0.047,take_profit,False,3,1,5267237.94,247560.18,2025
MSUMI,2025-09-08,2025-09-09,47.2836,49.6478,2.01,3.14,3.23,0.05,0.047,take_profit,False,1,1,5316749.98,249887.25,2025
CHENNPETRO,2025-09-09,2025-09-11,723.5616,759.7397,0.83,1.99,2.89,0.05,0.047,take_profit,False,2,2,6519708.61,306426.3,2025
PRICOLLTD,2025-09-09,2025-09-18,517.9993,543.8993,0.87,1.93,3.31,0.05,0.047,take_profit,False,9,7,5215766.89,245141.04,2025
PREMIERENE,2025-09-10,2025-09-24,1042.3209,1044.1776,2.45,1.88,3.93,0.001781,-0.001219,time_exit,False,14,10,5551313.04,-6767.05,2025
GAEL,2025-09-11,2025-09-25,112.7063,107.0664,1.78,5.77,4.6,-0.050041,-0.053041,time_exit,False,14,10,6880933.46,-364971.59,2025
MTARTECH,2025-09-11,2025-09-12,1532.866,1609.5093,3.5,5.13,2.56,0.05,0.047,take_profit,False,1,1,5504746.77,258723.1,2025
MIDHANI,2025-09-12,2025-09-26,400.7503,383.808,0.94,3.04,2.72,-0.042276,-0.045276,time_exit,False,14,10,5556491.39,-251575.7,2025
GVT&D,2025-09-16,2025-09-19,2926.0624,3072.3655,0.68,1.94,2.51,0.05,0.047,take_profit,False,3,3,6045188.97,284123.88,2025
ZENTEC,2025-09-18,2025-09-26,1622.1107,1508.5629,3.66,3.71,4.07,-0.07,-0.073,stopped_out,True,8,6,5928332.76,-432768.29,2025
ASTERDM,2025-09-19,2025-10-06,650.8753,672.2137,3.6,3.1,5.79,0.032784,0.029784,time_exit,False,17,10,6008528.78,178958.02,2025
DEEPAKNTR,2025-09-24,2025-10-09,1870.3347,1779.9096,0.64,2.2,2.15,-0.048347,-0.051347,time_exit,False,15,10,5915732.22,-303755.1,2025
POLYMED,2025-09-25,2025-10-03,2032.8159,1890.5188,0.96,2.23,1.85,-0.07,-0.073,stopped_out,True,8,5,6035778.15,-440611.81,2025
MRPL,2025-09-29,2025-10-03,134.1771,140.8859,0.81,7.15,4.62,0.05,0.047,take_profit,False,4,3,6988718.55,328469.77,2025
IOC,2025-09-29,2025-10-09,144.9429,152.19,1.86,2.08,2.94,0.05,0.047,take_profit,False,10,7,5590974.84,262775.82,2025
INDIANB,2025-10-03,2025-10-16,766.333,804.6496,0.75,1.51,3.23,0.05,0.047,take_profit,False,13,9,7055250.81,331596.79,2025
SHYAMMETL,2025-10-03,2025-10-15,971.2854,903.2954,2.56,5.09,5.52,-0.07,-0.073,stopped_out,True,12,8,5644200.65,-412026.65,2025
ASTERDM,2025-10-06,2025-10-09,672.8863,706.5306,1.38,2.62,4.06,0.05,0.047,take_profit,False,3,3,5752857.88,270384.32,2025
IMFA,2025-10-09,2025-10-16,1238.6206,1151.9171,1.63,3.34,6.12,-0.07,-0.073,stopped_out,True,7,5,8100080.3,-591305.86,2025
FEDERALBNK,2025-10-09,2025-10-20,207.4437,217.8158,1.46,2.21,1.89,0.05,0.047,take_profit,False,11,7,6480064.24,304563.02,2025
AUROPHARMA,2025-10-09,2025-10-24,1120.46,1084.4575,1.21,3.1,2.09,-0.032132,-0.035132,time_exit,False,15,10,5184051.39,-182126.09,2025
ICICIGI,2025-10-15,2025-10-30,2014.7638,2013.0929,2.04,7.49,6.61,-0.000829,-0.003829,time_exit,False,15,10,5193675.91,-19886.59,2025
SHAREINDIA,2025-10-16,2025-10-17,177.8466,186.7389,18.47,11.09,17.53,0.05,0.047,take_profit,False,1,1,7134065.14,335301.06,2025
CEATLTD,2025-10-16,2025-10-20,3700.8495,3885.892,2.35,2.48,3.32,0.05,0.047,take_profit,False,4,2,5707252.11,268240.85,2025
BECTORFOOD,2025-10-17,2025-11-03,271.9112,264.5424,1.86,3.22,5.42,-0.0271,-0.0301,time_exit,False,17,10,6059674.93,-182396.22,2025
CANFINHOME,2025-10-20,2025-10-31,832.4111,874.0316,2.75,5.56,2.36,0.05,0.047,take_profit,False,11,8,5919811.19,278231.13,2025
UCOBANK,2025-10-20,2025-10-31,31.956,33.5538,1.72,2.51,3.17,0.05,0.047,take_profit,False,11,8,7399763.98,347788.91,2025
CREDITACC,2025-10-24,2025-11-07,1423.2112,1323.5865,4.96,7.32,6.77,-0.07,-0.073,stopped_out,True,14,9,5736234.01,-418745.08,2025
JISLJALEQS,2025-10-30,2025-11-06,52.8864,49.1844,0.89,4.45,1.65,-0.07,-0.073,stopped_out,True,7,4,5623745.07,-410533.39,2025
CANBK,2025-10-31,2025-11-12,137.0585,143.9114,2.23,2.48,4.26,0.05,0.047,take_profit,False,12,7,7288115.1,342541.41,2025
FDC,2025-10-31,2025-11-06,455.0772,423.2218,1.51,2.11,1.97,-0.07,-0.073,stopped_out,True,6,3,5830492.08,-425625.92,2025
INTELLECT,2025-11-03,2025-11-10,1198.599,1114.6971,1.71,7.76,6.12,-0.07,-0.073,stopped_out,True,7,4,5839849.41,-426309.01,2025
ASTRAL,2025-11-06,2025-11-18,1565.3845,1455.8076,3.58,7.64,5.64,-0.07,-0.073,stopped_out,True,12,8,6795495.09,-496071.14,2025
ASIANPAINT,2025-11-06,2025-11-12,2600.1434,2730.1506,2.46,4.54,1.67,0.05,0.047,take_profit,False,6,4,5436396.07,255510.62,2025
LTF,2025-11-07,2025-11-21,303.7518,288.5557,6.41,6.87,11.62,-0.050028,-0.053028,time_exit,False,14,10,5412614.64,-287020.13,2025
NATIONALUM,2025-11-10,2025-11-13,250.518,263.0439,7.06,5.79,6.72,0.05,0.047,take_profit,False,3,3,5412799.79,254401.59,2025
KIRLOSENG,2025-11-12,2025-11-17,1059.1793,1112.1383,8.89,11.6,4.82,0.05,0.047,take_profit,False,5,3,6994752.48,328753.37,2025
ICIL,2025-11-12,2025-11-26,314.0569,312.2938,5.48,9.1,13.67,-0.005614,-0.008614,time_exit,False,14,10,5595801.98,-48202.24,2025
VIJAYA,2025-11-13,2025-11-27,1041.7206,1008.4455,0.77,1.96,1.77,-0.031942,-0.034942,time_exit,False,14,10,5610081.86,-196027.48,2025
IOB,2025-11-17,2025-12-01,40.2701,38.8306,1.61,1.98,3.74,-0.035747,-0.038747,time_exit,False,14,10,5952766.66,-230651.85,2025
GAEL,2025-11-18,2025-11-20,108.2841,113.6983,3.6,6.68,4.77,0.05,0.047,take_profit,False,2,2,6022098.12,283038.61,2025
EICHERMOT,2025-11-20,2025-12-04,7129.0628,7096.45,2.48,1.73,3.18,-0.004575,-0.007575,time_exit,False,14,10,6078705.84,-46046.2,2025
KTKBANK,2025-11-21,2025-11-24,188.8544,198.2971,7.66,8.72,7.37,0.05,0.047,take_profit,False,3,1,5888083.57,276739.93,2025
JYOTICNC,2025-11-24,2025-12-03,1039.9197,967.1253,1.76,2.62,4.04,-0.07,-0.073,stopped_out,True,9,7,5943431.56,-433870.5,2025
RATEGAIN,2025-11-26,2025-12-03,722.7112,672.1214,1.39,1.67,6.54,-0.07,-0.073,stopped_out,True,7,5,5864265.2,-428091.36,2025
SHAREINDIA,2025-11-27,2025-12-08,168.952,157.1254,0.67,5.47,2.23,-0.07,-0.073,stopped_out,True,11,7,5774223.03,-421518.28,2025
ECLERX,2025-12-01,2025-12-03,4692.1447,4926.7519,0.92,1.53,2.85,0.05,0.047,take_profit,False,2,2,5763801.39,270898.67,2025
WIPRO,2025-12-03,2025-12-17,248.4042,254.4404,1.59,2.01,1.63,0.0243,0.0213,time_exit,False,14,10,8007128.1,170551.83,2025
GHCL,2025-12-03,2025-12-12,618.409,575.1204,2.35,4.55,6.08,-0.07,-0.073,stopped_out,True,9,7,6405702.48,-467616.28,2025
HIKAL,2025-12-03,2025-12-04,244.059,256.262,6.23,18.56,8.54,0.05,0.047,take_profit,False,1,1,5124561.98,240854.41,2025
INDIACEM,2025-12-04,2025-12-17,412.3561,432.9739,0.81,8.69,10.2,0.05,0.047,take_profit,False,13,9,6379264.79,299825.45,2025
COFORGE,2025-12-04,2025-12-10,1962.4939,1825.1194,1.17,2.17,2.3,-0.07,-0.073,stopped_out,True,6,4,5103411.84,-372549.06,2025
SHRIPISTON,2025-12-08,2025-12-10,3041.0085,3193.0589,2.72,8.25,6.08,0.05,0.047,take_profit,False,2,2,5153270.42,242203.71,2025
WELSPUNLIV,2025-12-10,2025-12-24,140.8804,134.9525,2.99,3.13,6.8,-0.042078,-0.045078,time_exit,False,14,10,6147883.71,-277134.3,2025
NAVINFLUOR,2025-12-10,2025-12-24,5952.975,5871.063,2.02,3.86,3.84,-0.01376,-0.01676,time_exit,False,14,10,4918306.97,-82430.82,2025
VEDL,2025-12-12,2025-12-16,543.8718,571.0654,0.89,1.96,1.61,0.05,0.047,take_profit,False,4,2,5122262.82,240746.35,2025
KIRLOSENG,2025-12-16,2025-12-17,1227.7135,1289.0992,4.07,6.89,8.01,0.05,0.047,take_profit,False,1,1,5170412.09,243009.37,2025
INDIACEM,2025-12-17,2025-12-30,441.2705,441.679,1.42,5.46,8.13,0.000926,-0.002074,time_exit,False,13,8,6552294.4,-13589.46,2025
PRICOLLTD,2025-12-17,2025-12-30,651.5256,643.3282,0.94,2.38,2.55,-0.012582,-0.015582,time_exit,False,13,8,8190367.99,-127622.31,2025
AVANTIFEED,2025-12-17,2025-12-30,854.5771,830.7344,0.88,1.72,3.17,-0.0279,-0.0309,time_exit,False,13,8,5241835.52,-161972.72,2025
IIFL,2025-12-24,2025-12-30,598.0262,598.4206,2.75,4.71,4.9,0.000659,-0.002341,time_exit,False,6,3,6334793.53,-14829.75,2025
MANAPPURAM,2025-12-24,2025-12-30,314.1734,308.8704,4.29,7.0,6.09,-0.016879,-0.019879,time_exit,False,6,3,5067834.82,-100743.49,2025
