Datetime,Close,High,Low,Open,Volume,date,time,vol_sma,vol_std,vol_ratio,vol_zscore,rvol,direction,signal
2026-01-20 09:25:00+00:00,59.52000045776367,59.540000915527344,59.33000183105469,59.33000183105469,4698,2026-01-20,09:25:00,1345.6,1862.3098857474727,3.491379310344828,1.800130056579951,2.0800265648348,1.0,1
2026-01-20 14:15:00+00:00,60.0,60.040000915527344,59.689998626708984,59.70000076293945,4983,2026-01-20,14:15:00,1325.425,1843.0037679883058,3.7595488239621253,1.9845727195622358,1.5016951706471784,1.0,1
2026-01-20 14:25:00+00:00,60.25,60.27000045776367,60.0099983215332,60.0099983215332,5653,2026-01-20,14:25:00,1344.665,1868.5060172387145,4.204021075881354,2.305764584246228,1.6709711984333722,1.0,1
2026-01-20 14:30:00+00:00,60.33000183105469,60.5099983215332,60.2400016784668,60.2599983215332,9598,2026-01-20,14:30:00,1373.205,1949.4201361716655,6.989488095368135,4.219098206378497,2.529617183896686,1.0,1
2026-01-20 14:35:00+00:00,60.16999816894531,60.36000061035156,60.15999984741211,60.34000015258789,4867,2026-01-20,14:35:00,1388.73,1964.8350416266546,3.5046409309224975,1.7702605696203368,1.1561256606686858,-1.0,-1
2026-01-20 15:25:00+00:00,60.470001220703125,60.5099983215332,60.310001373291016,60.369998931884766,5443,2026-01-20,15:25:00,1425.925,1996.130467577949,3.8171713098515,2.0124310836626877,1.7052672802036422,1.0,1
2026-01-20 15:45:00+00:00,60.16999816894531,60.18000030517578,60.16999816894531,60.18000030517578,4745,2026-01-20,15:45:00,1450.67,2011.7603009909537,3.2709024106102698,1.637536041633428,0.862423464461383,-1.0,-1
2026-01-20 19:10:00+00:00,60.20000076293945,60.20000076293945,60.09000015258789,60.130001068115234,4344,2026-01-20,19:10:00,1297.005,1299.5809123381139,3.3492546289335814,2.3445981478121762,2.1851793630332947,1.0,1
2026-01-20 19:25:00+00:00,60.36000061035156,60.40999984741211,60.22999954223633,60.2400016784668,17610,2026-01-20,19:25:00,1402.87,1746.1892300767913,12.552838110445018,9.281428221434666,4.015734564734052,1.0,1
2026-01-20 19:30:00+00:00,60.15999984741211,60.349998474121094,60.150001525878906,60.349998474121094,4686,2026-01-20,19:30:00,1424.495,1759.9481918982233,3.289586836036631,1.8531823919670307,2.233755399970207,-1.0,-1
2026-01-20 20:00:00+00:00,59.900001525878906,60.0099983215332,59.849998474121094,59.93000030517578,5230,2026-01-20,20:00:00,1499.16,1776.706179604048,3.4886202940313242,2.0998632429091035,3.6033242905739997,-1.0,-1
2026-01-20 20:30:00+00:00,59.540000915527344,59.72999954223633,59.47999954223633,59.72999954223633,7179,2026-01-20,20:30:00,1566.285,1815.094619064189,4.58345703368161,3.092243754705061,5.362464985994397,-1.0,-1
2026-01-20 20:40:00+00:00,59.400001525878906,59.540000915527344,59.380001068115234,59.52000045776367,6405,2026-01-20,20:40:00,1609.745,1845.0199791853092,3.978891066597505,2.5990260561391874,5.658752070679183,-1.0,-1
2026-01-21 09:00:00+00:00,59.290000915527344,59.36000061035156,59.220001220703125,59.310001373291016,4096,2026-01-21,09:00:00,1142.57,1719.713300021649,3.5849007063024585,1.717396731166073,2.2730299667036626,-1.0,-1
2026-01-21 11:00:00+00:00,60.06999969482422,60.130001068115234,59.900001525878906,59.90999984741211,3242,2026-01-21,11:00:00,1013.235,1621.2934565141727,3.199652597867227,1.3746832759023826,1.855487194162255,1.0,1
2026-01-21 13:30:00+00:00,60.849998474121094,60.869998931884766,60.7599983215332,60.779998779296875,3172,2026-01-21,13:30:00,861.455,1016.90075904373,3.6821424218328294,2.2721440410495743,0.6652335762596341,1.0,1
2026-01-21 13:35:00+00:00,60.529998779296875,60.88999938964844,60.5,60.849998474121094,5494,2026-01-21,13:35:00,877.52,1063.7401823177418,6.260825964080591,4.339856740149961,1.5607677420500345,-1.0,-1
2026-01-21 13:40:00+00:00,60.459999084472656,60.54999923706055,60.41999816894531,60.52000045776367,3281,2026-01-21,13:40:00,867.775,1032.1240548977087,3.780933997868111,2.33811525712301,0.8761014686248331,-1.0,-1
2026-01-21 14:00:00+00:00,60.349998474121094,60.5,60.31999969482422,60.31999969482422,4341,2026-01-21,14:00:00,889.565,1068.7359676824233,4.879913216010072,3.2294552671269314,0.8914215308794086,1.0,1
2026-01-21 14:05:00+00:00,60.380001068115234,60.40999984741211,60.33000183105469,60.349998474121094,2692,2026-01-21,14:05:00,890.36,1070.0229746277184,3.0234961139314436,1.683739548327759,0.5923806904139733,1.0,1
2026-01-21 14:15:00+00:00,60.31999969482422,60.380001068115234,60.130001068115234,60.310001373291016,6180,2026-01-21,14:15:00,882.875,1038.145689069537,6.999858417103214,5.102487113102281,1.8624274843667596,1.0,1
2026-01-21 14:35:00+00:00,60.40999984741211,60.47999954223633,60.34000015258789,60.38999938964844,3167,2026-01-21,14:35:00,861.335,964.689693007013,3.6768504704905753,2.3900587066635515,0.7523012055347704,1.0,1
2026-01-21 15:00:00+00:00,60.290000915527344,60.369998931884766,60.189998626708984,60.33000183105469,3660,2026-01-21,15:00:00,881.15,986.9853941886391,4.15366282698746,2.8154925253826883,0.7358910237882805,-1.0,-1
2026-01-21 15:05:00+00:00,60.150001525878906,60.349998474121094,60.11000061035156,60.279998779296875,3939,2026-01-21,15:05:00,899.02,1009.6869058471497,4.381437565348936,3.010814523190622,0.9653228770983948,-1.0,-1
2026-01-21 15:15:00+00:00,60.20000076293945,60.22999954223633,60.06999969482422,60.099998474121094,4518,2026-01-21,15:15:00,920.875,1043.6964360522343,4.90620333921542,3.4465241767099157,1.2768573144451902,1.0,1
2026-01-21 15:20:00+00:00,60.18000030517578,60.2599983215332,60.150001525878906,60.20000076293945,3384,2026-01-21,15:20:00,935.31,1057.6754372456412,3.618051768932226,2.3151620183000436,0.8188871580029946,-1.0,-1
2026-01-21 15:30:00+00:00,60.36000061035156,60.38999938964844,60.20000076293945,60.20000076293945,4065,2026-01-21,15:30:00,956.925,1083.0065397775766,4.247981816756799,2.8698580164052596,1.1314846386694966,1.0,1
2026-01-21 15:35:00+00:00,60.45000076293945,60.5,60.31999969482422,60.36000061035156,3657,2026-01-21,15:35:00,966.05,1098.0012116587188,3.785518347911599,2.4507714303291697,1.0396588486140725,1.0,1
2026-01-21 16:00:00+00:00,60.619998931884766,60.63999938964844,60.459999084472656,60.5,3450,2026-01-21,16:00:00,1015.36,1108.2937315427164,3.397809643870154,2.1967461609757946,0.8696337140606538,1.0,1
2026-01-21 16:15:00+00:00,60.380001068115234,60.54999923706055,60.349998474121094,60.5099983215332,3654,2026-01-21,16:15:00,1046.765,1122.5689130730389,3.4907548494647793,2.3225611983701553,1.0607446113651209,-1.0,-1
2026-01-21 16:20:00+00:00,60.349998474121094,60.45000076293945,60.29999923706055,60.38999938964844,4360,2026-01-21,16:20:00,1066.855,1145.61024267225,4.086778428183774,2.8745771269628415,1.2548793869511252,-1.0,-1
2026-01-21 18:00:00+00:00,60.63999938964844,60.72999954223633,60.369998931884766,60.38999938964844,5460,2026-01-21,18:00:00,1211.975,1168.697412758295,4.505043420862642,3.634837344230998,1.3345554537121906,1.0,1
2026-01-21 18:35:00+00:00,60.63999938964844,60.66999816894531,60.63999938964844,60.66999816894531,4169,2026-01-21,18:35:00,1269.305,1181.4216340332532,3.2844745746688147,2.454411631265576,1.374150220427671,-1.0,-1
2026-01-21 19:25:00+00:00,60.599998474121094,60.65999984741211,60.459999084472656,60.470001220703125,7633,2026-01-21,19:25:00,1376.345,1252.4489441744968,5.545847879710392,4.995536967076795,1.7406077190582065,1.0,1
2026-01-22 09:00:00+00:00,60.220001220703125,60.38999938964844,60.150001525878906,60.380001068115234,4216,2026-01-22,09:00:00,780.185,1107.0749275687044,5.403846523580946,3.1035071921875637,2.339622641509434,-1.0,-1
2026-01-22 09:40:00+00:00,60.119998931884766,60.13999938964844,60.0,60.11000061035156,2382,2026-01-22,09:40:00,713.9,1038.7635672970603,3.3366017649530746,1.6058514685305336,1.4565466636092639,1.0,1
2026-01-22 10:20:00+00:00,59.939998626708984,60.119998931884766,59.7599983215332,60.11000061035156,7000,2026-01-22,10:20:00,665.525,1038.6557409053175,10.51801209571391,6.098724293844193,5.40723217303143,-1.0,-1
2026-01-22 10:30:00+00:00,59.88999938964844,59.93000030517578,59.790000915527344,59.900001525878906,2161,2026-01-22,10:30:00,656.65,1026.7960743945002,3.2909464707226075,1.4650913044122342,1.5527911258813492,-1.0,-1
2026-01-22 11:15:00+00:00,59.68000030517578,59.849998474121094,59.65999984741211,59.849998474121094,3592,2026-01-22,11:15:00,636.755,1035.486851715353,5.6411021507487185,2.85396670667951,1.9280083196350095,-1.0,-1
2026-01-22 11:20:00+00:00,59.630001068115234,59.68000030517578,59.52000045776367,59.68000030517578,3832,2026-01-22,11:20:00,651.465,1059.7158805607091,5.882127205605826,3.001309179510586,1.8403169648217073,-1.0,-1
2026-01-22 11:30:00+00:00,59.560001373291016,59.70000076293945,59.4900016784668,59.689998626708984,4232,2026-01-22,11:30:00,670.52,1089.566761718254,6.311519417765316,3.2687120469639903,1.91949200589636,-1.0,-1
2026-01-22 13:00:00+00:00,59.47999954223633,59.529998779296875,59.310001373291016,59.45000076293945,2816,2026-01-22,13:00:00,575.185,956.3035728219132,4.895816128723802,2.343204672327721,0.5085671715917557,1.0,1
2026-01-22 13:10:00+00:00,59.47999954223633,59.5,59.349998474121094,59.40999984741211,2445,2026-01-22,13:10:00,543.35,815.1847387503362,4.499861967424312,2.3327841035336307,0.7182594326631782,1.0,1
2026-01-22 13:15:00+00:00,59.529998779296875,59.58000183105469,59.45000076293945,59.4900016784668,1842,2026-01-22,13:15:00,548.08,819.9716894242649,3.360823237483579,1.5780057003047425,0.5054451285393335,1.0,1
2026-01-22 13:45:00+00:00,59.66999816894531,59.68000030517578,59.599998474121094,59.619998931884766,1785,2026-01-22,13:45:00,564.495,826.9723491789367,3.1621183535726622,1.4758715949956296,0.44668272388876723,1.0,1
2026-01-22 14:00:00+00:00,59.83000183105469,59.849998474121094,59.63999938964844,59.689998626708984,2529,2026-01-22,14:00:00,587.165,843.411371444806,4.307136835472142,2.3023580968247312,0.5193285076235946,1.0,1
2026-01-22 14:05:00+00:00,59.86000061035156,59.86000061035156,59.75,59.84000015258789,2308,2026-01-22,14:05:00,596.925,851.9737352776854,3.8664823889098296,2.0083659027849095,0.5078806216476414,1.0,1
2026-01-22 14:10:00+00:00,59.95000076293945,59.97999954223633,59.849998474121094,59.869998931884766,3967,2026-01-22,14:10:00,615.16,884.4275463960386,6.4487287860068925,3.789841252297536,1.10949517549993,1.0,1
2026-01-22 14:15:00+00:00,59.91999816894531,59.9900016784668,59.869998931884766,59.95000076293945,2047,2026-01-22,14:15:00,623.995,889.8716157048624,3.2804750038061203,1.599112697703978,0.616891433737663,-1.0,-1
2026-01-22 14:30:00+00:00,59.630001068115234,59.97999954223633,59.41999816894531,59.93000030517578,12644,2026-01-22,14:30:00,697.635,1232.9769554367945,18.12409067778996,9.6890415894009,3.3324108848916123,-1.0,-1
2026-01-22 14:35:00+00:00,59.540000915527344,59.72999954223633,59.4900016784668,59.63999938964844,5554,2026-01-22,14:35:00,719.28,1279.4052251930395,7.7216104993882775,3.7788809243533663,1.319318249302215,-1.0,-1
2026-01-22 14:40:00+00:00,59.470001220703125,59.68000030517578,59.41999816894531,59.54999923706055,3936,2026-01-22,14:40:00,731.645,1298.437905309576,5.379658167553937,2.467853862627348,0.9385394932935917,-1.0,-1
2026-01-22 14:45:00+00:00,59.599998474121094,59.68000030517578,59.459999084472656,59.470001220703125,2932,2026-01-22,14:45:00,742.235,1307.7169640504487,3.95023139571699,1.6744946041057274,0.6636580983773537,1.0,1
2026-01-22 14:55:00+00:00,59.7599983215332,59.83000183105469,59.70000076293945,59.72999954223633,2381,2026-01-22,14:55:00,763.115,1315.8016841970048,3.1201064059807497,1.229581189499197,0.6087470638053083,1.0,1
2026-01-22 15:05:00+00:00,59.529998779296875,59.7400016784668,59.5099983215332,59.70000076293945,2463,2026-01-22,15:05:00,785.18,1323.9716015111637,3.1368603377569477,1.267262831079578,0.603602499693665,-1.0,-1
2026-01-22 15:10:00+00:00,59.47999954223633,59.61000061035156,59.470001220703125,59.529998779296875,2551,2026-01-22,15:10:00,796.575,1329.3291028535648,3.2024605341618804,1.3197822843372011,0.7250506270650513,-1.0,-1
2026-01-22 15:30:00+00:00,59.59000015258789,59.65999984741211,59.52000045776367,59.529998779296875,2634,2026-01-22,15:30:00,834.465,1347.985457168841,3.1565134547284788,1.3349810195872167,0.7331686440972827,1.0,1
2026-01-22 16:20:00+00:00,59.61000061035156,59.709999084472656,59.58000183105469,59.689998626708984,3532,2026-01-22,16:20:00,932.39,1373.2813170573938,3.7881144156415236,1.8929916017282817,1.016567429979673,-1.0,-1
2026-01-22 16:35:00+00:00,59.439998626708984,59.630001068115234,59.38999938964844,59.540000915527344,3980,2026-01-22,16:35:00,974.525,1397.2549971318929,4.084040943023524,2.1509853292128183,1.2738547709541908,-1.0,-1
2026-01-22 16:40:00+00:00,59.380001068115234,59.4900016784668,59.369998931884766,59.43000030517578,3568,2026-01-22,16:40:00,991.73,1407.911235602827,3.5977534207899327,1.8298525751141659,1.38073816088618,-1.0,-1
2026-01-22 17:00:00+00:00,59.380001068115234,59.47999954223633,59.34000015258789,59.47999954223633,5317,2026-01-22,17:00:00,1042.96,1436.7546128297038,5.097990335199816,2.9747877346864624,1.4380958820745149,-1.0,-1
2026-01-22 17:40:00+00:00,59.20000076293945,59.310001373291016,59.119998931884766,59.310001373291016,3917,2026-01-22,17:40:00,1106.055,1445.5108787129143,3.5414152099127074,1.9446031443934,1.0340207886487378,-1.0,-1
2026-01-22 17:50:00+00:00,59.0099983215332,59.15999984741211,58.959999084472656,59.15999984741211,6283,2026-01-22,17:50:00,1148.135,1494.76697122539,5.472352989848755,3.4352277638236184,1.9294831193259248,-1.0,-1
2026-01-22 19:25:00+00:00,59.36000061035156,59.38999938964844,59.27000045776367,59.290000915527344,8801,2026-01-22,19:25:00,1336.25,1575.525420057139,6.586342376052386,4.737943231489898,2.006955133686791,1.0,1
2026-01-23 12:00:00+00:00,60.41999816894531,60.439998626708984,60.34000015258789,60.369998931884766,1688,2026-01-23,12:00:00,508.625,800.8706784450043,3.318751536003932,1.4726160312048278,0.7509314352443975,1.0,1
2026-01-23 13:00:00+00:00,60.459999084472656,60.52000045776367,60.41999816894531,60.439998626708984,1633,2026-01-23,13:00:00,457.31,750.5799659773968,3.5708818963066626,1.56637540740783,0.2949183917646793,1.0,1
2026-01-23 13:40:00+00:00,60.529998779296875,60.58000183105469,60.47999954223633,60.47999954223633,2283,2026-01-23,13:40:00,419.51,457.2653253735097,5.442063359633859,4.075292607148461,0.6096128170894526,1.0,1
2026-01-23 13:45:00+00:00,60.70000076293945,60.72999954223633,60.52000045776367,60.529998779296875,2334,2026-01-23,13:45:00,430.23,476.5814057235175,5.425005229760825,3.994637594200323,0.5840658137570772,1.0,1
2026-01-23 13:50:00+00:00,60.9900016784668,61.02000045776367,60.689998626708984,60.709999084472656,4581,2026-01-23,13:50:00,450.925,559.7106838565014,10.159117369850861,7.378946157581062,0.9589700648942852,1.0,1
2026-01-23 13:55:00+00:00,61.02000045776367,61.060001373291016,60.900001525878906,60.97999954223633,3438,2026-01-23,13:55:00,460.755,593.9503684449369,7.461666178337729,5.012615797840034,0.7779050528191421,1.0,1
2026-01-23 14:00:00+00:00,61.029998779296875,61.20000076293945,61.0,61.0099983215332,5531,2026-01-23,14:00:00,485.645,693.7539127328635,11.38897754532632,7.27254276682222,1.1357872580727963,1.0,1
2026-01-23 14:05:00+00:00,60.93000030517578,61.04999923706055,60.91999816894531,61.029998779296875,5292,2026-01-23,14:05:00,510.26,772.4654339406796,10.371183318308313,6.19023167885491,1.164516572686013,-1.0,-1
2026-01-23 14:10:00+00:00,60.90999984741211,60.970001220703125,60.88999938964844,60.939998626708984,2838,2026-01-23,14:10:00,514.415,782.7234908257507,5.516946434299156,2.96858983694061,0.7937351419381905,-1.0,-1
2026-01-23 14:15:00+00:00,60.91999816894531,60.93000030517578,60.849998474121094,60.90999984741211,2334,2026-01-23,14:15:00,523.075,793.2085339091658,4.46207522821775,2.2830377165450138,0.7033828072025917,1.0,1
2026-01-23 14:20:00+00:00,60.9900016784668,61.029998779296875,60.88999938964844,60.91999816894531,2616,2026-01-23,14:20:00,535.24,806.5120089016091,4.887527090650923,2.579949184927566,0.8822190371806762,1.0,1
2026-01-23 14:25:00+00:00,61.0099983215332,61.09000015258789,61.0,61.0,2295,2026-01-23,14:25:00,545.525,815.765232125469,4.206956601438981,2.144581469158423,0.6783794269245691,1.0,1
2026-01-23 14:30:00+00:00,61.13999938964844,61.18000030517578,60.970001220703125,61.0099983215332,3434,2026-01-23,14:30:00,561.225,840.7338110724455,6.118758073856296,3.416985212400902,0.905053699677143,1.0,1
2026-01-23 14:35:00+00:00,61.189998626708984,61.20000076293945,61.06999969482422,61.13999938964844,2798,2026-01-23,14:35:00,571.79,855.4447348437279,4.893404921387223,2.6024007271570646,0.664647544390997,1.0,1
2026-01-23 14:40:00+00:00,61.220001220703125,61.2599983215332,61.16999816894531,61.18000030517578,3427,2026-01-23,14:40:00,587.75,878.592997797553,5.830710336027223,3.231587330103244,0.8171684053651267,1.0,1
2026-01-23 14:45:00+00:00,61.15999984741211,61.2400016784668,61.08000183105469,61.220001220703125,3967,2026-01-23,14:45:00,606.935,909.8826147576331,6.536120012851459,3.6928554799291624,0.8979303125044209,-1.0,-1
2026-01-23 14:50:00+00:00,61.11000061035156,61.15999984741211,61.040000915527344,61.15999984741211,3365,2026-01-23,14:50:00,621.505,930.4711563714333,5.414276634942599,2.9485008548774707,0.9230874738538559,-1.0,-1
2026-01-23 15:20:00+00:00,60.9900016784668,61.029998779296875,60.939998626708984,61.0099983215332,2950,2026-01-23,15:20:00,667.035,953.5209461510219,4.4225565375130245,2.3942473515819507,0.7138643960132488,-1.0,-1
2026-01-23 15:25:00+00:00,61.13999938964844,61.150001525878906,60.959999084472656,60.9900016784668,2817,2026-01-23,15:25:00,678.43,965.5132907802787,4.1522338339990865,2.2149565629197263,0.8825533581358919,1.0,1
2026-01-23 15:30:00+00:00,61.029998779296875,61.15999984741211,61.0,61.13999938964844,3157,2026-01-23,15:30:00,691.495,981.2361857555892,4.565470466163891,2.5126519341533124,0.8787446504992867,-1.0,-1
2026-01-23 15:35:00+00:00,60.93000030517578,61.029998779296875,60.90999984741211,61.02000045776367,3604,2026-01-23,15:35:00,690.72,978.8595669754127,5.217743803567292,2.9761981169594844,1.024591329068941,-1.0,-1
2026-01-23 15:45:00+00:00,60.849998474121094,60.91999816894531,60.77000045776367,60.91999816894531,3277,2026-01-23,15:45:00,711.215,994.7309975881973,4.607608107253081,2.579375736979088,0.5956083652349741,-1.0,-1
2026-01-23 16:00:00+00:00,60.81999969482422,60.83000183105469,60.70000076293945,60.779998779296875,2458,2026-01-23,16:00:00,737.785,1003.7508693964187,3.331593892529667,1.7137868095042446,0.6195825128003151,1.0,1
2026-01-23 17:00:00+00:00,60.97999954223633,61.130001068115234,60.97999954223633,61.11000061035156,3268,2026-01-23,17:00:00,836.31,1023.6852992298424,3.907641903122048,2.3754272937488246,0.8839001960916898,-1.0,-1
2026-01-23 17:50:00+00:00,61.16999816894531,61.22999954223633,61.16999816894531,61.220001220703125,3110,2026-01-23,17:50:00,916.015,1044.9984178175587,3.3951409092645863,2.0995103557975314,0.9550680409205198,-1.0,-1
2026-01-23 19:10:00+00:00,61.11000061035156,61.16999816894531,60.97999954223633,61.060001373291016,4520,2026-01-23,19:10:00,1033.175,1067.7008334377251,4.374863890434825,3.2657322077508453,2.273713333542931,1.0,1
2026-01-23 19:25:00+00:00,61.04999923706055,61.13999938964844,61.04999923706055,61.060001373291016,11375,2026-01-23,19:25:00,1109.775,1298.213513257746,10.249825415061611,7.9071931505630175,2.593922809417935,-1.0,-1
2026-01-23 19:30:00+00:00,61.119998931884766,61.13999938964844,61.02000045776367,61.04999923706055,3611,2026-01-23,19:30:00,1125.785,1309.2252566453892,3.2075396279040844,1.8982333157609823,1.721316847907046,1.0,1
2026-01-26 12:50:00+00:00,60.97999954223633,61.040000915527344,60.880001068115234,61.029998779296875,2387,2026-01-26,12:50:00,693.565,994.1915155658438,3.441638490984983,1.703328758580465,0.7111706980988026,-1.0,-1
2026-01-26 13:20:00+00:00,60.7599983215332,60.84000015258789,60.709999084472656,60.81999969482422,2391,2026-01-26,13:20:00,604.345,524.1713594285939,3.9563494361664278,3.408532282167527,0.6841201716738198,-1.0,-1
2026-01-26 13:25:00+00:00,60.77000045776367,60.779998779296875,60.68000030517578,60.7599983215332,2027,2026-01-26,13:25:00,607.445,530.7344744662142,3.336927623076986,2.6746990600671197,0.6711364953232348,1.0,1
2026-01-26 13:30:00+00:00,60.689998626708984,60.77000045776367,60.560001373291016,60.77000045776367,2854,2026-01-26,13:30:00,614.8,551.3293300294731,4.642160052049447,4.061456334783234,0.5985424421957741,-1.0,-1
2026-01-26 13:50:00+00:00,60.83000183105469,60.880001068115234,60.75,60.75,1915,2026-01-26,13:50:00,627.45,565.9128326613986,3.052036018806279,2.2751737117266906,0.40087921289512246,1.0,1
2026-01-26 14:00:00+00:00,60.81999969482422,60.84000015258789,60.720001220703125,60.790000915527344,2199,2026-01-26,14:00:00,638.425,576.2837401147085,3.44441398754748,2.7079976257691563,0.45156322193131065,1.0,1
2026-01-26 14:05:00+00:00,60.77000045776367,60.84000015258789,60.70000076293945,60.81999969482422,3342,2026-01-26,14:05:00,653.065,606.930543139801,5.117407914985491,4.430383394596485,0.7354146609819833,-1.0,-1
2026-01-26 14:25:00+00:00,60.650001525878906,60.869998931884766,60.529998779296875,60.81999969482422,3802,2026-01-26,14:25:00,677.025,639.0864116713078,5.615745356523024,4.889753471408845,1.1238338044301577,-1.0,-1
2026-01-26 14:30:00+00:00,60.790000915527344,60.81999969482422,60.540000915527344,60.650001525878906,6030,2026-01-26,14:30:00,704.57,742.6562032874975,8.55841151340534,7.170787743273474,1.5892468867365093,1.0,1
2026-01-26 14:35:00+00:00,60.849998474121094,60.88999938964844,60.65999984741211,60.779998779296875,2543,2026-01-26,14:35:00,712.59,753.7781299866858,3.568672027393031,2.4283140186520544,0.6040738761209098,1.0,1
2026-01-26 14:55:00+00:00,60.529998779296875,60.630001068115234,60.5,60.630001068115234,2868,2026-01-26,14:55:00,721.27,767.1071987485536,3.9763195474648882,2.798474585432311,0.7332576980233617,-1.0,-1
2026-01-26 15:00:00+00:00,60.79999923706055,60.79999923706055,60.52000045776367,60.529998779296875,2750,2026-01-26,15:00:00,730.555,780.3209280345087,3.7642614176892915,2.587967241999554,0.5529235834474785,1.0,1
2026-01-26 15:10:00+00:00,60.880001068115234,61.0,60.849998474121094,60.849998474121094,2321,2026-01-26,15:10:00,739.715,789.1604557372925,3.137694923044686,2.0037560023489083,0.6596795395601662,1.0,1
2026-01-26 15:20:00+00:00,60.810001373291016,60.849998474121094,60.72999954223633,60.81999969482422,2373,2026-01-26,15:20:00,753.22,798.8084918384128,3.150473965109795,2.0277450935357075,0.5742373599116743,-1.0,-1
2026-01-26 15:40:00+00:00,60.54999923706055,60.66999816894531,60.41999816894531,60.63999938964844,4383,2026-01-26,15:40:00,782.025,840.0085333228884,5.604680157283974,4.286831451289355,0.9091946273920033,-1.0,-1
2026-01-26 16:05:00+00:00,60.529998779296875,60.66999816894531,60.439998626708984,60.58000183105469,2744,2026-01-26,16:05:00,808.69,858.8416552800726,3.39314199507846,2.2533955917274247,0.7853884545893633,-1.0,-1
2026-01-26 18:15:00+00:00,60.650001525878906,60.75,60.61000061035156,60.7400016784668,3866,2026-01-26,18:15:00,927.52,882.1501596217032,4.168104191823357,3.3310428705926016,0.7166060381380477,-1.0,-1
2026-01-26 18:45:00+00:00,60.66999816894531,60.810001373291016,60.560001373291016,60.56999969482422,3454,2026-01-26,18:45:00,966.12,891.3456179581855,3.5751252432410054,2.7911507611368664,2.1690019231524,1.0,1
2026-01-26 19:25:00+00:00,60.630001068115234,60.68000030517578,60.599998474121094,60.63999938964844,7373,2026-01-26,19:25:00,1040.87,991.1339341771021,7.0834974588565345,6.388773284467662,1.6813180548429394,-1.0,-1
2026-01-26 20:20:00+00:00,60.619998931884766,60.70000076293945,60.31999969482422,60.70000076293945,8972,2026-01-26,20:20:00,1123.965,1129.8948115647752,7.9824549696832205,6.945810282225624,4.8356801185744125,-1.0,-1
2026-01-27 08:50:00+00:00,60.34000015258789,60.38999938964844,60.27000045776367,60.290000915527344,2353,2026-01-27,08:50:00,706.56,1059.109342512368,3.3302196557971016,1.5545514838858798,1.6529680365296804,1.0,1
2026-01-27 10:10:00+00:00,60.88999938964844,61.0,60.790000915527344,60.810001373291016,2598,2026-01-27,10:10:00,617.15,991.3519967231775,4.209673499149315,1.9981298333462953,1.802367428348437,1.0,1
2026-01-27 12:25:00+00:00,60.56999969482422,60.56999969482422,60.47999954223633,60.52000045776367,2150,2026-01-27,12:25:00,524.525,921.4401604125482,4.098946666031171,1.7640592084376272,1.1265391668849882,1.0,1
2026-01-27 13:15:00+00:00,61.0099983215332,61.0099983215332,60.7599983215332,60.77000045776367,2153,2026-01-27,13:15:00,461.14,750.5103325044747,4.668864119356378,2.2542794239144106,0.5907835840093296,1.0,1
2026-01-27 13:25:00+00:00,61.130001068115234,61.150001525878906,60.9900016784668,61.0,1768,2026-01-27,13:25:00,471.095,761.8876689351089,3.752958532780012,1.702226001127811,0.5853820048009271,1.0,1
2026-01-27 13:30:00+00:00,61.16999816894531,61.310001373291016,61.099998474121094,61.130001068115234,3174,2026-01-27,13:30:00,484.975,785.470805508728,6.544667250889221,3.423456328537115,0.6656530173543753,1.0,1
2026-01-27 13:35:00+00:00,61.279998779296875,61.31999969482422,61.13999938964844,61.15999984741211,1782,2026-01-27,13:35:00,492.48,790.665758273703,3.6184210526315788,1.6309293611189999,0.5062410113456792,1.0,1
2026-01-27 13:40:00+00:00,61.619998931884766,61.650001525878906,61.279998779296875,61.279998779296875,10171,2026-01-27,13:40:00,538.58,1045.3144623634207,18.88484533402651,9.214853851941763,2.71588785046729,1.0,1
2026-01-27 13:45:00+00:00,61.560001373291016,61.689998626708984,61.52000045776367,61.61000061035156,5193,2026-01-27,13:45:00,560.09,1095.6530655734502,9.271724187184201,4.228446161993072,1.2995088992461448,-1.0,-1
2026-01-27 13:50:00+00:00,61.709999084472656,61.86000061035156,61.4900016784668,61.560001373291016,6537,2026-01-27,13:50:00,591.195,1174.1800119561667,11.057265369294395,5.06379340429614,1.3684320703370316,1.0,1
2026-01-27 13:55:00+00:00,61.779998779296875,61.779998779296875,61.66999816894531,61.709999084472656,2912,2026-01-27,13:55:00,604.505,1185.3276628496355,4.81716445686967,1.9467148808900419,0.6588887474721763,1.0,1
2026-01-27 14:00:00+00:00,61.63999938964844,61.810001373291016,61.599998474121094,61.779998779296875,6764,2026-01-27,14:00:00,593.465,1115.21087028463,11.39747078597727,5.533065686873303,1.3889830073412393,-1.0,-1
2026-01-27 14:05:00+00:00,61.5,61.68000030517578,61.5,61.63999938964844,3266,2026-01-27,14:05:00,603.04,1129.872162644781,5.4158928097638634,2.356868403383441,0.7186906890386466,-1.0,-1
2026-01-27 14:10:00+00:00,61.470001220703125,61.540000915527344,61.45000076293945,61.5,2848,2026-01-27,14:10:00,615.495,1140.8228846960546,4.627170001381002,1.9569251545955781,0.7965319535729268,-1.0,-1
2026-01-27 14:15:00+00:00,61.400001525878906,61.5099983215332,61.369998931884766,61.459999084472656,3078,2026-01-27,14:15:00,626.96,1153.9811004958028,4.909404108715069,2.123986258481115,0.9275973781360657,-1.0,-1
2026-01-27 14:20:00+00:00,61.279998779296875,61.400001525878906,61.22999954223633,61.38999938964844,5207,2026-01-27,14:20:00,648.57,1198.4487188690177,8.028431780686741,3.803608722033442,1.7560070820335554,-1.0,-1
2026-01-27 14:25:00+00:00,61.16999816894531,61.349998474121094,61.11000061035156,61.279998779296875,4171,2026-01-27,14:25:00,667.365,1223.92499104049,6.249953174050182,2.862622322158378,1.2329065750337158,-1.0,-1
2026-01-27 14:30:00+00:00,60.97999954223633,61.25,60.939998626708984,61.16999816894531,6451,2026-01-27,14:30:00,698.095,1290.1457655851461,9.24086263330922,4.459112414627635,1.7002042564406668,-1.0,-1
2026-01-27 14:35:00+00:00,61.15999984741211,61.209999084472656,60.97999954223633,60.9900016784668,4030,2026-01-27,14:35:00,714.345,1311.4739362267198,5.641531752864512,2.5281897782426146,0.9573015024645168,1.0,1
2026-01-27 14:40:00+00:00,61.25,61.33000183105469,61.09000015258789,61.15999984741211,3263,2026-01-27,14:40:00,729.77,1323.2235715104991,4.4712717705578475,1.9144383870884665,0.7780625931445604,1.0,1
2026-01-27 14:50:00+00:00,61.25,61.33000183105469,61.150001525878906,61.2400016784668,2540,2026-01-27,14:50:00,749.815,1331.6787798257456,3.3875022505551367,1.344306920798311,0.6967733086445154,1.0,1
2026-01-27 15:05:00+00:00,61.36000061035156,61.36000061035156,61.099998474121094,61.189998626708984,2527,2026-01-27,15:05:00,770.95,1338.7489125126356,3.2777741747195015,1.311709748995539,0.6192868521014582,1.0,1
2026-01-27 15:10:00+00:00,61.33000183105469,61.41999816894531,61.279998779296875,61.349998474121094,2833,2026-01-27,15:10:00,783.37,1346.3157219672048,3.6164264651441846,1.5223992162886792,0.8052012647884321,-1.0,-1
2026-01-27 15:15:00+00:00,61.22999954223633,61.369998931884766,61.18000030517578,61.33000183105469,4161,2026-01-27,15:15:00,796.415,1366.2923393468122,5.22466302116359,2.462565955400524,1.1759635425866393,-1.0,-1
2026-01-27 15:20:00+00:00,61.209999084472656,61.22999954223633,61.099998474121094,61.22999954223633,2717,2026-01-27,15:20:00,806.29,1373.0177656622352,3.369755298961912,1.3916134574401697,0.6574812081247448,-1.0,-1
2026-01-27 15:50:00+00:00,61.59000015258789,61.63999938964844,61.5,61.5,3612,2026-01-27,15:50:00,844.345,1384.656529431571,4.277872196791596,1.9988025486263925,0.8649684197922591,1.0,1
2026-01-27 16:15:00+00:00,61.75,61.75,61.650001525878906,61.720001220703125,3236,2026-01-27,16:15:00,901.23,1399.7714124583606,3.5906483361627997,1.6679651971885467,0.9394005370491327,1.0,1
2026-01-27 16:25:00+00:00,61.86000061035156,61.959999084472656,61.75,61.77000045776367,5422,2026-01-27,16:25:00,939.98,1436.5741001864917,5.768207834209238,3.119936520794965,1.2076900588865842,1.0,1
2026-01-27 17:00:00+00:00,62.02000045776367,62.06999969482422,61.86000061035156,61.88999938964844,3720,2026-01-27,17:00:00,1015.605,1451.262925651949,3.662841360568331,1.8634769428738132,1.0061532219893163,1.0,1
2026-01-27 17:35:00+00:00,62.11000061035156,62.189998626708984,62.06999969482422,62.09000015258789,3491,2026-01-27,17:35:00,1093.94,1460.0323863689553,3.191217068577801,1.6417854989925234,1.0012009535930022,1.0,1
2026-01-27 18:40:00+00:00,61.970001220703125,62.02000045776367,61.93000030517578,61.97999954223633,3750,2026-01-27,18:40:00,1201.8,1484.9938835466119,3.1203195207189216,1.7159666637239825,1.6236402013313849,-1.0,-1
2026-01-27 19:20:00+00:00,62.36000061035156,62.369998931884766,62.189998626708984,62.189998626708984,6915,2026-01-27,19:20:00,1307.395,1537.4298166683573,5.289143678842278,3.647389259141466,2.2154141887427166,1.0,1
2026-01-27 19:25:00+00:00,62.38999938964844,62.439998626708984,62.290000915527344,62.349998474121094,13947,2026-01-27,19:25:00,1376.71,1775.9934627692155,10.130673852881143,7.077892043814053,3.180434410808962,1.0,1
2026-01-27 19:30:00+00:00,62.52000045776367,62.52000045776367,62.369998931884766,62.380001068115234,5469,2026-01-27,19:30:00,1403.43,1797.1413243813045,3.896881212458049,2.2622427879452602,2.6070013406822583,1.0,1
2026-01-27 19:45:00+00:00,62.33000183105469,62.43000030517578,62.29999923706055,62.43000030517578,4856,2026-01-27,19:45:00,1456.75,1815.6445309625076,3.333447743264115,1.8722001702601958,3.381615598885794,-1.0,-1
2026-01-28 12:10:00+00:00,62.4900016784668,63.16999816894531,62.400001525878906,62.5099983215332,12232,2026-01-28,12:10:00,850.515,1549.580808861207,14.381874511325492,7.344879941023726,4.679754190478468,-1.0,-1
2026-01-28 12:15:00+00:00,62.720001220703125,62.790000915527344,62.45000076293945,62.5,3329,2026-01-28,12:15:00,855.95,1556.377196372053,3.8892458671651378,1.5889785623721102,1.3625294177836897,1.0,1
2026-01-28 13:10:00+00:00,62.91999816894531,63.02000045776367,62.90999984741211,62.97999954223633,2281,2026-01-28,13:10:00,719.02,1083.9992627340844,3.172373508386415,1.440941939444076,0.6700817038465069,-1.0,-1
2026-01-28 13:20:00+00:00,63.04999923706055,63.06999969482422,62.81999969482422,62.81999969482422,4622,2026-01-28,13:20:00,717.3,1091.9419564156801,6.443607974348251,3.5759226734150324,1.3224606580829756,1.0,1
2026-01-28 13:25:00+00:00,63.11000061035156,63.119998931884766,63.029998779296875,63.04999923706055,2620,2026-01-28,13:25:00,706.12,1060.3439783210952,3.7104174927774314,1.8049614456530971,0.8674778577932291,1.0,1
2026-01-28 13:30:00+00:00,63.02000045776367,63.150001525878906,63.0,63.11000061035156,4117,2026-01-28,13:30:00,713.65,1079.1205601864342,5.7689343515729,3.153818141887706,0.8634194935248781,-1.0,-1
2026-01-28 13:40:00+00:00,63.119998931884766,63.20000076293945,63.060001373291016,63.11000061035156,2182,2026-01-28,13:40:00,715.37,1081.0103049913473,3.0501698421795713,1.356721571689124,0.5826435246995995,1.0,1
2026-01-28 13:45:00+00:00,63.2400016784668,63.25,63.099998474121094,63.130001068115234,2403,2026-01-28,13:45:00,724.08,1087.5680276071769,3.3186940669539275,1.54373791558942,0.6013325408989959,1.0,1
2026-01-28 13:50:00+00:00,63.279998779296875,63.31999969482422,63.20000076293945,63.22999954223633,3251,2026-01-28,13:50:00,736.245,1102.1334837737554,4.4156496818314555,2.2817154519154648,0.6805526481055055,1.0,1
2026-01-28 13:55:00+00:00,63.349998474121094,63.38999938964844,63.279998779296875,63.279998779296875,3062,2026-01-28,13:55:00,744.905,1113.5676226552787,4.110591283452252,2.080785174478166,0.6928287585026799,1.0,1
2026-01-28 14:00:00+00:00,63.459999084472656,63.5,63.290000915527344,63.349998474121094,6590,2026-01-28,14:00:00,773.305,1187.7581272376517,8.52186394760153,4.897204966745027,1.3532522203398532,1.0,1
2026-01-28 14:05:00+00:00,63.43000030517578,63.52000045776367,63.40999984741211,63.470001220703125,5358,2026-01-28,14:05:00,797.64,1231.015428549387,6.717316082443207,3.7045514574694405,1.1790400220052262,-1.0,-1
2026-01-28 14:10:00+00:00,63.34000015258789,63.439998626708984,63.29999923706055,63.439998626708984,4418,2026-01-28,14:10:00,816.18,1257.3302207535212,5.413021637383911,2.8646571445975586,1.2356313802265417,-1.0,-1
2026-01-28 14:15:00+00:00,63.150001525878906,63.5,63.11000061035156,63.349998474121094,6315,2026-01-28,14:15:00,840.195,1315.222986606258,7.516112331066002,4.162643943843271,1.9031115798990432,-1.0,-1
2026-01-28 14:20:00+00:00,63.029998779296875,63.189998626708984,62.869998931884766,63.150001525878906,13934,2026-01-28,14:20:00,906.505,1608.3521421132248,15.371123159828132,8.099902166252651,4.699097883820926,-1.0,-1
2026-01-28 14:25:00+00:00,63.040000915527344,63.20000076293945,63.02000045776367,63.02000045776367,4620,2026-01-28,14:25:00,924.155,1629.604564351664,4.999161396086155,2.267939769468176,1.3656265587762568,1.0,1
2026-01-28 14:35:00+00:00,63.20000076293945,63.209999084472656,63.04999923706055,63.060001373291016,2999,2026-01-28,14:35:00,940.2,1644.6030603554923,3.1897468623697085,1.251852224788501,0.7123938476156542,1.0,1
2026-01-28 14:55:00+00:00,63.18000030517578,63.2400016784668,63.11000061035156,63.150001525878906,3351,2026-01-28,14:55:00,950.03,1647.1446190545623,3.5272570339884006,1.4576558562162703,0.8567456576277145,1.0,1
2026-01-28 15:00:00+00:00,63.220001220703125,63.2599983215332,63.150001525878906,63.18000030517578,2926,2026-01-28,15:00:00,962.605,1652.600009966022,3.0396683998109295,1.188064255209806,0.5883106927881172,1.0,1
2026-01-28 15:05:00+00:00,62.779998779296875,63.2599983215332,62.63999938964844,63.220001220703125,9323,2026-01-28,15:05:00,1005.375,1755.0775425252239,9.273156782295164,4.739178069609685,2.2847690234039946,-1.0,-1
2026-01-28 15:10:00+00:00,62.88999938964844,62.900001525878906,62.709999084472656,62.779998779296875,3142,2026-01-28,15:10:00,1018.2,1761.2922163448009,3.0858377528972696,1.2058192163067123,0.8930258997406473,1.0,1
2026-01-28 15:30:00+00:00,63.04999923706055,63.06999969482422,62.88999938964844,62.959999084472656,3479,2026-01-28,15:30:00,1050.76,1769.773486457188,3.3109368457116752,1.372062593649179,0.9683727079781497,1.0,1
2026-01-28 15:35:00+00:00,63.02000045776367,63.099998474121094,62.939998626708984,63.040000915527344,4562,2026-01-28,15:35:00,1069.93,1786.9412891739814,4.263830344041199,1.9542164150307473,1.2969438521677328,-1.0,-1
2026-01-28 16:10:00+00:00,62.970001220703125,63.09000015258789,62.900001525878906,63.02000045776367,3665,2026-01-28,16:10:00,1136.86,1792.0486158606398,3.223791847720916,1.4107541378199995,1.168593064966122,-1.0,-1
2026-01-28 19:25:00+00:00,63.15999984741211,63.290000915527344,63.13999938964844,63.2400016784668,8387,2026-01-28,19:25:00,1448.945,1835.5103303548,5.788349454258098,3.7799051769209546,1.912547745282481,-1.0,-1
2026-01-29 09:50:00+00:00,65.01000213623047,65.08999633789062,64.87000274658203,64.87000274658203,2622,2026-01-29,09:50:00,857.72,918.5604542656374,3.0569416592827494,1.9207010184326854,1.5770242838884294,1.0,1
2026-01-29 13:10:00+00:00,65.0199966430664,65.05999755859375,64.87000274658203,64.87999725341797,2311,2026-01-29,13:10:00,702.95,580.0263444891956,3.287573796144818,2.7723740745192202,0.6788947030202882,1.0,1
2026-01-29 13:15:00+00:00,65.25,65.41000366210938,65.0199966430664,65.02999877929688,5754,2026-01-29,13:15:00,723.765,678.4089498904393,7.95009429856376,7.414753300074189,1.5788986262841072,1.0,1
2026-01-29 13:20:00+00:00,65.19000244140625,65.29000091552734,65.1500015258789,65.23999786376953,2206,2026-01-29,13:20:00,731.62,686.4236320327678,3.015226483693721,2.147915560007435,0.6311874105865523,-1.0,-1
2026-01-29 13:30:00+00:00,65.11000061035156,65.2300033569336,65.0199966430664,65.19999694824219,3382,2026-01-29,13:30:00,751.415,720.7155941236852,4.500841745240646,3.6499626502441873,0.709274891207466,-1.0,-1
2026-01-29 13:35:00+00:00,65.22000122070312,65.2300033569336,65.0999984741211,65.11000061035156,3181,2026-01-29,13:35:00,764.89,740.6464838030626,4.1587679274144,3.262163600094053,0.9036771364144813,1.0,1
2026-01-29 13:45:00+00:00,65.2300033569336,65.25,65.12000274658203,65.20999908447266,3545,2026-01-29,13:45:00,788.18,812.5817207298676,4.497703570250451,3.392667998393813,0.8871093872188682,1.0,1
2026-01-29 13:50:00+00:00,65.4800033569336,65.52999877929688,65.19999694824219,65.23999786376953,9645,2026-01-29,13:50:00,832.045,1025.9177251950264,11.591921110036116,8.59031361245334,2.0190496127276534,1.0,1
2026-01-29 13:55:00+00:00,65.44999694824219,65.62999725341797,65.43000030517578,65.4800033569336,7788,2026-01-29,13:55:00,869.66,1136.930808234854,8.955223880597016,6.085102057126144,1.762165372703746,-1.0,-1
2026-01-29 14:00:00+00:00,65.76000213623047,65.80000305175781,65.4000015258789,65.45999908447266,8035,2026-01-29,14:00:00,906.135,1244.6648382487772,8.867332130422067,5.727537872790071,1.649982031931824,1.0,1
2026-01-29 14:10:00+00:00,66.11000061035156,66.11000061035156,65.73999786376953,65.73999786376953,6028,2026-01-29,14:10:00,954.16,1325.2230510655054,6.317598725580615,3.8286686878261986,1.6859180534191023,1.0,1
2026-01-29 14:15:00+00:00,66.19999694824219,66.4000015258789,66.04000091552734,66.0999984741211,10388,2026-01-29,14:15:00,1003.485,1483.2597842972611,10.351923546440654,6.326953039076829,3.130565810291569,1.0,1
2026-01-29 14:20:00+00:00,66.19000244140625,66.22000122070312,65.95999908447266,66.20999908447266,11920,2026-01-29,14:20:00,1059.135,1671.9939610548865,11.254467088709182,6.495756116934605,4.019897141893601,-1.0,-1
2026-01-29 14:25:00+00:00,66.2699966430664,66.38999938964844,66.16999816894531,66.19999694824219,8315,2026-01-29,14:25:00,1098.47,1748.3399733495912,7.569619561754076,4.1276468593085305,2.457832215633025,1.0,1
2026-01-29 14:30:00+00:00,66.18000030517578,66.29000091552734,66.04000091552734,66.27999877929688,9835,2026-01-29,14:30:00,1146.33,1853.2230110657777,8.57955388064519,4.688410379171365,2.592080121236081,-1.0,-1
2026-01-29 14:35:00+00:00,66.37000274658203,66.44000244140625,66.12999725341797,66.18000030517578,7442,2026-01-29,14:35:00,1181.94,1904.967976464899,6.296427906661928,3.286175976363111,1.7678009382979987,1.0,1
2026-01-29 14:40:00+00:00,66.33999633789062,66.4800033569336,66.33000183105469,66.37000274658203,7565,2026-01-29,14:40:00,1216.175,1957.3922541375753,6.220321910909203,3.2435118646146295,1.8038748137108793,-1.0,-1
2026-01-29 14:45:00+00:00,66.26000213623047,66.3499984741211,66.18000030517578,66.33999633789062,5756,2026-01-29,14:45:00,1243.465,1982.4145469489379,4.629000414165256,2.2762822271179752,1.3028704004979699,-1.0,-1
2026-01-29 14:50:00+00:00,66.19000244140625,66.30999755859375,65.9800033569336,66.2699966430664,6307,2026-01-29,14:50:00,1254.385,2004.2509288269036,5.027961909621049,2.5209493119493356,1.7301375030003772,-1.0,-1
2026-01-29 14:55:00+00:00,66.12999725341797,66.29000091552734,66.0999984741211,66.19999694824219,4129,2026-01-29,14:55:00,1267.59,2014.471882835215,3.2573623963584444,1.4204268743492137,1.0556558699924898,-1.0,-1
2026-01-29 15:00:00+00:00,65.95999908447266,66.19000244140625,65.88999938964844,66.12999725341797,7489,2026-01-29,15:00:00,1298.365,2061.946936177809,5.768023629718916,3.0023250799438417,1.5057617150684244,-1.0,-1
2026-01-29 15:05:00+00:00,65.7699966430664,66.0,65.76000213623047,65.94999694824219,6542,2026-01-29,15:05:00,1327.79,2094.482583446756,4.926983935712726,2.48949790330522,1.6032348976841073,-1.0,-1
2026-01-29 15:10:00+00:00,65.25,65.81999969482422,65.18000030517578,65.7699966430664,11787,2026-01-29,15:10:00,1384.36,2220.291275291525,8.514403767806062,4.685259144043671,3.3501261235655666,-1.0,-1
2026-01-29 15:15:00+00:00,65.3499984741211,65.41999816894531,64.86000061035156,65.23999786376953,11518,2026-01-29,15:15:00,1440.93,2331.417875812545,7.993448675508178,4.322292500433001,3.255166566573639,1.0,1
2026-01-29 15:20:00+00:00,65.11000061035156,65.51000213623047,65.06999969482422,65.3499984741211,10729,2026-01-29,15:20:00,1493.805,2420.306944480906,7.1823296882792595,3.815712309159495,2.596288510110558,-1.0,-1
2026-01-29 15:25:00+00:00,65.12000274658203,65.26000213623047,65.06999969482422,65.11000061035156,5389,2026-01-29,15:25:00,1517.435,2435.179651576501,3.551387703591917,1.5898477952103467,1.688349324456628,1.0,1
2026-01-29 15:30:00+00:00,65.0,65.20999908447266,64.63999938964844,65.12000274658203,10114,2026-01-29,15:30:00,1566.43,2508.3427280390774,6.456720057710846,3.407656339962023,2.8152117184509935,-1.0,-1
2026-01-29 15:35:00+00:00,64.93000030517578,65.11000061035156,64.87999725341797,65.0,5383,2026-01-29,15:35:00,1591.3,2521.433472009292,3.38276880537925,1.503787445551142,1.5303482587064676,-1.0,-1
2026-01-29 15:40:00+00:00,64.7300033569336,65.04000091552734,64.69999694824219,64.94000244140625,5463,2026-01-29,15:40:00,1618.615,2533.669084930915,3.3751077309922373,1.5173192990610391,1.133226157755536,-1.0,-1
2026-01-29 15:45:00+00:00,65.20999908447266,65.29000091552734,64.7300033569336,64.7300033569336,5019,2026-01-29,15:45:00,1642.325,2543.2209446371726,3.0560333673298525,1.3277159450579046,0.9122241028728516,1.0,1
2026-01-29 16:00:00+00:00,65.36000061035156,65.6500015258789,65.36000061035156,65.43000030517578,5362,2026-01-29,16:00:00,1708.665,2561.897679725304,3.1381224523238904,1.4260268975268848,1.3515872390705002,-1.0,-1
2026-01-29 16:35:00+00:00,65.37000274658203,65.58000183105469,65.29000091552734,65.55999755859375,5539,2026-01-29,16:35:00,1834.33,2603.70562776985,3.0196311459770055,1.4228451789971197,1.7728345669133827,-1.0,-1
2026-01-29 16:45:00+00:00,65.19000244140625,65.22000122070312,64.87999725341797,65.16999816894531,6297,2026-01-29,16:45:00,1879.785,2623.453083089316,3.349851179789178,1.6837408027127334,2.006452383797347,1.0,1
2026-01-29 17:05:00+00:00,65.13999938964844,65.38999938964844,65.08999633789062,65.38999938964844,7371,2026-01-29,17:05:00,1960.46,2646.088002501978,3.759831876192322,2.0447316925529786,1.7428364539153822,-1.0,-1
2026-01-29 19:25:00+00:00,65.37999725341797,65.58999633789062,65.33000183105469,65.3499984741211,13083,2026-01-29,19:25:00,2368.38,2703.0350381910375,5.524029083170775,3.9639219797796574,2.9834102958782283,1.0,1
2026-01-30 11:30:00+00:00,64.62999725341797,65.02999877929688,64.30000305175781,65.01000213623047,6968,2026-01-30,11:30:00,1102.25,1389.2464055655769,6.321614878657292,4.2222531413439155,3.1604490305023245,-1.0,-1
2026-01-30 11:50:00+00:00,64.94999694824219,64.9800033569336,64.69999694824219,64.7699966430664,3787,2026-01-30,11:50:00,1101.44,1392.1672509699968,3.4382263219058684,1.9290498308510187,1.7304089559058715,1.0,1
2026-01-30 12:50:00+00:00,65.31999969482422,65.33999633789062,65.16000366210938,65.16000366210938,6743,2026-01-30,12:50:00,995.005,1339.1121805642983,6.776850367586093,4.292392439875956,2.008975290021042,1.0,1
2026-01-30 13:00:00+00:00,65.13999938964844,65.37999725341797,65.06999969482422,65.25,4589,2026-01-30,13:00:00,987.255,1329.6877178911386,4.648241842279857,2.7087149497870855,0.8287694426259115,-1.0,-1
2026-01-30 14:00:00+00:00,65.48999786376953,65.62999725341797,65.27999877929688,65.30000305175781,7287,2026-01-30,14:00:00,949.825,1079.0249713602957,7.671939567815124,5.873056850585122,1.4963807176959802,1.0,1
2026-01-30 14:05:00+00:00,65.61000061035156,65.63999938964844,65.33999633789062,65.4800033569336,4004,2026-01-30,14:05:00,957.995,1095.8863716979777,4.179562523812755,2.7794898072146736,0.881089258698941,1.0,1
2026-01-30 14:10:00+00:00,65.62999725341797,65.68000030517578,65.5199966430664,65.61000061035156,3118,2026-01-30,14:10:00,965.445,1105.4866260506617,3.2295987860520277,1.9471560752299446,0.8720458677108097,1.0,1
2026-01-30 14:25:00+00:00,65.69999694824219,65.80000305175781,65.66000366210938,65.66999816894531,3574,2026-01-30,14:25:00,987.36,1124.3559006634755,3.619753686598606,2.3005526973030865,1.0564392469840567,1.0,1
2026-01-30 14:30:00+00:00,65.87000274658203,65.91999816894531,65.66000366210938,65.69000244140625,5737,2026-01-30,14:30:00,1007.26,1172.2473251651186,5.695649584020015,4.034762885326939,1.5120247743295776,1.0,1
2026-01-30 14:50:00+00:00,65.52999877929688,65.70999908447266,65.5199966430664,65.66000366210938,3365,2026-01-30,14:50:00,1046.64,1200.8969220909132,3.215050064969808,1.9305237255196241,0.9230874738538559,-1.0,-1
2026-02-02 18:50:00+00:00,61.61000061035156,61.650001525878906,61.540000915527344,61.650001525878906,117622,2026-02-02,18:50:00,1689.71,8328.265251925646,69.61076160998041,13.920340730405332,61.82699825881271,-1.0,-1
2026-02-02 19:25:00+00:00,62.189998626708984,62.220001220703125,61.970001220703125,61.9900016784668,15375,2026-02-02,19:25:00,1806.58,8380.777536972395,8.510555856923027,1.6189929800835248,3.5060714896528133,1.0,1
2026-02-03 13:30:00+00:00,62.540000915527344,62.599998474121094,62.4900016784668,62.529998779296875,1856,2026-02-03,13:30:00,499.385,482.2740695556676,3.7165713828008453,2.8129544705770453,0.38924133591988674,1.0,1
2026-02-03 13:40:00+00:00,62.650001525878906,62.709999084472656,62.5099983215332,62.52000045776367,1772,2026-02-03,13:40:00,505.6,490.7180565816099,3.5047468354430378,2.5807079707273597,0.4731642189586115,1.0,1
2026-02-03 13:45:00+00:00,62.56999969482422,62.689998626708984,62.4900016784668,62.650001525878906,1629,2026-02-03,13:45:00,511.035,497.1013099325319,3.187648595497373,2.2489681231210867,0.4076449060026901,-1.0,-1
2026-02-03 14:00:00+00:00,62.56999969482422,62.599998474121094,62.38999938964844,62.599998474121094,3663,2026-02-03,14:00:00,533.93,547.6362867935442,6.860449871706029,5.713774042112812,0.7521946711843523,-1.0,-1
2026-02-03 14:05:00+00:00,62.709999084472656,62.72999954223633,62.52000045776367,62.560001373291016,2614,2026-02-03,14:05:00,545.54,566.7610420573432,4.791582652051179,3.649615704868295,0.5752166139458121,1.0,1
2026-02-03 14:10:00+00:00,62.689998626708984,62.779998779296875,62.63999938964844,62.709999084472656,1853,2026-02-03,14:10:00,551.965,574.2510471043637,3.3570969173770075,2.2656205967066376,0.518249195916655,-1.0,-1
2026-02-03 14:15:00+00:00,62.84000015258789,62.84000015258789,62.65999984741211,62.68000030517578,1935,2026-02-03,14:15:00,560.5,582.0443610163321,3.4522747546833186,2.361503851012194,0.583138702629398,1.0,1
2026-02-03 14:20:00+00:00,62.810001373291016,62.86000061035156,62.7599983215332,62.83000183105469,2525,2026-02-03,14:20:00,571.305,598.2119521317861,4.4197057613708965,3.2658909489150445,0.8515302251074951,-1.0,-1
2026-02-03 14:25:00+00:00,62.720001220703125,62.810001373291016,62.66999816894531,62.810001373291016,1828,2026-02-03,14:25:00,578.095,604.7278103394498,3.162110033817971,2.0668885714027194,0.540338820225757,-1.0,-1
2026-02-03 14:30:00+00:00,62.650001525878906,62.77000045776367,62.54999923706055,62.709999084472656,3704,2026-02-03,14:30:00,594.23,643.8048153761068,6.233276677380812,4.83029937914225,0.9762140080384792,-1.0,-1
2026-02-03 14:35:00+00:00,62.880001068115234,62.95000076293945,62.630001068115234,62.65999984741211,4583,2026-02-03,14:35:00,610.885,701.4149029679103,7.502230370691701,5.6630034280605015,1.0886632222816082,1.0,1
2026-02-03 14:40:00+00:00,62.81999969482422,62.97999954223633,62.81999969482422,62.880001068115234,2914,2026-02-03,14:40:00,622.115,720.0657575882994,4.684021442980799,3.182882918465892,0.6948435171385992,-1.0,-1
2026-02-03 14:45:00+00:00,62.939998626708984,62.959999084472656,62.7599983215332,62.81999969482422,2186,2026-02-03,14:45:00,628.625,728.2840052731069,3.477430900775502,2.1384171404615477,0.4948010242335932,1.0,1
2026-02-03 14:50:00+00:00,63.0099983215332,63.130001068115234,62.880001068115234,62.93000030517578,4433,2026-02-03,14:50:00,647.695,776.377247300295,6.844270837354001,4.875600119867863,1.2160614477248568,1.0,1
2026-02-03 14:55:00+00:00,62.7400016784668,63.029998779296875,62.709999084472656,63.0099983215332,3291,2026-02-03,14:55:00,663.295,797.8007320221202,4.961593257901839,3.2936858723352773,0.8414055384222048,-1.0,-1
2026-02-03 15:00:00+00:00,62.63999938964844,62.75,62.619998931884766,62.72999954223633,2268,2026-02-03,15:00:00,674.095,804.83499103164,3.3645109368857504,1.9804121562320838,0.4560111590032296,-1.0,-1
2026-02-03 15:10:00+00:00,62.650001525878906,62.810001373291016,62.52000045776367,62.7599983215332,3925,2026-02-03,15:10:00,697.61,837.4185314909012,5.626352833244936,3.853974898613844,1.115571819376843,-1.0,-1
2026-02-03 15:30:00+00:00,62.84000015258789,62.880001068115234,62.7400016784668,62.779998779296875,2659,2026-02-03,15:30:00,725.78,851.5697486312408,3.6636446306043156,2.270183978596392,0.7401273442121011,1.0,1
2026-02-03 15:45:00+00:00,62.90999984741211,62.91999816894531,62.72999954223633,62.810001373291016,2954,2026-02-03,15:45:00,750.86,867.8249657945066,3.934155501691394,2.5386916565404323,0.5369017732389726,1.0,1
2026-02-03 15:55:00+00:00,62.7400016784668,62.970001220703125,62.72999954223633,62.880001068115234,2344,2026-02-03,15:55:00,767.875,873.376983985572,3.052580172554127,1.804633083880348,0.542490561670982,-1.0,-1
2026-02-03 16:00:00+00:00,62.66999816894531,62.84000015258789,62.66999816894531,62.7400016784668,2793,2026-02-03,16:00:00,779.015,884.9093215191673,3.5852968171344584,2.275922460103023,0.7040252067743206,-1.0,-1
2026-02-03 16:05:00+00:00,62.75,62.869998931884766,62.619998931884766,62.66999816894531,4222,2026-02-03,16:05:00,798.87,916.9710314193501,5.284965013080977,3.7330841244804067,1.2084220318062289,1.0,1
2026-02-03 16:15:00+00:00,62.83000183105469,62.900001525878906,62.72999954223633,62.81999969482422,2883,2026-02-03,16:15:00,820.57,930.1448771899833,3.5134114091424253,2.217321248094931,0.8369257565861093,1.0,1
2026-02-03 16:35:00+00:00,62.880001068115234,63.0,62.81999969482422,62.90999984741211,4056,2026-02-03,16:35:00,866.345,966.0042791372679,4.6817376449336,3.301905663242672,1.2981796359271853,-1.0,-1
2026-02-03 16:40:00+00:00,62.720001220703125,62.939998626708984,62.70000076293945,62.869998931884766,3532,2026-02-03,16:40:00,883.095,982.9730443938836,3.9995696952196536,2.6947890535832095,1.3668069462584047,-1.0,-1
2026-02-03 16:45:00+00:00,62.75,62.7599983215332,62.58000183105469,62.709999084472656,3394,2026-02-03,16:45:00,899.435,997.3810357266125,3.7734800180113073,2.501115331697337,1.081451388059107,1.0,1
2026-02-03 16:55:00+00:00,62.66999816894531,62.7400016784668,62.52000045776367,62.65999984741211,4738,2026-02-03,16:55:00,929.58,1031.0684138163692,5.096925493233503,3.6936637268361423,1.821519534816666,1.0,1
2026-02-03 17:00:00+00:00,62.630001068115234,62.72999954223633,62.560001373291016,62.66999816894531,3995,2026-02-03,17:00:00,949.38,1051.620981649368,4.208009437738314,2.896119469985501,1.0805328284535805,-1.0,-1
2026-02-03 17:10:00+00:00,63.470001220703125,63.7400016784668,62.59000015258789,62.619998931884766,25286,2026-02-03,17:10:00,1085.76,2015.4393170232065,23.288756262894193,12.007426765765208,8.69028031360756,1.0,1
2026-02-03 17:15:00+00:00,63.33000183105469,63.529998779296875,63.119998931884766,63.470001220703125,9469,2026-02-03,17:15:00,1132.6,2099.5420606221637,8.360409676849727,3.9705801357128556,2.678500079557308,-1.0,-1
2026-02-03 17:20:00+00:00,62.970001220703125,63.34000015258789,62.900001525878906,63.33000183105469,5721,2026-02-03,17:20:00,1160.71,2123.136897926424,4.928879737402108,2.1479020050256006,1.796197091893801,-1.0,-1
2026-02-03 18:05:00+00:00,62.970001220703125,63.209999084472656,62.599998474121094,63.15999984741211,9467,2026-02-03,18:05:00,1282.115,2206.644313751542,7.38389302051688,3.7091999598633913,1.8763486813581578,-1.0,-1
2026-02-03 18:10:00+00:00,63.08000183105469,63.15999984741211,62.97999954223633,62.97999954223633,4039,2026-02-03,18:10:00,1300.825,2214.10110493839,3.104952626217977,1.2366982672528828,0.7929811644886189,1.0,1
2026-02-03 19:25:00+00:00,63.15999984741211,63.349998474121094,63.13999938964844,63.25,20810,2026-02-03,19:25:00,1525.36,2610.7125849865183,13.642681072009232,7.386734223790317,4.745453508921955,-1.0,-1
2026-02-04 12:55:00+00:00,63.400001525878906,63.5,63.369998931884766,63.4900016784668,1859,2026-02-04,12:55:00,590.88,1542.498203935968,3.146154887625237,0.8221208924355039,0.699217188932509,-1.0,-1
2026-02-04 13:05:00+00:00,63.439998626708984,63.4900016784668,63.36000061035156,63.41999816894531,1667,2026-02-04,13:05:00,491.11,555.5011933190177,3.394351570931156,2.116809134061932,0.4525971050890024,1.0,1
2026-02-04 13:40:00+00:00,63.130001068115234,63.27000045776367,63.08000183105469,63.220001220703125,1903,2026-02-04,13:40:00,479.62,513.8705775311713,3.9677244485217464,2.7699192408299695,0.5081441922563418,-1.0,-1
2026-02-04 13:45:00+00:00,63.060001373291016,63.150001525878906,62.95000076293945,63.130001068115234,2386,2026-02-04,13:45:00,489.41,531.2400510684927,4.875257963670542,3.570118623747126,0.5970784197191029,-1.0,-1
2026-02-04 13:55:00+00:00,62.88999938964844,63.060001373291016,62.86000061035156,63.060001373291016,2351,2026-02-04,13:55:00,499.205,548.4238475465369,4.7094880860568304,3.3765763620314937,0.5319531062180929,-1.0,-1
2026-02-04 14:00:00+00:00,62.939998626708984,63.04999923706055,62.86000061035156,62.900001525878906,5330,2026-02-04,14:00:00,515.77,637.327071510665,10.334063633014717,7.553782375176321,1.094512038605678,1.0,1
2026-02-04 14:10:00+00:00,63.209999084472656,63.25,63.0099983215332,63.0099983215332,2790,2026-02-04,14:10:00,522.405,648.654193146387,5.340683952106125,3.495845743323907,0.7803104460914557,1.0,1
2026-02-04 14:15:00+00:00,63.22999954223633,63.279998779296875,63.15999984741211,63.220001220703125,1700,2026-02-04,14:15:00,522.55,648.9154287488469,3.253277198354225,1.8144891427072458,0.5123182400361637,1.0,1
2026-02-04 14:30:00+00:00,63.40999984741211,63.459999084472656,63.2400016784668,63.27000045776367,4209,2026-02-04,14:30:00,534.51,692.8551009079961,7.87450188022675,5.303403258754291,1.1093101403439416,1.0,1
2026-02-04 14:35:00+00:00,63.34000015258789,63.43000030517578,63.25,63.40999984741211,4544,2026-02-04,14:35:00,551.68,747.5771569731774,8.236658932714619,5.340345090484409,1.079399014193242,-1.0,-1
2026-02-04 14:45:00+00:00,63.5,63.5,63.310001373291016,63.38999938964844,2418,2026-02-04,14:45:00,563.285,759.4244738169286,4.292675998828302,2.4422639300496245,0.5473142161925106,1.0,1
2026-02-04 15:00:00+00:00,63.22999954223633,63.25,63.130001068115234,63.25,2422,2026-02-04,15:00:00,582.36,777.3747667889401,4.15893948760217,2.3664776354896384,0.4869748796762884,-1.0,-1
2026-02-04 15:05:00+00:00,63.400001525878906,63.439998626708984,63.2400016784668,63.2400016784668,2559,2026-02-04,15:05:00,594.365,789.2372577495682,4.305435212369503,2.4892831410442557,0.6271290283053548,1.0,1
2026-02-04 15:10:00+00:00,63.41999816894531,63.470001220703125,63.36000061035156,63.40999984741211,2847,2026-02-04,15:10:00,603.295,804.5000994562298,4.71908436171359,2.788943098349576,0.8091803744626426,1.0,1
2026-02-04 15:15:00+00:00,63.459999084472656,63.5,63.38999938964844,63.40999984741211,2446,2026-02-04,15:15:00,611.505,814.870153342852,3.9999672938079,2.2512727855773442,0.6912777758151694,1.0,1
2026-02-04 15:30:00+00:00,63.22999954223633,63.599998474121094,63.209999084472656,63.459999084472656,6457,2026-02-04,15:30:00,637.72,906.7356778839666,10.125133287336135,6.417835033888104,1.7972930656553356,-1.0,-1
2026-02-04 15:35:00+00:00,63.150001525878906,63.279998779296875,63.029998779296875,63.22999954223633,3411,2026-02-04,15:35:00,653.815,927.1243544520056,5.217072107553359,2.9739106590827142,0.9697228144989339,-1.0,-1
2026-02-04 15:40:00+00:00,63.40999984741211,63.41999816894531,63.06999969482422,63.13999938964844,2994,2026-02-04,15:40:00,668.785,940.588198720791,4.476775047287245,2.472086087367793,0.6210651869522377,1.0,1
2026-02-04 15:45:00+00:00,63.29999923706055,63.459999084472656,63.25,63.41999816894531,2080,2026-02-04,15:45:00,678.65,945.0026920277298,3.064908273778826,1.4829058285464431,0.3780486419556747,-1.0,-1
2026-02-04 15:55:00+00:00,63.310001373291016,63.5,63.2599983215332,63.439998626708984,4534,2026-02-04,15:55:00,706.51,982.0236003570634,6.417460474727888,3.897553988120373,1.049339678590543,-1.0,-1
2026-02-04 16:00:00+00:00,63.11000061035156,63.36000061035156,63.099998474121094,63.31999969482422,2796,2026-02-04,16:00:00,720.275,991.9209521182695,3.881850682031169,2.092631469843683,0.7047814100039386,-1.0,-1
2026-02-04 16:20:00+00:00,63.09000015258789,63.13999938964844,62.9900016784668,63.02000045776367,2270,2026-02-04,16:20:00,751.21,998.1045382354441,3.0217915096976875,1.5216742754071424,0.6533431670594161,1.0,1
2026-02-04 16:25:00+00:00,63.13999938964844,63.209999084472656,63.060001373291016,63.099998474121094,2699,2026-02-04,16:25:00,764.345,1006.3725975005271,3.5311279592330687,1.9224042912187764,0.6011721632118943,1.0,1
2026-02-04 16:50:00+00:00,63.5,63.529998779296875,63.310001373291016,63.310001373291016,2518,2026-02-04,16:50:00,795.3,1010.2423511416251,3.1661008424493904,1.7052343905927736,0.806001800540162,1.0,1
2026-02-04 17:15:00+00:00,63.59000015258789,63.68000030517578,63.529998779296875,63.619998931884766,3011,2026-02-04,17:15:00,838.795,1021.9618894520576,3.5896732813142664,2.1255244666360946,0.8517228576984954,-1.0,-1
2026-02-04 17:25:00+00:00,64.69000244140625,64.7300033569336,63.540000915527344,63.599998474121094,30695,2026-02-04,17:25:00,998.67,2343.916663991843,30.735878718695865,12.669533203209202,8.836590017632876,1.0,1
2026-02-04 17:30:00+00:00,65.12999725341797,65.16000366210938,64.2699966430664,64.69000244140625,22798,2026-02-04,17:30:00,1112.395,2804.362127774055,20.494518583776447,7.732811959350205,6.643862812596762,1.0,1
2026-02-04 17:35:00+00:00,65.47000122070312,65.4800033569336,64.91999816894531,65.12999725341797,10189,2026-02-04,17:35:00,1162.665,2875.9520901606575,8.763487332980695,3.1385554129643958,2.9221531126207676,1.0,1
2026-02-04 17:40:00+00:00,64.97000122070312,65.52999877929688,64.91000366210938,65.48999786376953,9242,2026-02-04,17:40:00,1199.09,2931.6573205484956,7.707511529576596,2.7434686665545276,2.439729417587857,-1.0,-1
2026-02-04 17:45:00+00:00,64.83000183105469,65.12000274658203,64.76000213623047,64.95999908447266,5925,2026-02-04,17:45:00,1225.965,2950.254881038316,4.832927530557561,1.5927556056940464,1.7331212636428455,-1.0,-1
2026-02-04 17:50:00+00:00,64.95999908447266,65.05000305175781,64.81999969482422,64.81999969482422,3820,2026-02-04,17:50:00,1243.45,2955.234939091322,3.0720977924323454,0.8718596162754627,1.1731060824168442,1.0,1
2026-02-04 18:00:00+00:00,65.08000183105469,65.16999816894531,64.95999908447266,65.13999938964844,4645,2026-02-04,18:00:00,1278.68,2966.3368739658013,3.6326524228110237,1.1348407625393695,1.1353498319584479,-1.0,-1
2026-02-04 18:25:00+00:00,65.2699966430664,65.29000091552734,65.05999755859375,65.06999969482422,5230,2026-02-04,18:25:00,1348.505,2980.7192127237445,3.8783690086429043,1.3022008189939962,0.38041551120607353,1.0,1
2026-02-04 18:40:00+00:00,64.88999938964844,65.33000183105469,64.63999938964844,65.31999969482422,13262,2026-02-04,18:40:00,1438.32,3096.259800365069,9.220479448245175,3.8186976424284267,5.742057693348487,-1.0,-1
2026-02-04 18:45:00+00:00,65.01000213623047,65.05999755859375,64.81999969482422,64.9000015258789,5401,2026-02-04,18:45:00,1463.455,3107.9585210905,3.6905815347926656,1.2669232788275502,3.3916558734644218,1.0,1
2026-02-04 18:50:00+00:00,65.0199966430664,65.08999633789062,64.80000305175781,65.01000213623047,4892,2026-02-04,18:50:00,1485.92,3116.4523290427423,3.2922364595671367,1.0929350557549584,2.571437957882979,1.0,1
2026-02-04 19:00:00+00:00,65.25,65.37999725341797,64.93000030517578,65.04000091552734,9908,2026-02-04,19:00:00,1546.45,3170.2225541298394,6.406932005561123,2.6375277625564277,5.068192717158477,1.0,1
2026-02-04 19:05:00+00:00,65.25,65.45999908447266,65.13999938964844,65.26000213623047,6858,2026-02-04,19:05:00,1580.17,3190.7097714030006,4.340039362853363,1.6541241222573693,3.3366174055829227,-1.0,-1
2026-02-04 19:25:00+00:00,65.12999725341797,65.31999969482422,65.08000183105469,65.27999877929688,26180,2026-02-04,19:25:00,1752.04,3631.916427048574,14.94258121960686,6.725914676360281,5.970013112137279,-1.0,-1
2026-02-04 19:45:00+00:00,64.27999877929688,65.06999969482422,63.630001068115234,65.06999969482422,16278,2026-02-04,19:45:00,1880.085,3780.219144663887,8.65811918078172,3.8087514107016593,11.335654596100278,-1.0,-1
2026-02-04 19:50:00+00:00,64.20999908447266,64.5199966430664,63.93000030517578,64.26000213623047,7961,2026-02-04,19:50:00,1918.705,3802.7369128189152,4.149152683711149,1.588933217975611,4.623280461689231,-1.0,-1
2026-02-05 13:00:00+00:00,63.56999969482422,63.81999969482422,63.43000030517578,63.810001373291016,3621,2026-02-05,13:00:00,819.765,2287.7142307954205,4.417119540356078,1.224468931605165,0.6539494773912454,-1.0,-1
2026-02-05 13:45:00+00:00,63.25,63.5099983215332,63.22999954223633,63.470001220703125,3512,2026-02-05,13:45:00,553.26,576.6787618525773,6.34782923037993,5.130655393819367,0.8788513872814289,-1.0,-1
2026-02-05 13:50:00+00:00,63.439998626708984,63.459999084472656,63.25,63.2599983215332,1855,2026-02-05,13:50:00,557.24,582.89998659446,3.3289067547196898,2.226385366007717,0.3883190286790873,1.0,1
2026-02-05 13:55:00+00:00,63.349998474121094,63.540000915527344,63.349998474121094,63.439998626708984,2578,2026-02-05,13:55:00,565.72,599.7416794004002,4.557024676518418,3.3552445479723936,0.583315656244255,-1.0,-1
2026-02-05 14:00:00+00:00,63.47999954223633,63.540000915527344,63.31999969482422,63.36000061035156,5440,2026-02-05,14:00:00,587.165,690.5769256397818,9.264857408053954,7.027218575981399,1.1171004671697726,1.0,1
2026-02-05 14:05:00+00:00,63.40999984741211,63.540000915527344,63.36000061035156,63.470001220703125,2068,2026-02-05,14:05:00,589.67,695.0432625267881,3.5070463140400565,2.126961125593276,0.4550680786686838,-1.0,-1
2026-02-05 14:10:00+00:00,63.08000183105469,63.5,63.06999969482422,63.41999816894531,4497,2026-02-05,14:10:00,605.945,746.5924614489651,7.421465644571701,5.211752329307415,1.2577261921409593,-1.0,-1
2026-02-05 14:15:00+00:00,63.25,63.2599983215332,63.02000045776367,63.09000015258789,7594,2026-02-05,14:15:00,641.06,895.2912534715592,11.8460050541291,7.766120771357312,2.288555714608604,1.0,1
2026-02-05 14:20:00+00:00,63.36000061035156,63.400001525878906,63.22999954223633,63.2400016784668,2193,2026-02-05,14:20:00,650.675,901.5901136548488,3.370346178967995,1.710672041142679,0.7395666469943513,1.0,1
2026-02-05 14:25:00+00:00,63.5,63.59000015258789,63.36000061035156,63.36000061035156,3362,2026-02-05,14:25:00,665.11,921.6514279668473,5.054802964923096,2.9261496463465684,0.9937741321657522,1.0,1
2026-02-05 14:30:00+00:00,63.400001525878906,63.619998931884766,63.279998779296875,63.5,6792,2026-02-05,14:30:00,696.395,1018.3367358160683,9.753085533353916,5.985844157055909,1.7900770903340582,-1.0,-1
2026-02-05 14:35:00+00:00,63.33000183105469,63.47999954223633,63.22999954223633,63.38999938964844,4266,2026-02-05,14:35:00,715.33,1049.0197487494188,5.963681098234381,3.384750386475474,1.0133618385889898,-1.0,-1
2026-02-05 14:40:00+00:00,63.41999816894531,63.4900016784668,63.290000915527344,63.33000183105469,4629,2026-02-05,14:40:00,737.125,1084.4064533908588,6.2798032898083775,3.588944890387174,1.103785394932936,1.0,1
2026-02-05 14:45:00+00:00,63.61000061035156,63.630001068115234,63.380001068115234,63.40999984741211,4850,2026-02-05,14:45:00,759.535,1122.3865898433853,6.385485856477977,3.6444350253425357,1.0977973318997836,1.0,1
2026-02-05 15:00:00+00:00,63.43000030517578,63.59000015258789,63.33000183105469,63.54999923706055,2711,2026-02-05,15:00:00,784.7,1132.7570537028362,3.4548234994265323,1.7005411652067621,0.545082121718587,-1.0,-1
2026-02-05 15:20:00+00:00,63.09000015258789,63.369998931884766,63.040000915527344,63.349998474121094,3658,2026-02-05,15:20:00,818.995,1154.8404162088846,4.466449734125361,2.458352652152493,0.8851918510564286,-1.0,-1
2026-02-05 15:25:00+00:00,63.0099983215332,63.220001220703125,62.93000030517578,63.09000015258789,5147,2026-02-05,15:25:00,843.445,1193.9837658614397,6.102354036125651,3.6043664269547717,1.612531819071862,-1.0,-1
2026-02-05 15:30:00+00:00,62.720001220703125,63.060001373291016,62.709999084472656,63.0099983215332,3996,2026-02-05,15:30:00,861.34,1214.2093212370164,4.639282977685931,2.5816471222659203,1.1122786263525974,-1.0,-1
2026-02-05 15:35:00+00:00,62.88999938964844,62.90999984741211,62.650001525878906,62.720001220703125,3490,2026-02-05,15:35:00,876.825,1227.8778213223982,3.9802697231488606,2.128204414658835,0.992181947405828,1.0,1
2026-02-05 15:40:00+00:00,62.970001220703125,63.02000045776367,62.869998931884766,62.88999938964844,4591,2026-02-05,15:40:00,899.78,1254.0386862986445,5.102358354264376,2.943465811963755,0.9523414406472022,1.0,1
2026-02-05 15:50:00+00:00,62.95000076293945,63.06999969482422,62.849998474121094,62.93000030517578,2900,2026-02-05,15:50:00,917.975,1261.443635125229,3.1591274272175167,1.571235483544404,0.6944652318376389,1.0,1
2026-02-05 16:00:00+00:00,63.130001068115234,63.150001525878906,63.0,63.029998779296875,3650,2026-02-05,16:00:00,944.95,1275.1106908301367,3.8626382348272394,2.1214236689043275,0.9200472627018511,1.0,1
2026-02-05 16:10:00+00:00,62.86000061035156,63.290000915527344,62.7599983215332,63.130001068115234,4991,2026-02-05,16:10:00,979.815,1307.3106195756377,5.093818731086991,3.0682723294193535,1.5913909924272618,-1.0,-1
2026-02-05 19:05:00+00:00,63.400001525878906,63.439998626708984,63.290000915527344,63.29999923706055,4451,2026-02-05,19:05:00,1258.205,1356.9356894493812,3.5375793292825892,2.3529449662390234,2.1655415678404184,1.0,1
2026-02-05 19:25:00+00:00,63.2599983215332,63.47999954223633,63.220001220703125,63.400001525878906,31529,2026-02-05,19:25:00,1434.055,2533.0089307365097,21.985907095613488,11.881104971568123,7.189783934781369,-1.0,-1
2026-02-05 19:30:00+00:00,63.16999816894531,63.290000915527344,63.099998474121094,63.2599983215332,6012,2026-02-05,19:30:00,1461.965,2552.5673102076394,4.112273549640381,1.7825328177652937,2.8658423953523013,-1.0,-1
2026-02-05 19:55:00+00:00,63.189998626708984,63.22999954223633,63.150001525878906,63.209999084472656,6754,2026-02-05,19:55:00,1527.465,2584.4272109732665,4.421705243655338,2.0223185152240157,4.356892311413942,-1.0,-1
2026-02-06 08:40:00+00:00,63.880001068115234,64.19999694824219,63.650001525878906,64.16999816894531,4921,2026-02-06,08:40:00,1229.34,2485.4275456798346,4.002960938389705,1.4853219142987435,3.554030874785592,-1.0,-1
2026-02-06 09:20:00+00:00,64.29000091552734,64.58000183105469,64.13999938964844,64.48999786376953,5416,2026-02-06,09:20:00,1171.98,2461.872709093397,4.621239270294715,1.723899040077865,3.9587026039287347,-1.0,-1
2026-02-06 11:45:00+00:00,63.369998931884766,63.63999938964844,63.33000183105469,63.38999938964844,3971,2026-02-06,11:45:00,1052.29,2421.8515625145646,3.7736745573938744,1.2051564369905299,1.9243420056334615,-1.0,-1
2026-02-06 11:50:00+00:00,63.08000183105469,63.40999984741211,62.810001373291016,63.36000061035156,6186,2026-02-06,11:50:00,1072.7,2447.8204888693554,5.7667567819520835,2.0889195197323582,2.82659355723098,-1.0,-1
2026-02-06 12:15:00+00:00,62.86000061035156,63.04999923706055,62.65999984741211,63.0099983215332,4282,2026-02-06,12:15:00,1080.715,2459.2739406889436,3.962191697163452,1.3017195632558074,1.7525836488284048,-1.0,-1
2026-02-06 13:30:00+00:00,63.290000915527344,63.380001068115234,63.11000061035156,63.11000061035156,2800,2026-02-06,13:30:00,839.5,1030.4386488506696,3.3353186420488385,1.9025877981058863,0.5872175326377602,1.0,1
2026-02-06 13:35:00+00:00,63.029998779296875,63.619998931884766,62.810001373291016,63.29999923706055,8813,2026-02-06,13:35:00,849.795,1097.9037875005292,10.370736471737303,7.253099124586234,2.503648727827986,-1.0,-1
2026-02-06 13:40:00+00:00,62.90999984741211,63.04999923706055,62.66999816894531,63.040000915527344,6452,2026-02-06,13:40:00,872.53,1164.899158445357,7.39458815169679,4.789659224620104,1.72283044058745,-1.0,-1
2026-02-06 13:55:00+00:00,62.38999938964844,62.939998626708984,62.20000076293945,62.81999969482422,10193,2026-02-06,13:55:00,916.53,1338.2240196370842,11.121294447535815,6.931926092998768,2.30633688289282,-1.0,-1
2026-02-06 14:00:00+00:00,62.41999816894531,62.65999984741211,62.2599983215332,62.369998931884766,6225,2026-02-06,14:00:00,945.975,1389.2033414856667,6.580512169983351,3.800037649171222,1.2782997073771754,1.0,1
2026-02-06 14:05:00+00:00,62.779998779296875,62.79999923706055,62.34000015258789,62.43000030517578,6648,2026-02-06,14:05:00,977.565,1445.8072759433815,6.800570806033358,3.921985381004582,1.4629074405171227,1.0,1
2026-02-06 14:10:00+00:00,62.81999969482422,62.88999938964844,62.689998626708984,62.779998779296875,3469,2026-02-06,14:10:00,988.785,1456.4054045101586,3.5083461015286437,1.7029701979403087,0.9702139560900573,1.0,1
2026-02-06 14:25:00+00:00,62.93000030517578,62.95000076293945,62.689998626708984,62.709999084472656,3007,2026-02-06,14:25:00,993.43,1451.5376962096282,3.026886645259354,1.3871978697198122,0.888839623861516,1.0,1
2026-02-06 14:35:00+00:00,63.040000915527344,63.13999938964844,63.0099983215332,63.130001068115234,4981,2026-02-06,14:35:00,1017.28,1479.293322933741,4.896390374331551,2.6794685939223557,1.1832056535423718,-1.0,-1
2026-02-06 14:40:00+00:00,63.25,63.31999969482422,63.02000045776367,63.04999923706055,3149,2026-02-06,14:40:00,1029.445,1486.7882172622692,3.058929811694651,1.4255930840660618,0.7508792846497765,1.0,1
2026-02-06 14:55:00+00:00,63.529998779296875,63.650001525878906,63.25,63.25,6412,2026-02-06,14:55:00,1078.825,1536.7689051101777,5.943503348550506,3.4703819047000053,1.6393474057621322,1.0,1
2026-02-06 15:00:00+00:00,63.599998474121094,63.709999084472656,63.52000045776367,63.540000915527344,4558,2026-02-06,15:00:00,1100.235,1555.2448593832926,4.14275132130863,2.223292994114844,0.916445706674039,1.0,1
2026-02-06 15:10:00+00:00,63.849998474121094,63.93000030517578,63.66999816894531,63.68000030517578,5212,2026-02-06,15:10:00,1132.68,1580.904758954311,4.601476145071865,2.5803704979029,1.4813656872846128,1.0,1
2026-02-06 15:15:00+00:00,63.77000045776367,63.900001525878906,63.70000076293945,63.84000015258789,4151,2026-02-06,15:15:00,1152.4,1593.845430486085,3.60204790003471,1.8813618577088107,1.1731373865121701,-1.0,-1
2026-02-06 15:45:00+00:00,63.93000030517578,63.95000076293945,63.63999938964844,63.81999969482422,14375,2026-02-06,15:45:00,1241.965,1849.721180612092,11.574400244773404,7.100007902625704,2.6127159750542424,1.0,1
2026-02-06 15:50:00+00:00,64.05999755859375,64.18000030517578,63.91999816894531,63.939998626708984,3868,2026-02-06,15:50:00,1261.305,1856.8777441605466,3.0666650810073692,1.403805397634527,0.9262729368096507,1.0,1
2026-02-06 18:20:00+00:00,64.12999725341797,64.30000305175781,63.83000183105469,64.30000305175781,7031,2026-02-06,18:20:00,1481.5,1880.0212925127937,4.745865676679042,2.9518282702972285,1.3582044502396562,-1.0,-1
2026-02-06 19:10:00+00:00,63.70000076293945,63.90999984741211,63.689998626708984,63.880001068115234,6989,2026-02-06,19:10:00,1598.305,1919.9235333325619,4.372757389859883,2.807765468993938,3.515704090294589,-1.0,-1
2026-02-06 19:20:00+00:00,63.59000015258789,63.72999954223633,63.58000183105469,63.709999084472656,5186,2026-02-06,19:20:00,1623.925,1937.0970015313317,3.1934972366334655,1.8388728066710525,1.6614805470455136,-1.0,-1
2026-02-09 11:45:00+00:00,63.619998931884766,63.849998474121094,63.5099983215332,63.790000915527344,2561,2026-02-09,11:45:00,819.275,2329.156747655836,3.12593451527265,0.7477920933200168,1.2410576369748918,-1.0,-1
2026-02-09 13:00:00+00:00,63.599998474121094,63.75,63.4900016784668,63.7400016784668,2320,2026-02-09,13:00:00,704.285,2260.1679760973157,3.294120987952321,0.7148650087458953,0.4189899993227532,-1.0,-1
2026-02-09 13:30:00+00:00,63.31999969482422,63.52000045776367,63.29999923706055,63.52000045776367,1473,2026-02-09,13:30:00,475.41,514.9242534918393,3.098378241938537,1.9373529081900394,0.308918366276936,-1.0,-1
2026-02-09 13:45:00+00:00,63.2599983215332,63.36000061035156,63.209999084472656,63.27000045776367,1522,2026-02-09,13:45:00,475.75,514.1755439047114,3.19915922228061,2.0348108975674934,0.38086896681159876,-1.0,-1
2026-02-09 14:00:00+00:00,63.290000915527344,63.31999969482422,63.15999984741211,63.220001220703125,1881,2026-02-09,14:00:00,467.98,497.157295513572,4.0194025385700245,2.842199064061458,0.3862621284460188,1.0,1
2026-02-09 14:10:00+00:00,63.150001525878906,63.2400016784668,63.13999938964844,63.2400016784668,1484,2026-02-09,14:10:00,468.025,496.26392554156797,3.170770792158539,2.0472473369715045,0.41504684659488184,-1.0,-1
2026-02-09 14:15:00+00:00,63.209999084472656,63.220001220703125,63.060001373291016,63.15999984741211,1559,2026-02-09,14:15:00,472.935,502.1703056277108,3.2964360852971337,2.1627423760997244,0.469825962480223,1.0,1
2026-02-09 14:30:00+00:00,63.47999954223633,63.4900016784668,63.310001373291016,63.369998931884766,1501,2026-02-09,14:30:00,471.84,496.5578747890647,3.181163106137674,2.072588216302444,0.3955986031495025,1.0,1
2026-02-09 14:35:00+00:00,63.880001068115234,63.939998626708984,63.439998626708984,63.470001220703125,4606,2026-02-09,14:35:00,486.67,570.4184755829612,9.464318737542893,7.221592876686001,1.0941267296157728,1.0,1
2026-02-09 14:40:00+00:00,64.12000274658203,64.19000244140625,63.81999969482422,63.880001068115234,4649,2026-02-09,14:40:00,505.86,641.5128949380646,9.190289803502946,6.458389274310695,1.108554396423249,1.0,1
2026-02-09 14:45:00+00:00,64.27999877929688,64.31999969482422,64.05999755859375,64.0999984741211,5532,2026-02-09,14:45:00,531.885,733.24107505355,10.400744521842128,6.819196537284592,1.2521680082617737,1.0,1
2026-02-09 14:50:00+00:00,64.18000030517578,64.30999755859375,64.1500015258789,64.27999877929688,3732,2026-02-09,14:50:00,548.29,767.333113082003,6.806616936292838,4.149058532366197,1.0237629873469807,-1.0,-1
2026-02-09 14:55:00+00:00,64.06999969482422,64.16999816894531,63.900001525878906,64.16999816894531,4222,2026-02-09,14:55:00,566.275,810.1020156460087,7.455741468367843,4.512672391124437,1.0794330547610298,-1.0,-1
2026-02-09 15:00:00+00:00,64.11000061035156,64.12000274658203,63.95000076293945,64.05999755859375,1843,2026-02-09,15:00:00,574.265,814.7843410295094,3.20931973914482,1.5571421001990633,0.37055933247043743,1.0,1
2026-02-09 15:05:00+00:00,64.08000183105469,64.16999816894531,63.9900016784668,64.11000061035156,1961,2026-02-09,15:05:00,576.8,818.3162207764715,3.3997919556171987,1.6915221339332385,0.4805783604950374,-1.0,-1
2026-02-09 15:15:00+00:00,64.0199966430664,64.12000274658203,63.959999084472656,64.04000091552734,1874,2026-02-09,15:15:00,588.895,823.715606857037,3.1822311277901836,1.5601319063304349,0.5296216483555304,-1.0,-1
2026-02-09 15:30:00+00:00,64.19000244140625,64.20999908447266,64.06999969482422,64.08999633789062,2151,2026-02-09,15:30:00,611.545,836.1978186617268,3.517320883990549,1.8410177181085985,0.5987265578789882,1.0,1
2026-02-09 16:15:00+00:00,64.23999786376953,64.30999755859375,64.1500015258789,64.16999816894531,3696,2026-02-09,16:15:00,657.1,876.3284359406283,5.624714655303607,3.4677637691148564,1.072937078162421,1.0,1
2026-02-09 16:25:00+00:00,64.47000122070312,64.5,64.29000091552734,64.33999633789062,3926,2026-02-09,16:25:00,682.54,906.2698015303092,5.752043836258681,3.578912145724328,0.874472735372322,1.0,1
2026-02-09 16:30:00+00:00,64.44999694824219,64.54000091552734,64.41999816894531,64.4800033569336,3633,2026-02-09,16:30:00,699.97,929.1518686820436,5.19022243810449,3.156674488703724,1.0767235950061127,-1.0,-1
2026-02-09 16:45:00+00:00,64.70999908447266,64.76000213623047,64.5,64.51000213623047,4222,2026-02-09,16:45:00,733.11,960.8109158309226,5.759026612650216,3.6311931333365,1.34528219221731,1.0,1
2026-02-09 16:50:00+00:00,64.79000091552734,64.86000061035156,64.72000122070312,64.72000122070312,2737,2026-02-09,16:50:00,746.435,970.0317643739452,3.6667626785989405,2.052061667573023,0.8761028308492548,1.0,1
2026-02-09 17:00:00+00:00,64.66999816894531,64.87999725341797,64.66999816894531,64.8499984741211,2549,2026-02-09,17:00:00,766.78,978.1643363692424,3.3242911917368736,1.8220046813557498,0.6894313340996687,-1.0,-1
2026-02-09 18:00:00+00:00,64.62999725341797,64.77999877929688,64.62999725341797,64.77999877929688,3112,2026-02-09,18:00:00,840.46,993.7642250933237,3.7027342169764177,2.285793694964901,0.7606477238007944,-1.0,-1
2026-02-09 18:30:00+00:00,64.44000244140625,64.55000305175781,64.41999816894531,64.52999877929688,3895,2026-02-09,18:30:00,889.42,1013.8943100539407,4.379258393110117,2.9643918209187885,0.9876856268919283,-1.0,-1
2026-02-09 19:05:00+00:00,64.37999725341797,64.4800033569336,64.37000274658203,64.47000122070312,4823,2026-02-09,19:05:00,941.56,1044.4531527750137,5.122350142317006,3.7162413552847053,2.3465304384844616,-1.0,-1
2026-02-09 19:15:00+00:00,64.45999908447266,64.47000122070312,64.38999938964844,64.41000366210938,4069,2026-02-09,19:15:00,971.905,1070.4315787564155,4.186623178191284,2.8933143056168813,1.8067380807015596,1.0,1
2026-02-09 19:20:00+00:00,64.41000366210938,64.4800033569336,64.37999725341797,64.45999908447266,5878,2026-02-09,19:20:00,1000.42,1123.7299223084765,5.875532276443894,4.34052693905311,1.8831821549428325,-1.0,-1
2026-02-09 19:25:00+00:00,64.33000183105469,64.43000030517578,64.31999969482422,64.41000366210938,24026,2026-02-09,19:25:00,1118.68,1977.6119621818586,21.477098008367,11.583323947295922,5.478821047830796,-1.0,-1
2026-02-10 13:15:00+00:00,64.5999984741211,64.70999908447266,64.52999877929688,64.61000061035156,1690,2026-02-10,13:15:00,377.9,392.3919305179945,4.472082561524213,3.3438506196289604,0.46373630142859595,-1.0,-1
2026-02-10 13:30:00+00:00,64.58000183105469,64.61000061035156,64.45999908447266,64.58999633789062,1276,2026-02-10,13:30:00,378.615,393.3570204057287,3.370178149307344,2.2813499021179053,0.26760341844492214,-1.0,-1
2026-02-10 13:40:00+00:00,64.58000183105469,64.62000274658203,64.5199966430664,64.55000305175781,1303,2026-02-10,13:40:00,376.69,391.4381214375181,3.4590777562451884,2.36642766575268,0.3479305740987984,1.0,1
2026-02-10 13:55:00+00:00,64.51000213623047,64.55000305175781,64.45999908447266,64.55000305175781,1348,2026-02-10,13:55:00,384.185,397.2947601051334,3.5087262646901882,2.4259444039608082,0.3050075657941255,-1.0,-1
2026-02-10 14:00:00+00:00,64.44999694824219,64.51000213623047,64.36000061035156,64.51000213623047,2787,2026-02-10,14:00:00,396.13,432.10118057142193,7.03556913134577,5.533125359292587,0.5723086400739258,-1.0,-1
2026-02-10 14:10:00+00:00,64.63999938964844,64.6500015258789,64.37000274658203,64.44000244140625,3031,2026-02-10,14:10:00,420.17,488.72873866794487,7.213746816764643,5.342084050788481,0.8477136064886029,1.0,1
2026-02-10 14:15:00+00:00,64.6500015258789,64.6500015258789,64.5199966430664,64.62999725341797,1843,2026-02-10,14:15:00,428.215,498.78818857332806,4.3039127541071664,2.8364444716437167,0.5554132449333233,1.0,1
2026-02-10 14:25:00+00:00,64.51000213623047,64.61000061035156,64.48999786376953,64.58999633789062,1578,2026-02-10,14:25:00,440.71,507.3528659155521,3.58058587279617,2.2416154049858066,0.46644127916643574,-1.0,-1
2026-02-10 14:30:00+00:00,64.38999938964844,64.56999969482422,64.33999633789062,64.5,2321,2026-02-10,14:30:00,443.02,514.8393705685276,5.239041126811431,3.647700831282933,0.611715095209857,-1.0,-1
2026-02-10 14:35:00+00:00,64.37000274658203,64.44000244140625,64.31999969482422,64.4000015258789,1638,2026-02-10,14:35:00,448.64,521.7070843001901,3.651034236804565,2.2797466927162575,0.3890967397113843,-1.0,-1
2026-02-10 14:40:00+00:00,64.30000305175781,64.38999938964844,64.2300033569336,64.37000274658203,1732,2026-02-10,14:40:00,451.67,527.3896951521941,3.8346580468040825,2.427673524471354,0.4129955290611028,-1.0,-1
2026-02-10 14:45:00+00:00,64.20999908447266,64.30999755859375,64.19000244140625,64.29000091552734,2448,2026-02-10,14:45:00,463.31,545.4151928235723,5.283719323994734,3.638860864372724,0.5541047151527155,-1.0,-1
2026-02-10 14:50:00+00:00,64.31999969482422,64.33000183105469,64.12999725341797,64.19999694824219,2355,2026-02-10,14:50:00,471.905,561.4588105593626,4.990411205645204,3.353932585230848,0.6460240715975722,1.0,1
2026-02-10 14:55:00+00:00,64.51000213623047,64.5199966430664,64.33000183105469,64.33000183105469,1988,2026-02-10,14:55:00,478.385,571.4025209778654,4.155648692998318,2.641946691828611,0.50826928300922,1.0,1
2026-02-10 15:00:00+00:00,64.51000213623047,64.58999633789062,64.47000122070312,64.52999877929688,2797,2026-02-10,15:00:00,491.33,594.121200686769,5.692711619481815,3.880807480586085,0.5623735501463991,-1.0,-1
2026-02-10 15:05:00+00:00,64.43000030517578,64.52999877929688,64.41000366210938,64.51000213623047,1819,2026-02-10,15:05:00,499.935,600.8210887430237,3.6384730014901936,2.195437251977311,0.4457787035902463,-1.0,-1
2026-02-10 15:20:00+00:00,64.54000091552734,64.66999816894531,64.52999877929688,64.58000183105469,3692,2026-02-10,15:20:00,527.995,647.1944050784003,6.992490459189955,4.8888015334692465,0.8934194407053948,-1.0,-1
2026-02-10 15:45:00+00:00,64.44000244140625,64.5199966430664,64.41000366210938,64.41999816894531,2018,2026-02-10,15:45:00,552.925,659.7729770772427,3.6496812406745947,2.2205744262067237,0.366779884358919,1.0,1
2026-02-10 15:50:00+00:00,64.23999786376953,64.44000244140625,64.16999816894531,64.44000244140625,3274,2026-02-10,15:50:00,569.06,686.2650984325182,5.753347625909395,3.9415380531201265,0.7840272996677343,-1.0,-1
2026-02-10 15:55:00+00:00,64.19999694824219,64.2699966430664,64.12000274658203,64.23999786376953,1943,2026-02-10,15:55:00,578.54,692.0880491228369,3.358454039478688,1.9715121533009243,0.4496839425455282,-1.0,-1
2026-02-10 16:00:00+00:00,63.959999084472656,64.19999694824219,63.95000076293945,64.19000244140625,3146,2026-02-10,16:00:00,593.855,714.5915261329834,5.297589478913203,3.5714739213476947,0.7930051201260339,-1.0,-1
2026-02-10 16:05:00+00:00,63.939998626708984,64.05000305175781,63.91999816894531,63.970001220703125,2299,2026-02-10,16:05:00,604.99,723.711671050033,3.800062810955553,2.340724998316196,0.6580204289726481,-1.0,-1
2026-02-10 16:10:00+00:00,63.970001220703125,63.9900016784668,63.779998779296875,63.93000030517578,2829,2026-02-10,16:10:00,618.7,739.6463639595302,4.5724907063197024,2.9883199697861786,0.9020326823435632,1.0,1
2026-02-10 16:15:00+00:00,64.0199966430664,64.08999633789062,63.95000076293945,63.97999954223633,2272,2026-02-10,16:15:00,629.455,747.9648555249527,3.60947168582345,2.196018954456348,0.6595543943682415,1.0,1
2026-02-10 16:35:00+00:00,64.11000061035156,64.12000274658203,64.02999877929688,64.08000183105469,2517,2026-02-10,16:35:00,660.635,760.7227070094332,3.8099707099987135,2.4402650044426513,0.8056011202240448,1.0,1
2026-02-10 17:40:00+00:00,64.18000030517578,64.29000091552734,64.08000183105469,64.08000183105469,2798,2026-02-10,17:40:00,723.165,764.4058800941906,3.869103178389441,2.714310622184562,0.7386239894406863,1.0,1
2026-02-10 18:15:00+00:00,64.02999877929688,64.06999969482422,63.81999969482422,63.90999984741211,6168,2026-02-10,18:15:00,780.465,849.4502915202163,7.902980915223616,6.342378187142903,1.1433073055446141,1.0,1
2026-02-10 18:35:00+00:00,64.0199966430664,64.05000305175781,64.0,64.02999877929688,2599,2026-02-10,18:35:00,817.12,869.4319554893827,3.1806833757587625,2.0494760846431297,0.8566602117753698,-1.0,-1
2026-02-10 18:50:00+00:00,63.66999816894531,63.95000076293945,63.650001525878906,63.95000076293945,3011,2026-02-10,18:50:00,840.49,879.4072352025507,3.582434056324287,2.4681511740122017,1.5827063963993562,-1.0,-1
2026-02-10 19:10:00+00:00,63.95000076293945,63.970001220703125,63.849998474121094,63.88999938964844,2848,2026-02-10,19:10:00,873.545,887.4821467380941,3.260278520282298,2.224782782681355,1.4326406137013865,1.0,1
2026-02-10 19:20:00+00:00,63.959999084472656,64.0,63.939998626708984,63.970001220703125,5788,2026-02-10,19:20:00,912.83,954.8752719727783,6.340720616105956,5.10555686495878,1.8543481307943372,-1.0,-1
2026-02-10 19:25:00+00:00,64.0,64.0,63.869998931884766,63.959999084472656,21228,2026-02-10,19:25:00,1018.26,1723.8125713970455,20.847327794472925,11.723861593387287,4.8407730460064995,1.0,1
2026-02-10 20:50:00+00:00,64.18000030517578,64.2300033569336,64.05999755859375,64.08999633789062,3881,2026-02-10,20:50:00,1081.905,1735.2422204965892,3.587191111973787,1.6130860389041013,3.922926274559353,1.0,1
2026-02-10 20:55:00+00:00,64.30000305175781,64.44999694824219,64.13999938964844,64.18000030517578,4075,2026-02-10,20:55:00,1101.9,1746.5959138942599,3.6981577275614845,1.7022254411274167,4.385551893455304,1.0,1
2026-02-11 11:45:00+00:00,65.30999755859375,65.3499984741211,65.22000122070312,65.2300033569336,2961,2026-02-11,11:45:00,629.455,1714.9577570650392,4.7040693933641,1.3595349450415513,1.4348971741829966,1.0,1
2026-02-11 12:40:00+00:00,65.29000091552734,65.38999938964844,64.91999816894531,65.33999633789062,4095,2026-02-11,12:40:00,567.07,1657.3894909536446,7.22133069991359,2.128606473768617,1.5408132069703455,-1.0,-1
2026-02-11 13:00:00+00:00,65.37000274658203,65.47000122070312,65.31999969482422,65.41999816894531,2304,2026-02-11,13:00:00,530.665,1607.0881476592056,4.3417221787756874,1.1034460073536976,0.41610041312052737,-1.0,-1
2026-02-11 13:10:00+00:00,65.44000244140625,65.5,65.43000030517578,65.45999908447266,1400,2026-02-11,13:10:00,419.355,614.9658968155825,3.3384602544383637,1.594633141574155,0.41127329477646196,-1.0,-1
2026-02-11 13:15:00+00:00,65.44999694824219,65.48999786376953,65.41000366210938,65.44000244140625,1963,2026-02-11,13:15:00,420.09,616.7288580256079,4.672808207765003,2.501763911193426,0.5386475501209076,1.0,1
2026-02-11 13:20:00+00:00,65.48999786376953,65.56999969482422,65.45999908447266,65.45999908447266,1669,2026-02-11,13:20:00,424.685,622.5948905699288,3.9299716260287036,1.9985949432719297,0.4775393419170243,1.0,1
2026-02-11 13:25:00+00:00,65.45999908447266,65.54000091552734,65.43000030517578,65.48999786376953,1301,2026-02-11,13:25:00,428.515,625.6256364310541,3.0360664154113626,1.3945799999136554,0.43075904312556906,-1.0,-1
2026-02-11 13:30:00+00:00,65.33999633789062,65.5,65.33999633789062,65.45999908447266,1860,2026-02-11,13:30:00,433.925,633.2941550409319,4.286455032551708,2.2518366680769826,0.39008021810936927,-1.0,-1
2026-02-11 14:00:00+00:00,65.66999816894531,65.76000213623047,65.43000030517578,65.45999908447266,6379,2026-02-11,14:00:00,481.82,764.4633271076024,13.23938400232452,7.71414375404033,1.309923507366908,1.0,1
2026-02-11 14:05:00+00:00,65.61000061035156,65.70999908447266,65.58000183105469,65.66000366210938,2447,2026-02-11,14:05:00,488.32,775.5933035181998,5.011058322411533,2.525395708182566,0.5384678861229542,-1.0,-1
2026-02-11 14:10:00+00:00,65.66999816894531,65.75,65.61000061035156,65.61000061035156,2064,2026-02-11,14:10:00,496.995,783.4653821324608,4.152959285304681,2.0000947530507047,0.5772619214095931,1.0,1
2026-02-11 14:25:00+00:00,65.69000244140625,65.69999694824219,65.58000183105469,65.66999816894531,2041,2026-02-11,14:25:00,513.41,793.8568988040964,3.975380300344754,1.9242636831666184,0.6032995252082987,1.0,1
2026-02-11 14:30:00+00:00,65.80999755859375,65.83000183105469,65.69999694824219,65.69999694824219,4819,2026-02-11,14:30:00,518.1,816.3055332521355,9.301293186643505,5.268738021247203,1.2700797259010344,1.0,1
2026-02-11 14:35:00+00:00,65.7300033569336,65.80999755859375,65.63999938964844,65.80999755859375,1777,2026-02-11,14:35:00,506.61,781.4156640997577,3.5076291427330686,1.6257544586895027,0.42211532751351033,-1.0,-1
2026-02-11 14:50:00+00:00,65.58999633789062,65.68000030517578,65.56999969482422,65.66999816894531,1656,2026-02-11,14:50:00,518.025,786.464318961746,3.1967569132763862,1.4469505768580857,0.4542742516202037,-1.0,-1
2026-02-11 15:00:00+00:00,65.31999969482422,65.58000183105469,65.29000091552734,65.55999755859375,3378,2026-02-11,15:00:00,538.835,812.1296142406065,6.269080516299052,3.495950584999664,0.6791912235947573,-1.0,-1
2026-02-11 15:05:00+00:00,65.31999969482422,65.37999725341797,65.25,65.30999755859375,3787,2026-02-11,15:05:00,557.085,843.4609234707165,6.797885421434789,3.8293593812376976,0.928072540129886,1.0,1
2026-02-11 15:10:00+00:00,65.19000244140625,65.33000183105469,65.13999938964844,65.31999969482422,2833,2026-02-11,15:10:00,562.035,853.8860348886452,5.0406113498269685,2.6595645170566065,0.8052012647884321,-1.0,-1
2026-02-11 15:15:00+00:00,65.13999938964844,65.23999786376953,65.08999633789062,65.19000244140625,1954,2026-02-11,15:15:00,570.915,859.091092551582,3.4225760402161445,1.6099398678341623,0.5522308969512841,-1.0,-1
2026-02-11 15:20:00+00:00,65.01000213623047,65.16999816894531,65.0,65.13999938964844,2705,2026-02-11,15:20:00,583.705,871.6972458468873,4.6341902159481245,2.433522659509014,0.6545773529545214,-1.0,-1
2026-02-11 15:30:00+00:00,64.94000244140625,65.12999725341797,64.86000061035156,65.0199966430664,4086,2026-02-11,15:30:00,606.475,909.8078649531541,6.737293375654396,3.8244613330300905,1.1373299467659441,-1.0,-1
2026-02-11 15:35:00+00:00,64.83000183105469,64.97000122070312,64.77999877929688,64.94999694824219,3607,2026-02-11,15:35:00,623.37,933.8017033642601,5.7862906460047805,3.1951430258166247,1.0254442075337598,-1.0,-1
2026-02-11 15:40:00+00:00,64.87000274658203,64.94000244140625,64.81999969482422,64.83000183105469,4115,2026-02-11,15:40:00,643.945,964.8166498428776,6.390297307999906,3.597631737144325,0.853601618005497,1.0,1
2026-02-11 16:00:00+00:00,64.91999816894531,65.02999877929688,64.88999938964844,64.97000122070312,3293,2026-02-11,16:00:00,700.63,1014.3588232036132,4.700055664187945,2.5556735355370703,0.8300590783773139,-1.0,-1
2026-02-11 16:05:00+00:00,64.98999786376953,65.02999877929688,64.81999969482422,64.91999816894531,2915,2026-02-11,16:05:00,714.885,1025.3405767189238,4.077578911293425,2.145740693341464,0.8343321228600562,1.0,1
2026-02-11 16:15:00+00:00,65.02999877929688,65.18000030517578,64.98999786376953,65.08999633789062,2681,2026-02-11,16:15:00,736.565,1035.9965298320667,3.639868850678487,1.8768740473630636,0.7782857972276653,-1.0,-1
2026-02-11 16:40:00+00:00,65.2699966430664,65.30000305175781,65.20999908447266,65.20999908447266,2695,2026-02-11,16:40:00,798.68,1076.7595242043546,3.374317624079732,1.7611360358305073,1.0429062061626275,1.0,1
2026-02-11 16:45:00+00:00,65.13999938964844,65.27999877929688,65.13999938964844,65.2699966430664,3967,2026-02-11,16:45:00,817.9,1098.7215732283366,4.850226189020662,2.8661492381068894,1.2640299518062692,-1.0,-1
2026-02-11 17:00:00+00:00,65.0,65.06999969482422,64.97000122070312,65.06999969482422,2861,2026-02-11,17:00:00,851.85,1110.7946983169345,3.35857251863591,1.8087500805002446,0.7738183785245791,-1.0,-1
2026-02-11 17:25:00+00:00,64.97000122070312,65.12000274658203,64.77999877929688,65.08000183105469,5017,2026-02-11,17:25:00,900.15,1143.1868826852779,5.573515525190246,3.601204721952167,1.4443124977509085,-1.0,-1
2026-02-11 18:45:00+00:00,64.95999908447266,65.08000183105469,64.93000030517578,65.06999969482422,4056,2026-02-11,18:45:00,1008.075,1150.648023395375,4.023510155494383,2.6488769267652064,2.5470387377840575,-1.0,-1
2026-02-11 18:50:00+00:00,64.56999969482422,64.95999908447266,64.44000244140625,64.95999908447266,8822,2026-02-11,18:50:00,1051.435,1274.8421858288223,8.390437830203485,6.095315236958579,4.6372088439173424,-1.0,-1
2026-02-11 18:55:00+00:00,64.68000030517578,64.69999694824219,64.4800033569336,64.56999969482422,5430,2026-02-11,18:55:00,1078.025,1310.12137393724,5.036988938104403,3.3218105486831617,2.9465830083093096,1.0,1
2026-02-11 19:00:00+00:00,64.61000061035156,64.69999694824219,64.5199966430664,64.68000030517578,4140,2026-02-11,19:00:00,1097.97,1326.2027627552523,3.7705948249952184,2.29378952105335,2.1177147607020683,-1.0,-1
2026-02-11 19:05:00+00:00,64.75,65.11000061035156,64.48999786376953,64.61000061035156,10102,2026-02-11,19:05:00,1147.655,1469.4755896296997,8.802296857505088,6.093564985490128,4.914918202274524,1.0,1
2026-02-11 19:10:00+00:00,64.56999969482422,64.80000305175781,64.54000091552734,64.7300033569336,3963,2026-02-11,19:10:00,1165.355,1481.969909627104,3.400680479338914,1.8877879920679015,1.993523438236866,-1.0,-1
2026-02-11 19:20:00+00:00,64.54000091552734,64.55999755859375,64.48999786376953,64.5,5224,2026-02-11,19:20:00,1196.805,1506.9200133411218,4.364955026090299,2.6724676587650857,1.6736549127971005,1.0,1
2026-02-11 19:25:00+00:00,64.5999984741211,64.68000030517578,64.54000091552734,64.55000305175781,32480,2026-02-11,19:25:00,1357.685,2675.5504680927856,23.92307494006342,11.632116594752533,7.406647283507212,1.0,1
2026-02-11 19:30:00+00:00,64.75,64.75,64.5,64.5999984741211,5424,2026-02-11,19:30:00,1384.325,2689.4140344353928,3.9181550575190074,1.5020651146591035,2.585550424549382,1.0,1
2026-02-12 13:20:00+00:00,64.4800033569336,64.61000061035156,64.47000122070312,64.58000183105469,1165,2026-02-12,13:20:00,365.785,392.5986721345041,3.1849310387249337,2.0357047965923565,0.3333333333333333,-1.0,-1
2026-02-12 13:35:00+00:00,64.18000030517578,64.33000183105469,64.1500015258789,64.30999755859375,2819,2026-02-12,13:35:00,367.745,407.4047904620466,7.665637874070348,6.016755466277112,0.8008380533016104,-1.0,-1
2026-02-12 13:40:00+00:00,64.08000183105469,64.19000244140625,64.01000213623047,64.18000030517578,4329,2026-02-12,13:40:00,386.68,494.2850454248238,11.195303610220337,7.975802700265167,1.1559412550066757,-1.0,-1
2026-02-12 13:45:00+00:00,64.12000274658203,64.13999938964844,63.959999084472656,64.06999969482422,2616,2026-02-12,13:45:00,397.91,518.8099562978102,6.574350983890829,4.275342007366488,0.654634176858832,1.0,1
2026-02-12 13:50:00+00:00,64.25,64.29000091552734,64.12000274658203,64.12000274658203,2315,2026-02-12,13:50:00,407.985,536.1735682138976,5.674228219174724,3.5567120668641907,0.4846137743353569,1.0,1
2026-02-12 14:00:00+00:00,64.27999877929688,64.33999633789062,64.16999816894531,64.25,1673,2026-02-12,14:00:00,415.935,543.8398289688163,4.022263093993052,2.3114618184246303,0.34354946352482163,1.0,1
2026-02-12 14:05:00+00:00,64.33000183105469,64.3499984741211,64.27999877929688,64.29000091552734,1834,2026-02-12,14:05:00,422.515,552.9656088745095,4.340674295587139,2.5525728496441156,0.40357584926420026,1.0,1
2026-02-12 14:15:00+00:00,64.26000213623047,64.30999755859375,64.18000030517578,64.30999755859375,1378,2026-02-12,14:15:00,429.44,558.847698528607,3.2088301043219074,1.6973497475206007,0.4152791380999021,-1.0,-1
2026-02-12 14:20:00+00:00,64.30000305175781,64.30999755859375,64.2300033569336,64.25,2250,2026-02-12,14:20:00,439.74,573.2115664390109,5.11665984445354,3.1581009630457446,0.7587893095017284,1.0,1
2026-02-12 14:30:00+00:00,64.2300033569336,64.33000183105469,64.16999816894531,64.29000091552734,1722,2026-02-12,14:30:00,448.66,582.5318111096947,3.838095662639861,2.1858720428921288,0.4538446333267444,-1.0,-1
2026-02-12 14:35:00+00:00,64.16000366210938,64.36000061035156,64.12000274658203,64.23999786376953,2216,2026-02-12,14:35:00,457.82,595.7632979091994,4.8403302608011884,2.9511384910252816,0.5263970544569155,-1.0,-1
2026-02-12 14:40:00+00:00,64.04000091552734,64.19000244140625,64.02999877929688,64.1500015258789,1436,2026-02-12,14:40:00,461.74,599.614216344291,3.109975310780959,1.6248113761208625,0.34241430700447095,-1.0,-1
2026-02-12 14:45:00+00:00,64.05999755859375,64.13999938964844,63.900001525878906,64.05000305175781,3345,2026-02-12,14:45:00,477.39,633.0560303700668,7.006849745491108,4.5297886165363215,0.7571406340628404,1.0,1
2026-02-12 14:50:00+00:00,64.08000183105469,64.16000366210938,64.01000213623047,64.06999969482422,3544,2026-02-12,14:50:00,494.31,668.7471627892419,7.169589933442577,4.5603034595021095,0.9721907896992765,1.0,1
2026-02-12 14:55:00+00:00,63.959999084472656,64.08999633789062,63.900001525878906,64.06999969482422,1700,2026-02-12,14:55:00,502.235,673.603457431959,3.3848696327416445,1.7781455644042425,0.43463671082277366,-1.0,-1
2026-02-12 15:00:00+00:00,64.05000305175781,64.08000183105469,63.90999984741211,63.959999084472656,2060,2026-02-12,15:00:00,511.66,682.1351524669603,4.026111089395301,2.2698434385039183,0.4141900297824748,1.0,1
2026-02-12 15:05:00+00:00,64.0,64.12000274658203,63.97999954223633,64.05000305175781,2275,2026-02-12,15:05:00,522.605,692.7499196904488,4.353192181475493,2.529621368679548,0.5575297144957726,-1.0,-1
2026-02-12 15:10:00+00:00,64.08999633789062,64.11000061035156,63.970001220703125,64.0199966430664,1616,2026-02-12,15:10:00,529.66,696.6729003271324,3.0510138579466073,1.5593257603243849,0.4593029452517142,1.0,1
2026-02-12 15:15:00+00:00,63.9900016784668,64.11000061035156,63.970001220703125,64.08999633789062,1839,2026-02-12,15:15:00,537.825,702.4063265753183,3.4193278482777854,1.8524534173034335,0.5197301020948882,-1.0,-1
2026-02-12 15:25:00+00:00,63.970001220703125,64.0199966430664,63.959999084472656,63.9900016784668,2763,2026-02-12,15:25:00,552.595,722.0198712273808,5.000045241089767,3.061418512266807,0.865635402388878,-1.0,-1
2026-02-12 15:30:00+00:00,63.88999938964844,64.02999877929688,63.790000915527344,63.970001220703125,4117,2026-02-12,15:30:00,571.085,764.6721817239594,7.209084462032797,4.637170129565465,1.1459587349083191,-1.0,-1
2026-02-12 15:35:00+00:00,63.59000015258789,63.95000076293945,63.540000915527344,63.88999938964844,3661,2026-02-12,15:35:00,585.685,795.1993434062533,6.2508003448952945,3.8673510302798073,1.0407960199004975,-1.0,-1
2026-02-12 15:40:00+00:00,63.56999969482422,63.77000045776367,63.540000915527344,63.560001373291016,5209,2026-02-12,15:40:00,608.74,859.7786336577805,8.55701941715675,5.3505167724731475,1.0805372607996682,1.0,1
2026-02-12 15:45:00+00:00,63.630001068115234,63.689998626708984,63.529998779296875,63.56999969482422,3093,2026-02-12,15:45:00,624.205,876.4300319933515,4.955102890877195,2.8168763162816037,0.5621656007542798,1.0,1
2026-02-12 16:00:00+00:00,63.560001373291016,63.65999984741211,63.45000076293945,63.619998931884766,4528,2026-02-12,16:00:00,662.07,922.5844761745993,6.8391559804854465,4.190326305976529,1.1413627412367073,-1.0,-1
2026-02-12 16:05:00+00:00,63.5099983215332,63.560001373291016,63.439998626708984,63.560001373291016,2767,2026-02-12,16:05:00,675.675,933.4526332210459,4.095164095164096,2.2404189838572823,0.7919715210819127,-1.0,-1
2026-02-12 16:15:00+00:00,63.41999816894531,63.470001220703125,63.369998931884766,63.43000030517578,2954,2026-02-12,16:15:00,700.105,950.0352566718594,4.21936709493576,2.3724330062189383,0.8575368314101168,-1.0,-1
2026-02-12 16:20:00+00:00,63.41999816894531,63.52000045776367,63.400001525878906,63.40999984741211,2760,2026-02-12,16:20:00,713.545,960.0653128823934,3.8680111275392584,2.1315789379536594,0.7943731899048407,1.0,1
2026-02-12 16:25:00+00:00,63.279998779296875,63.470001220703125,63.20000076293945,63.41999816894531,7291,2026-02-12,16:25:00,749.855,1065.573629447462,9.723213154543211,6.138613812535711,1.6239889744267955,-1.0,-1
2026-02-12 16:35:00+00:00,63.29999923706055,63.349998474121094,63.18000030517578,63.279998779296875,4743,2026-02-12,16:35:00,786.795,1108.62035360039,6.028253865365184,3.568584129951886,1.5180636127225444,1.0,1
2026-02-12 16:40:00+00:00,63.25,63.31999969482422,63.2400016784668,63.29999923706055,2754,2026-02-12,16:40:00,800.55,1115.8891254067196,3.440134907251265,1.75057714563533,1.065737919024815,-1.0,-1
2026-02-12 16:45:00+00:00,62.959999084472656,63.290000915527344,62.93000030517578,63.25,6652,2026-02-12,16:45:00,833.61,1188.8065413953148,7.979750722760044,4.894311898024126,2.119568247898992,-1.0,-1
2026-02-12 16:50:00+00:00,62.77000045776367,62.97999954223633,62.709999084472656,62.959999084472656,5080,2026-02-12,16:50:00,858.425,1225.0199031815455,5.917814602324024,3.4461276825266167,1.6260878263479044,-1.0,-1
2026-02-12 16:55:00+00:00,62.77000045776367,62.880001068115234,62.720001220703125,62.779998779296875,4115,2026-02-12,16:55:00,878.655,1245.1601119926129,4.683294353301353,2.5991396358022754,1.5820077850929886,-1.0,-1
2026-02-12 17:05:00+00:00,62.84000015258789,62.939998626708984,62.7400016784668,62.7599983215332,3653,2026-02-12,17:05:00,911.56,1266.9870906363508,4.007415858528238,2.1637473816904462,0.8637337628751718,1.0,1
2026-02-12 17:25:00+00:00,62.709999084472656,62.83000183105469,62.70000076293945,62.70000076293945,3233,2026-02-12,17:25:00,955.685,1277.2442523557693,3.3829138262084264,1.7829909947135676,0.930727985893699,1.0,1
2026-02-12 18:20:00+00:00,62.689998626708984,62.720001220703125,62.619998931884766,62.65999984741211,3271,2026-02-12,18:20:00,1047.7,1297.4909881465755,3.122076930419013,1.7135379130269823,0.6318712497132577,1.0,1
2026-02-12 18:40:00+00:00,62.75,62.7599983215332,62.70000076293945,62.72999954223633,4600,2026-02-12,18:40:00,1095.745,1319.1627160178639,4.198057029692127,2.6564236219306143,1.9916653136331655,1.0,1
2026-02-12 18:55:00+00:00,62.66999816894531,62.7400016784668,62.61000061035156,62.689998626708984,4732,2026-02-12,18:55:00,1135.655,1341.296187756987,4.166758390532336,2.681245971491256,2.5678141427844667,-1.0,-1
2026-02-12 19:00:00+00:00,62.58000183105469,62.68000030517578,62.38999938964844,62.65999984741211,5737,2026-02-12,19:00:00,1164.06,1377.9698293697274,4.928440114770717,3.3186067666602157,2.934620672016369,-1.0,-1
2026-02-12 19:10:00+00:00,62.68000030517578,62.720001220703125,62.599998474121094,62.619998931884766,5404,2026-02-12,19:10:00,1197.045,1405.4823106688268,4.514450166869248,2.9932464948619923,2.718395321784513,1.0,1
2026-02-12 19:25:00+00:00,62.880001068115234,62.88999938964844,62.650001525878906,62.650001525878906,51001,2026-02-12,19:25:00,1469.115,3788.3862399828545,34.71545794577007,13.074666061564033,11.630123710164757,1.0,1
2026-02-12 19:30:00+00:00,63.0099983215332,63.02000045776367,62.86000061035156,62.88999938964844,8898,2026-02-12,19:30:00,1513.09,3823.333211496302,5.880681254915438,1.931537114733936,4.241561150007448,1.0,1
2026-02-13 11:40:00+00:00,62.27000045776367,62.869998931884766,62.13999938964844,62.7599983215332,7792,2026-02-13,11:40:00,819.715,3753.5262956365636,9.505742849648962,1.857529280694053,4.482508179628232,-1.0,-1
2026-02-13 11:45:00+00:00,62.25,62.43000030517578,62.13999938964844,62.27000045776367,4542,2026-02-13,11:45:00,836.41,3762.654176797387,5.43035114357791,0.9848340628407265,2.2010479449980314,-1.0,-1
2026-02-13 12:40:00+00:00,62.599998474121094,62.630001068115234,62.400001525878906,62.400001525878906,4090,2026-02-13,12:40:00,734.31,3719.2233241058325,5.56985469352181,0.9022555806881448,1.5389318721632999,1.0,1
2026-02-13 13:10:00+00:00,62.720001220703125,62.779998779296875,62.689998626708984,62.709999084472656,5721,2026-02-13,13:10:00,430.475,844.4358822141704,13.289970381555259,6.265158920210579,1.6806389424400991,1.0,1
2026-02-13 13:20:00+00:00,62.81999969482422,62.91999816894531,62.81999969482422,62.869998931884766,1436,2026-02-13,13:20:00,423.595,836.4744157570215,3.3900305716545285,1.210323927341829,0.41087267525035764,-1.0,-1
2026-02-13 13:55:00+00:00,62.959999084472656,63.040000915527344,62.959999084472656,62.970001220703125,2002,2026-02-13,13:55:00,443.38,847.677439126458,4.5153141774550045,1.8386946827394355,0.4529860138871212,-1.0,-1
2026-02-13 14:00:00+00:00,62.84000015258789,62.970001220703125,62.79999923706055,62.970001220703125,2534,2026-02-13,14:00:00,455.09,860.2702811810874,5.568129381001561,2.4165777261836947,0.520355254376508,-1.0,-1
2026-02-13 14:05:00+00:00,62.650001525878906,62.900001525878906,62.63999938964844,62.849998474121094,4074,2026-02-13,14:05:00,474.68,897.2409622401209,8.582624083593158,4.011542218283994,0.8964929170678037,-1.0,-1
2026-02-13 14:10:00+00:00,62.75,62.77000045776367,62.59000015258789,62.650001525878906,2878,2026-02-13,14:10:00,485.575,913.0684774966004,5.926993770272357,2.6202032585326087,0.804922388477136,1.0,1
2026-02-13 14:15:00+00:00,62.650001525878906,62.83000183105469,62.63999938964844,62.75,2501,2026-02-13,14:15:00,497.47,923.7420288039646,5.027438840533097,2.168928052991282,0.7537105401943796,-1.0,-1
2026-02-13 14:20:00+00:00,62.81999969482422,62.84000015258789,62.619998931884766,62.63999938964844,1532,2026-02-13,14:20:00,503.695,926.5073888984302,3.041523143966091,1.1098724223048042,0.516651209847399,1.0,1
2026-02-13 14:35:00+00:00,62.4900016784668,62.72999954223633,62.4900016784668,62.72999954223633,2000,2026-02-13,14:35:00,520.5,934.4409771079512,3.8424591738712777,1.5832995729478598,0.4750875942751945,-1.0,-1
2026-02-13 14:40:00+00:00,62.61000061035156,62.61000061035156,62.33000183105469,62.4900016784668,2431,2026-02-13,14:40:00,531.31,943.9737315887653,4.575483239540006,2.0124394741395037,0.579672131147541,1.0,1
2026-02-13 14:45:00+00:00,62.61000061035156,62.7599983215332,62.599998474121094,62.619998931884766,2825,2026-02-13,14:45:00,543.775,957.6888240936823,5.195163440761345,2.3820106725781813,0.6394386520859564,-1.0,-1
2026-02-13 15:00:00+00:00,62.720001220703125,62.810001373291016,62.65999984741211,62.68000030517578,3270,2026-02-13,15:00:00,579.25,988.8093939622084,5.645230902028485,2.72120189839422,0.6574764064993653,1.0,1
2026-02-13 15:05:00+00:00,62.810001373291016,62.88999938964844,62.650001525878906,62.70000076293945,1844,2026-02-13,15:05:00,588.115,992.1719141920559,3.135441197724935,1.2657937420277519,0.4519054037495405,1.0,1
2026-02-13 15:25:00+00:00,62.779998779296875,62.81999969482422,62.709999084472656,62.72999954223633,2743,2026-02-13,15:25:00,613.28,1004.8558593601487,4.472671536655361,2.1194283539891177,0.859369492852947,1.0,1
2026-02-13 15:30:00+00:00,62.81999969482422,62.91999816894531,62.72999954223633,62.779998779296875,1908,2026-02-13,15:30:00,616.85,1008.1921715495711,3.093134473534895,1.280658624848801,0.5310879927629519,1.0,1
2026-02-13 15:45:00+00:00,62.75,62.790000915527344,62.68000030517578,62.779998779296875,2120,2026-02-13,15:45:00,634.005,1013.0487420374643,3.343822209604025,1.4668543953880604,0.38531880814713,-1.0,-1
2026-02-13 16:20:00+00:00,62.68000030517578,62.75,62.63999938964844,62.66999816894531,2404,2026-02-13,16:20:00,669.245,1017.4723756204512,3.5921075241503484,1.704965207475193,0.6919105610620424,1.0,1
2026-02-13 16:25:00+00:00,62.83000183105469,62.849998474121094,62.63999938964844,62.68000030517578,2498,2026-02-13,16:25:00,681.51,1024.6689230719933,3.6653900896538567,1.7727579700124987,0.5564016538359807,1.0,1
2026-02-13 16:50:00+00:00,62.650001525878906,62.72999954223633,62.439998626708984,62.689998626708984,2757,2026-02-13,16:50:00,721.115,1039.0383318483598,3.8232459455149317,1.9593935445849584,0.8825047514254276,-1.0,-1
2026-02-13 16:55:00+00:00,62.65999984741211,62.70000076293945,62.619998931884766,62.650001525878906,3001,2026-02-13,16:55:00,734.925,1050.885790224346,4.083409871755622,2.156347550875373,1.1537315584602816,1.0,1
2026-02-13 17:20:00+00:00,62.79999923706055,62.84000015258789,62.63999938964844,62.7599983215332,2342,2026-02-13,17:20:00,768.865,1054.421767174039,3.0460483960123037,1.4919409376535986,0.73530739192716,1.0,1
2026-02-13 17:30:00+00:00,62.970001220703125,62.9900016784668,62.81999969482422,62.83000183105469,3757,2026-02-13,17:30:00,789.89,1073.158812611348,4.7563584802947245,2.764837752932436,1.0948764184106514,1.0,1
2026-02-13 17:45:00+00:00,63.13999938964844,63.209999084472656,63.060001373291016,63.060001373291016,3602,2026-02-13,17:45:00,807.93,1089.1502866152778,4.458307031549763,2.5653668133192657,1.0536207243276843,1.0,1
2026-02-13 19:15:00+00:00,62.959999084472656,63.0099983215332,62.880001068115234,62.95000076293945,3005,2026-02-13,19:15:00,918.66,1097.114595920994,3.2710687305423116,1.9016609639110507,1.3342953876894044,1.0,1
2026-02-13 19:25:00+00:00,62.849998474121094,62.97999954223633,62.849998474121094,62.970001220703125,11607,2026-02-13,19:25:00,985.615,1332.5857536116068,11.776403565286648,7.970507692442051,2.646827432871558,-1.0,-1
2026-02-17 10:30:00+00:00,63.33000183105469,63.41999816894531,63.2400016784668,63.41999816894531,1789,2026-02-17,10:30:00,572.925,1090.423176060293,3.1225727625779993,1.1152321655466717,1.2854897381775723,-1.0,-1
2026-02-17 11:05:00+00:00,63.70000076293945,63.86000061035156,63.47999954223633,63.4900016784668,5060,2026-02-17,11:05:00,546.865,1099.9713001166763,9.252740621542793,4.102957049444183,1.6617064510170152,1.0,1
2026-02-17 11:10:00+00:00,63.709999084472656,63.7400016784668,63.560001373291016,63.70000076293945,2698,2026-02-17,11:10:00,545.35,1096.7782410543257,4.94728156229944,1.9627030510111796,1.2173373565325287,1.0,1
2026-02-17 11:55:00+00:00,63.66999816894531,63.90999984741211,63.5,63.880001068115234,2680,2026-02-17,11:55:00,526.395,1073.4708366605835,5.091233769317718,2.0062072731286875,1.3141683778234086,-1.0,-1
2026-02-17 12:05:00+00:00,63.66999816894531,63.7599983215332,63.619998931884766,63.7400016784668,2001,2026-02-17,12:05:00,516.825,1055.648655945227,3.8717167319692347,1.405936522195513,0.7575062108127292,-1.0,-1
2026-02-17 12:55:00+00:00,63.43000030517578,63.529998779296875,63.380001068115234,63.529998779296875,1716,2026-02-17,12:55:00,497.99,1048.9588999426114,3.4458523263519347,1.1611608424950084,0.645431251322316,-1.0,-1
2026-02-17 13:10:00+00:00,63.34000015258789,63.40999984741211,63.209999084472656,63.31999969482422,1744,2026-02-17,13:10:00,491.68,1041.1283488571135,3.5470224536283763,1.2028488143414016,0.5123290186358211,1.0,1
2026-02-17 13:20:00+00:00,63.189998626708984,63.459999084472656,63.060001373291016,63.400001525878906,6313,2026-02-17,13:20:00,507.15,1109.2660788414614,12.447993690229715,5.233956136172252,1.8062947067238913,-1.0,-1
2026-02-17 13:50:00+00:00,62.4900016784668,63.31999969482422,62.16999816894531,63.31999969482422,20554,2026-02-17,13:50:00,523.09,1597.8892050005395,39.29342942897016,12.535856639693137,4.302700439606448,-1.0,-1
2026-02-17 13:55:00+00:00,62.29999923706055,62.5099983215332,62.209999084472656,62.47999954223633,4131,2026-02-17,13:55:00,540.07,1618.068792786921,7.649008461866054,2.219269054571575,0.9347079037800687,-1.0,-1
2026-02-17 14:00:00+00:00,62.529998779296875,62.560001373291016,62.220001220703125,62.29999923706055,4955,2026-02-17,14:00:00,562.01,1647.9098776096912,8.816569100193947,2.665795053290216,1.0175060321371734,1.0,1
2026-02-17 14:05:00+00:00,62.5,62.65999984741211,62.4900016784668,62.52000045776367,4312,2026-02-17,14:05:00,581.17,1669.0924688126797,7.419515804325757,2.2352446432485262,0.9488653555219364,-1.0,-1
2026-02-17 14:10:00+00:00,62.709999084472656,62.75,62.5099983215332,62.5099983215332,2696,2026-02-17,14:10:00,591.77,1675.777883453931,4.555824053263938,1.2556735715254757,0.7540204167249336,1.0,1
2026-02-17 14:15:00+00:00,62.630001068115234,62.72999954223633,62.61000061035156,62.70000076293945,2957,2026-02-17,14:15:00,603.595,1684.103056973506,4.898980276509911,1.3974233882273768,0.8911323739923153,-1.0,-1
2026-02-17 14:20:00+00:00,62.599998474121094,62.689998626708984,62.56999969482422,62.630001068115234,4742,2026-02-17,14:20:00,622.79,1709.2233993966956,7.614123540840412,2.409989239238099,1.5991906247365315,-1.0,-1
2026-02-17 14:25:00+00:00,62.630001068115234,62.86000061035156,62.529998779296875,62.61000061035156,4343,2026-02-17,14:25:00,640.905,1729.3394375966525,6.776355310069356,2.14075670716501,1.2837480832825288,1.0,1
2026-02-17 14:30:00+00:00,62.650001525878906,62.7400016784668,62.560001373291016,62.630001068115234,3436,2026-02-17,14:30:00,652.605,1740.3148068986031,5.26505313321228,1.5993629365024247,0.9055808130724122,1.0,1
2026-02-17 14:35:00+00:00,62.79999923706055,62.83000183105469,62.61000061035156,62.65999984741211,3389,2026-02-17,14:35:00,667.295,1750.9717095410294,5.078713312702778,1.554396901542985,0.805035928499317,1.0,1
2026-02-17 14:45:00+00:00,62.47999954223633,62.65999984741211,62.400001525878906,62.65999984741211,3799,2026-02-17,14:45:00,685.755,1765.296073214207,5.539879402993781,1.763582351560711,0.8599035183272737,-1.0,-1
2026-02-17 14:50:00+00:00,62.45000076293945,62.52000045776367,62.29999923706055,62.47999954223633,2665,2026-02-17,14:50:00,697.95,1770.5208436471216,3.8183250949208394,1.1110007583689583,0.7310633336762336,-1.0,-1
2026-02-17 14:55:00+00:00,62.349998474121094,62.52000045776367,62.33000183105469,62.45000076293945,2636,2026-02-17,14:55:00,709.72,1775.5590588480172,3.714140787916361,1.0848864702083019,0.6739425704287244,-1.0,-1
2026-02-17 15:00:00+00:00,62.54999923706055,62.54999923706055,62.349998474121094,62.36000061035156,2603,2026-02-17,15:00:00,708.2,1773.7978333983879,3.675515391132448,1.0682164361255229,0.5233673046231951,1.0,1
2026-02-17 15:05:00+00:00,62.56999969482422,62.650001525878906,62.5099983215332,62.560001373291016,2731,2026-02-17,15:05:00,714.05,1778.547484119078,3.824662138505707,1.134043379785839,0.6692807254012989,1.0,1
2026-02-17 15:10:00+00:00,62.439998626708984,62.72999954223633,62.41999816894531,62.58000183105469,3021,2026-02-17,15:10:00,727.11,1785.8711956738814,4.154804637537649,1.2844655345563276,0.8586350232706861,-1.0,-1
2026-02-17 15:15:00+00:00,62.25,62.439998626708984,62.18000030517578,62.439998626708984,3281,2026-02-17,15:15:00,742.05,1794.6978182395887,4.421534936998855,1.4146949832983275,0.9272618080333487,-1.0,-1
2026-02-17 15:20:00+00:00,62.220001220703125,62.279998779296875,62.150001525878906,62.2400016784668,2357,2026-02-17,15:20:00,753.01,1797.8465118862284,3.130104513884278,0.8921729354510681,0.5703655530180433,-1.0,-1
2026-02-17 15:25:00+00:00,61.970001220703125,62.22999954223633,61.95000076293945,62.22999954223633,3243,2026-02-17,15:25:00,768.4,1805.943687664443,4.220458094742322,1.3702531351906684,1.016017231251224,-1.0,-1
2026-02-17 15:30:00+00:00,61.959999084472656,62.09000015258789,61.959999084472656,61.970001220703125,2500,2026-02-17,15:30:00,780.345,1809.470917417539,3.203711179029788,0.9503634368737335,0.6958700114818552,-1.0,-1
2026-02-17 15:40:00+00:00,61.86000061035156,61.91999816894531,61.7599983215332,61.880001068115234,3721,2026-02-17,15:40:00,808.315,1823.3763303237474,4.603403376159046,1.5974129704112379,0.7718715967432453,-1.0,-1
2026-02-17 15:45:00+00:00,61.880001068115234,61.9900016784668,61.84000015258789,61.86000061035156,2976,2026-02-17,15:45:00,822.585,1829.1369447332015,3.617863199547767,1.1772847332183198,0.540900364644273,1.0,1
2026-02-17 15:55:00+00:00,61.91999816894531,61.93000030517578,61.81999969482422,61.81999969482422,3013,2026-02-17,15:55:00,847.625,1837.6121972036235,3.554637959003097,1.1783634236293967,0.697322552182026,1.0,1
2026-02-17 16:15:00+00:00,62.18000030517578,62.189998626708984,62.0099983215332,62.06999969482422,6044,2026-02-17,16:15:00,916.115,1905.4124236753717,6.597424995770182,2.691220512831949,1.754554031497206,1.0,1
2026-02-17 16:20:00+00:00,62.16999816894531,62.2599983215332,62.15999984741211,62.18000030517578,3518,2026-02-17,16:20:00,933.565,1913.2030827789154,3.7683503558938045,1.3508419588401062,1.012538000755518,-1.0,-1
2026-02-17 16:25:00+00:00,62.150001525878906,62.18000030517578,62.040000915527344,62.16999816894531,2898,2026-02-17,16:25:00,947.875,1917.1551472607305,3.057365158908084,1.0171972794097428,0.6454971948825748,-1.0,-1
2026-02-17 18:50:00+00:00,62.33000183105469,62.349998474121094,62.2400016784668,62.279998779296875,5534,2026-02-17,18:50:00,1167.625,1924.6015875314604,4.739535381650787,2.268716303824947,2.908899766746608,1.0,1
2026-02-17 19:00:00+00:00,62.290000915527344,62.33000183105469,62.209999084472656,62.31999969482422,5453,2026-02-17,19:00:00,1199.4,1944.9987844100979,4.546439886609972,2.186942240835427,2.789347485533425,-1.0,-1
2026-02-17 19:25:00+00:00,62.27000045776367,62.40999984741211,62.2400016784668,62.369998931884766,7181,2026-02-17,19:25:00,1271.6,1984.2702467305899,5.647216105693615,2.9781225665892554,1.6375349181916652,-1.0,-1
2026-02-17 20:15:00+00:00,62.220001220703125,62.310001373291016,62.189998626708984,62.209999084472656,4381,2026-02-17,20:15:00,1334.005,1983.8418757336856,3.28409563682295,1.5359061814708028,3.515698665864179,1.0,1
2026-02-18 10:00:00+00:00,62.5099983215332,62.689998626708984,62.43000030517578,62.43000030517578,3341,2026-02-18,10:00:00,617.14,986.3811429645001,5.413682470752179,2.7614680384233905,1.695508754123319,1.0,1
2026-02-18 10:40:00+00:00,62.810001373291016,62.880001068115234,62.66999816894531,62.68000030517578,2196,2026-02-18,10:40:00,574.695,957.688313861828,3.821157309529402,1.692935975653887,1.6397237259660258,1.0,1
2026-02-18 12:00:00+00:00,63.68000030517578,63.689998626708984,63.529998779296875,63.56999969482422,1792,2026-02-18,12:00:00,552.545,926.3428595515726,3.2431747640463673,1.3380089102214268,0.7971973530556636,1.0,1
2026-02-18 12:05:00+00:00,63.72999954223633,63.84000015258789,63.400001525878906,63.68000030517578,7442,2026-02-18,12:05:00,586.635,1046.6293502280394,12.685912023660368,6.54994530633634,2.817271974446942,1.0,1
2026-02-18 12:10:00+00:00,63.880001068115234,63.88999938964844,63.7400016784668,63.7400016784668,2091,2026-02-18,12:10:00,592.12,1051.6374337480931,3.5313787745727216,1.425282090480471,0.7999808708543554,1.0,1
2026-02-18 12:15:00+00:00,63.97999954223633,64.0,63.86000061035156,63.880001068115234,2024,2026-02-18,12:15:00,592.255,1051.8204032908225,3.4174468767676087,1.3612067188661774,0.828404788703571,1.0,1
2026-02-18 12:20:00+00:00,64.05999755859375,64.08000183105469,63.970001220703125,63.970001220703125,2316,2026-02-18,12:20:00,598.405,1058.2978041108768,3.87028851697429,1.6229788943415868,0.9952194231079121,1.0,1
2026-02-18 12:50:00+00:00,63.970001220703125,64.0199966430664,63.90999984741211,63.90999984741211,1741,2026-02-18,12:50:00,557.54,939.8257501276439,3.1226459088137175,1.259233426876489,0.5187047278550546,1.0,1
2026-02-18 13:00:00+00:00,63.900001525878906,64.05000305175781,63.88999938964844,63.97999954223633,2326,2026-02-18,13:00:00,554.365,935.251962275232,4.1957915813588516,1.8942863222548703,0.4200735941485879,-1.0,-1
2026-02-18 13:05:00+00:00,63.83000183105469,63.90999984741211,63.77000045776367,63.88999938964844,2537,2026-02-18,13:05:00,531.145,820.513587156554,4.776473467697145,2.4446334971139034,0.6888055522560282,-1.0,-1
2026-02-18 13:10:00+00:00,63.939998626708984,63.97999954223633,63.790000915527344,63.83000183105469,2997,2026-02-18,13:10:00,540.15,837.5528409040865,5.5484587614551515,2.9333671620622557,0.8804186174607546,1.0,1
2026-02-18 13:15:00+00:00,63.86000061035156,63.95000076293945,63.810001373291016,63.939998626708984,2787,2026-02-18,13:15:00,542.82,843.8679536610297,5.134298662540068,2.6593971133325636,0.7647532970896431,-1.0,-1
2026-02-18 13:45:00+00:00,63.810001373291016,63.869998931884766,63.790000915527344,63.790000915527344,3473,2026-02-18,13:45:00,567.18,868.7308409224476,6.123276561232766,3.3449025441694955,0.8690919328099096,1.0,1
2026-02-18 13:50:00+00:00,63.75,63.83000183105469,63.720001220703125,63.810001373291016,3695,2026-02-18,13:50:00,583.27,896.4119135160137,6.33497351140981,3.471317095502225,0.7734980113041658,-1.0,-1
2026-02-18 14:00:00+00:00,63.970001220703125,64.0,63.63999938964844,63.779998779296875,5622,2026-02-18,14:00:00,594.335,928.1251013704691,9.459311667662176,5.41701220296289,1.15447404897582,1.0,1
2026-02-18 14:05:00+00:00,63.869998931884766,63.970001220703125,63.81999969482422,63.970001220703125,2083,2026-02-18,14:05:00,603.845,933.5968543257893,3.44956073164471,1.5843615937075897,0.45836886260486864,-1.0,-1
2026-02-18 14:10:00+00:00,63.84000015258789,63.900001525878906,63.810001373291016,63.880001068115234,4154,2026-02-18,14:10:00,622.56,966.6430937806067,6.672449241840145,3.6533028816130044,1.1617955530695008,-1.0,-1
2026-02-18 14:15:00+00:00,63.959999084472656,64.02999877929688,63.83000183105469,63.84000015258789,2878,2026-02-18,14:15:00,628.225,976.5236641825516,4.581161208165864,2.3038612196697636,0.8673246440141641,1.0,1
2026-02-18 14:30:00+00:00,64.0199966430664,64.08000183105469,63.939998626708984,64.0,5885,2026-02-18,14:30:00,660.385,1044.7799445037026,8.911468310152411,5.000684620225771,1.5510311655794953,1.0,1
2026-02-18 14:35:00+00:00,64.13999938964844,64.1500015258789,64.01000213623047,64.02999877929688,2900,2026-02-18,14:35:00,670.265,1056.561981560652,4.3266469232318565,2.110368382464841,0.688877011699032,1.0,1
2026-02-18 14:40:00+00:00,64.22000122070312,64.23999786376953,64.11000061035156,64.13999938964844,4321,2026-02-18,14:40:00,688.075,1087.6300219736795,6.279838680376412,3.3402213313379066,1.0303427719821163,1.0,1
2026-02-18 14:45:00+00:00,64.30000305175781,64.30999755859375,64.16000366210938,64.22000122070312,6524,2026-02-18,14:45:00,718.385,1163.144337787711,9.081481378369537,4.991310890136147,1.476707173879214,1.0,1
2026-02-18 14:50:00+00:00,64.4000015258789,64.41999816894531,64.27999877929688,64.30000305175781,3035,2026-02-18,14:50:00,732.75,1173.9293539820349,4.141931081542136,1.9611486774656735,0.8325618077701197,1.0,1
2026-02-18 14:55:00+00:00,64.26000213623047,64.41000366210938,64.16999816894531,64.4000015258789,7392,2026-02-18,14:55:00,769.0,1264.0720035467632,9.612483745123537,5.239416727383432,1.88990268611879,-1.0,-1
2026-02-18 15:00:00+00:00,64.22000122070312,64.29000091552734,64.19000244140625,64.26000213623047,3042,2026-02-18,15:00:00,782.355,1273.9172795557522,3.888260444427402,1.77377686625618,0.6116340148535381,-1.0,-1
2026-02-18 15:05:00+00:00,64.22000122070312,64.2699966430664,64.18000030517578,64.2300033569336,2838,2026-02-18,15:05:00,796.165,1281.1716872598126,3.564587742490564,1.593724728937075,0.695503002083078,-1.0,-1
2026-02-18 15:10:00+00:00,64.19999694824219,64.26000213623047,64.11000061035156,64.22000122070312,2691,2026-02-18,15:10:00,805.63,1288.1587822709137,3.3402430396087532,1.4636161519438264,0.7648417238071553,-1.0,-1
2026-02-18 15:15:00+00:00,64.16000366210938,64.23999786376953,64.12999725341797,64.19999694824219,2570,2026-02-18,15:15:00,817.05,1293.6415033524374,3.145462334006487,1.3550508355346338,0.7263221111385876,-1.0,-1
2026-02-18 15:25:00+00:00,64.12999725341797,64.25,64.08999633789062,64.12000274658203,4744,2026-02-18,15:25:00,847.455,1326.7400096632273,5.597937353605796,2.936931856746431,1.4862737419228509,1.0,1
2026-02-18 15:30:00+00:00,64.12999725341797,64.25,64.05000305175781,64.13999938964844,4189,2026-02-18,15:30:00,866.665,1347.1153520144965,4.833470833597757,2.466258732061609,1.1659997912389966,-1.0,-1
2026-02-18 15:50:00+00:00,64.18000030517578,64.29000091552734,64.1500015258789,64.27999877929688,2786,2026-02-18,15:50:00,900.325,1352.9204775105268,3.0944381195679336,1.3937811063882932,0.6671655641033316,-1.0,-1
2026-02-18 16:15:00+00:00,64.30000305175781,64.36000061035156,64.19999694824219,64.20999908447266,3039,2026-02-18,16:15:00,949.17,1359.7108734569124,3.201744682196024,1.5369664542630608,0.8822120618332244,1.0,1
2026-02-18 16:20:00+00:00,64.25,64.33000183105469,64.2300033569336,64.30000305175781,3827,2026-02-18,16:20:00,968.125,1373.273399042435,3.953001936733376,2.0817959497310987,1.1014732600600816,-1.0,-1
2026-02-18 16:25:00+00:00,64.30999755859375,64.36000061035156,64.23999786376953,64.25,3164,2026-02-18,16:25:00,983.585,1380.5197305388324,3.2168038349507158,1.5794160356903841,0.70474572967856,1.0,1
2026-02-18 16:30:00+00:00,64.47000122070312,64.47000122070312,64.30999755859375,64.31999969482422,5208,2026-02-18,16:30:00,1009.585,1410.6911000191863,5.1585552479484145,2.976140559717786,1.5435112807024043,1.0,1
2026-02-18 16:45:00+00:00,64.55000305175781,64.55999755859375,64.4800033569336,64.51000213623047,4038,2026-02-18,16:45:00,1078.74,1501.2463841520564,3.7432560209132877,1.971202083308576,1.2866531246265982,1.0,1
2026-02-18 17:10:00+00:00,64.69000244140625,64.77999877929688,64.56999969482422,64.58999633789062,3642,2026-02-18,17:10:00,1137.265,1512.396146947447,3.2024198405824498,1.6561368561110428,1.2516808076468693,1.0,1
2026-02-18 17:15:00+00:00,64.81999969482422,64.81999969482422,64.68000030517578,64.69000244140625,5114,2026-02-18,17:15:00,1162.415,1536.4247942927645,4.399461465999664,2.5719351931045633,1.4465993670774182,1.0,1
2026-02-18 17:50:00+00:00,64.94999694824219,65.0,64.87000274658203,64.88999938964844,4598,2026-02-18,17:50:00,1239.48,1554.3684298384242,3.7096201632942845,2.1606975125898025,1.412026640563521,1.0,1
2026-02-18 18:35:00+00:00,64.81999969482422,65.05000305175781,64.62000274658203,65.0199966430664,13852,2026-02-18,18:35:00,1388.0,1782.2975178715342,9.979827089337176,6.993220758610959,4.5657780890775,-1.0,-1
2026-02-18 18:40:00+00:00,64.94999694824219,65.01000213623047,64.79000091552734,64.81999969482422,4311,2026-02-18,18:40:00,1408.68,1792.1202898428187,3.0603117812420138,1.619489504387316,1.8665367754505602,1.0,1
2026-02-18 19:20:00+00:00,65.26000213623047,65.27999877929688,65.11000061035156,65.12999725341797,5242,2026-02-18,19:20:00,1514.385,1812.485832008386,3.4614711582589632,2.0566312487361573,1.6794217176267996,1.0,1
2026-02-18 19:25:00+00:00,64.98999786376953,65.30000305175781,64.97000122070312,65.26000213623047,21306,2026-02-18,19:25:00,1619.44,2287.9954221235384,13.156399743121078,8.604282949888281,4.858559945271079,-1.0,-1
2026-02-18 19:30:00+00:00,64.87999725341797,65.05000305175781,64.80999755859375,64.98999786376953,6358,2026-02-18,19:30:00,1650.94,2309.6553869424197,3.851139350915236,2.03799234578944,3.0307761060628633,-1.0,-1
2026-02-18 19:55:00+00:00,65.02999877929688,65.18000030517578,64.88999938964844,64.94999694824219,5344,2026-02-18,19:55:00,1691.145,2314.597385998553,3.159989238060604,1.5781815974116389,3.4473249203725356,1.0,1
2026-02-19 13:20:00+00:00,66.26000213623047,66.30000305175781,66.16999816894531,66.16999816894531,3272,2026-02-19,13:20:00,680.63,700.2215034325345,4.80731087374932,3.7007860902541894,0.9361945636623749,1.0,1
2026-02-19 13:25:00+00:00,66.31999969482422,66.33999633789062,66.2300033569336,66.26000213623047,3303,2026-02-19,13:25:00,692.595,724.1952809843297,4.769020856344617,3.6045595277173375,1.0936180779736777,1.0,1
2026-02-19 13:30:00+00:00,66.37000274658203,66.41999816894531,66.30999755859375,66.31999969482422,2196,2026-02-19,13:30:00,700.935,731.8542779788556,3.132958120225128,2.042845201545976,0.4605463220259005,1.0,1
2026-02-19 13:35:00+00:00,66.4800033569336,66.48999786376953,66.3499984741211,66.37000274658203,2808,2026-02-19,13:35:00,688.255,670.3934193130655,4.079883182831945,3.1619418373349295,0.7977131087871309,1.0,1
2026-02-19 13:40:00+00:00,66.51000213623047,66.56999969482422,66.47000122070312,66.4800033569336,3133,2026-02-19,13:40:00,700.35,692.3229323903261,4.473477546940815,3.5137504279989553,0.8365821094793058,1.0,1
2026-02-19 13:50:00+00:00,66.30000305175781,66.44999694824219,65.97000122070312,66.41999816894531,8899,2026-02-19,13:50:00,744.055,906.5064266084297,11.960137355437436,8.996014546207483,1.862884655641616,-1.0,-1
2026-02-19 13:55:00+00:00,66.41000366210938,66.4800033569336,66.29000091552734,66.30999755859375,3706,2026-02-19,13:55:00,759.51,930.3312156182557,4.879461758238865,3.1671408532088186,0.8385445391936419,1.0,1
2026-02-19 14:05:00+00:00,66.2300033569336,66.38999938964844,66.19999694824219,66.3499984741211,3165,2026-02-19,14:05:00,779.175,951.5837232143081,4.061988641832708,2.5072150161848485,0.6964654105350021,-1.0,-1
2026-02-19 14:10:00+00:00,66.11000061035156,66.23999786376953,66.05999755859375,66.2300033569336,3772,2026-02-19,14:10:00,788.5,971.6184136318719,4.783766645529487,3.0706499157913165,1.0549573486225703,-1.0,-1
2026-02-19 14:20:00+00:00,66.1500015258789,66.23999786376953,66.0999984741211,66.19999694824219,3940,2026-02-19,14:20:00,808.285,999.8282233242628,4.874518270164608,3.132253048016156,1.3287243908608044,-1.0,-1
2026-02-19 14:25:00+00:00,66.08999633789062,66.2300033569336,66.04000091552734,66.16999816894531,4631,2026-02-19,14:25:00,823.37,1034.2139505817267,5.624445874880066,3.681665672618588,1.3688780505828668,-1.0,-1
2026-02-19 14:30:00+00:00,66.16000366210938,66.25,65.94999694824219,66.08999633789062,6995,2026-02-19,14:30:00,847.815,1118.9874868620034,8.250620713245224,5.493524344261132,1.8435790999538775,1.0,1
2026-02-19 14:35:00+00:00,66.41999816894531,66.43000030517578,66.12999725341797,66.1500015258789,4660,2026-02-19,14:35:00,859.43,1146.247026749309,5.422198433845689,3.3156639985171426,1.106954094661203,1.0,1
2026-02-19 14:40:00+00:00,66.5,66.55000305175781,66.37999725341797,66.41999816894531,4565,2026-02-19,14:40:00,878.26,1175.8013422266038,5.197777423542004,3.135512664935775,1.0885245901639344,1.0,1
2026-02-19 14:45:00+00:00,66.4000015258789,66.51000213623047,66.38999938964844,66.48999786376953,3235,2026-02-19,14:45:00,889.98,1187.5523578407137,3.634913144115598,1.9746666195534068,0.7322421378754226,-1.0,-1
2026-02-19 15:00:00+00:00,65.75,66.41000366210938,65.44999694824219,66.37000274658203,30327,2026-02-19,15:00:00,1051.425,2397.877104317908,28.843712105000357,12.208955557931993,6.097641278258793,-1.0,-1
2026-02-19 15:05:00+00:00,65.91000366210938,66.08000183105469,65.75,65.76000213623047,9586,2026-02-19,15:05:00,1085.83,2470.0019594116648,8.828269618632751,3.441361642492249,2.3492219090797697,1.0,1
2026-02-19 15:10:00+00:00,66.04000091552734,66.2300033569336,65.91999816894531,65.91999816894531,6647,2026-02-19,15:10:00,1110.625,2500.775830245622,5.984918401800788,2.213862967260135,1.8892244288911784,1.0,1
2026-02-19 15:15:00+00:00,66.2300033569336,66.37000274658203,65.97000122070312,66.04000091552734,6495,2026-02-19,15:15:00,1138.44,2529.5508998982123,5.705175503320333,2.1175932851224872,1.8355883703677536,1.0,1
2026-02-19 15:20:00+00:00,66.23999786376953,66.30000305175781,66.16000366210938,66.26000213623047,4833,2026-02-19,15:20:00,1160.54,2542.456327903482,4.1644406914022785,1.4444535230338933,1.1695276698074684,-1.0,-1
2026-02-19 16:15:00+00:00,66.37999725341797,66.44999694824219,66.27999877929688,66.43000030517578,5138,2026-02-19,16:15:00,1293.325,2571.6165436575184,3.972706009703671,1.4950421008459747,1.4915451048697292,-1.0,-1
2026-02-19 16:25:00+00:00,66.33999633789062,66.44000244140625,66.29000091552734,66.41000366210938,3961,2026-02-19,16:25:00,1319.1,2575.8740566609363,3.002804942764006,1.0256324423813843,0.8822685952138989,-1.0,-1
2026-02-19 17:00:00+00:00,66.76000213623047,66.77999877929688,66.58000183105469,66.58999633789062,5465,2026-02-19,17:00:00,1401.185,2586.7726017648283,3.9002701284983785,1.5709981608849026,1.4781256339171005,1.0,1
2026-02-19 18:05:00+00:00,66.38999938964844,66.52999877929688,66.23999786376953,66.5199966430664,6836,2026-02-19,18:05:00,1564.75,2612.9915637177774,4.368749001437929,2.0173237729478313,1.3548874602053835,-1.0,-1
2026-02-19 18:10:00+00:00,66.37999725341797,66.44999694824219,66.37000274658203,66.38999938964844,4872,2026-02-19,18:10:00,1588.835,2621.192905724429,3.06639770649564,1.2525461185362927,0.9565249401803791,-1.0,-1
2026-02-19 19:15:00+00:00,66.38999938964844,66.47000122070312,66.33000183105469,66.45999908447266,5694,2026-02-19,19:15:00,1757.185,2630.5304279626116,3.240410087725538,1.4965859957944403,2.528278847754898,-1.0,-1
2026-02-19 19:25:00+00:00,66.41999816894531,66.44999694824219,66.3499984741211,66.41000366210938,21937,2026-02-19,19:25:00,1890.81,2995.5691355952085,11.601906061423412,6.6919470366411336,5.002451399578131,1.0,1
2026-02-19 21:20:00+00:00,66.33999633789062,66.9000015258789,65.9000015258789,66.69000244140625,10015,2026-02-19,21:20:00,2041.91,3033.374582654349,4.9047215597161475,2.6284554652736496,11.066298342541437,-1.0,-1
2026-02-20 13:15:00+00:00,66.05999755859375,66.13999938964844,66.05000305175781,66.12000274658203,2296,2026-02-20,13:15:00,638.21,896.6432240619762,3.5975619310258375,1.8488847687822523,0.6300228095148261,-1.0,-1
2026-02-20 14:00:00+00:00,66.26000213623047,66.33999633789062,66.20999908447266,66.2699966430664,3040,2026-02-20,14:00:00,658.7,908.5295867775717,4.615151055108547,2.6210483782329432,0.6242620257713435,-1.0,-1
2026-02-20 14:10:00+00:00,66.11000061035156,66.19000244140625,66.08999633789062,66.16000366210938,2184,2026-02-20,14:10:00,672.96,915.4404318805141,3.245363766048502,1.6506153184604209,0.6108236610264298,-1.0,-1
2026-02-20 14:15:00+00:00,66.0199966430664,66.12999725341797,66.01000213623047,66.11000061035156,2418,2026-02-20,14:15:00,683.265,923.4311725446082,3.538890474413295,1.8785753086716381,0.7286973555337904,-1.0,-1
2026-02-20 14:30:00+00:00,66.26000213623047,66.27999877929688,66.12000274658203,66.13999938964844,3068,2026-02-20,14:30:00,687.98,922.7250114926684,4.459431960231402,2.5793383406285946,0.8085919483428873,1.0,1
2026-02-20 14:35:00+00:00,66.41000366210938,66.41999816894531,65.87999725341797,66.2699966430664,11337,2026-02-20,14:35:00,739.08,1190.6845181275,15.339340802078258,8.900695220818484,2.69303402814894,1.0,1
2026-02-20 14:40:00+00:00,66.33000183105469,66.51000213623047,66.31999969482422,66.4000015258789,3632,2026-02-20,14:40:00,755.23,1207.8707404886575,4.809130993207368,2.3816869666336737,0.8660506706408346,-1.0,-1
2026-02-20 14:55:00+00:00,66.25,66.30000305175781,66.08000183105469,66.27999877929688,2699,2026-02-20,14:55:00,781.625,1220.810491293895,3.453062529985607,1.57057546087095,0.6900496955945096,-1.0,-1
2026-02-20 15:00:00+00:00,66.4800033569336,66.66000366210938,66.26000213623047,66.2699966430664,8669,2026-02-20,15:00:00,774.895,1172.40397447801,11.187322153323999,6.733263595011861,1.743016198147706,1.0,1
2026-02-20 15:05:00+00:00,66.3499984741211,66.5,66.2300033569336,66.4800033569336,4339,2026-02-20,15:05:00,784.49,1193.5962844914247,5.53098191181532,2.977983465753271,1.063350079647102,-1.0,-1
2026-02-20 15:15:00+00:00,66.31999969482422,66.37000274658203,66.12000274658203,66.18000030517578,3527,2026-02-20,15:15:00,799.705,1210.568896528067,4.4103763262703115,2.252903579318724,0.9967852474652913,1.0,1
2026-02-20 15:30:00+00:00,65.91000366210938,66.20999908447266,65.9000015258789,66.19999694824219,5307,2026-02-20,15:30:00,832.08,1252.2188281477863,6.377992500721084,3.5735926496322192,1.4771928603736821,-1.0,-1
2026-02-20 15:55:00+00:00,65.95999908447266,66.05000305175781,65.86000061035156,66.04000091552734,2903,2026-02-20,15:55:00,885.7,1268.6766024515532,3.2776335102179064,1.590082134487094,0.6718643773595823,-1.0,-1
2026-02-20 16:10:00+00:00,66.04000091552734,66.1500015258789,65.98999786376953,66.0,4514,2026-02-20,16:10:00,925.58,1295.2168533050376,4.876942025540742,2.7705167600648015,1.439298525308888,1.0,1
2026-02-20 16:15:00+00:00,66.02999877929688,66.06999969482422,65.98999786376953,66.04000091552734,4154,2026-02-20,16:15:00,945.71,1313.9094895133157,4.392467035349102,2.4417891990325606,1.205893025618695,-1.0,-1
2026-02-20 16:20:00+00:00,65.93000030517578,66.05000305175781,65.9000015258789,66.04000091552734,3218,2026-02-20,16:20:00,961.28,1322.3088007050724,3.3476198402130493,1.7066512744955546,0.9261930888093396,-1.0,-1
2026-02-20 16:40:00+00:00,66.30999755859375,66.31999969482422,66.08000183105469,66.13999938964844,3585,2026-02-20,16:40:00,1013.425,1342.3479895317669,3.5375089424476407,1.9157290211288711,1.3873167900159629,1.0,1
2026-02-20 17:15:00+00:00,66.20999908447266,66.26000213623047,66.1500015258789,66.25,3547,2026-02-20,17:15:00,1096.44,1364.9828708038488,3.235015139907336,1.7953045803108478,1.0033414069267896,-1.0,-1
2026-02-20 18:05:00+00:00,66.69000244140625,66.7300033569336,66.58000183105469,66.5999984741211,3888,2026-02-20,18:05:00,1176.785,1374.4441137726915,3.30391702817422,1.9725902078026483,0.7705971979635067,1.0,1
2026-02-20 19:00:00+00:00,66.41999816894531,66.56999969482422,66.38999938964844,66.55999755859375,5614,2026-02-20,19:00:00,1306.115,1419.033223083962,4.298243263418612,3.035788683395124,2.8717030595607276,-1.0,-1
2026-02-20 19:05:00+00:00,66.31999969482422,66.44000244140625,66.29000091552734,66.43000030517578,4334,2026-02-20,19:05:00,1327.13,1432.6001041434895,3.265693639658511,2.0988899772541347,2.108617648847534,-1.0,-1
2026-02-20 19:10:00+00:00,66.37999725341797,66.41999816894531,66.30000305175781,66.31999969482422,6068,2026-02-20,19:10:00,1356.515,1468.9904063145539,4.4732273509692115,3.207294601617114,3.0524098468890495,1.0,1
2026-02-20 19:25:00+00:00,66.48999786376953,66.52999877929688,66.30000305175781,66.30000305175781,14820,2026-02-20,19:25:00,1462.87,1759.4098522633049,10.130770335026353,7.591824032824068,3.379510860270224,1.0,1
2026-02-23 13:05:00+00:00,66.6500015258789,66.66999816894531,66.56999969482422,66.63999938964844,1729,2026-02-23,13:05:00,551.18,1144.44969444513,3.136906273812548,1.0291583856563038,0.46943035074918127,1.0,1
2026-02-23 13:40:00+00:00,66.73999786376953,66.75,66.62000274658203,66.62999725341797,1390,2026-02-23,13:40:00,433.755,381.8319962256725,3.2045740106742286,2.5043605812301664,0.3711615487316422,1.0,1
2026-02-23 13:45:00+00:00,66.77999877929688,66.80999755859375,66.7300033569336,66.75,1668,2026-02-23,13:45:00,438.86,391.40267072829204,3.8007565054915005,3.14034648182883,0.41740436047420937,1.0,1
2026-02-23 13:50:00+00:00,66.87000274658203,66.94000244140625,66.7699966430664,66.77999877929688,2823,2026-02-23,13:50:00,450.75,426.1657113938341,6.262895174708818,5.566496638693026,0.5909566673644546,1.0,1
2026-02-23 14:00:00+00:00,66.94999694824219,66.95999908447266,66.8499984741211,66.91000366210938,3881,2026-02-23,14:00:00,463.695,484.90171202688765,8.369725789581514,7.04741788952585,0.7969608296113764,1.0,1
2026-02-23 14:05:00+00:00,66.87000274658203,67.0,66.83000183105469,66.94999694824219,2153,2026-02-23,14:05:00,472.41,499.37892270517847,4.557481848394403,3.3653602977396395,0.47377252097373124,-1.0,-1
2026-02-23 14:10:00+00:00,66.77999877929688,66.87999725341797,66.7300033569336,66.87999725341797,2355,2026-02-23,14:10:00,482.705,516.6489900012583,4.878756176132421,3.6239207590349496,0.6586491399804223,-1.0,-1
2026-02-23 14:20:00+00:00,66.83000183105469,66.83999633789062,66.73999786376953,66.81999969482422,1474,2026-02-23,14:20:00,489.635,524.5837131818448,3.0104057103760966,1.8764688557129754,0.49709130764691006,1.0,1
2026-02-23 14:25:00+00:00,66.94000244140625,66.97000122070312,66.80000305175781,66.83999633789062,1840,2026-02-23,14:25:00,496.825,533.1611090618426,3.703517335077744,2.51926664786835,0.5438859021966044,1.0,1
2026-02-23 14:30:00+00:00,67.12999725341797,67.22000122070312,66.91999816894531,66.94999694824219,6518,2026-02-23,14:30:00,527.455,682.2362490166698,12.357452294508535,8.780748616970111,1.7178625551821836,1.0,1
2026-02-23 14:35:00+00:00,67.05000305175781,67.1500015258789,67.01000213623047,67.12999725341797,2246,2026-02-23,14:35:00,537.24,692.7521418589948,4.180626907899635,2.4666253581180655,0.5335233683710434,-1.0,-1
2026-02-23 14:40:00+00:00,67.02999877929688,67.0999984741211,66.97000122070312,67.05999755859375,2826,2026-02-23,14:40:00,549.625,711.2643949846204,5.141687514214237,3.2004624666320067,0.6738599105812221,-1.0,-1
2026-02-23 14:45:00+00:00,67.0199966430664,67.0999984741211,67.01000213623047,67.04000091552734,2133,2026-02-23,14:45:00,555.725,719.5793853593533,3.838229340051284,2.191940225208535,0.4828044760705646,-1.0,-1
2026-02-23 14:50:00+00:00,67.05000305175781,67.0999984741211,66.9800033569336,67.02999877929688,2469,2026-02-23,14:50:00,565.305,732.1866554829517,4.367553798392019,2.6000132421756845,0.6772965744264994,1.0,1
2026-02-23 14:55:00+00:00,67.01000213623047,67.05000305175781,66.97000122070312,67.05000305175781,2563,2026-02-23,14:55:00,576.6,745.4395755552517,4.445022545959071,2.6647364389265227,0.6552787587286876,-1.0,-1
2026-02-23 15:00:00+00:00,67.11000061035156,67.12999725341797,67.0,67.01000213623047,2178,2026-02-23,15:00:00,585.745,753.8054412054404,3.718341599160044,2.1122890774756966,0.437915478090403,1.0,1
2026-02-23 15:05:00+00:00,67.19999694824219,67.23999786376953,67.11000061035156,67.11000061035156,2060,2026-02-23,15:05:00,595.335,760.3041924785608,3.460236673469559,1.9264197336927098,0.5048400931258424,1.0,1
2026-02-23 15:15:00+00:00,67.2699966430664,67.27999877929688,67.12000274658203,67.16000366210938,1921,2026-02-23,15:15:00,610.36,767.1621204119432,3.1473228914083493,1.7084263744620567,0.5429045819055357,1.0,1
2026-02-23 15:30:00+00:00,67.16000366210938,67.27999877929688,67.13999938964844,67.25,2103,2026-02-23,15:30:00,624.17,774.2528712527906,3.3692743963984175,1.9100090615190857,0.5853658536585366,-1.0,-1
2026-02-23 15:45:00+00:00,67.08000183105469,67.0999984741211,66.9800033569336,67.08999633789062,3128,2026-02-23,15:45:00,645.085,799.9887045527796,4.848973391103498,3.1036875719239467,0.5685269961718031,-1.0,-1
2026-02-23 15:50:00+00:00,67.01000213623047,67.0999984741211,67.0,67.08000183105469,2066,2026-02-23,15:50:00,653.595,806.0135483823169,3.1609788936573873,1.7523340678760564,0.4947466099919179,-1.0,-1
2026-02-23 15:55:00+00:00,66.80000305175781,67.0199966430664,66.7699966430664,67.01000213623047,4784,2026-02-23,15:55:00,673.26,857.2066487101806,7.105724385824199,4.795506434983136,1.1071991668233694,-1.0,-1
2026-02-23 16:00:00+00:00,66.55000305175781,66.80000305175781,66.5,66.79000091552734,4510,2026-02-23,16:00:00,694.625,898.5325917668824,6.492711894907324,4.246228834612903,1.1368255218589995,-1.0,-1
2026-02-23 16:05:00+00:00,66.66000366210938,66.69000244140625,66.45999908447266,66.55999755859375,3503,2026-02-23,16:05:00,710.735,919.7136897592792,4.928700570536135,3.036015480786017,1.0026296488434912,1.0,1
2026-02-23 16:10:00+00:00,66.9000015258789,66.91000366210938,66.66000366210938,66.68000030517578,2418,2026-02-23,16:10:00,722.125,926.6892761045692,3.348450752985979,1.8300362847930858,0.7709844559585493,1.0,1
2026-02-23 16:20:00+00:00,67.02999877929688,67.13999938964844,67.0,67.04000091552734,2311,2026-02-23,16:20:00,739.205,936.3308927288292,3.126331667128875,1.678674720876915,0.6651436383587271,-1.0,-1
2026-02-23 16:30:00+00:00,66.68000030517578,67.05000305175781,66.6500015258789,67.04000091552734,3877,2026-02-23,16:30:00,765.92,964.8162861030189,5.061886358888657,3.2245309752864313,1.149038639647316,-1.0,-1
2026-02-23 16:35:00+00:00,66.5,66.69000244140625,66.44000244140625,66.68000030517578,4350,2026-02-23,16:35:00,786.46,996.8038916416479,5.531114106248252,3.574965978645172,1.3922784556911383,-1.0,-1
2026-02-23 16:45:00+00:00,66.44999694824219,66.55000305175781,66.37000274658203,66.51000213623047,2547,2026-02-23,16:45:00,807.405,1006.5714986449777,3.1545506901740765,1.7282378870669404,0.8115664953996893,-1.0,-1
2026-02-23 16:55:00+00:00,66.37999725341797,66.4800033569336,66.27999877929688,66.47000122070312,2507,2026-02-23,16:55:00,823.52,1015.4129093538187,3.04424907713231,1.6579265286978881,0.963813734441828,-1.0,-1
2026-02-23 17:35:00+00:00,66.22000122070312,66.25,66.13999938964844,66.25,3349,2026-02-23,17:35:00,874.795,1034.0829807274297,3.8283254934013113,2.3926561466658227,0.9604760795138827,-1.0,-1
2026-02-23 19:05:00+00:00,66.16000366210938,66.22000122070312,66.0999984741211,66.20999908447266,3783,2026-02-23,19:05:00,954.125,1040.6610816250509,3.9648892964758287,2.7183441852005767,1.8405400474365992,-1.0,-1
2026-02-23 19:15:00+00:00,66.19000244140625,66.22000122070312,66.16000366210938,66.16999816894531,2996,2026-02-23,19:15:00,976.855,1048.7705910916216,3.0669853765400186,1.9252494464955927,1.3302991619026474,1.0,1
2026-02-23 19:25:00+00:00,66.30999755859375,66.3499984741211,66.23999786376953,66.3499984741211,10254,2026-02-23,19:25:00,1036.64,1234.960797457254,9.891572773576168,7.4636863121309265,2.3382931417821107,-1.0,-1
2026-02-23 19:30:00+00:00,66.30999755859375,66.33000183105469,66.23999786376953,66.30000305175781,3341,2026-02-23,19:30:00,1052.79,1243.8827344994806,3.173472392404943,1.839570512987899,1.592611351109787,1.0,1
2026-02-24 10:10:00+00:00,66.36000061035156,66.4800033569336,66.30999755859375,66.47000122070312,2723,2026-02-24,10:10:00,631.61,996.8692640199679,4.311204699102294,2.0979581530744316,1.8890864154706672,-1.0,-1
2026-02-24 10:40:00+00:00,66.23999786376953,66.41999816894531,66.23999786376953,66.4000015258789,2433,2026-02-24,10:40:00,578.285,935.9034136992144,4.207268042574164,1.9817376161383233,1.8166884450252008,-1.0,-1
2026-02-24 13:00:00+00:00,66.75,66.75,66.62000274658203,66.62000274658203,1424,2026-02-24,13:00:00,473.495,834.2251663163559,3.0074235208397133,1.1393866289087093,0.2571731719981037,1.0,1
2026-02-24 13:15:00+00:00,66.83000183105469,66.94000244140625,66.76000213623047,66.86000061035156,2042,2026-02-24,13:15:00,419.52,426.7593317505247,4.867467581998475,3.801861797244707,0.5603251642113567,-1.0,-1
2026-02-24 13:20:00+00:00,66.9000015258789,66.97000122070312,66.81999969482422,66.83999633789062,2053,2026-02-24,13:20:00,417.93,419.99078130583183,4.912305888545928,3.8931092604372264,0.5874105865522175,1.0,1
2026-02-24 13:25:00+00:00,67.0199966430664,67.04000091552734,66.86000061035156,66.9000015258789,1272,2026-02-24,13:25:00,421.905,424.29276179725406,3.0148967184555766,2.0035576294045128,0.42115718897442267,1.0,1
2026-02-24 13:30:00+00:00,67.01000213623047,67.06999969482422,66.9800033569336,67.0199966430664,1547,2026-02-24,13:30:00,427.135,431.6554399857834,3.6218057522797245,2.5943493264833704,0.3244376867823625,-1.0,-1
2026-02-24 13:35:00+00:00,67.0999984741211,67.1500015258789,66.98999786376953,67.0199966430664,1920,2026-02-24,13:35:00,434.185,444.34354581620323,4.422078146412243,3.343842875608207,0.5454448607091493,1.0,1
2026-02-24 13:40:00+00:00,66.87999725341797,67.0999984741211,66.86000061035156,67.0999984741211,2288,2026-02-24,13:40:00,443.01,463.2415933061472,5.164668969097763,3.982781396705634,0.6109479305740988,-1.0,-1
2026-02-24 13:55:00+00:00,66.87000274658203,66.87999725341797,66.80999755859375,66.87999725341797,1418,2026-02-24,13:55:00,448.95,468.58239918299773,3.158480899877492,2.0680460932583005,0.32084623760836056,-1.0,-1
2026-02-24 14:00:00+00:00,66.81999969482422,66.87999725341797,66.75,66.87000274658203,2377,2026-02-24,14:00:00,459.02,487.96589344523125,5.178423598100301,3.9305615940866407,0.4881154063350275,-1.0,-1
2026-02-24 14:15:00+00:00,66.6500015258789,66.75,66.62999725341797,66.73999786376953,2452,2026-02-24,14:15:00,480.005,511.61444632006896,5.1082801220820615,3.8544552722936762,0.7389437203345137,-1.0,-1
2026-02-24 14:25:00+00:00,66.68000030517578,66.7300033569336,66.62999725341797,66.7300033569336,2620,2026-02-24,14:25:00,497.825,536.5566695823849,5.262893587103902,3.9551740203914356,0.7744462303016867,-1.0,-1
2026-02-24 14:30:00+00:00,66.51000213623047,66.69999694824219,66.4800033569336,66.66999816894531,3459,2026-02-24,14:30:00,511.725,575.8446270893846,6.759489960427964,5.1181774759227086,0.9116426171180075,-1.0,-1
2026-02-24 14:35:00+00:00,66.41999816894531,66.5199966430664,66.38999938964844,66.51000213623047,4794,2026-02-24,14:35:00,532.845,650.6011220981337,8.996987867015736,6.549566017129104,1.1387849634776412,-1.0,-1
2026-02-24 14:40:00+00:00,66.5,66.5,66.37000274658203,66.41999816894531,4175,2026-02-24,14:40:00,552.7,699.2867579535738,7.553826669079066,5.1799922689805715,0.9955290611028316,1.0,1
2026-02-24 14:45:00+00:00,66.4800033569336,66.55000305175781,66.44000244140625,66.5,2423,2026-02-24,14:45:00,563.84,711.2048128557059,4.297318388195232,2.614099295159296,0.5484459660192115,-1.0,-1
2026-02-24 14:50:00+00:00,66.62999725341797,66.62999725341797,66.45999908447266,66.4800033569336,2057,2026-02-24,14:50:00,566.305,715.5299416951644,3.632318273721758,2.0833439848350572,0.5642766519219559,1.0,1
2026-02-24 15:00:00+00:00,66.45999908447266,66.66000366210938,66.45999908447266,66.5199966430664,3422,2026-02-24,15:00:00,589.81,745.2055019257951,5.801868398297757,3.8005489662662466,0.688038000929917,-1.0,-1
2026-02-24 15:05:00+00:00,66.37000274658203,66.48999786376953,66.20999908447266,66.44999694824219,5253,2026-02-24,15:05:00,614.23,814.7146536884231,8.552171010859125,5.693735811672337,1.2873422374708983,-1.0,-1
2026-02-24 15:25:00+00:00,65.9000015258789,66.45999908447266,65.73999786376953,66.43000030517578,18251,2026-02-24,15:25:00,725.8,1492.2509286882112,25.146045742628825,11.744137439006876,5.717955747013902,-1.0,-1
2026-02-24 15:30:00+00:00,65.77999877929688,65.9800033569336,65.63999938964844,65.88999938964844,10140,2026-02-24,15:30:00,775.61,1633.4546176246129,13.073580794471448,5.73287430147144,2.8224487665704046,-1.0,-1
2026-02-24 15:35:00+00:00,65.9800033569336,66.01000213623047,65.68000030517578,65.7699966430664,4410,2026-02-24,15:35:00,796.79,1652.961042170882,5.534708015913854,2.1859014869791884,1.2537313432835822,1.0,1
2026-02-24 15:40:00+00:00,66.01000213623047,66.16000366210938,65.95999908447266,65.9800033569336,3173,2026-02-24,15:40:00,812.655,1660.4850674641227,3.9044859134565097,1.4214792088463024,0.6581963387439713,1.0,1
2026-02-24 16:25:00+00:00,66.0199966430664,66.22000122070312,65.97000122070312,66.18000030517578,3632,2026-02-24,16:25:00,905.17,1678.3365302117425,4.012505938111073,1.6247218307617826,0.8089875127030752,-1.0,-1
2026-02-24 16:30:00+00:00,66.05999755859375,66.08000183105469,65.97000122070312,66.01000213623047,4161,2026-02-24,16:30:00,925.84,1692.8606885844886,4.494297070768167,1.9110609761427733,1.2332086096395363,1.0,1
2026-02-24 17:45:00+00:00,65.76000213623047,65.93000030517578,65.68000030517578,65.9000015258789,4369,2026-02-24,17:45:00,1056.485,1711.9459408218645,4.135411293108753,1.9349413559225712,1.2779758313680323,-1.0,-1
2026-02-24 17:50:00+00:00,65.83000183105469,65.87000274658203,65.7300033569336,65.76000213623047,3427,2026-02-24,17:50:00,1071.96,1719.336657291266,3.1969476473002723,1.369737561293118,1.0524174200111323,1.0,1
2026-02-24 20:20:00+00:00,66.30999755859375,66.44999694824219,66.01000213623047,66.02999877929688,5338,2026-02-24,20:20:00,1316.49,1905.8039018908237,4.054721266397769,2.1101384019678524,2.877046419187496,1.0,1
2026-02-25 03:30:00+00:00,66.31999969482422,66.5999984741211,66.26000213623047,66.26000213623047,4358,2026-02-25,03:30:00,1357.15,1914.5820928997116,3.211140993994768,1.5673655421351465,5.314634146341463,1.0,1
2026-02-25 09:40:00+00:00,65.58999633789062,65.6500015258789,65.48999786376953,65.6500015258789,2900,2026-02-25,09:40:00,864.77,1236.6532998460316,3.3534928362454757,1.6457563330428946,1.7732935870977604,-1.0,-1
2026-02-25 12:20:00+00:00,66.02999877929688,66.11000061035156,65.7300033569336,66.01000213623047,4907,2026-02-25,12:20:00,683.355,1135.3087769722956,7.180747927504737,3.7202610300114576,2.1086104098404683,1.0,1
2026-02-25 12:40:00+00:00,66.08999633789062,66.19999694824219,65.93000030517578,66.16000366210938,2790,2026-02-25,12:40:00,686.9,1140.955968744212,4.061726597758043,1.8432788447697657,1.049784822331444,-1.0,-1
2026-02-25 13:35:00+00:00,66.08000183105469,66.16999816894531,66.05999755859375,66.16000366210938,2396,2026-02-25,13:35:00,597.72,747.5717485271614,4.00856588369136,2.4054948619218233,0.680669732426626,-1.0,-1
2026-02-25 13:40:00+00:00,66.0199966430664,66.12999725341797,65.94999694824219,66.08000183105469,3483,2026-02-25,13:40:00,608.355,773.1066085059391,5.725275538131519,3.718303489288976,0.9300400534045394,-1.0,-1
2026-02-25 14:00:00+00:00,65.94999694824219,65.95999908447266,65.87999725341797,65.91000366210938,2162,2026-02-25,14:00:00,588.42,690.4985698572096,3.674246286665987,2.2789040682957613,0.44396529595975154,1.0,1
2026-02-25 14:10:00+00:00,65.87000274658203,65.91999816894531,65.83000183105469,65.91999816894531,2949,2026-02-25,14:10:00,592.35,694.7210549717656,4.978475563433781,3.3922248118646374,0.8247797510837646,-1.0,-1
2026-02-25 14:25:00+00:00,65.76000213623047,65.87999725341797,65.76000213623047,65.87000274658203,1929,2026-02-25,14:25:00,602.595,703.2810691938249,3.201155004605083,1.8860240351989932,0.5701934268137228,-1.0,-1
2026-02-25 14:30:00+00:00,65.56999969482422,65.77999877929688,65.51000213623047,65.7699966430664,6123,2026-02-25,14:30:00,626.565,802.8170976232122,9.772330085465992,6.846434905624858,1.613757659616525,-1.0,-1
2026-02-25 14:40:00+00:00,65.47000122070312,65.58000183105469,65.38999938964844,65.58000183105469,4049,2026-02-25,14:40:00,651.6,849.9706823202772,6.213934929404543,3.9970790412743047,0.9654843517138599,-1.0,-1
2026-02-25 14:50:00+00:00,65.3499984741211,65.47000122070312,65.30000305175781,65.45999908447266,3740,2026-02-25,14:50:00,674.955,879.0781220679252,5.541110148083946,3.4866582651264846,1.0259575489490107,-1.0,-1
2026-02-25 14:55:00+00:00,65.31999969482422,65.45999908447266,65.29000091552734,65.36000061035156,2993,2026-02-25,14:55:00,687.145,894.1802758974264,4.35570367244177,2.5787361476809294,0.7652162797015069,-1.0,-1
2026-02-25 15:10:00+00:00,65.5199966430664,65.55999755859375,65.4800033569336,65.4800033569336,2912,2026-02-25,15:10:00,711.375,912.0905769041607,4.093480934809348,2.4127263845542766,0.8276548122357622,1.0,1
2026-02-25 15:15:00+00:00,65.56999969482422,65.6500015258789,65.5199966430664,65.52999877929688,2545,2026-02-25,15:15:00,717.625,920.3551992786121,3.546420484236196,1.9855105957268708,0.7192567209524146,1.0,1
2026-02-25 15:20:00+00:00,65.5999984741211,65.63999938964844,65.51000213623047,65.55999755859375,2243,2026-02-25,15:20:00,724.99,926.648638045693,3.0938357770452005,1.638172158976558,0.542778928900921,1.0,1
2026-02-25 15:25:00+00:00,65.5199966430664,65.61000061035156,65.5199966430664,65.58999633789062,2274,2026-02-25,15:25:00,734.825,932.6092237351922,3.094614363964209,1.650396501372195,0.7124339142353632,-1.0,-1
2026-02-25 15:30:00+00:00,65.37000274658203,65.52999877929688,65.26000213623047,65.52999877929688,8028,2026-02-25,15:30:00,772.36,1065.5527691858233,10.394116733129628,6.809273280331252,2.2345777808705334,-1.0,-1
2026-02-25 15:35:00+00:00,65.48999786376953,65.5,65.36000061035156,65.37000274658203,3696,2026-02-25,15:35:00,786.67,1085.4173970084603,4.698285176757726,2.680379002601635,1.0507462686567164,1.0,1
2026-02-25 15:40:00+00:00,65.45999908447266,65.55999755859375,65.37000274658203,65.4800033569336,5461,2026-02-25,15:40:00,813.975,1133.1670672883647,6.709051260788107,4.1009178029857445,1.132811284551159,-1.0,-1
2026-02-25 15:45:00+00:00,65.41000366210938,65.5,65.25,65.4800033569336,7091,2026-02-25,15:45:00,847.455,1216.5747567117774,8.367405938958411,5.132068510837249,1.2888187115902352,-1.0,-1
2026-02-25 15:50:00+00:00,65.43000030517578,65.4800033569336,65.33999633789062,65.41000366210938,3522,2026-02-25,15:50:00,864.22,1230.2049719314268,4.075351183726366,2.160436724481185,0.8434160505283324,1.0,1
2026-02-25 15:55:00+00:00,65.41000366210938,65.55000305175781,65.38999938964844,65.43000030517578,3117,2026-02-25,15:55:00,878.78,1239.560422814888,3.546962834839209,1.8056562300668493,0.7213920992868819,-1.0,-1
2026-02-25 16:00:00+00:00,65.33000183105469,65.45999908447266,65.27999877929688,65.41000366210938,2806,2026-02-25,16:00:00,891.775,1246.0885795622864,3.1465335987216507,1.5361869383895723,0.7073020874359984,-1.0,-1
2026-02-25 16:05:00+00:00,65.16999816894531,65.41000366210938,65.12999725341797,65.33000183105469,3564,2026-02-25,16:05:00,909.38,1258.8440759832688,3.9191537091204998,2.10877586084401,1.020089086062861,-1.0,-1
2026-02-25 16:10:00+00:00,65.33000183105469,65.41000366210938,65.12000274658203,65.16999816894531,3723,2026-02-25,16:10:00,927.39,1273.1929466096099,4.0144922847992754,2.195747319716497,1.1870864886408927,1.0,1
2026-02-25 16:25:00+00:00,65.51000213623047,65.55000305175781,65.4000015258789,65.44999694824219,3728,2026-02-25,16:25:00,962.095,1287.8317861904914,3.8748772210644478,2.1477222643974074,0.8303704425542577,1.0,1
2026-02-25 16:30:00+00:00,65.44000244140625,65.55000305175781,65.37999725341797,65.5199966430664,3331,2026-02-25,16:30:00,978.475,1297.0373273416485,3.4042770637982573,1.8137681548623072,0.9872189086059349,-1.0,-1
2026-02-25 19:25:00+00:00,65.47000122070312,65.48999786376953,65.3499984741211,65.45999908447266,8924,2026-02-25,19:25:00,1252.335,1409.8843755917248,7.125888839647538,5.441343370288944,2.0350037056040136,1.0,1
2026-02-25 19:30:00+00:00,65.5199966430664,65.55000305175781,65.44999694824219,65.47000122070312,5481,2026-02-25,19:30:00,1278.29,1439.5487204302751,4.287759428611661,2.9194635376729923,2.612721584984359,1.0,1
2026-02-26 09:10:00+00:00,65.11000061035156,65.27999877929688,65.05999755859375,65.26000213623047,3136,2026-02-26,09:10:00,797.46,1241.4651898009122,3.932485641913074,1.8836935736998155,2.056562013279777,-1.0,-1
2026-02-26 09:25:00+00:00,64.9800033569336,65.0199966430664,64.8499984741211,64.98999786376953,2366,2026-02-26,09:25:00,743.145,1097.837982195338,3.1837662905624073,1.4782281414191822,1.0475399856107144,-1.0,-1
2026-02-26 10:05:00+00:00,64.81999969482422,64.98999786376953,64.6500015258789,64.9800033569336,4873,2026-02-26,10:05:00,682.83,1031.005179180718,7.136476136080723,4.064159991252123,3.217298011058843,-1.0,-1
2026-02-26 10:15:00+00:00,64.61000061035156,64.7300033569336,64.58000183105469,64.7300033569336,3780,2026-02-26,10:15:00,683.01,1034.4103119008487,5.534325998155225,2.99396667296261,2.6398952422522917,-1.0,-1
2026-02-26 10:25:00+00:00,64.44000244140625,64.61000061035156,64.41000366210938,64.58999633789062,3276,2026-02-26,10:25:00,692.97,1050.3307969468724,4.727477379973159,2.459253796526214,2.35334261213128,-1.0,-1
2026-02-26 10:40:00+00:00,64.2300033569336,64.43000030517578,64.20999908447266,64.37000274658203,2694,2026-02-26,10:40:00,694.395,1054.213345516124,3.879636230099583,1.8967745082197087,2.0115736419637855,-1.0,-1
2026-02-26 12:15:00+00:00,64.12000274658203,64.33999633789062,64.02999877929688,64.33000183105469,3755,2026-02-26,12:15:00,650.695,1053.2926798006263,5.770752810456512,2.947238749050835,1.536887342678809,-1.0,-1
2026-02-26 12:20:00+00:00,64.0,64.19000244140625,63.810001373291016,64.12000274658203,3858,2026-02-26,12:20:00,666.195,1077.412938559704,5.791097201269898,2.9624713847105233,1.657839608959553,-1.0,-1
2026-02-26 12:40:00+00:00,64.13999938964844,64.23999786376953,64.12000274658203,64.22000122070312,2068,2026-02-26,12:40:00,659.5,1072.0286643958775,3.1357088703563307,1.3138641220883165,0.7781200761940597,-1.0,-1
2026-02-26 13:00:00+00:00,64.04000091552734,64.12999725341797,63.970001220703125,64.12999725341797,2860,2026-02-26,13:00:00,635.18,1038.5894558917032,4.502660663119117,2.142155389099183,0.5165135336478768,-1.0,-1
2026-02-26 13:05:00+00:00,63.869998931884766,64.04000091552734,63.84000015258789,64.02999877929688,2170,2026-02-26,13:05:00,601.41,862.6184177101954,3.6081874262150615,1.8184054128635383,0.5891635981062598,-1.0,-1
2026-02-26 13:10:00+00:00,63.709999084472656,63.91999816894531,63.689998626708984,63.869998931884766,2778,2026-02-26,13:10:00,587.895,805.0363167780911,4.725333605490777,2.7205045963208443,0.816083723492151,-1.0,-1
2026-02-26 13:15:00+00:00,63.79999923706055,63.83000183105469,63.599998474121094,63.709999084472656,5013,2026-02-26,13:15:00,608.85,863.5777440974722,8.233555062823354,5.099888261482225,1.3755680941192612,1.0,1
2026-02-26 13:20:00+00:00,63.9900016784668,64.02999877929688,63.79999923706055,63.79999923706055,2919,2026-02-26,13:20:00,618.815,878.6235413486467,4.717080225915661,2.6179414638370853,0.8351931330472103,1.0,1
2026-02-26 13:25:00+00:00,64.12999725341797,64.1500015258789,63.970001220703125,63.97999954223633,2209,2026-02-26,13:25:00,627.695,885.6825332609845,3.519225101362923,1.785408360914391,0.7313964075821537,1.0,1
2026-02-26 13:35:00+00:00,64.31999969482422,64.33999633789062,64.13999938964844,64.16000366210938,2887,2026-02-26,13:35:00,645.695,903.2867188535782,4.471151240136597,2.481277487224201,0.8201558921183928,1.0,1
2026-02-26 13:40:00+00:00,64.4800033569336,64.4800033569336,64.30000305175781,64.30999755859375,2357,2026-02-26,13:40:00,655.435,911.1895674965499,3.5960850427578634,1.8674105374965708,0.6293724966622163,1.0,1
2026-02-26 13:45:00+00:00,64.33000183105469,64.48999786376953,64.26000213623047,64.4800033569336,2928,2026-02-26,13:45:00,668.23,925.0092581907871,4.381724855214522,2.4429701432608932,0.7327098126309862,-1.0,-1
2026-02-26 13:50:00+00:00,64.37999725341797,64.44999694824219,64.31999969482422,64.31999969482422,2145,2026-02-26,13:50:00,675.465,930.8835100707203,3.175590149008461,1.5786454310361107,0.44902658572325727,1.0,1
2026-02-26 14:00:00+00:00,64.37999725341797,64.47000122070312,64.26000213623047,64.37000274658203,4692,2026-02-26,14:00:00,699.205,972.846185931974,6.710478328959318,4.104240791338412,0.9634991529339288,1.0,1
2026-02-26 14:10:00+00:00,64.27999877929688,64.33999633789062,64.19999694824219,64.31999969482422,3302,2026-02-26,14:10:00,720.305,992.0298119076587,4.584169206100194,2.602436911684578,0.9235072017899595,-1.0,-1
2026-02-26 14:20:00+00:00,64.0999984741211,64.23999786376953,64.08000183105469,64.18000030517578,2303,2026-02-26,14:20:00,733.925,998.8967529179013,3.137922812276459,1.5708079893307665,0.776663013236658,-1.0,-1
2026-02-26 14:25:00+00:00,64.18000030517578,64.26000213623047,64.06999969482422,64.11000061035156,4005,2026-02-26,14:25:00,751.985,1025.0128543255641,5.325904107129796,3.1736333708131026,1.1838386077703265,1.0,1
2026-02-26 14:30:00+00:00,64.19999694824219,64.30000305175781,64.05999755859375,64.16999816894531,2808,2026-02-26,14:30:00,764.145,1034.9079992004226,3.6746952476297037,1.9749146799320298,0.7400672069578969,1.0,1
2026-02-26 14:40:00+00:00,64.12999725341797,64.20999908447266,64.08000183105469,64.19999694824219,2385,2026-02-26,14:40:00,785.065,1048.7117537662166,3.0379650092667485,1.525619403286162,0.5687034277198212,-1.0,-1
2026-02-26 14:45:00+00:00,64.23999786376953,64.27999877929688,64.12000274658203,64.13999938964844,2582,2026-02-26,14:45:00,795.745,1056.0918520540017,3.244758056915218,1.6913822377531822,0.5844356105082972,1.0,1
2026-02-26 14:50:00+00:00,64.37999725341797,64.45999908447266,64.18000030517578,64.2300033569336,3275,2026-02-26,14:50:00,808.95,1070.4724441893966,4.048457877495519,2.303702457158894,0.8983986558310187,1.0,1
2026-02-26 14:55:00+00:00,64.70999908447266,64.75,64.33000183105469,64.38999938964844,4989,2026-02-26,14:55:00,831.855,1110.1257767369677,5.997439457597778,3.7447513490041144,1.2755309119381282,1.0,1
2026-02-26 15:00:00+00:00,65.0,65.02999877929688,64.69999694824219,64.70999908447266,11208,2026-02-26,15:00:00,887.17,1329.6467476240873,12.633429895059573,7.762084191490736,2.253515463010669,1.0,1
2026-02-26 15:10:00+00:00,65.2699966430664,65.29000091552734,64.98999786376953,65.0,6405,2026-02-26,15:10:00,946.88,1440.0566416833258,6.764320716458263,3.7902120250074596,1.820442675951256,1.0,1
2026-02-26 15:15:00+00:00,65.52999877929688,65.54000091552734,65.19000244140625,65.26000213623047,7708,2026-02-26,15:15:00,985.04,1515.9817584190362,7.825062941606433,4.434723546417298,2.178401102200869,1.0,1
2026-02-26 15:20:00+00:00,65.55000305175781,65.5999984741211,65.41000366210938,65.52999877929688,5019,2026-02-26,15:20:00,1008.575,1541.7978947046058,4.976327987507126,2.6011353458024797,1.2145374249459309,1.0,1
2026-02-26 15:25:00+00:00,65.63999938964844,65.66999816894531,65.47000122070312,65.54000091552734,6243,2026-02-26,15:25:00,1038.96,1584.4020346607622,6.008893508893508,3.2845451382636237,1.9559036616408851,1.0,1
2026-02-26 15:35:00+00:00,65.81999969482422,65.87000274658203,65.6500015258789,65.66000366210938,4489,2026-02-26,15:35:00,1079.16,1619.6460232418046,4.1597168167834235,2.1052995229013254,1.276190476190476,1.0,1
2026-02-26 15:40:00+00:00,66.22000122070312,66.22000122070312,65.80000305175781,65.83000183105469,8940,2026-02-26,15:40:00,1123.86,1710.5290199351132,7.9547274571565865,4.569428468566114,1.8544832235647981,1.0,1
2026-02-26 15:45:00+00:00,66.12999725341797,66.25,66.01000213623047,66.2300033569336,6809,2026-02-26,15:45:00,1157.095,1755.7239128821789,5.884564361612486,3.219130843141442,1.2375640399404755,-1.0,-1
2026-02-26 15:50:00+00:00,66.43000030517578,66.4800033569336,66.11000061035156,66.13999938964844,9942,2026-02-26,15:50:00,1206.17,1860.8131823474293,8.24261919961531,4.6946303276827,2.3808183913551053,1.0,1
2026-02-26 15:55:00+00:00,66.48999786376953,66.51000213623047,66.33999633789062,66.43000030517578,4024,2026-02-26,15:55:00,1226.16,1869.5254535596769,3.281790304691068,1.4965508999477715,0.9313063225955767,1.0,1
2026-02-26 16:00:00+00:00,66.58000183105469,66.62000274658203,66.27999877929688,66.48999786376953,7350,2026-02-26,16:00:00,1262.5,1917.2034622276967,5.821782178217822,3.175197687639591,1.8526979125640015,1.0,1
2026-02-26 16:05:00+00:00,66.58999633789062,66.62999725341797,66.47000122070312,66.56999969482422,6510,2026-02-26,16:05:00,1294.83,1950.7769644233042,5.027687032274508,2.673380963129082,1.8632940376737446,1.0,1
2026-02-26 16:10:00+00:00,66.33000183105469,66.61000061035156,66.27999877929688,66.58000183105469,6899,2026-02-26,16:10:00,1329.055,1988.5771969718855,5.190906320656406,2.8009699640937535,2.1997608609007573,-1.0,-1
2026-02-26 16:15:00+00:00,66.54000091552734,66.55999755859375,66.2699966430664,66.31999969482422,6471,2026-02-26,16:15:00,1361.215,2019.3808665519139,4.753841237423919,2.5303720980207864,1.8785107772697582,1.0,1
2026-02-26 16:25:00+00:00,66.61000061035156,66.70999908447266,66.41999816894531,66.45999908447266,6029,2026-02-26,16:25:00,1404.87,2044.086232459047,4.291500281164805,2.2621990826860303,1.3428925424247908,1.0,1
2026-02-26 16:30:00+00:00,66.37000274658203,66.63999938964844,66.33999633789062,66.61000061035156,5557,2026-02-26,16:30:00,1432.35,2062.7865520447,3.8796383565469337,1.999552496554486,1.646945504390027,-1.0,-1
2026-02-26 16:35:00+00:00,66.19000244140625,66.41999816894531,66.1500015258789,66.37000274658203,6388,2026-02-26,16:35:00,1464.1,2089.907821775297,4.3630899528720715,2.3560369259814213,2.0445689137827565,-1.0,-1
2026-02-26 16:50:00+00:00,66.27999877929688,66.37000274658203,66.19999694824219,66.19999694824219,5513,2026-02-26,16:50:00,1546.775,2156.4344511450854,3.564190008242957,1.8392513613821648,1.7646894068220467,1.0,1
2026-02-26 18:00:00+00:00,66.33999633789062,66.47000122070312,66.20999908447266,66.45999908447266,5267,2026-02-26,18:00:00,1674.235,2152.9355347662586,3.1459144026973513,1.668775001379715,1.2873816070882982,-1.0,-1
2026-02-26 18:05:00+00:00,66.4000015258789,66.66999816894531,66.1500015258789,66.3499984741211,11458,2026-02-26,18:05:00,1731.045,2258.4035235873457,6.619123130825599,4.30700488128414,2.2709626271259924,1.0,1
2026-02-26 18:10:00+00:00,66.36000061035156,66.55999755859375,66.31999969482422,66.4000015258789,7835,2026-02-26,18:10:00,1769.71,2296.252563433595,4.427279045719355,2.6413862728281727,1.538253880606172,-1.0,-1
2026-02-26 18:30:00+00:00,65.30000305175781,66.45999908447266,65.12999725341797,66.2300033569336,18144,2026-02-26,18:30:00,1891.615,2562.072699860767,9.59180382900326,6.34345192503055,4.600916049891437,-1.0,-1
2026-02-26 18:35:00+00:00,65.19999694824219,65.5199966430664,64.94000244140625,65.30999755859375,12135,2026-02-26,18:35:00,1951.665,2659.3571355965373,6.217767905864992,3.82924687462698,3.9998351942647603,-1.0,-1
2026-02-26 19:10:00+00:00,65.5,65.5999984741211,65.26000213623047,65.58999633789062,6743,2026-02-26,19:10:00,2086.835,2683.486472111422,3.2312089839397937,1.735117746405643,3.391957745150439,-1.0,-1
2026-02-26 19:15:00+00:00,65.20999908447266,65.56999969482422,65.19000244140625,65.5,7068,2026-02-26,19:15:00,2120.185,2703.7627105108027,3.3336713541506993,1.8299738289774863,3.1383693178664593,-1.0,-1
2026-02-26 19:20:00+00:00,64.97000122070312,65.25,64.93000030517578,65.19999694824219,6530,2026-02-26,19:20:00,2150.755,2718.918961013323,3.0361431218339603,1.6106566848053039,2.092068640996376,-1.0,-1
2026-02-26 19:25:00+00:00,65.20999908447266,65.2699966430664,64.91000366210938,64.97000122070312,11723,2026-02-26,19:25:00,2208.23,2798.403848194166,5.308776712570701,3.400070367305978,2.6732797445983696,1.0,1
2026-02-27 11:25:00+00:00,66.62000274658203,66.76000213623047,66.47000122070312,66.52999877929688,3808,2026-02-27,11:25:00,1085.395,2213.1852393083677,3.5084001676808905,1.2301749314263584,1.646613696556943,1.0,1
2026-02-27 12:45:00+00:00,66.87999725341797,67.04000091552734,66.83999633789062,66.93000030517578,2625,2026-02-27,12:45:00,753.295,1264.7046482127862,3.484690592662901,1.479954234884006,0.7489968791796701,-1.0,-1
2026-02-27 13:00:00+00:00,67.22000122070312,67.26000213623047,67.02999877929688,67.04000091552734,4874,2026-02-27,13:00:00,689.555,1067.8674550160163,7.068326674449464,3.9185059722016153,0.88024019685306,1.0,1
2026-02-27 13:05:00+00:00,67.30999755859375,67.41000366210938,67.13999938964844,67.22000122070312,4965,2026-02-27,13:05:00,655.765,786.9603373983737,7.571309844227734,5.475796930561936,1.348017172625613,1.0,1
2026-02-27 13:10:00+00:00,67.38999938964844,67.41999816894531,67.2699966430664,67.30999755859375,2298,2026-02-27,13:10:00,651.985,777.1373670150126,3.5246209652062546,2.1180489703156975,0.6750757367116497,1.0,1
2026-02-27 13:15:00+00:00,67.43000030517578,67.45999908447266,67.36000061035156,67.38999938964844,3970,2026-02-27,13:15:00,666.11,811.0753813742148,5.959976580444671,4.073468478851102,1.0893687080896604,1.0,1
2026-02-27 13:20:00+00:00,67.52999877929688,67.62999725341797,67.41000366210938,67.43000030517578,4477,2026-02-27,13:20:00,685.655,854.628742444362,6.529522864997703,4.436247942183882,1.280972818311874,1.0,1
2026-02-27 13:25:00+00:00,67.56999969482422,67.62000274658203,67.45999908447266,67.5199966430664,3221,2026-02-27,13:25:00,683.89,848.9795280779441,4.709821754960593,2.9884230609705233,1.0664680076152637,1.0,1
2026-02-27 13:30:00+00:00,67.61000061035156,67.66000366210938,67.4800033569336,67.54000091552734,4131,2026-02-27,13:30:00,700.94,883.2771643972802,5.893514423488458,3.883333723838046,0.8663555811880669,1.0,1
2026-02-27 13:35:00+00:00,67.55999755859375,67.6500015258789,67.54000091552734,67.5999984741211,2900,2026-02-27,13:35:00,712.0,896.8587391501079,4.073033707865169,2.4396261133313133,0.8238490083627776,-1.0,-1
2026-02-27 13:40:00+00:00,67.62000274658203,67.63999938964844,67.43000030517578,67.55000305175781,3824,2026-02-27,13:40:00,728.705,923.2971711786537,5.247665378994243,3.352436351612167,1.02109479305741,1.0,1
2026-02-27 13:55:00+00:00,67.75,67.80999755859375,67.58999633789062,67.6500015258789,3488,2026-02-27,13:55:00,764.96,967.8158014455074,4.559715540681865,2.8135932436037208,0.78921838982931,1.0,1
2026-02-27 14:00:00+00:00,67.62999725341797,67.83000183105469,67.58000183105469,67.75,4803,2026-02-27,14:00:00,786.15,1008.9369436597011,6.109521083762641,3.981269617732247,0.9862929308486061,-1.0,-1
2026-02-27 14:10:00+00:00,67.5199966430664,67.62999725341797,67.4000015258789,67.62999725341797,4980,2026-02-27,14:10:00,815.16,1054.2077662739607,6.109230089798322,3.9506823353430582,1.3928121940987275,-1.0,-1
2026-02-27 14:15:00+00:00,67.54000091552734,67.6500015258789,67.5,67.5199966430664,2522,2026-02-27,14:15:00,825.35,1060.8196259941858,3.055673350699703,1.5993765183312127,0.7600391772771793,1.0,1
2026-02-27 14:20:00+00:00,67.4000015258789,67.5999984741211,67.37999725341797,67.54000091552734,3704,2026-02-27,14:20:00,841.25,1079.939439722112,4.402971768202081,2.6508430886982306,1.2491358232864007,-1.0,-1
2026-02-27 14:25:00+00:00,67.30000305175781,67.44000244140625,67.16999816894531,67.4000015258789,7879,2026-02-27,14:25:00,879.77,1188.0410112119785,8.955749798242723,5.891404365628544,2.3289549040255686,-1.0,-1
2026-02-27 14:30:00+00:00,67.22000122070312,67.41999816894531,67.1500015258789,67.30000305175781,6691,2026-02-27,14:30:00,908.945,1257.0933219436613,7.361281485678451,4.599543167614673,1.7634578638729657,-1.0,-1
2026-02-27 14:35:00+00:00,67.19000244140625,67.37999725341797,67.16000366210938,67.20999908447266,4818,2026-02-27,14:35:00,930.2,1286.868096382613,5.179531283594925,3.021133254393833,1.1444860146089435,-1.0,-1
2026-02-27 14:40:00+00:00,67.13999938964844,67.19999694824219,67.0199966430664,67.19000244140625,3119,2026-02-27,14:40:00,944.66,1295.1482848689443,3.3017170198801686,1.6788347908903891,0.743725782414307,-1.0,-1
2026-02-27 14:45:00+00:00,66.9800033569336,67.2300033569336,66.87999725341797,67.12999725341797,5175,2026-02-27,14:45:00,961.235,1327.7240699045842,5.383699095434519,3.1736752353241733,1.1713610706353361,-1.0,-1
2026-02-27 14:55:00+00:00,66.9000015258789,67.05000305175781,66.86000061035156,67.0199966430664,3050,2026-02-27,14:55:00,985.19,1341.40310696556,3.0958495315624397,1.5392912013383409,0.779789392946741,-1.0,-1
2026-02-27 15:00:00+00:00,66.93000030517578,66.97000122070312,66.77999877929688,66.88999938964844,3089,2026-02-27,15:00:00,999.71,1348.3968578766533,3.0898960698602593,1.5494622282716126,0.6210839815524586,1.0,1
2026-02-27 15:05:00+00:00,67.01000213623047,67.06999969482422,66.87999725341797,66.94000244140625,3642,2026-02-27,15:05:00,1017.075,1359.9585270704881,3.580856868962466,1.9301507713285933,0.8925376792059797,1.0,1
2026-02-27 15:10:00+00:00,67.01000213623047,67.04000091552734,66.9000015258789,67.0199966430664,6200,2026-02-27,15:10:00,1044.695,1408.2345025048915,5.934746504960779,3.66082849896805,1.7621771414360323,-1.0,-1
2026-02-27 15:15:00+00:00,66.9000015258789,67.08000183105469,66.80999755859375,67.01000213623047,3335,2026-02-27,15:15:00,1059.175,1416.8378246935622,3.1486770363726486,1.606270640390492,0.9425230508354824,-1.0,-1
2026-02-27 15:30:00+00:00,66.63999938964844,66.94000244140625,66.48999786376953,66.93000030517578,8631,2026-02-27,15:30:00,1122.555,1522.4255135132075,7.688710130015901,4.931896459533987,2.402421627639957,-1.0,-1
2026-02-27 15:35:00+00:00,66.80999755859375,66.83999633789062,66.5999984741211,66.62999725341797,4730,2026-02-27,15:35:00,1144.695,1542.4975218780658,4.132105058552715,2.324350573759572,1.3447050461975836,1.0,1
2026-02-27 16:05:00+00:00,66.8499984741211,66.87000274658203,66.69999694824219,66.83999633789062,5184,2026-02-27,16:05:00,1229.935,1574.0894762277107,4.214856882680793,2.5119696559282487,1.4837659433641617,1.0,1
2026-02-27 16:15:00+00:00,66.63999938964844,66.81999969482422,66.55000305175781,66.80999755859375,4338,2026-02-27,16:15:00,1259.525,1585.8724464651186,3.444155534824636,1.9411870146693486,1.2593076420640104,-1.0,-1
2026-02-27 16:20:00+00:00,66.5999984741211,66.70999908447266,66.55999755859375,66.63999938964844,5823,2026-02-27,16:20:00,1288.12,1616.202234845495,4.520541564450517,2.805886480186388,1.6759547408753215,-1.0,-1
2026-02-27 17:30:00+00:00,66.2300033569336,66.80000305175781,66.12999725341797,66.66000366210938,18597,2026-02-27,17:30:00,1504.755,2005.5131187109157,12.358822532571747,8.52262936628726,5.419594557674444,-1.0,-1
2026-02-27 17:35:00+00:00,66.43000030517578,66.47000122070312,66.16000366210938,66.2300033569336,5392,2026-02-27,17:35:00,1531.44,2021.5683215745998,3.5208692472444234,1.9096856429729812,1.546398035455018,1.0,1
2026-02-27 19:25:00+00:00,67.05999755859375,67.06999969482422,66.86000061035156,66.93000030517578,10203,2026-02-27,19:25:00,1782.6,2080.0960574070077,5.723662066644228,4.048082284477115,2.3266632461091157,1.0,1
2026-02-27 19:30:00+00:00,67.18000030517578,67.19000244140625,67.06999969482422,67.06999969482422,6260,2026-02-27,19:30:00,1812.52,2101.245560166774,3.4537549930483524,2.116592217640192,2.98406077759571,1.0,1
2026-03-01 23:10:00+00:00,72.52999877929688,72.55000305175781,71.04000091552734,71.86000061035156,9092,2026-03-01,23:10:00,2002.905,2097.01183812135,4.5394065120412606,3.3805698523623535,16.50277935337493,1.0,1
2026-03-01 23:15:00+00:00,72.3499984741211,73.0,72.25,72.54000091552734,7233,2026-03-01,23:15:00,2038.22,2125.2717169705033,3.548684636594676,2.4442898094013916,11.210694565533275,-1.0,-1
2026-03-02 07:05:00+00:00,72.93000030517578,73.1500015258789,72.2300033569336,72.33999633789062,8929,2026-03-02,07:05:00,2513.0,2158.98078038,3.5531237564663747,2.971772633784506,7.086507936507936,1.0,1
2026-03-02 10:00:00+00:00,71.62999725341797,72.44999694824219,71.27999877929688,72.43000030517578,7186,2026-03-02,10:00:00,2378.585,2055.682393584047,3.0211239034972475,2.3385981292656566,3.64679015478305,-1.0,-1
2026-03-02 16:10:00+00:00,70.5999984741211,71.0199966430664,70.54000091552734,70.9000015258789,8234,2026-03-02,16:10:00,2595.38,1624.4134296886198,3.1725604728402006,3.4711729766238477,2.6254284575528097,-1.0,-1
2026-03-02 16:45:00+00:00,70.51000213623047,71.29000091552734,70.08999633789062,71.29000091552734,10269,2026-03-02,16:45:00,2675.92,1767.0780138793136,3.8375586714102066,4.296969313386854,3.2720755167881466,-1.0,-1
2026-03-02 19:25:00+00:00,71.2300033569336,71.27999877929688,71.0999984741211,71.19999694824219,9954,2026-03-02,19:25:00,2749.67,1821.3307993065112,3.620070772129019,3.955530759564993,2.2698819907644947,1.0,1
2026-03-02 20:05:00+00:00,72.29000091552734,72.29000091552734,70.93000030517578,71.01000213623047,14352,2026-03-02,20:05:00,2866.405,1983.676286348174,5.006968659348557,5.790055100746439,15.392948116369487,1.0,1
2026-03-03 10:35:00+00:00,76.08000183105469,76.51000213623047,76.05999755859375,76.12999725341797,5765,2026-03-03,10:35:00,1907.985,1847.5823792229257,3.0215122236285925,2.0876010960995535,3.72927953424436,-1.0,-1
2026-03-03 10:55:00+00:00,76.45999908447266,77.2699966430664,76.37000274658203,76.63999938964844,12067,2026-03-03,10:55:00,1971.635,2000.0905385976687,6.120301171362854,5.047454005296282,10.005804311774462,-1.0,-1
2026-03-03 11:15:00+00:00,77.33000183105469,77.36000061035156,76.69000244140625,76.86000061035156,7285,2026-03-03,11:15:00,2017.82,2055.843119564642,3.610331942393276,2.5620534708482086,3.9102284544936095,1.0,1
2026-03-03 11:20:00+00:00,77.02999877929688,77.52999877929688,77.0199966430664,77.30999755859375,7809,2026-03-03,11:20:00,2044.99,2096.1010011291555,3.818600579953936,2.7498722613533255,3.750270140473046,-1.0,-1
2026-03-03 11:35:00+00:00,76.56999969482422,76.6500015258789,75.91000366210938,76.36000061035156,8939,2026-03-03,11:35:00,2120.615,2183.0259914098206,4.215286603178796,3.1233640949902832,5.399984897681795,1.0,1
2026-03-03 12:00:00+00:00,77.44999694824219,77.58000183105469,77.1500015258789,77.18000030517578,7200,2026-03-03,12:00:00,2191.245,2234.866716647971,3.2858032762196836,2.241187343607016,3.203025079241506,1.0,1
2026-03-03 12:05:00+00:00,76.72000122070312,77.4800033569336,76.51000213623047,77.44000244140625,7801,2026-03-03,12:05:00,2219.85,2269.7757902909557,3.514201410005181,2.4588992551042095,2.9531763870815095,-1.0,-1
2026-03-03 12:10:00+00:00,76.16000366210938,76.94999694824219,75.87000274658203,76.69999694824219,9413,2026-03-03,12:10:00,2248.905,2324.1000583842956,4.185592543926933,3.0825243406174376,3.601252959039717,-1.0,-1
2026-03-03 12:20:00+00:00,76.19000244140625,76.31999969482422,75.69000244140625,76.12000274658203,9305,2026-03-03,12:20:00,2298.88,2388.0942646142335,4.047623190423162,2.933770288641328,3.998495998281141,1.0,1
2026-03-03 12:30:00+00:00,76.62000274658203,76.6500015258789,75.9800033569336,76.02999877929688,9278,2026-03-03,12:30:00,2337.435,2439.6130255322696,3.969308237448314,2.8449450496296325,3.559733346122488,1.0,1
2026-03-03 12:35:00+00:00,76.45999908447266,76.86000061035156,76.02999877929688,76.62000274658203,8726,2026-03-03,12:35:00,2368.525,2481.065972758662,3.684149417886659,2.5623965947714056,3.9826563213144683,-1.0,-1
2026-03-03 12:50:00+00:00,76.16000366210938,76.62000274658203,75.87999725341797,75.87999725341797,10149,2026-03-03,12:50:00,2428.625,2558.761410164244,4.178907818209892,3.0172312937549104,3.023741690408357,1.0,1
2026-03-03 13:00:00+00:00,75.83999633789062,76.0199966430664,75.3499984741211,75.94000244140625,10038,2026-03-03,13:00:00,2472.68,2626.353552458721,4.059562903408448,2.8805413471151105,1.8128541436214642,-1.0,-1
2026-03-03 13:50:00+00:00,75.98999786376953,76.55999755859375,75.94999694824219,76.08000183105469,8545,2026-03-03,13:50:00,2507.63,2518.589258367031,3.4076000047853947,2.397123699286492,1.7887795687670085,-1.0,-1
2026-03-03 14:00:00+00:00,77.0199966430664,77.06999969482422,76.19000244140625,76.20999908447266,12109,2026-03-03,14:00:00,2514.87,2566.366097780903,4.814960614266344,3.7384105129411958,2.486575286205657,1.0,1
2026-03-03 14:05:00+00:00,77.11000061035156,77.22000122070312,76.72000122070312,77.02999877929688,10500,2026-03-03,14:05:00,2540.145,2619.706559188694,4.133622293215545,3.0384529030858762,2.310548755329391,1.0,1
2026-03-03 14:10:00+00:00,77.5199966430664,77.6500015258789,77.12000274658203,77.12000274658203,14972,2026-03-03,14:10:00,2602.695,2763.2477072155775,5.752498852151327,4.476364883141111,4.1873863795273385,1.0,1
2026-03-03 14:15:00+00:00,77.80000305175781,77.9800033569336,77.5,77.5199966430664,14796,2026-03-03,14:15:00,2667.245,2894.112664626716,5.5472969299783115,4.190837194503059,4.45897687033828,1.0,1
2026-03-03 14:20:00+00:00,77.44999694824219,77.8499984741211,77.18000030517578,77.80999755859375,9869,2026-03-03,14:20:00,2708.295,2937.6377817318253,3.643990038012846,2.43757247558906,3.3282185313211365,-1.0,-1
2026-03-03 14:30:00+00:00,76.87000274658203,77.4000015258789,76.81999969482422,77.37000274658203,8535,2026-03-03,14:30:00,2761.815,2987.912604046862,3.090359057359019,1.9321800082709026,2.249456414311129,-1.0,-1
2026-03-03 15:00:00+00:00,76.70999908447266,77.43000030517578,76.4800033569336,76.69000244140625,9179,2026-03-03,15:00:00,2880.745,3043.3952509066576,3.1863285365417626,2.069483087391849,1.8455583899870565,1.0,1
2026-03-03 16:40:00+00:00,75.73999786376953,76.63999938964844,75.36000061035156,76.5,15359,2026-03-03,16:40:00,3406.605,3217.6573892114016,4.508594333654767,3.7146263738568353,5.943597929666715,-1.0,-1
2026-03-03 16:45:00+00:00,75.81999969482422,75.94000244140625,74.54000091552734,75.73999786376953,23984,2026-03-03,16:45:00,3523.39,3525.417919258245,6.807080680821596,5.803740285153187,7.642171505954515,1.0,1
2026-03-03 18:35:00+00:00,74.04000091552734,74.80000305175781,73.70999908447266,74.5199966430664,13189,2026-03-03,18:35:00,3972.86,3516.9079513246375,3.31977467114371,2.620523518828167,4.347245684149809,-1.0,-1
2026-03-03 19:25:00+00:00,74.58000183105469,74.69999694824219,74.22000122070312,74.27999877929688,17946,2026-03-03,19:25:00,4216.155,3580.1958343134233,4.256484877809283,3.83494245437917,4.092355053873781,1.0,1
2026-03-03 19:35:00+00:00,73.29000091552734,74.83999633789062,72.94999694824219,74.7699966430664,14409,2026-03-03,19:35:00,4298.51,3633.911035920519,3.352091771334718,2.7822612881987836,6.263420995435775,-1.0,-1
2026-03-03 19:40:00+00:00,72.16999816894531,73.36000061035156,72.06999969482422,73.27999877929688,19247,2026-03-03,19:40:00,4391.21,3775.5470335985206,4.383074369023572,3.9347384280472766,8.416058593643246,-1.0,-1
2026-03-03 19:45:00+00:00,72.7300033569336,72.91999816894531,71.6500015258789,72.16999816894531,15485,2026-03-03,19:45:00,4466.065,3846.041553197211,3.467258089615803,2.8650067472203906,10.78342618384401,1.0,1
2026-03-04 10:05:00+00:00,75.44999694824219,76.80000305175781,75.3499984741211,76.66000366210938,8830,2026-03-04,10:05:00,2325.6,3373.062312918954,3.7968696250429996,1.9283367446512643,5.829825864487909,-1.0,-1
2026-03-04 10:10:00+00:00,75.20999908447266,75.73999786376953,75.06999969482422,75.44000244140625,9107,2026-03-04,10:10:00,2331.14,3383.3215697924884,3.9066722719356197,2.0027242046683695,6.317998525777219,-1.0,-1
2026-03-04 13:00:00+00:00,73.95999908447266,74.68000030517578,73.86000061035156,74.6500015258789,9300,2026-03-04,13:00:00,1836.61,2574.398995657861,5.063677100745395,2.8990805281497587,1.6795719800437954,-1.0,-1
2026-03-04 13:05:00+00:00,73.7699966430664,74.2699966430664,73.55999755859375,73.95999908447266,6823,2026-03-04,13:05:00,1780.995,2333.5132580731133,3.83100457890112,2.1606926733998546,1.8524715345064566,-1.0,-1
2026-03-04 13:15:00+00:00,73.91999816894531,74.01000213623047,73.30999755859375,73.88999938964844,7250,2026-03-04,13:15:00,1750.035,2193.6440171882286,4.142774287371395,2.507227680017905,1.9894012931108405,1.0,1
2026-03-04 13:50:00+00:00,73.55000305175781,73.69000244140625,73.27999877929688,73.62000274658203,6816,2026-03-04,13:50:00,1591.01,1508.8439116251286,4.284071124631524,3.4629095559475904,1.4268369269415953,-1.0,-1
2026-03-04 14:00:00+00:00,74.33999633789062,74.33999633789062,73.88999938964844,73.91999816894531,6149,2026-03-04,14:00:00,1629.135,1556.2869795085733,3.774395614850826,2.904261912817154,1.2626931567328918,1.0,1
2026-03-04 14:30:00+00:00,74.33999633789062,74.5999984741211,74.08000183105469,74.12999725341797,7890,2026-03-04,14:30:00,1721.22,1657.4018602110766,4.5839578903336005,3.7219579319250804,2.0794623443368256,1.0,1
2026-03-04 14:35:00+00:00,74.73999786376953,75.1500015258789,74.31999969482422,74.33000183105469,14535,2026-03-04,14:35:00,1782.665,1888.621935925578,8.153522955799323,6.752190450308584,3.452699091394976,1.0,1
2026-03-04 15:10:00+00:00,73.7699966430664,74.37999725341797,73.73999786376953,74.3499984741211,6474,2026-03-04,15:10:00,1876.275,1951.5778256124183,3.4504536914897868,2.3559014350643195,1.8400540022027214,-1.0,-1
2026-03-04 15:30:00+00:00,74.0199966430664,74.2300033569336,73.66000366210938,74.05999755859375,7514,2026-03-04,15:30:00,1945.04,1999.4078390700229,3.8631596265372434,2.7853046743031027,2.091506906509864,-1.0,-1
2026-03-04 19:25:00+00:00,74.69999694824219,74.80000305175781,74.56999969482422,74.68000030517578,18095,2026-03-04,19:25:00,2512.6,2250.343580690686,7.201703414789462,6.9244537295133295,4.12633259221253,1.0,1
2026-03-05 06:50:00+00:00,76.5999984741211,77.26000213623047,76.05999755859375,77.13999938964844,7729,2026-03-05,06:50:00,2020.31,2220.6521279269123,3.8256505189797605,2.5707268275870576,8.531493618489135,-1.0,-1
2026-03-05 09:05:00+00:00,75.79000091552734,76.83000183105469,75.68000030517578,76.7300033569336,8324,2026-03-05,09:05:00,1656.06,1841.7111544108639,5.026387932804367,3.620513446981308,5.874641612632879,-1.0,-1
2026-03-05 09:10:00+00:00,75.80000305175781,75.93000030517578,75.1500015258789,75.77999877929688,7041,2026-03-05,09:10:00,1653.695,1834.440331168632,4.257737974656754,2.936756736354577,4.617427658004755,1.0,1
2026-03-05 09:15:00+00:00,75.56999969482422,76.06999969482422,75.5,75.80999755859375,5160,2026-03-05,09:15:00,1652.175,1831.390693910971,3.1231558400290527,1.915388677939042,3.0984012609772575,-1.0,-1
2026-03-05 09:20:00+00:00,75.45999908447266,75.66999816894531,74.97000122070312,75.55999755859375,7081,2026-03-05,09:20:00,1676.235,1870.7216165448108,4.224348018028499,2.8891337718021903,5.175696665143901,-1.0,-1
2026-03-05 12:20:00+00:00,76.95999908447266,77.13999938964844,76.62000274658203,77.12999725341797,5245,2026-03-05,12:20:00,1430.93,1771.3344216342425,3.6654483447827637,2.1532184738334834,2.2538540044045763,-1.0,-1
2026-03-05 14:00:00+00:00,77.37999725341797,77.41000366210938,76.83999633789062,77.16000366210938,6928,2026-03-05,14:00:00,1400.815,1362.0877194779882,4.945692329108412,4.057877419317942,1.4226603008367986,1.0,1
2026-03-05 14:05:00+00:00,77.47000122070312,77.56999969482422,77.3499984741211,77.38999938964844,4847,2026-03-05,14:05:00,1416.535,1383.5660714782332,3.4217297842975993,2.4794370653616955,1.0665933159125291,1.0,1
2026-03-05 14:10:00+00:00,77.72000122070312,77.87000274658203,77.43000030517578,77.47000122070312,4535,2026-03-05,14:10:00,1428.735,1400.235983261064,3.1741365613637242,2.218386784180263,1.2683540763529577,1.0,1
2026-03-05 14:15:00+00:00,78.2300033569336,78.23999786376953,77.61000061035156,77.72000122070312,5811,2026-03-05,14:15:00,1451.33,1434.0702593120043,4.003913651616104,3.0400672294058686,1.751224289911851,1.0,1
2026-03-05 14:20:00+00:00,78.0999984741211,78.37000274658203,78.01000213623047,78.22000122070312,5185,2026-03-05,14:20:00,1469.35,1458.1489565188353,3.5287712253717634,2.5481964537221846,1.748587808785094,-1.0,-1
2026-03-05 14:30:00+00:00,77.88999938964844,77.91999816894531,77.62000274658203,77.87999725341797,4913,2026-03-05,14:30:00,1495.115,1487.8026567735708,3.286034853506252,2.2972703970108377,1.294854055478685,1.0,1
2026-03-05 14:35:00+00:00,77.83999633789062,77.9000015258789,77.52999877929688,77.87999725341797,4665,2026-03-05,14:35:00,1514.145,1503.879226405182,3.080946672874791,2.095151621670903,1.1081418136468912,-1.0,-1
2026-03-05 14:45:00+00:00,78.08000183105469,78.23999786376953,77.95999908447266,77.98999786376953,4883,2026-03-05,14:45:00,1535.885,1523.4974744146189,3.1792744899520473,2.196994124513451,1.1052668807560089,1.0,1
2026-03-05 15:10:00+00:00,77.97000122070312,78.25,77.83999633789062,78.08999633789062,5462,2026-03-05,15:10:00,1585.2,1567.2180101878841,3.445622003532677,2.47368264963675,1.552421217181227,-1.0,-1
2026-03-05 15:15:00+00:00,78.2699966430664,78.47000122070312,77.93000030517578,77.9800033569336,5090,2026-03-05,15:15:00,1606.005,1585.9697998401512,3.1693550144613494,2.196759988967728,1.438513441904829,1.0,1
2026-03-05 15:20:00+00:00,78.56999969482422,78.5999984741211,78.26000213623047,78.26000213623047,6191,2026-03-05,15:20:00,1633.56,1617.3642856706088,3.789882220426553,2.8178191149499425,1.4981472799044149,1.0,1
2026-03-05 15:25:00+00:00,78.73999786376953,78.80000305175781,78.4800033569336,78.55999755859375,5138,2026-03-05,15:25:00,1654.34,1635.5470046507667,3.105770276968459,2.1299662987942405,1.6097121597806932,1.0,1
2026-03-05 15:30:00+00:00,78.95999908447266,78.95999908447266,78.61000061035156,78.73999786376953,5570,2026-03-05,15:30:00,1675.45,1658.65661192466,3.324479990450327,2.348014635459036,1.5503983855815733,1.0,1
2026-03-05 15:35:00+00:00,78.70999908447266,78.9800033569336,78.63999938964844,78.94999694824219,5692,2026-03-05,15:35:00,1699.585,1681.762288419124,3.3490528570209785,2.373947273935436,1.6181947405828003,-1.0,-1
2026-03-05 15:55:00+00:00,78.6500015258789,79.02999877929688,78.5199966430664,79.0199966430664,5432,2026-03-05,15:55:00,1782.66,1711.995381222338,3.047131814255102,2.1316295826653624,1.257170960322856,-1.0,-1
2026-03-05 16:00:00+00:00,78.83999633789062,78.91999816894531,78.30000305175781,78.66000366210938,6577,2026-03-05,16:00:00,1814.235,1741.7841628989554,3.625219445110474,2.7344174447384146,1.657849547065774,1.0,1
2026-03-05 16:05:00+00:00,79.30000305175781,79.37999725341797,78.7699966430664,78.83999633789062,6996,2026-03-05,16:05:00,1848.37,1775.9411866931157,3.7849564751646048,2.898536302086177,2.002397094864135,1.0,1
2026-03-05 16:15:00+00:00,79.87000274658203,79.97000122070312,79.55000305175781,79.55999755859375,6320,2026-03-05,16:15:00,1904.365,1814.267049363743,3.318691532348053,2.4338396056680565,1.8346759561651789,1.0,1
2026-03-05 16:20:00+00:00,79.48999786376953,79.91999816894531,79.38999938964844,79.87000274658203,6881,2026-03-05,16:20:00,1938.135,1843.637991034279,3.55032028212689,2.6810388069878393,1.980464463672177,-1.0,-1
2026-03-05 17:35:00+00:00,79.13999938964844,79.44000244140625,78.7699966430664,79.37000274658203,9761,2026-03-05,17:35:00,2198.005,1900.9218538507114,4.440845221007232,3.978593325485519,2.7994049006076467,-1.0,-1
2026-03-05 18:15:00+00:00,80.20999908447266,80.33000183105469,79.43000030517578,79.44000244140625,7937,2026-03-05,18:15:00,2270.445,1926.1050595638278,3.495790472792778,2.941976073352514,1.4712111031302857,1.0,1
2026-03-05 18:25:00+00:00,80.81999969482422,81.0,80.2699966430664,80.27999877929688,8545,2026-03-05,18:25:00,2334.695,1985.761743129668,3.66000698164,3.1274169831735317,0.6215393008137473,1.0,1
2026-03-05 19:15:00+00:00,81.08999633789062,81.58000183105469,81.04000091552734,81.54000091552734,7755,2026-03-05,19:15:00,2547.645,2058.0503529435937,3.0439876827422974,2.53023692668744,3.44341455292224,-1.0,-1
2026-03-05 19:25:00+00:00,80.97000122070312,81.33999633789062,80.91999816894531,81.11000061035156,18528,2026-03-05,19:25:00,2668.73,2357.0683919056314,6.9426281414755335,6.728387710115689,4.225072686847956,-1.0,-1
2026-03-05 20:00:00+00:00,80.70999908447266,82.16000366210938,80.62999725341797,81.62000274658203,10745,2026-03-05,20:00:00,2795.095,2430.1005099413237,3.8442342746847604,3.271430530333067,7.403005640959393,-1.0,-1
2026-03-05 20:05:00+00:00,80.56999969482422,81.41999816894531,80.1500015258789,80.7300033569336,12067,2026-03-05,20:05:00,2851.44,2512.7985872529657,4.231896866144825,3.6674487349479956,12.942217455422979,-1.0,-1
2026-03-05 20:10:00+00:00,80.01000213623047,80.72000122070312,79.94000244140625,80.58000183105469,8810,2026-03-05,20:10:00,2891.145,2543.8627127819636,3.047235610804716,2.3267195081951377,4.957968414758538,-1.0,-1
2026-03-06 09:35:00+00:00,84.12000274658203,84.13999938964844,83.11000061035156,83.37999725341797,11023,2026-03-06,09:35:00,2240.84,2577.453479033697,4.919137466307277,3.4073010711690848,5.229437229437229,1.0,1
2026-03-06 09:40:00+00:00,83.95999908447266,84.3499984741211,83.66000366210938,84.12000274658203,7569,2026-03-06,09:40:00,2245.8,2586.7774581688404,3.37029121025915,2.05785000297948,4.628296262325155,-1.0,-1
2026-03-06 12:05:00+00:00,86.23999786376953,86.5999984741211,85.69000244140625,85.7699966430664,6898,2026-03-06,12:05:00,2251.735,2523.128819536345,3.063415544013838,1.8414695928421942,2.6113332544658703,1.0,1
2026-03-06 13:00:00+00:00,85.87000274658203,86.08999633789062,85.48999786376953,86.08999633789062,7784,2026-03-06,13:00:00,2182.71,2465.7593152829245,3.566208978746604,2.2716288509113065,1.4057836873828928,-1.0,-1
2026-03-06 13:05:00+00:00,85.18000030517578,85.87999725341797,84.87000274658203,85.87999725341797,7423,2026-03-06,13:05:00,2127.185,2207.3305920245452,3.4895883526820657,2.399194311506698,2.0153739118630263,-1.0,-1
2026-03-06 13:45:00+00:00,86.80000305175781,87.18000030517578,86.61000061035156,86.66000366210938,9699,2026-03-06,13:45:00,2137.9,2101.273284721771,4.536694887506432,3.5983420409788174,2.4271012543401422,1.0,1
2026-03-06 13:50:00+00:00,87.66000366210938,87.79000091552734,86.75,86.77999877929688,12009,2026-03-06,13:50:00,2153.895,2163.568918778999,5.575480698919864,4.555022451312384,2.513920870839439,1.0,1
2026-03-06 13:55:00+00:00,87.36000061035156,87.76000213623047,87.20999908447266,87.66999816894531,7994,2026-03-06,13:55:00,2168.18,2192.6008070543694,3.6869632595079747,2.657036329301843,1.8087763211856378,-1.0,-1
2026-03-06 14:00:00+00:00,87.68000030517578,87.79000091552734,87.02999877929688,87.3499984741211,10677,2026-03-06,14:00:00,2205.81,2272.6725250087493,4.840398765079494,3.7274133896467943,2.1925150161712614,1.0,1
2026-03-06 14:05:00+00:00,88.0199966430664,88.12999725341797,87.44999694824219,87.68000030517578,7420,2026-03-06,14:05:00,2211.57,2284.4490610786906,3.355082588387435,2.2799501589852214,1.632787787099436,1.0,1
2026-03-06 14:10:00+00:00,87.33999633789062,88.23999786376953,87.0999984741211,88.01000213623047,7874,2026-03-06,14:10:00,2231.385,2316.2299546437393,3.528750081227578,2.436120381176874,2.2022094811914417,-1.0,-1
2026-03-06 14:30:00+00:00,88.66000366210938,88.68000030517578,87.80000305175781,88.08999633789062,9863,2026-03-06,14:30:00,2318.745,2412.809469822123,4.253594077830896,3.1267512393161225,2.599459708769849,1.0,1
2026-03-06 14:35:00+00:00,88.9000015258789,89.62000274658203,88.55000305175781,88.66000366210938,14994,2026-03-06,14:35:00,2382.96,2573.8514008325806,6.292174438513445,4.899676801823379,3.561731694281133,1.0,1
2026-03-06 14:40:00+00:00,88.44000244140625,89.12000274658203,88.26000213623047,88.86000061035156,9093,2026-03-06,14:40:00,2420.805,2616.4514994971923,3.7561885405887714,2.550093132352045,2.16822652757079,-1.0,-1
2026-03-06 14:45:00+00:00,88.56999969482422,88.73999786376953,88.12999725341797,88.44999694824219,7685,2026-03-06,14:45:00,2448.815,2642.671288387441,3.1382525833923753,1.9813985276977528,1.7394994836391415,1.0,1
2026-03-06 14:55:00+00:00,88.72000122070312,89.23999786376953,88.5199966430664,88.55000305175781,8792,2026-03-06,14:55:00,2511.0,2717.5444280807933,3.5013938669852647,2.3112777605758668,2.2478388009140153,1.0,1
2026-03-06 15:00:00+00:00,87.97000122070312,88.7300033569336,87.5,88.7300033569336,12209,2026-03-06,15:00:00,2568.415,2799.704021107236,4.753515300292204,3.4434300652207193,2.454779647385551,-1.0,-1
2026-03-06 17:00:00+00:00,89.98999786376953,90.4800033569336,89.66999816894531,90.3000030517578,11038,2026-03-06,17:00:00,3294.395,3045.0048343444255,3.350539325126465,2.543051791793677,2.985462167827439,-1.0,-1
2026-03-06 18:00:00+00:00,91.5199966430664,92.51000213623048,91.08999633789062,92.4000015258789,12210,2026-03-06,18:00:00,3653.34,3178.2676888376745,3.3421471858627996,2.6922401879651803,2.9844179651695693,-1.0,-1
2026-03-06 18:10:00+00:00,90.02999877929688,91.08000183105467,89.54000091552734,91.06999969482422,14001,2026-03-06,18:10:00,3746.585,3254.558234118939,3.737003164214878,3.1507855328869345,2.748831216639058,-1.0,-1
2026-03-06 19:25:00+00:00,90.86000061035156,91.2300033569336,90.29000091552734,90.81999969482422,32808,2026-03-06,19:25:00,4257.865,3824.2238174306767,7.7052701295132655,7.465602528248869,7.481443475286472,1.0,1
2026-03-09 13:30:00+00:00,97.69000244140624,100.1500015258789,97.3000030517578,100.1500015258789,10066,2026-03-09,13:30:00,2985.445,1941.0837456206198,3.371691657357613,3.647732879106741,2.111047029832748,-1.0,-1
2026-03-09 14:05:00+00:00,102.91000366210938,104.56999969482422,99.37000274658205,99.79000091552734,16358,2026-03-09,14:05:00,3200.585,2212.50782533324,5.110940656161295,5.946833204089698,3.5996149085407785,1.0,1
2026-03-09 15:20:00+00:00,96.5,98.0,95.20999908447266,98.0,12089,2026-03-09,15:20:00,3336.02,2222.6686548711564,3.6237792339374466,3.9380498666848713,2.9253920960692086,-1.0,-1
2026-03-09 16:25:00+00:00,94.7300033569336,95.11000061035156,93.1500015258789,94.27999877929688,12748,2026-03-09,16:25:00,3555.715,2394.6019011728295,3.585214225549573,3.83875290314344,2.8394748931549567,1.0,1
2026-03-09 18:25:00+00:00,94.83999633789062,94.98999786376952,93.8499984741211,94.25,24329,2026-03-09,18:25:00,3804.395,2846.8038851980873,6.394972130917005,7.209701063960663,1.7696231304268764,1.0,1
2026-03-09 19:20:00+00:00,89.70999908447266,93.04000091552734,88.61000061035156,91.98999786376952,14096,2026-03-09,19:20:00,3717.62,2943.447818614176,3.7916731672414072,3.5259262740680466,4.5160489377465405,-1.0,-1
2026-03-09 19:35:00+00:00,82.02999877929688,86.0,81.19000244140625,85.6500015258789,16862,2026-03-09,19:35:00,3802.895,3108.8173475579774,4.433990420455995,4.200666536507242,7.329710932405999,-1.0,-1
2026-03-10 13:30:00+00:00,88.5,89.12000274658203,87.45999908447266,88.79000091552734,8937,2026-03-10,13:30:00,1740.405,1070.0525375609761,5.135011678316254,6.725459496038911,1.874272531851308,-1.0,-1
2026-03-10 14:30:00+00:00,85.5,86.4800033569336,85.05000305175781,86.43000030517578,8722,2026-03-10,14:30:00,1805.615,1205.7515335166993,4.830487119347148,5.736161064483698,2.298741516768795,-1.0,-1
2026-03-10 14:40:00+00:00,83.69999694824219,85.2300033569336,83.01000213623047,85.01000213623047,12263,2026-03-10,14:40:00,1887.05,1424.5817679472893,6.498502954346732,7.283506102251281,2.924113263785395,-1.0,-1
2026-03-10 14:45:00+00:00,84.3499984741211,84.7300033569336,83.58000183105469,83.72000122070312,5941,2026-03-10,14:45:00,1902.14,1451.3431417052482,3.123324255838161,2.7828429293809607,1.3447451440858997,1.0,1
2026-03-10 15:00:00+00:00,84.16999816894531,84.68000030517578,83.61000061035156,84.22000122070312,6053,2026-03-10,15:00:00,1949.18,1518.753508207785,3.1054084281595338,2.702097462044871,1.2170350729482138,-1.0,-1
2026-03-10 15:15:00+00:00,83.16000366210938,84.44000244140625,82.80999755859375,84.08000183105469,7387,2026-03-10,15:15:00,1990.035,1578.7327192304695,3.71199501516305,3.4185425653499304,2.0876814922104074,-1.0,-1
2026-03-10 17:00:00+00:00,80.9800033569336,82.70999908447266,80.5199966430664,82.30999755859375,10232,2026-03-10,17:00:00,2326.67,1785.9948570044173,4.397701435957828,4.426289341761776,2.7674623030630876,-1.0,-1
2026-03-10 17:05:00+00:00,80.54000091552734,81.05000305175781,79.7300033569336,80.9800033569336,14495,2026-03-10,17:05:00,2393.625,1980.3589427387722,6.055668703326544,6.110697782526329,3.4272709808036175,-1.0,-1
2026-03-10 17:10:00+00:00,80.94000244140625,81.68000030517578,80.16999816894531,80.58000183105469,7545,2026-03-10,17:10:00,2423.185,2012.8055399075226,3.1136706442141233,2.544614916071485,2.593061969713242,1.0,1
2026-03-10 17:15:00+00:00,77.80999755859375,81.08000183105469,77.5999984741211,80.93000030517578,14727,2026-03-10,17:15:00,2485.465,2192.73673768168,5.925249400011667,5.582765495570907,4.165832788218447,-1.0,-1
2026-03-10 17:20:00+00:00,78.16000366210938,78.79000091552734,76.7300033569336,77.83999633789062,14897,2026-03-10,17:20:00,2550.465,2361.399908191546,5.840895679807407,5.2284811891330465,4.677145267950001,1.0,1
2026-03-10 17:25:00+00:00,78.51000213623047,78.97000122070312,78.0199966430664,78.12999725341797,9221,2026-03-10,17:25:00,2589.84,2406.4412295663465,3.5604516109103264,2.7555877611002244,2.6545755514772034,1.0,1
2026-03-10 17:30:00+00:00,80.4000015258789,80.4000015258789,78.45999908447266,78.5,12262,2026-03-10,17:30:00,2641.155,2501.3321678747975,4.642665803407978,3.8462884392416146,3.5734295029415515,1.0,1
2026-03-10 17:35:00+00:00,80.73999786376953,81.56999969482422,80.0,80.33999633789062,13704,2026-03-10,17:35:00,2701.66,2619.6517307366967,5.072436946173834,4.199924696442733,3.9302371435229166,1.0,1
2026-03-10 17:40:00+00:00,81.30999755859375,81.52999877929688,80.2699966430664,80.77999877929688,9642,2026-03-10,17:40:00,2736.09,2665.2243481609876,3.5240068857384075,2.591117706381865,2.5453225540339877,1.0,1
2026-03-10 18:10:00+00:00,84.5199966430664,84.80000305175781,80.87999725341797,81.2699966430664,10896,2026-03-10,18:10:00,2902.425,2788.318683324036,3.7541021731827695,2.8668082482130863,2.1392232652309957,1.0,1
2026-03-10 18:15:00+00:00,86.68000030517578,86.68000030517578,83.75,84.5199966430664,14459,2026-03-10,18:15:00,2969.435,2902.451103432078,4.869276478522009,3.9585731475075905,2.680136240413355,1.0,1
2026-03-10 18:25:00+00:00,83.8499984741211,85.83999633789062,82.83999633789062,85.05000305175781,23756,2026-03-10,18:25:00,3121.965,3269.434309985686,7.609310162029362,6.311194244514532,1.7279447197345092,-1.0,-1
2026-03-11 13:00:00+00:00,86.33000183105469,87.30999755859375,86.0999984741211,87.20999908447266,5789,2026-03-11,13:00:00,1410.675,1139.6036070851064,4.103709217218707,3.841971868796501,1.0454884077928528,-1.0,-1
2026-03-11 13:05:00+00:00,86.12000274658203,86.37999725341797,85.51000213623047,86.36000061035156,4747,2026-03-11,13:05:00,1405.375,1121.373782543474,3.3777461531619672,2.979938582495307,1.288829308852726,-1.0,-1
2026-03-11 13:30:00+00:00,84.97000122070312,85.75,84.54000091552734,85.5999984741211,5894,2026-03-11,13:30:00,1400.63,1084.8062852336313,4.208106352141536,4.142094363909661,1.2360929062024852,-1.0,-1
2026-03-11 13:55:00+00:00,84.05999755859375,85.4000015258789,83.5199966430664,85.05000305175781,6131,2026-03-11,13:55:00,1457.95,1162.3142775942647,4.205219657738605,4.0204702721816235,1.3872413841867832,-1.0,-1
2026-03-11 14:00:00+00:00,84.98999786376953,85.5999984741211,82.0,84.08999633789062,15907,2026-03-11,14:00:00,1529.765,1547.538301220264,10.39832915513167,9.290390414675535,3.2664921197186714,1.0,1
2026-03-11 14:05:00+00:00,86.0199966430664,86.12999725341797,84.51000213623047,84.98999786376953,6816,2026-03-11,14:05:00,1558.965,1591.5088456568512,4.372131510328969,3.3031767396996803,1.499876220602393,1.0,1
2026-03-11 14:10:00+00:00,85.83000183105469,86.30999755859375,85.37999725341797,86.0199966430664,4896,2026-03-11,14:10:00,1576.375,1608.8657430846554,3.105859963523908,2.0633325150147894,1.3693189763669418,-1.0,-1
2026-03-11 14:35:00+00:00,86.68000030517578,86.81999969482422,85.9000015258789,86.6500015258789,5433,2026-03-11,14:35:00,1658.36,1658.3075862617443,3.27612822306375,2.276200164113715,1.2905754498485658,1.0,1
2026-03-11 17:35:00+00:00,87.83999633789062,88.37999725341797,87.08000183105469,87.08999633789062,6038,2026-03-11,17:35:00,1901.75,1674.0158130110508,3.1749704219797557,2.4708547959055003,1.731667533026224,1.0,1
2026-03-11 18:25:00+00:00,86.88999938964844,88.44999694824219,86.69000244140625,88.13999938964844,19601,2026-03-11,18:25:00,2105.345,2110.8989620812213,9.31011306935443,8.2882484260404,1.4257216893212712,-1.0,-1
2026-03-12 13:15:00+00:00,94.4000015258789,94.5999984741211,93.63999938964844,93.6500015258789,7537,2026-03-12,13:15:00,1308.205,766.9605173349756,5.761329455245929,8.121402418006777,2.068154144300194,1.0,1
2026-03-12 13:20:00+00:00,94.22000122070312,95.1999969482422,94.12000274658205,94.41000366210938,6958,2026-03-12,13:20:00,1340.695,862.5283343827297,5.189845565173287,6.512603442784331,1.9908440629470672,-1.0,-1
2026-03-12 13:25:00+00:00,94.36000061035156,94.41000366210938,94.0,94.26000213623048,4701,2026-03-12,13:25:00,1359.215,894.2923306381264,3.458613979392517,3.736792640965012,1.5564936677427366,1.0,1
2026-03-12 13:30:00+00:00,93.91999816894533,94.62999725341795,93.56999969482422,94.37000274658205,5406,2026-03-12,13:30:00,1383.61,937.0027581302525,3.907170373154285,4.292826211127171,1.1337492790856185,-1.0,-1
2026-03-12 14:45:00+00:00,95.41999816894533,95.61000061035156,94.2300033569336,95.5500030517578,11366,2026-03-12,14:45:00,1614.295,1236.64719276431,7.040844455319505,7.88559991649822,2.5726937060562762,-1.0,-1
2026-03-12 14:50:00+00:00,95.9000015258789,96.20999908447266,95.4000015258789,95.44000244140624,5396,2026-03-12,14:50:00,1635.935,1264.5915306818845,3.298419558234282,2.9733434937465724,1.4802318005692143,1.0,1
2026-03-12 15:00:00+00:00,96.30999755859376,96.54000091552734,95.45999908447266,95.66999816894533,5136,2026-03-12,15:00:00,1662.195,1289.740465877379,3.0898901753404386,2.6934139789409923,1.0326601907586364,1.0,1
2026-03-12 15:35:00+00:00,95.5199966430664,97.19000244140624,95.43000030517578,96.66000366210938,7179,2026-03-12,15:35:00,1722.68,1375.2094907018982,4.167343906006919,3.9676282318377027,2.0409381663113004,-1.0,-1
2026-03-12 15:40:00+00:00,94.94000244140624,96.08000183105467,94.6500015258789,95.5,11971,2026-03-12,15:40:00,1773.765,1554.4621683848377,6.748921080300941,6.559976310388709,2.4832235647980085,-1.0,-1
2026-03-12 15:45:00+00:00,95.05999755859376,95.44000244140624,94.3000030517578,94.95999908447266,6064,2026-03-12,15:45:00,1796.615,1583.6437809367014,3.3752362080913274,2.6946621780536444,1.102157194624621,1.0,1
2026-03-12 16:35:00+00:00,93.87999725341795,94.6999969482422,93.06999969482422,94.58000183105467,5965,2026-03-12,16:35:00,1889.17,1640.5341546774675,3.157471270452103,2.4844529986645214,1.9091818363672735,-1.0,-1
2026-03-12 18:25:00+00:00,95.72000122070312,95.91000366210938,95.3000030517578,95.48999786376952,15725,2026-03-12,18:25:00,2086.165,1906.497946464767,7.537754683833733,7.153868182911285,1.1437923353184525,1.0,1
2026-03-13 09:00:00+00:00,95.29000091552734,95.66999816894533,94.9800033569336,95.6500015258789,4153,2026-03-13,09:00:00,1340.875,1720.574465646329,3.0972312855411577,1.634410515875948,2.304661487236404,-1.0,-1
2026-03-13 10:45:00+00:00,93.6500015258789,94.93000030517578,93.36000061035156,94.9000015258789,5103,2026-03-13,10:45:00,1033.61,1303.2409033485612,4.93706523737193,3.1225155606642376,3.09800796812749,-1.0,-1
2026-03-13 12:45:00+00:00,93.0999984741211,93.97000122070312,92.04000091552734,93.97000122070312,9561,2026-03-13,12:45:00,943.48,920.5600871044845,10.133760122101156,9.361170575084799,2.7280606330806956,-1.0,-1
2026-03-13 13:00:00+00:00,93.5199966430664,94.05999755859376,92.9000015258789,93.58999633789062,7782,2026-03-13,13:00:00,982.415,1046.6146059759435,7.921295989983866,6.496741934591623,1.4054224891076146,-1.0,-1
2026-03-13 13:30:00+00:00,93.3000030517578,93.63999938964844,93.29000091552734,93.62000274658205,3380,2026-03-13,13:30:00,1009.555,1069.542731849095,3.348009766679379,2.216316309215454,0.7088554501127248,-1.0,-1
2026-03-13 13:40:00+00:00,93.80999755859376,94.12000274658205,93.38999938964844,93.41000366210938,3618,2026-03-13,13:40:00,1033.78,1092.8463374079174,3.499777515525547,2.364669131919697,0.9660881174899867,1.0,1
2026-03-13 13:50:00+00:00,93.83999633789062,94.25,93.4000015258789,94.19000244140624,5865,2026-03-13,13:50:00,1063.415,1146.5078429494909,5.515250396129451,4.188008856221608,1.2277580071174377,-1.0,-1
2026-03-13 13:55:00+00:00,94.43000030517578,94.58000183105467,93.81999969482422,93.83000183105467,3755,2026-03-13,13:55:00,1077.92,1162.0901778724012,3.483560932165652,2.303676643151136,0.8496316094636064,1.0,1
2026-03-13 14:40:00+00:00,95.26000213623048,95.38999938964844,94.8000030517578,94.87000274658205,5839,2026-03-13,14:40:00,1175.045,1221.9510936824493,4.969171393435996,3.8168098740717937,1.3923099850968703,1.0,1
2026-03-13 15:00:00+00:00,96.01000213623048,96.08000183105467,95.4000015258789,95.62999725341795,3893,2026-03-13,15:00:00,1214.87,1243.6566618495597,3.2044580901660265,2.1534319576731886,0.782738731040376,1.0,1
2026-03-13 15:45:00+00:00,96.22000122070312,96.80999755859376,95.5500030517578,96.54000091552734,6598,2026-03-13,15:45:00,1316.11,1317.802628140363,5.0132587701635885,4.00810401133713,1.1992139132805488,-1.0,-1
2026-03-13 16:15:00+00:00,97.41000366210938,97.5500030517578,96.41999816894533,96.4499969482422,7213,2026-03-13,16:15:00,1397.855,1381.234108428551,5.160048789037489,4.210108166685784,2.0939110240220624,1.0,1
2026-03-13 17:50:00+00:00,97.95999908447266,98.22000122070312,97.83000183105467,97.97000122070312,5383,2026-03-13,17:50:00,1548.07,1413.7696766421866,3.477232941662845,2.7125564109623985,1.6530968695418513,-1.0,-1
2026-03-13 18:25:00+00:00,98.55999755859376,99.06999969482422,98.51000213623048,98.9800033569336,13228,2026-03-13,18:25:00,1692.815,1664.6215833799179,7.814202969609791,6.929613982643715,0.9621675683047688,-1.0,-1
2026-03-16 11:30:00+00:00,97.4000015258789,97.61000061035156,97.29000091552734,97.58999633789062,6504,2026-03-16,11:30:00,1152.215,1253.6449806313938,5.644779837096376,4.268979721280097,2.9499943304229506,-1.0,-1
2026-03-16 12:30:00+00:00,95.91000366210938,96.72000122070312,95.55999755859376,96.63999938964844,5180,2026-03-16,12:30:00,1000.305,751.8090824519594,5.178420581722575,5.559516501673923,1.9874346554122104,-1.0,-1
2026-03-16 12:45:00+00:00,94.81999969482422,95.5500030517578,94.68000030517578,95.52999877929688,6138,2026-03-16,12:45:00,1032.875,843.6481734573135,5.942635846544839,6.051248803252824,1.7513687026304057,-1.0,-1
2026-03-16 12:50:00+00:00,95.11000061035156,95.33000183105467,94.55999755859376,94.83999633789062,4613,2026-03-16,12:50:00,1051.085,880.794101376748,4.388798241816789,4.043981441783564,1.3743738711058973,1.0,1
2026-03-16 13:00:00+00:00,95.11000061035156,95.27999877929688,94.30999755859376,95.27999877929688,5671,2026-03-16,13:00:00,1084.675,944.6373366876282,5.228294189503768,4.855117219992546,1.0241777095514368,-1.0,-1
2026-03-16 13:05:00+00:00,95.37999725341795,95.54000091552734,94.97000122070312,95.12000274658205,3340,2026-03-16,13:05:00,1095.675,957.9994593923079,3.0483491911378833,2.3427205286980564,0.9068232339515705,1.0,1
2026-03-16 13:15:00+00:00,95.41999816894533,95.62000274658205,95.16999816894533,95.31999969482422,3532,2026-03-16,13:15:00,1118.425,981.1333229290422,3.1580123834857057,2.4599867761035727,0.9691814299679294,1.0,1
2026-03-16 13:30:00+00:00,94.62000274658205,94.9000015258789,94.12999725341795,94.83000183105467,4734,2026-03-16,13:30:00,1155.045,1024.851979985097,4.098541615261743,3.492167717773296,0.9928170712525559,-1.0,-1
2026-03-16 13:50:00+00:00,94.31999969482422,94.38999938964844,93.86000061035156,94.16999816894533,4653,2026-03-16,13:50:00,1198.575,1076.2502811676966,3.8821100056316875,3.2096855726272717,0.9740422859535273,1.0,1
2026-03-16 13:55:00+00:00,93.3499984741211,94.36000061035156,92.97000122070312,94.33999633789062,7942,2026-03-16,13:55:00,1233.295,1177.0354413209518,6.439659611041964,5.699662698746794,1.797010450695063,-1.0,-1
2026-03-16 14:00:00+00:00,93.6500015258789,93.83999633789062,93.19000244140624,93.33999633789062,5037,2026-03-16,14:00:00,1256.345,1205.9502252180635,4.009249051812997,3.135000865658755,1.034344678884953,1.0,1
2026-03-16 14:10:00+00:00,93.51000213623048,93.88999938964844,93.0,93.37000274658205,4634,2026-03-16,14:10:00,1282.6,1232.8344185321762,3.612973647278965,2.7184510341544548,1.296042511536848,1.0,1
2026-03-16 16:25:00+00:00,96.22000122070312,96.58000183105467,95.97000122070312,96.02999877929688,4858,2026-03-16,16:25:00,1454.12,1302.3042453039425,3.3408521992682862,2.6137363924553396,1.0820653460108864,1.0,1
2026-03-16 17:00:00+00:00,95.37999725341795,95.5999984741211,94.93000030517578,95.56999969482422,6581,2026-03-16,17:00:00,1482.27,1349.516458014592,4.439811910110843,3.778190306401486,1.7799716005138955,-1.0,-1
2026-03-16 17:10:00+00:00,94.9800033569336,95.27999877929688,94.16000366210938,95.27999877929688,4723,2026-03-16,17:10:00,1510.64,1365.1202389290322,3.1264894349414813,2.353170005391004,1.6231983675222854,-1.0,-1
2026-03-16 18:05:00+00:00,93.97000122070312,94.55999755859376,93.76000213623048,94.5500030517578,5100,2026-03-16,18:05:00,1599.145,1394.2962360792335,3.1892042310109465,2.5108401711277786,1.0108142257237356,-1.0,-1
2026-03-16 18:15:00+00:00,93.51000213623048,94.08000183105467,92.97000122070312,94.06999969482422,5779,2026-03-16,18:15:00,1633.425,1427.41591885547,3.537964706062415,2.9042516236781237,1.0712018350749555,-1.0,-1
2026-03-16 18:25:00+00:00,93.51000213623048,93.75,93.16000366210938,93.44000244140624,8487,2026-03-16,18:25:00,1684.8,1508.532409380306,5.037393162393163,4.50915072006593,0.6173205437105059,1.0,1
2026-03-17 07:30:00+00:00,95.87000274658205,96.91000366210938,95.83999633789062,96.9000015258789,28301,2026-03-17,07:30:00,1341.5,2356.1940949474665,21.096533730898248,11.441969088120088,9.354929344682258,-1.0,-1
2026-03-17 12:10:00+00:00,95.08000183105467,95.48999786376952,94.56999969482422,95.37000274658205,3176,2026-03-17,12:10:00,888.21,2023.8182818846215,3.5757309645241553,1.1304325197959781,1.215083331340714,-1.0,-1
2026-03-17 12:55:00+00:00,94.58000183105467,95.06999969482422,94.58000183105467,95.04000091552734,3648,2026-03-17,12:55:00,935.34,2040.9532220688784,3.9001860286099173,1.3291142445931339,1.3721055972166718,-1.0,-1
2026-03-17 13:00:00+00:00,94.66999816894533,94.7699966430664,94.0,94.5999984741211,5247,2026-03-17,13:00:00,955.45,2063.5118471227756,5.491653147731435,2.0797312145233637,0.9476036751924509,1.0,1
2026-03-17 13:05:00+00:00,94.27999877929688,94.83000183105467,94.18000030517578,94.69000244140624,3199,2026-03-17,13:05:00,956.975,2065.063814307145,3.3428250476762713,1.0856928412898599,0.8685411752727766,-1.0,-1
2026-03-17 13:10:00+00:00,94.18000030517578,94.2699966430664,94.04000091552734,94.2699966430664,3156,2026-03-17,13:10:00,961.665,2069.003535746041,3.2818081140521906,1.0605757612728133,0.9271275130817956,-1.0,-1
2026-03-17 13:15:00+00:00,94.08000183105467,94.31999969482422,93.91000366210938,94.18000030517578,2925,2026-03-17,13:15:00,968.45,2073.222657710016,3.0202901543703855,0.9437240099242948,0.8026205217033391,-1.0,-1
2026-03-17 13:25:00+00:00,94.26000213623048,94.4800033569336,94.1999969482422,94.37999725341795,3063,2026-03-17,13:25:00,986.465,2082.2745291745796,3.1050265341395793,0.99724362513484,1.014154457412466,-1.0,-1
2026-03-17 13:30:00+00:00,93.94000244140624,94.3499984741211,93.91999816894533,94.26000213623048,3231,2026-03-17,13:30:00,993.6,2087.528133593098,3.2518115942028984,1.0717939384840478,0.6776070885545011,-1.0,-1
2026-03-17 13:35:00+00:00,94.12999725341795,94.26000213623048,93.9499969482422,93.9800033569336,4287,2026-03-17,13:35:00,1009.93,2100.4777717098573,4.244848652876932,1.560154572515356,1.2178761030521474,1.0,1
2026-03-17 13:45:00+00:00,93.8000030517578,93.80999755859376,93.18000030517578,93.77999877929688,4143,2026-03-17,13:45:00,1032.43,2113.99270121824,4.012862857530292,1.4714194605343043,1.036754355782164,1.0,1
2026-03-17 14:00:00+00:00,94.62000274658205,94.66000366210938,94.41000366210938,94.41999816894533,3294,2026-03-17,14:00:00,1067.29,2127.146241225027,3.08632143091381,1.046806259412439,0.6764207608193439,1.0,1
2026-03-17 14:15:00+00:00,94.41000366210938,94.80999755859376,94.37999725341795,94.56999969482422,3485,2026-03-17,14:15:00,1094.365,2134.8720771286253,3.184495118173553,1.119802458241607,1.0502523920741356,-1.0,-1
2026-03-17 14:35:00+00:00,93.94000244140624,94.25,93.79000091552734,94.23999786376952,4973,2026-03-17,14:35:00,1139.16,2157.293154201766,4.3654973840373605,1.7771529995971198,1.1813053031652712,-1.0,-1
2026-03-17 14:45:00+00:00,93.44000244140624,93.66999816894533,93.3000030517578,93.54000091552734,3694,2026-03-17,14:45:00,1171.345,2166.2315252715666,3.1536396194118725,1.1645361867235084,0.8361367719665568,-1.0,-1
2026-03-17 15:00:00+00:00,93.45999908447266,93.52999877929688,93.26000213623048,93.5199966430664,3816,2026-03-17,15:00:00,1210.695,2177.777033124604,3.151908614473505,1.1963139294668717,0.7672568707038466,-1.0,-1
2026-03-17 15:35:00+00:00,94.83000183105467,94.98999786376952,94.44000244140624,94.44000244140624,3871,2026-03-17,15:35:00,1280.68,2187.7202396179796,3.0226129868507354,1.1840270767218035,1.100497512437811,1.0,1
2026-03-17 15:40:00+00:00,94.66000366210938,94.98999786376952,94.62000274658205,94.81999969482422,3966,2026-03-17,15:40:00,1299.095,2194.7694848052133,3.052894515027769,1.2151184980762062,0.8226935642794171,-1.0,-1
2026-03-17 18:25:00+00:00,95.4499969482422,95.6500015258789,95.27999877929688,95.4800033569336,8422,2026-03-17,18:25:00,1622.01,2258.5827325334976,5.192323105282951,3.0107331921254503,0.6125926262672182,-1.0,-1
2026-03-18 08:30:00+00:00,94.0999984741211,94.22000122070312,93.7699966430664,93.83000183105467,4559,2026-03-18,08:30:00,1155.1,1087.7598297584618,3.946844429053762,3.129275329790253,1.8911617536491145,1.0,1
2026-03-18 11:25:00+00:00,95.36000061035156,95.5199966430664,94.1500015258789,94.1999969482422,8787,2026-03-18,11:25:00,964.465,1050.5932082500233,9.110750519718186,7.445826737286855,3.7995784011675044,1.0,1
2026-03-18 11:30:00+00:00,94.95999908447266,95.55999755859376,94.86000061035156,95.4000015258789,3911,2026-03-18,11:30:00,973.91,1068.4872093209087,4.015771477857297,2.748830284891016,1.7738972672638622,-1.0,-1
2026-03-18 12:00:00+00:00,94.87000274658205,95.25,94.44000244140624,94.5199966430664,4366,2026-03-18,12:00:00,988.265,1085.682257660114,4.417843392207556,3.111163488367,1.942278818884502,1.0,1
2026-03-18 12:10:00+00:00,95.01000213623048,95.06999969482422,94.62999725341795,94.79000091552734,3276,2026-03-18,12:10:00,964.18,965.3059127165852,3.3977058225642516,2.394909188418856,1.2533416226297793,1.0,1
2026-03-18 12:15:00+00:00,95.6500015258789,95.70999908447266,94.94000244140624,94.98999786376952,5334,2026-03-18,12:15:00,982.48,1012.3751611604491,5.429118149987786,4.298327504412504,2.183157679320577,1.0,1
2026-03-18 12:20:00+00:00,95.88999938964844,96.0,95.51000213623048,95.66000366210938,6333,2026-03-18,12:20:00,1008.745,1080.7506557362547,6.278098032704003,4.926441609580042,2.7213836815813504,1.0,1
2026-03-18 12:25:00+00:00,95.5199966430664,95.87999725341795,95.37999725341795,95.87999725341795,3082,2026-03-18,12:25:00,1021.36,1090.1584921883723,3.017545233805906,1.8902205640424756,1.6148807964369924,-1.0,-1
2026-03-18 12:40:00+00:00,96.11000061035156,96.44000244140624,95.31999969482422,95.4499969482422,8660,2026-03-18,12:40:00,1068.24,1222.5799405170806,8.106792481090391,6.2096225763275035,3.2584718858029773,1.0,1
2026-03-18 12:45:00+00:00,96.5999984741211,96.77999877929688,95.97000122070312,96.12000274658205,7511,2026-03-18,12:45:00,1102.23,1304.4137238294254,6.8143672373279625,4.9131421135201565,2.1431297369594295,1.0,1
2026-03-18 12:50:00+00:00,97.12000274658205,97.31999969482422,96.27999877929688,96.58000183105467,10732,2026-03-18,12:50:00,1150.28,1471.4500015751998,9.329902284661125,6.511753705353689,3.197437759529263,1.0,1
2026-03-18 12:55:00+00:00,97.16999816894533,97.33000183105467,96.66999816894533,97.0999984741211,8004,2026-03-18,12:55:00,1187.605,1548.5266782789654,6.739614602498305,4.401858292538912,3.010508004419474,1.0,1
2026-03-18 13:00:00+00:00,97.08000183105467,97.54000091552734,96.79000091552734,97.1500015258789,8639,2026-03-18,13:00:00,1228.78,1634.6733177853537,7.0305506274516185,4.53315039731567,1.5601959500643385,-1.0,-1
2026-03-18 13:05:00+00:00,97.29000091552734,97.31999969482422,96.86000061035156,97.08999633789062,4736,2026-03-18,13:05:00,1246.935,1653.348306889523,3.7981129730098204,2.1103024604440717,1.2858427652678557,1.0,1
2026-03-18 13:10:00+00:00,97.69000244140624,97.70999908447266,97.2699966430664,97.27999877929688,5744,2026-03-18,13:10:00,1270.1,1683.6135402056495,4.522478544996457,2.6573200399977317,1.6873955751399983,1.0,1
2026-03-18 13:15:00+00:00,97.47000122070312,97.9499969482422,97.26000213623048,97.68000030517578,5686,2026-03-18,13:15:00,1295.84,1711.4865396129658,4.3878873935053715,2.565115119744259,1.5602394141556193,-1.0,-1
2026-03-18 13:20:00+00:00,97.04000091552734,97.4800033569336,97.0,97.45999908447266,4471,2026-03-18,13:20:00,1315.105,1725.446551762741,3.3997285387858764,1.8290308655321097,1.2792560801144492,-1.0,-1
2026-03-18 13:25:00+00:00,97.16999816894533,97.20999908447266,96.83000183105467,97.02999877929688,4842,2026-03-18,13:25:00,1337.25,1742.151257070564,3.6208637128435224,2.011736917661934,1.6031785448224485,1.0,1
2026-03-18 13:30:00+00:00,97.6999969482422,97.94000244140624,96.93000030517578,97.16999816894533,7619,2026-03-18,13:30:00,1372.25,1797.0978970993147,5.55219529969029,3.4760209836552827,1.5978608504168197,1.0,1
2026-03-18 13:35:00+00:00,97.63999938964844,97.7699966430664,97.25,97.72000122070312,4843,2026-03-18,13:35:00,1390.24,1813.7495442996592,3.483571181954195,1.9036586450712025,1.3758278439658387,-1.0,-1
2026-03-18 13:40:00+00:00,97.79000091552734,98.04000091552734,97.3499984741211,97.66000366210938,5753,2026-03-18,13:40:00,1416.325,1838.7450082602525,4.061920816196848,2.3584972252912815,1.5361815754339119,1.0,1
2026-03-18 13:45:00+00:00,97.97000122070312,98.08999633789062,97.54000091552734,97.8000030517578,5446,2026-03-18,13:45:00,1441.42,1859.3093529452638,3.778218701003177,2.1537997394874027,1.3628202320998468,1.0,1
2026-03-18 13:50:00+00:00,98.0199966430664,98.22000122070312,97.83000183105467,97.9800033569336,5956,2026-03-18,13:50:00,1468.01,1885.6023736348218,4.057193070891888,2.3801359516474463,1.246807619845091,1.0,1
2026-03-18 14:55:00+00:00,98.01000213623048,98.62999725341795,97.83999633789062,98.51000213623048,7291,2026-03-18,14:55:00,1672.54,1969.8288470915857,4.359238045128966,2.8522579554541236,1.8640801521228487,-1.0,-1
2026-03-18 15:00:00+00:00,97.70999908447266,98.08999633789062,97.5500030517578,98.0199966430664,6235,2026-03-18,15:00:00,1702.15,1993.654826023459,3.663014422935699,2.273638315335266,1.253628561016374,-1.0,-1
2026-03-18 15:05:00+00:00,97.66999816894533,97.86000061035156,97.45999908447266,97.7300033569336,5261,2026-03-18,15:05:00,1726.445,2007.2910160438742,3.047302404652335,1.760858277025609,1.2893027815218723,-1.0,-1
2026-03-18 15:10:00+00:00,97.79000091552734,97.97000122070312,97.41999816894533,97.66000366210938,5297,2026-03-18,15:10:00,1750.875,2020.8875728962335,3.0253444706218318,1.7547364076853982,1.5055245674494617,1.0,1
2026-03-18 15:50:00+00:00,97.3000030517578,97.81999969482422,97.2699966430664,97.6999969482422,5844,2026-03-18,15:50:00,1904.685,2063.1959756515434,3.0682238795391363,1.9093266206841988,1.3994671775376417,-1.0,-1
2026-03-18 16:10:00+00:00,96.8000030517578,97.4000015258789,96.52999877929688,97.3499984741211,6332,2026-03-18,16:10:00,1996.55,2101.7719295200886,3.171470787107761,2.0627594931244237,2.0189717018732565,-1.0,-1
2026-03-18 17:45:00+00:00,95.87000274658205,96.29000091552734,95.38999938964844,96.26000213623048,8143,2026-03-18,17:45:00,2233.235,2125.0184012859822,3.6462799481469705,2.781041800119768,2.381908261576994,-1.0,-1
2026-03-18 18:00:00+00:00,94.72000122070312,95.29000091552734,94.20999908447266,95.22000122070312,7824,2026-03-18,18:00:00,2308.59,2163.702364353182,3.3890816472392236,2.5490613177052097,1.9123739688359302,-1.0,-1
2026-03-18 18:05:00+00:00,94.97000122070312,95.12000274658205,94.38999938964844,94.7300033569336,12479,2026-03-18,18:05:00,2367.945,2276.6904994148067,5.269970375156517,4.441119687809526,2.4733236711385285,1.0,1
2026-03-18 18:15:00+00:00,95.63999938964844,95.9499969482422,94.83999633789062,94.9000015258789,9944,2026-03-18,18:15:00,2442.655,2344.478715667109,4.070980142508868,3.1995790577546495,1.8432308440881393,1.0,1
2026-03-19 09:25:00+00:00,98.3000030517578,98.95999908447266,97.16000366210938,97.30999755859376,12612,2026-03-19,09:25:00,1896.895,1959.949774757726,6.648760210765488,5.46703039945221,5.58392827494604,1.0,1
2026-03-19 09:45:00+00:00,95.08000183105467,97.06999969482422,95.05999755859376,97.0199966430664,6639,2026-03-19,09:45:00,1882.415,1948.5139480650419,3.5268524740824954,2.441134693812941,3.7387019569196114,-1.0,-1
2026-03-19 12:05:00+00:00,96.0500030517578,96.81999969482422,95.5,96.81999969482422,6392,2026-03-19,12:05:00,1564.85,1386.6393260696882,4.084736556219446,3.481186426236841,2.419779959777594,-1.0,-1
2026-03-19 12:30:00+00:00,95.87999725341795,96.43000030517578,95.2699966430664,96.2300033569336,5494,2026-03-19,12:30:00,1548.56,1361.657509163479,3.547812160975358,2.8975274424358313,2.1079084935974293,-1.0,-1
2026-03-19 13:00:00+00:00,96.2699966430664,96.56999969482422,95.91999816894533,96.29000091552734,5055,2026-03-19,13:00:00,1566.45,1387.1780173282657,3.227042037728622,2.5148538662103523,0.9129286407657403,-1.0,-1
2026-03-19 13:15:00+00:00,95.9800033569336,96.4800033569336,95.41000366210938,96.4499969482422,5716,2026-03-19,13:15:00,1607.395,1427.470781886862,3.5560643152429865,2.878241048527211,1.5684714195064227,-1.0,-1
2026-03-19 13:20:00+00:00,96.81999969482422,97.08000183105467,95.36000061035156,95.9800033569336,8142,2026-03-19,13:20:00,1633.26,1497.4185298934724,4.985121780977922,4.346640481644792,2.3296137339055796,1.0,1
2026-03-19 13:30:00+00:00,96.75,97.25,96.48999786376952,96.66000366210938,4973,2026-03-19,13:30:00,1653.765,1518.5920713512373,3.0070777891659333,2.1857318121294793,1.0429402820741362,1.0,1
2026-03-19 13:50:00+00:00,96.12000274658205,96.73999786376952,95.6500015258789,96.66000366210938,6281,2026-03-19,13:50:00,1713.05,1582.1208834819602,3.6665596450774935,2.8872319730378457,1.3148419510152816,-1.0,-1
2026-03-19 14:00:00+00:00,96.56999969482422,96.5999984741211,95.77999877929688,96.08999633789062,5685,2026-03-19,14:00:00,1728.55,1606.1527576493193,3.288883746492725,2.4633086617430164,1.167411058062529,1.0,1
2026-03-19 14:10:00+00:00,96.4000015258789,96.73999786376952,95.87999725341795,96.5199966430664,5711,2026-03-19,14:10:00,1763.285,1641.7300850431138,3.2388411402580974,2.404606601271078,1.5972591245979584,-1.0,-1
2026-03-19 15:05:00+00:00,96.0,96.23999786376952,95.69000244140624,96.23999786376952,5695,2026-03-19,15:05:00,1886.94,1674.834466102312,3.0181139834864914,2.273693357208099,1.3956622962872196,-1.0,-1
2026-03-19 15:40:00+00:00,98.70999908447266,98.76000213623048,96.73999786376952,96.8000030517578,16819,2026-03-19,15:40:00,2070.35,1982.5493124716754,8.123747192503684,7.439234881685049,3.488876212207644,1.0,1
2026-03-19 15:45:00+00:00,99.87000274658205,100.27999877929688,98.66000366210938,98.6999969482422,27667,2026-03-19,15:45:00,2207.68,2680.7446365950586,12.532160458037398,9.497107502315885,5.028592200474833,1.0,1
2026-03-19 15:50:00+00:00,98.79000091552734,100.4800033569336,98.31999969482422,99.86000061035156,12847,2026-03-19,15:50:00,2269.245,2781.604906209047,5.661354327099983,3.802752496009959,3.07648097704074,-1.0,-1
2026-03-19 15:55:00+00:00,98.08000183105467,98.87000274658205,98.0,98.77999877929688,10149,2026-03-19,15:55:00,2318.67,2833.13914912266,4.377078238817943,2.7638353034741776,2.348863784299828,-1.0,-1
2026-03-19 16:00:00+00:00,97.54000091552734,98.43000030517578,96.9499969482422,98.0500030517578,10473,2026-03-19,16:00:00,2363.32,2890.6377376370197,4.4314777516375266,2.8054985563944577,2.6399054745962975,-1.0,-1
2026-03-19 18:05:00+00:00,94.8000030517578,95.5,94.56999969482422,95.48999786376952,10831,2026-03-19,18:05:00,2719.61,2947.365352395685,3.9825563224138754,2.7520816153338026,2.1466919370223096,-1.0,-1
2026-03-19 18:25:00+00:00,95.61000061035156,95.83000183105467,95.16999816894533,95.2699966430664,19706,2026-03-19,18:25:00,2889.1,3194.578095152814,6.820809248554913,5.264200623398927,1.4333590944219667,1.0,1
2026-03-19 19:05:00+00:00,92.88999938964844,94.18000030517578,92.36000061035156,93.52999877929688,9949,2026-03-19,19:05:00,2974.03,3240.8836345607747,3.345292414669657,2.1521815611085007,4.840479231283829,-1.0,-1
2026-03-20 13:00:00+00:00,94.95999908447266,95.08999633789062,94.77999877929688,95.0,3133,2026-03-20,13:00:00,910.51,740.0770636906528,3.4409287102832478,3.00305212664851,0.565817098223356,-1.0,-1
2026-03-20 13:40:00+00:00,95.48999786376952,95.5999984741211,95.0,95.36000061035156,3977,2026-03-20,13:40:00,923.18,737.3271964147519,4.307935613856453,4.141743333013047,1.0619492656875835,1.0,1
2026-03-20 13:45:00+00:00,95.44000244140624,95.51000213623048,95.04000091552734,95.5,3308,2026-03-20,13:45:00,934.08,756.2413028529172,3.541452552243919,3.139103869418923,0.8278019331227127,-1.0,-1
2026-03-20 13:50:00+00:00,95.68000030517578,96.04000091552734,95.41999816894533,95.4499969482422,4309,2026-03-20,13:50:00,952.56,792.6387812792877,4.5235995632821036,4.2345139794735225,0.9020305631149257,1.0,1
2026-03-20 13:55:00+00:00,96.02999877929688,96.22000122070312,95.54000091552734,95.66999816894533,3032,2026-03-20,13:55:00,962.465,806.1376671929627,3.1502444244725782,2.5672228010462406,0.6860407562965791,1.0,1
2026-03-20 14:35:00+00:00,96.3499984741211,96.43000030517578,95.83000183105467,95.87000274658205,3259,2026-03-20,14:35:00,1021.005,845.651189704253,3.191953026674698,2.646475316593224,0.7741552348714295,1.0,1
2026-03-20 14:45:00+00:00,96.69000244140624,96.91000366210938,96.41000366210938,96.6500015258789,3515,2026-03-20,14:45:00,1049.16,865.068303806835,3.3502992870486863,2.850456997613692,0.7956201281706679,1.0,1
2026-03-20 14:55:00+00:00,96.8499984741211,97.06999969482422,96.6999969482422,96.9499969482422,3515,2026-03-20,14:55:00,1079.31,888.7709394518083,3.256710305658245,2.74051489746315,0.8986753167894409,-1.0,-1
2026-03-20 15:00:00+00:00,96.86000061035156,97.04000091552734,96.30999755859376,96.83999633789062,4963,2026-03-20,15:00:00,1102.81,928.3342156679781,4.500321904951896,4.1581899437180825,0.9978762707817586,1.0,1
2026-03-20 15:20:00+00:00,96.4800033569336,96.61000061035156,95.69000244140624,96.37999725341795,5265,2026-03-20,15:20:00,1159.835,978.718148316564,4.539438799484409,4.194430242313433,1.2740664559355102,1.0,1
2026-03-20 17:05:00+00:00,97.95999908447266,98.18000030517578,97.38999938964844,97.47000122070312,7409,2026-03-20,17:05:00,1408.0,1095.2358595022765,5.262073863636363,5.479185097835565,1.7518213657657125,1.0,1
2026-03-20 17:15:00+00:00,98.1999969482422,98.2699966430664,97.75,97.87999725341795,4649,2026-03-20,17:15:00,1442.185,1122.9460404775084,3.223580885947365,2.8557160223267464,1.3150646182133197,1.0,1
2026-03-20 17:25:00+00:00,98.16000366210938,98.31999969482422,97.8499984741211,97.87999725341795,4443,2026-03-20,17:25:00,1474.66,1143.7995547767678,3.0128978883268007,2.595157506053867,1.2790672568282413,1.0,1
2026-03-20 18:00:00+00:00,97.38999938964844,98.05999755859376,97.37000274658205,98.0199966430664,5679,2026-03-20,18:00:00,1552.875,1207.2753115026483,3.657087659985511,3.417716705284376,1.388084326306141,-1.0,-1
2026-03-20 18:05:00+00:00,97.3000030517578,97.5,96.94000244140624,97.38999938964844,6441,2026-03-20,18:05:00,1582.05,1253.8827726457075,4.07129989570494,3.875123022663082,1.2765989074287414,-1.0,-1
2026-03-20 18:15:00+00:00,97.1500015258789,97.70999908447266,97.12000274658205,97.37999725341795,5054,2026-03-20,18:15:00,1616.41,1283.9253144029926,3.126681968065033,2.6774065137880947,0.9368150327857457,-1.0,-1
2026-03-20 18:20:00+00:00,98.16999816894533,98.20999908447266,97.0999984741211,97.13999938964844,8463,2026-03-20,18:20:00,1653.575,1371.4608154140174,5.118001904963488,4.965088993770753,1.6348292223550291,1.0,1
2026-03-20 18:25:00+00:00,98.12000274658205,98.36000061035156,97.8499984741211,98.16000366210938,16734,2026-03-20,18:25:00,1734.845,1734.9800893749882,9.645818502517516,8.645145320026883,1.217184161476565,-1.0,-1
2026-03-23 10:50:00+00:00,98.4000015258789,98.56999969482422,97.4000015258789,98.1999969482422,4413,2026-03-23,10:50:00,1369.35,1708.8321550611236,3.222696899989046,1.7811287030066045,2.6088305930168114,1.0,1
2026-03-23 11:05:00+00:00,86.48999786376953,98.62999725341795,84.37000274658203,98.58999633789062,21066,2026-03-23,11:05:00,1407.46,2148.1325110020825,14.96738806076194,9.151455927097107,6.918084604174791,-1.0,-1
2026-03-23 11:10:00+00:00,88.31999969482422,88.62000274658203,85.36000061035156,86.33999633789062,12466,2026-03-23,11:10:00,1454.73,2283.378933481988,8.569287771613977,4.822357707929191,5.6246580750683846,1.0,1
2026-03-23 11:15:00+00:00,89.37000274658203,89.81999969482422,87.81999969482422,88.27999877929688,9400,2026-03-23,11:15:00,1479.515,2342.1254251878895,6.353433388644251,3.3817510005317515,5.0454560703143345,1.0,1
2026-03-23 11:20:00+00:00,90.5999984741211,91.13999938964844,88.91999816894531,89.37999725341797,12490,2026-03-23,11:20:00,1528.755,2466.8854521735957,8.17004686820321,4.443353861583619,5.998319125945492,1.0,1
2026-03-23 11:25:00+00:00,90.6999969482422,91.0,89.55000305175781,90.62999725341795,8946,2026-03-23,11:25:00,1561.92,2521.4653778823326,5.7275660725261215,2.9284875631334515,3.8683314415437002,1.0,1
2026-03-23 11:30:00+00:00,90.16999816894533,90.8000030517578,89.5,90.66000366210938,4792,2026-03-23,11:30:00,1576.37,2531.684390353941,3.039895456016037,1.2701543732117573,2.1734890577162944,-1.0,-1
2026-03-23 11:45:00+00:00,91.30999755859376,92.06999969482422,91.13999938964844,91.19000244140624,5032,2026-03-23,11:45:00,1588.48,2544.198437237198,3.1678082191780823,1.3534793314861853,2.4385013780779596,1.0,1
2026-03-23 11:55:00+00:00,92.5,92.91999816894533,91.62999725341795,91.66999816894533,5303,2026-03-23,11:55:00,1575.09,2524.357563309363,3.3667917388847624,1.4767757366008059,2.6003861595513196,1.0,1
2026-03-23 12:40:00+00:00,89.61000061035156,91.5,89.18000030517578,91.16999816894533,8518,2026-03-23,12:40:00,1507.43,2282.938964730203,5.650676980025606,3.070853013728515,3.205041977282882,-1.0,-1
2026-03-23 12:45:00+00:00,88.75,89.91999816894531,88.58999633789062,89.5999984741211,6149,2026-03-23,12:45:00,1527.96,2306.123913828059,4.024320008377183,2.003812532488459,1.7545073562193492,-1.0,-1
2026-03-23 12:50:00+00:00,89.47000122070312,89.69000244140625,88.62999725341797,88.77999877929688,5501,2026-03-23,12:50:00,1549.17,2323.0828030116013,3.550933725801558,1.701114568484998,1.6389400964564362,1.0,1
2026-03-23 13:00:00+00:00,89.22000122070312,89.62000274658203,88.12999725341797,89.37000274658203,7848,2026-03-23,13:00:00,1591.46,2371.269430486506,4.931320925439533,2.638477061932336,1.4173420321917962,-1.0,-1
2026-03-23 13:40:00+00:00,89.5999984741211,90.33999633789062,89.0,89.87000274658203,6492,2026-03-23,13:40:00,1685.865,2428.1333312126276,3.850842149282416,1.9793538263402453,1.7335113484646194,-1.0,-1
2026-03-23 13:50:00+00:00,89.05999755859375,89.06999969482422,88.36000061035156,88.7300033569336,5219,2026-03-23,13:50:00,1713.065,2450.3635523055227,3.0465860898448103,1.430781565740031,1.092526690391459,1.0,1
2026-03-23 15:00:00+00:00,86.73999786376953,89.25,86.58000183105469,89.25,13255,2026-03-23,15:00:00,1936.91,2610.038133281953,6.843374240413855,4.3363695938680555,2.6650916722168465,-1.0,-1
2026-03-23 15:05:00+00:00,86.19000244140625,87.13999938964844,85.87999725341797,86.72000122070312,10754,2026-03-23,15:05:00,1979.545,2683.4134936428145,5.432561522976239,3.2698855471910195,2.635461340521995,-1.0,-1
2026-03-23 15:10:00+00:00,85.80999755859375,86.5,85.43000030517578,86.19999694824219,9125,2026-03-23,15:10:00,2017.22,2730.400957468102,4.523552215425189,2.6032000833280677,2.5935268412264185,-1.0,-1
2026-03-23 15:15:00+00:00,86.8499984741211,86.88999938964844,85.79000091552734,85.83000183105469,6469,2026-03-23,15:15:00,2039.29,2748.4872853423317,3.172182475273257,1.6116901917733513,1.8282403645741336,1.0,1
2026-03-23 15:50:00+00:00,90.04000091552734,90.25,88.5,88.61000061035156,8229,2026-03-23,15:50:00,2190.585,2809.6558244801445,3.756530789720554,2.149165370145383,1.9706049630317,1.0,1
2026-03-23 15:55:00+00:00,90.5,90.83000183105467,89.97000122070312,90.05000305175781,7223,2026-03-23,15:55:00,2224.115,2829.5270716181753,3.2475838704383544,1.7666856946313623,1.6716763340228256,1.0,1
2026-03-23 18:25:00+00:00,88.18000030517578,88.5,87.30000305175781,87.5,12579,2026-03-23,18:25:00,2728.905,2904.781297776929,4.609541189598025,3.3909936722390834,0.9149611310633268,1.0,1
2026-03-24 11:50:00+00:00,91.05999755859376,91.43000030517578,90.52999877929688,90.5999984741211,3077,2026-03-24,11:50:00,935.575,1168.1472184596146,3.2888865136413434,1.8331807550967807,1.4059858350468357,1.0,1
2026-03-24 12:45:00+00:00,92.0199966430664,92.20999908447266,91.75,91.83999633789062,2542,2026-03-24,12:45:00,836.35,643.622050757322,3.039397381479046,2.650080117660724,0.72531431119037,1.0,1
2026-03-24 12:50:00+00:00,91.62000274658205,92.0500030517578,91.51000213623048,92.02999877929688,4174,2026-03-24,12:50:00,853.585,685.4707532365401,4.889964092621121,4.843992226250682,1.2435804331229168,-1.0,-1
2026-03-24 12:55:00+00:00,91.8000030517578,91.97000122070312,91.62999725341795,91.63999938964844,2759,2026-03-24,12:55:00,854.575,688.0870901222613,3.2285053974197697,2.7677092439877287,1.0377300829826748,1.0,1
2026-03-24 13:00:00+00:00,91.54000091552734,92.0199966430664,91.5,91.79000091552734,3984,2026-03-24,13:00:00,865.175,719.335241960652,4.604848730025718,4.335704436639573,0.7195069643542452,-1.0,-1
2026-03-24 13:05:00+00:00,92.2300033569336,92.56999969482422,91.44000244140624,91.52999877929688,6223,2026-03-24,13:05:00,883.38,804.0841449504906,7.04453349634359,6.640623414268134,1.6895691571498872,1.0,1
2026-03-24 13:15:00+00:00,92.16000366210938,92.22000122070312,91.69000244140624,91.91000366210938,2970,2026-03-24,13:15:00,902.605,825.1395307467479,3.290475900310767,2.5055095810632366,0.8149685297295444,1.0,1
2026-03-24 13:20:00+00:00,92.38999938964844,92.4800033569336,92.1500015258789,92.16999816894533,2984,2026-03-24,13:20:00,914.03,838.0248308886131,3.264663085456714,2.4700580742996294,0.85379113018598,1.0,1
2026-03-24 13:30:00+00:00,92.2699966430664,92.68000030517578,92.22000122070312,92.4800033569336,2892,2026-03-24,13:30:00,932.355,857.8207511950643,3.1018228035458595,2.284445785754122,0.606511822995858,-1.0,-1
2026-03-24 14:00:00+00:00,91.52999877929688,92.13999938964844,91.47000122070312,92.08000183105467,3462,2026-03-24,14:00:00,977.43,889.3289916430513,3.541941622417974,2.7937580168276224,0.7109194517172339,-1.0,-1
2026-03-24 14:05:00+00:00,91.45999908447266,91.68000030517578,91.37999725341795,91.52999877929688,2965,2026-03-24,14:05:00,985.855,900.1256048449292,3.0075416770214685,2.198743141342992,0.6524549580525375,-1.0,-1
2026-03-24 14:35:00+00:00,92.12999725341795,92.30999755859376,91.63999938964844,91.6999969482422,4509,2026-03-24,14:35:00,1044.715,940.4079269766752,4.316009629420464,3.6838109299411768,1.071084981293426,1.0,1
2026-03-24 14:45:00+00:00,91.91000366210938,91.9800033569336,91.36000061035156,91.87999725341795,4430,2026-03-24,14:45:00,1077.6,970.3688621566452,4.110987379361545,3.454768728408381,1.0027303464569157,1.0,1
2026-03-24 14:50:00+00:00,91.2699966430664,92.08000183105467,90.66000366210938,91.91000366210938,7089,2026-03-24,14:50:00,1112.08,1057.3936115984502,6.374541399899289,5.65250246874932,1.9446558995988068,-1.0,-1
2026-03-24 14:55:00+00:00,91.16000366210938,91.81999969482422,90.5199966430664,91.3000030517578,7781,2026-03-24,14:55:00,1149.33,1156.335105182471,6.770031235589431,5.735076251060903,1.9893577923011776,-1.0,-1
2026-03-24 15:00:00+00:00,90.97000122070312,91.16999816894533,90.55999755859376,91.1500015258789,4109,2026-03-24,15:00:00,1169.36,1172.6996387025263,3.513887938701512,2.50672883574213,0.8261683652311598,-1.0,-1
2026-03-24 15:55:00+00:00,92.2300033569336,92.38999938964844,91.83999633789062,91.91000366210938,5897,2026-03-24,15:55:00,1276.215,1204.4200500906136,4.6206947888874526,3.8365228141563725,1.3647896084359135,1.0,1
2026-03-24 17:05:00+00:00,93.12999725341795,93.36000061035156,92.86000061035156,92.87999725341795,5533,2026-03-24,17:05:00,1397.135,1252.367814376997,3.9602472202042036,3.3024363549756566,1.308250454417828,1.0,1
2026-03-24 17:55:00+00:00,91.76000213623048,92.56999969482422,91.19000244140624,92.55999755859376,10658,2026-03-24,17:55:00,1484.13,1414.1372187547145,7.18131161016892,6.487255888844001,2.670592288658502,-1.0,-1
2026-03-24 18:15:00+00:00,91.88999938964844,92.62000274658205,91.7699966430664,92.20999908447266,4605,2026-03-24,18:15:00,1531.13,1436.0546955261482,3.0075826350473176,2.140496465473261,0.8535878959197386,-1.0,-1
2026-03-24 18:25:00+00:00,92.29000091552734,92.45999908447266,92.08000183105467,92.26000213623048,7677,2026-03-24,18:25:00,1572.46,1498.0599341251811,4.882159164621039,4.074963798804789,0.5584034186479975,1.0,1
2026-03-24 20:20:00+00:00,87.93000030517578,91.38999938964844,87.55000305175781,91.30999755859376,11105,2026-03-24,20:20:00,1694.445,1637.9984191324463,6.553768343026773,5.745155117417165,5.985312942127602,-1.0,-1
2026-03-24 20:25:00+00:00,88.75,89.12999725341797,86.33999633789062,87.91999816894531,9077,2026-03-24,20:25:00,1738.855,1715.703496064232,5.2201017336120605,4.277047296828075,5.374583672563097,1.0,1
2026-03-25 08:25:00+00:00,87.0999984741211,87.37000274658203,86.7699966430664,87.33000183105469,4416,2026-03-25,08:25:00,1292.755,1733.233772903308,3.4159604874860277,1.801975618538929,1.6028674485606043,-1.0,-1
2026-03-25 08:35:00+00:00,87.33999633789062,87.5199966430664,86.58999633789062,86.66999816894531,3873,2026-03-25,08:35:00,1249.87,1631.4782035760356,3.09872226711578,1.6078241157315885,2.026289974494801,1.0,1
2026-03-25 11:45:00+00:00,87.69999694824219,87.95999908447266,87.08999633789062,87.25,3891,2026-03-25,11:45:00,990.66,1351.3922150859582,3.9276845739204167,2.1461867011092095,1.8855740981918405,1.0,1
2026-03-25 12:15:00+00:00,88.41000366210938,88.43000030517578,87.16999816894531,87.16999816894531,4142,2026-03-25,12:15:00,932.805,1236.9875902640624,4.440370709848254,2.5943631328709826,1.6952829223370511,1.0,1
2026-03-25 12:20:00+00:00,88.80000305175781,88.87000274658203,87.91999816894531,88.41999816894531,5424,2026-03-25,12:20:00,943.22,1265.7991622670384,5.750514196051823,3.5398822606067704,2.3307729494547993,1.0,1
2026-03-25 12:25:00+00:00,88.87999725341797,89.05000305175781,88.44999694824219,88.76000213623047,4219,2026-03-25,12:25:00,960.105,1286.791664534135,4.394311038896787,2.5325739121723623,2.2106366256222163,1.0,1
2026-03-25 13:00:00+00:00,87.87000274658203,88.76000213623047,87.77999877929688,88.44999694824219,6431,2026-03-25,13:00:00,1013.76,1360.872363725459,6.343710542929293,3.9807113028366765,1.1614330541571665,-1.0,-1
2026-03-25 13:35:00+00:00,87.7699966430664,88.1500015258789,87.55999755859375,87.86000061035156,3531,2026-03-25,13:35:00,1067.12,1374.8211014181024,3.3089062148586854,1.792145899898215,1.00310718914792,-1.0,-1
2026-03-25 13:40:00+00:00,88.05000305175781,88.0999984741211,87.5,87.75,3248,2026-03-25,13:40:00,1081.37,1382.598933950394,3.0035972886246154,1.567070498028994,0.8672897196261682,1.0,1
2026-03-25 13:50:00+00:00,88.5199966430664,88.80999755859375,88.41999816894531,88.44999694824219,5196,2026-03-25,13:50:00,1121.85,1417.918687556722,4.631635245353658,2.873331197165013,1.0877119531086457,1.0,1
2026-03-25 13:55:00+00:00,88.69000244140625,88.79000091552734,88.25,88.5199966430664,5215,2026-03-25,13:55:00,1142.475,1447.1527614421755,4.564651305280203,2.814163859205494,1.179981050160508,1.0,1
2026-03-25 14:05:00+00:00,88.79000091552734,88.9800033569336,88.4800033569336,88.61000061035156,3999,2026-03-25,14:05:00,1078.08,1157.344827112552,3.709372217275156,2.5238113409012026,0.8799889973868794,1.0,1
2026-03-25 14:25:00+00:00,88.54000091552734,89.04000091552734,88.26000213623047,88.91999816894531,3755,2026-03-25,14:25:00,1068.14,1141.1449114572106,3.5154567753290764,2.35453006276736,1.1099410667110052,-1.0,-1
2026-03-25 15:10:00+00:00,89.55000305175781,89.69000244140625,88.95999908447266,89.01000213623047,4736,2026-03-25,15:10:00,1129.02,1172.4048126923076,4.194788400559777,3.076565330465456,1.3460759583614594,1.0,1
2026-03-25 15:15:00+00:00,89.97000122070312,90.19000244140624,89.47000122070312,89.55999755859375,7097,2026-03-25,15:15:00,1163.365,1244.285648737151,6.100407008978266,4.768708058332232,2.0057229660508002,1.0,1
2026-03-25 15:55:00+00:00,90.33999633789062,90.38999938964844,89.95999908447266,90.05000305175781,3973,2026-03-25,15:55:00,1263.22,1278.7308727109437,3.1451370307626543,2.1191167413164846,0.91950298699608,1.0,1
2026-03-25 16:00:00+00:00,90.37999725341795,90.68000030517578,90.26000213623048,90.36000061035156,5486,2026-03-25,16:00:00,1289.475,1311.0127771629056,4.2544446383217975,3.2009794817419555,1.3828436392280425,1.0,1
2026-03-25 16:25:00+00:00,89.98999786376953,90.16999816894533,89.36000061035156,89.55000305175781,5552,2026-03-25,16:25:00,1360.315,1344.8460993472913,4.0814076151479615,3.1168510672220378,1.2366461097267272,1.0,1
2026-03-25 17:15:00+00:00,90.58000183105467,90.9499969482422,90.33999633789062,90.61000061035156,5224,2026-03-25,17:15:00,1434.13,1385.4645369027153,3.6426265401323445,2.7354507452586767,1.4777151141205382,-1.0,-1
2026-03-25 17:55:00+00:00,90.30999755859376,90.4499969482422,89.2300033569336,90.3499984741211,5686,2026-03-25,17:55:00,1517.205,1429.9808878699573,3.7476807682547846,2.915280221828469,1.4247502114198014,-1.0,-1
2026-03-25 18:25:00+00:00,90.33000183105467,90.43000030517578,89.91000366210938,89.97000122070312,11200,2026-03-25,18:25:00,1611.27,1575.0983911518144,6.951038621708342,6.087702237438067,0.814656544074192,1.0,1
2026-03-26 08:35:00+00:00,93.81999969482422,94.12999725341795,93.68000030517578,93.76000213623048,3199,2026-03-26,08:35:00,1058.18,1436.1988312956662,3.0231151599916837,1.490615333580699,1.673664246942646,1.0,1
2026-03-26 12:50:00+00:00,94.45999908447266,94.62999725341795,94.30999755859376,94.33999633789062,3186,2026-03-26,12:50:00,601.47,512.8001453248286,5.297022295376328,5.040033673084965,0.9492207139265962,1.0,1
2026-03-26 13:00:00+00:00,94.0999984741211,94.4800033569336,93.94000244140624,94.43000030517578,3308,2026-03-26,13:00:00,620.045,552.1084692194639,5.335096646211163,4.868527019337452,0.5974219473102016,-1.0,-1
2026-03-26 13:10:00+00:00,93.86000061035156,94.22000122070312,93.4000015258789,94.0999984741211,2766,2026-03-26,13:10:00,635.46,574.6395928827768,4.352752336889812,3.707610868425869,0.8125585238226384,-1.0,-1
2026-03-26 13:15:00+00:00,93.94000244140624,94.0,93.58000183105467,93.87000274658205,2186,2026-03-26,13:15:00,644.58,584.6644904833046,3.3913556114058765,2.6364180227976686,0.5998387898952134,1.0,1
2026-03-26 13:30:00+00:00,93.91000366210938,94.06999969482422,93.56999969482422,93.62999725341795,2205,2026-03-26,13:30:00,660.535,600.1200958325364,3.33820312322587,2.573593203635999,0.4624338069522361,1.0,1
2026-03-26 13:35:00+00:00,94.0,94.12000274658205,93.63999938964844,93.91000366210938,3214,2026-03-26,13:35:00,675.13,626.1176805115705,4.7605646319968,4.054940595074095,0.9130519699579198,1.0,1
2026-03-26 13:40:00+00:00,93.38999938964844,94.13999938964844,93.36000061035156,94.0199966430664,3142,2026-03-26,13:40:00,688.365,649.8187391447419,4.564438924117292,3.7758760284896504,0.8389853137516688,-1.0,-1
2026-03-26 13:45:00+00:00,93.4499969482422,93.56999969482422,93.16999816894533,93.38999938964844,4024,2026-03-26,13:45:00,707.42,690.4171221899192,5.688275706086908,4.803733704460011,1.0069755075229128,1.0,1
2026-03-26 13:50:00+00:00,92.9800033569336,93.43000030517578,92.86000061035156,93.43000030517578,4045,2026-03-26,13:50:00,726.36,728.8846786521273,5.568863924224902,4.553038494562564,0.8467657525643709,-1.0,-1
2026-03-26 13:55:00+00:00,92.86000061035156,93.45999908447266,92.72000122070312,92.98999786376952,5234,2026-03-26,13:55:00,751.11,794.8449663314597,6.968353503481514,5.639955198672772,1.1842801182243718,-1.0,-1
2026-03-26 14:00:00+00:00,92.81999969482422,93.19000244140624,92.62999725341795,92.87999725341795,2874,2026-03-26,14:00:00,764.05,808.1891523833378,3.7615339310254567,2.6107130908374465,0.5901740335746188,-1.0,-1
2026-03-26 14:10:00+00:00,92.6999969482422,93.08000183105467,92.66000366210938,92.9499969482422,2516,2026-03-26,14:10:00,784.195,822.8241457621396,3.2083856693807022,2.1047085320957835,0.7036778072996783,-1.0,-1
2026-03-26 14:15:00+00:00,92.9499969482422,93.0199966430664,92.62999725341795,92.69000244140624,3048,2026-03-26,14:15:00,798.33,837.2560477820914,3.817970012400887,2.686955807556628,0.9185564680177805,1.0,1
2026-03-26 14:20:00+00:00,93.04000091552734,93.13999938964844,92.88999938964844,92.94000244140624,2473,2026-03-26,14:20:00,809.325,844.7412255035717,3.0556327804034225,1.9694492819481386,0.8339937610656775,1.0,1
2026-03-26 14:35:00+00:00,93.0500030517578,93.1500015258789,92.43000030517578,92.7300033569336,3988,2026-03-26,14:35:00,842.4,885.9572173388086,4.734093067426401,3.5505100454495837,0.9473246629847378,1.0,1
2026-03-26 14:40:00+00:00,93.62999725341795,93.73999786376952,92.62000274658205,93.04000091552734,6876,2026-03-26,14:40:00,876.78,981.3778958547592,7.84233216998563,6.113058002773546,1.6395827123695976,1.0,1
2026-03-26 14:45:00+00:00,93.73999786376952,93.91999816894533,93.31999969482422,93.6500015258789,4038,2026-03-26,14:45:00,895.815,1005.4155523661111,4.5076271328343465,3.125259990861776,0.9140011600435723,1.0,1
2026-03-26 14:50:00+00:00,94.01000213623048,94.01000213623048,93.5199966430664,93.72000122070312,2859,2026-03-26,14:50:00,907.89,1014.4236762193232,3.149059908138651,1.9233679632474991,0.7842814525254603,1.0,1
2026-03-26 14:55:00+00:00,93.6999969482422,94.19000244140624,93.62999725341795,94.01000213623048,5268,2026-03-26,14:55:00,933.79,1058.5526317908395,5.641525396502426,4.0944681160231635,1.346862466243748,-1.0,-1
2026-03-26 15:05:00+00:00,94.2300033569336,94.23999786376952,93.5999984741211,94.01000213623048,4029,2026-03-26,15:05:00,967.41,1085.477090717404,4.1647285018761435,2.820501718720347,0.9873789976718539,1.0,1
2026-03-26 15:45:00+00:00,94.2300033569336,94.5999984741211,93.86000061035156,94.55999755859376,4192,2026-03-26,15:45:00,1052.74,1112.738359039695,3.9819898550449304,2.821202283984543,0.7619134168645136,-1.0,-1
2026-03-26 16:25:00+00:00,94.94000244140624,95.0999984741211,94.58000183105467,94.63999938964844,5029,2026-03-26,16:25:00,1141.3,1143.0696132359933,4.4063786909664415,3.401105195154341,1.1201536898083053,1.0,1
2026-03-26 18:10:00+00:00,94.62999725341795,94.83000183105467,94.62999725341795,94.8000030517578,3983,2026-03-26,18:10:00,1305.78,1153.8507526525946,3.050284121368071,2.3202480856777385,0.7819866249463158,-1.0,-1
2026-03-26 18:25:00+00:00,94.43000030517578,94.70999908447266,94.4000015258789,94.63999938964844,8178,2026-03-26,18:25:00,1376.925,1260.5823450366374,5.9393213137970475,5.395185032360844,0.5948447515570305,-1.0,-1
2026-03-26 20:10:00+00:00,92.3499984741211,94.4499969482422,89.51000213623047,94.43000030517578,11566,2026-03-26,20:10:00,1486.495,1431.9885635737503,7.7807190740634855,7.038816689181531,6.5089514966058175,-1.0,-1
2026-03-27 12:10:00+00:00,96.9800033569336,96.98999786376952,96.58999633789062,96.6500015258789,2417,2026-03-27,12:10:00,663.65,946.1427790198453,3.6419799593159046,1.853155822651185,0.9247029004567083,1.0,1
2026-03-27 12:20:00+00:00,97.11000061035156,97.25,96.8000030517578,96.86000061035156,2062,2026-03-27,12:20:00,667.645,950.2877421810919,3.0884676736888617,1.4672976805948155,0.8860718697964226,1.0,1
2026-03-27 13:00:00+00:00,97.02999877929688,97.19000244140624,96.56999969482422,96.7699966430664,2991,2026-03-27,13:00:00,690.245,965.7980817169711,4.333243993074922,2.382231900802471,0.5401720206786013,1.0,1
2026-03-27 13:05:00+00:00,97.20999908447266,97.41000366210938,96.98999786376952,97.05999755859376,3314,2026-03-27,13:05:00,702.98,983.446365272034,4.714216620671996,2.654969393554836,0.8997641309327858,1.0,1
2026-03-27 13:10:00+00:00,97.20999908447266,97.72000122070312,97.11000061035156,97.22000122070312,5079,2026-03-27,13:10:00,726.655,1030.6234810898748,6.989561759019067,4.223021384489936,1.4920407601211787,-1.0,-1
2026-03-27 13:30:00+00:00,97.05999755859376,97.1500015258789,96.63999938964844,96.9000015258789,2511,2026-03-27,13:30:00,754.265,1047.2223105019336,3.329068696015326,1.6775186914782183,0.5266082944476486,1.0,1
2026-03-27 13:45:00+00:00,97.47000122070312,97.5,97.11000061035156,97.36000061035156,2603,2026-03-27,13:45:00,771.02,1058.540134184026,3.376047313947758,1.730666548049384,0.6513810253683255,1.0,1
2026-03-27 13:55:00+00:00,97.76000213623048,97.87000274658205,97.48999786376952,97.5,2310,2026-03-27,13:55:00,713.88,703.1857911564789,3.235837955958985,2.2698410862013816,0.5226761698697552,1.0,1
2026-03-27 14:00:00+00:00,97.37000274658205,97.83999633789062,97.1999969482422,97.7699966430664,2776,2026-03-27,14:00:00,718.055,712.9195772265663,3.865999122629882,2.886643971829075,0.5700497972175163,-1.0,-1
2026-03-27 14:05:00+00:00,97.55999755859376,97.58000183105467,97.19000244140624,97.36000061035156,3983,2026-03-27,14:05:00,728.175,744.2984247601523,5.469838981014179,4.373010732958163,0.8764681611882822,1.0,1
2026-03-27 14:10:00+00:00,97.12000274658205,97.63999938964844,97.06999969482422,97.5500030517578,3038,2026-03-27,14:10:00,736.08,760.3016351964227,4.127268775133137,3.0276404698318222,0.8496713746329184,-1.0,-1
2026-03-27 14:15:00+00:00,97.30999755859376,97.41000366210938,96.86000061035156,97.13999938964844,4656,2026-03-27,14:15:00,754.655,809.145064032516,6.169706687161684,4.821564356528315,1.4031492503578693,1.0,1
2026-03-27 14:20:00+00:00,97.8499984741211,97.97000122070312,97.23999786376952,97.33000183105467,3556,2026-03-27,14:20:00,767.61,832.9223047371148,4.632560805617436,3.3477192099929005,1.1992243487058427,1.0,1
2026-03-27 14:25:00+00:00,97.94000244140624,97.98999786376952,97.63999938964844,97.86000061035156,2933,2026-03-27,14:25:00,779.49,846.7332554763589,3.7627166480647602,2.5433157208269437,0.8669659517079569,1.0,1
2026-03-27 14:30:00+00:00,97.7699966430664,98.0500030517578,97.7300033569336,97.93000030517578,3192,2026-03-27,14:30:00,791.605,863.7455649552388,4.0323140960453765,2.779053343242803,0.841272978849575,-1.0,-1
2026-03-27 14:35:00+00:00,98.20999908447266,98.31999969482422,97.77999877929688,97.79000091552734,3341,2026-03-27,14:35:00,804.94,882.3086530211102,4.150619921981763,2.874345606060062,0.7936338262367124,1.0,1
2026-03-27 14:50:00+00:00,98.18000030517578,98.3499984741211,98.0199966430664,98.06999969482422,2648,2026-03-27,14:50:00,836.35,896.8196613729392,3.166138578346386,2.0200828305063574,0.7263998902719199,1.0,1
2026-03-27 15:20:00+00:00,97.48999786376952,98.0999984741211,97.12999725341795,97.86000061035156,5026,2026-03-27,15:20:00,901.805,955.9557910001305,5.573266947954381,4.3142110114582035,1.2162313404618945,-1.0,-1
2026-03-27 15:25:00+00:00,97.3499984741211,97.6999969482422,97.18000030517578,97.4800033569336,3038,2026-03-27,15:25:00,916.82,965.8056535359286,3.3136275386662595,2.1962803719714303,0.9517916585079302,-1.0,-1
2026-03-27 17:05:00+00:00,98.43000030517578,98.72000122070312,98.08000183105467,98.62000274658205,3738,2026-03-27,17:05:00,1104.9,1017.0298612594567,3.383111593809394,2.5890095269565188,0.8838315920140685,-1.0,-1
2026-03-27 18:05:00+00:00,99.05999755859376,99.13999938964844,98.8499984741211,98.87999725341795,4505,2026-03-27,18:05:00,1205.83,1052.3636908354986,3.7360158562981516,3.1350093401461847,0.8928858993892997,1.0,1
2026-03-27 18:10:00+00:00,99.38999938964844,99.56999969482422,99.02999877929688,99.0500030517578,5503,2026-03-27,18:10:00,1231.57,1093.5986582042335,4.468280325113473,3.9058478793435896,1.0804098410945457,1.0,1
2026-03-27 18:15:00+00:00,99.52999877929688,99.83999633789062,99.37000274658205,99.37000274658205,6517,2026-03-27,18:15:00,1263.02,1153.3748511809395,5.159854950832132,4.555310005780388,1.2079983317500405,1.0,1
2026-03-27 18:20:00+00:00,99.95999908447266,100.04000091552734,99.45999908447266,99.5199966430664,7778,2026-03-27,18:20:00,1299.825,1240.4058520354506,5.983882445713846,5.222625312005425,1.5025052217272146,1.0,1
2026-03-27 18:25:00+00:00,99.5199966430664,100.0,99.48999786376952,99.93000030517578,14027,2026-03-27,18:25:00,1368.39,1530.677305301415,10.25073261277852,8.269940343505203,1.0202845842614903,-1.0,-1
2026-03-27 18:40:00+00:00,99.29000091552734,99.62999725341795,98.77999877929688,99.20999908447266,5168,2026-03-27,18:40:00,1408.505,1562.8411635503514,3.6691385547087156,2.4055515606329734,2.237592682794826,1.0,1
