Datetime,Close,High,Low,Open,Volume,date,time,vol_sma,vol_std,vol_ratio,vol_zscore,rvol,direction,signal,hour,dow,is_spike,spike_group
2026-01-20 19:10:00+00:00,60.20000076293945,60.20000076293945,60.09000015258789,60.130001068115234,4344,2026-01-20,19:10:00,1352.5066666666667,1621.9108916532552,3.2118141130542797,1.8444252077769991,2.1851793630332947,1.0,1,19,Tuesday,1,2
2026-01-20 19:25:00+00:00,60.36000061035156,60.40999984741211,60.22999954223633,60.2400016784668,17610,2026-01-20,19:25:00,1415.4666666666667,1827.1058082610061,12.441126601356443,8.863489602031798,4.015734564734052,1.0,1,19,Tuesday,1,4
2026-01-20 19:30:00+00:00,60.15999984741211,60.349998474121094,60.150001525878906,60.349998474121094,4686,2026-01-20,19:30:00,1427.7306666666666,1833.5882895298198,3.28213164387681,1.7769906973876013,2.233755399970207,-1.0,-1,19,Tuesday,1,4
2026-01-20 20:00:00+00:00,59.900001525878906,60.0099983215332,59.849998474121094,59.93000030517578,5230,2026-01-20,20:00:00,1470.8186666666666,1840.2588879059742,3.555842823135234,2.042745919086904,3.6033242905739997,-1.0,-1,20,Tuesday,1,6
2026-01-20 20:30:00+00:00,59.540000915527344,59.72999954223633,59.47999954223633,59.72999954223633,7179,2026-01-20,20:30:00,1513.504,1857.0570759329735,4.743297672156797,3.050792608059013,5.362464985994397,-1.0,-1,20,Tuesday,1,8
2026-01-20 20:40:00+00:00,59.400001525878906,59.540000915527344,59.380001068115234,59.52000045776367,6405,2026-01-20,20:40:00,1537.0266666666666,1873.2399337923493,4.167136549355032,2.598691841614857,5.658752070679183,-1.0,-1,20,Tuesday,1,10
2026-01-21 09:00:00+00:00,59.290000915527344,59.36000061035156,59.220001220703125,59.310001373291016,4096,2026-01-21,09:00:00,1235.92,1884.7290047617919,3.314130364424882,1.5175019818626292,2.2730299667036626,-1.0,-1,9,Wednesday,1,12
2026-01-21 13:35:00+00:00,60.529998779296875,60.88999938964844,60.5,60.849998474121094,5494,2026-01-21,13:35:00,1234.6373333333333,1511.2640269093622,4.449889738201123,2.818410675318828,1.5607677420500345,-1.0,-1,13,Wednesday,1,14
2026-01-21 14:00:00+00:00,60.349998474121094,60.5,60.31999969482422,60.31999969482422,4341,2026-01-21,14:00:00,1272.6586666666667,1521.1068798294637,3.4109695817888848,2.017176684965974,0.8914215308794086,1.0,1,14,Wednesday,1,16
2026-01-21 14:15:00+00:00,60.31999969482422,60.380001068115234,60.130001068115234,60.310001373291016,6180,2026-01-21,14:15:00,1301.608,1541.51774242245,4.747973276132292,3.16466808376383,1.8624274843667596,1.0,1,14,Wednesday,1,18
2026-01-21 15:15:00+00:00,60.20000076293945,60.22999954223633,60.06999969482422,60.099998474121094,4518,2026-01-21,15:15:00,1372.5413333333333,1554.0215856054342,3.291704147828942,2.024076560970819,1.2768573144451902,1.0,1,15,Wednesday,1,20
2026-01-21 16:20:00+00:00,60.349998474121094,60.45000076293945,60.29999923706055,60.38999938964844,4360,2026-01-21,16:20:00,1434.5173333333332,1578.7444375294888,3.0393498207991914,1.8530438474542672,1.2548793869511252,-1.0,-1,16,Wednesday,1,22
2026-01-21 18:00:00+00:00,60.63999938964844,60.72999954223633,60.369998931884766,60.38999938964844,5460,2026-01-21,18:00:00,1444.9813333333334,1580.283286109331,3.778595525109436,2.5406955208339084,1.3345554537121906,1.0,1,18,Wednesday,1,24
2026-01-21 19:25:00+00:00,60.599998474121094,60.65999984741211,60.459999084472656,60.470001220703125,7633,2026-01-21,19:25:00,1507.672,1614.7681218414946,5.062772274075528,3.7933173916107696,1.7406077190582065,1.0,1,19,Wednesday,1,26
2026-01-22 09:00:00+00:00,60.220001220703125,60.38999938964844,60.150001525878906,60.380001068115234,4216,2026-01-22,09:00:00,886.68,1097.197771963712,4.7548157170568865,3.034384579583444,2.339622641509434,-1.0,-1,9,Thursday,1,28
2026-01-22 10:20:00+00:00,59.939998626708984,60.119998931884766,59.7599983215332,60.11000061035156,7000,2026-01-22,10:20:00,924.2133333333334,1136.6578705991542,7.574008886837094,5.3453082267085374,5.40723217303143,-1.0,-1,10,Thursday,1,30
2026-01-22 11:15:00+00:00,59.68000030517578,59.849998474121094,59.65999984741211,59.849998474121094,3592,2026-01-22,11:15:00,947.352,1141.9125428174632,3.7916212769910236,2.315981216455341,1.9280083196350095,-1.0,-1,11,Thursday,1,32
2026-01-22 11:20:00+00:00,59.630001068115234,59.68000030517578,59.52000045776367,59.68000030517578,3832,2026-01-22,11:20:00,956.5386666666667,1151.2120829215278,4.006110922158226,2.497768548464183,1.8403169648217073,-1.0,-1,11,Thursday,1,32
2026-01-22 11:30:00+00:00,59.560001373291016,59.70000076293945,59.4900016784668,59.689998626708984,4232,2026-01-22,11:30:00,969.4586666666667,1162.2180862348832,4.365322778072711,2.8071679248278167,1.91949200589636,-1.0,-1,11,Thursday,1,34
2026-01-22 14:10:00+00:00,59.95000076293945,59.97999954223633,59.849998474121094,59.869998931884766,3967,2026-01-22,14:10:00,1065.4293333333333,1161.7045445679682,3.7233816226823118,2.4976838390055067,1.10949517549993,1.0,1,14,Thursday,1,36
2026-01-22 14:30:00+00:00,59.630001068115234,59.97999954223633,59.41999816894531,59.93000030517578,12644,2026-01-22,14:30:00,1110.864,1304.4765808184288,11.38213138602025,8.8411982013231,3.3324108848916123,-1.0,-1,14,Thursday,1,38
2026-01-22 14:35:00+00:00,59.540000915527344,59.72999954223633,59.4900016784668,59.63999938964844,5554,2026-01-22,14:35:00,1125.28,1323.539392309367,4.935660457841604,3.346118767400329,1.319318249302215,-1.0,-1,14,Thursday,1,38
2026-01-22 14:40:00+00:00,59.470001220703125,59.68000030517578,59.41999816894531,59.54999923706055,3936,2026-01-22,14:40:00,1135.5706666666667,1330.351652153891,3.4660986898804476,2.105029394896702,0.9385394932935917,-1.0,-1,14,Thursday,1,38
2026-01-22 16:35:00+00:00,59.439998626708984,59.630001068115234,59.38999938964844,59.540000915527344,3980,2026-01-22,16:35:00,1245.512,1361.0646191797373,3.1954730263538207,2.0090802166674306,1.2738547709541908,-1.0,-1,16,Thursday,1,40
2026-01-22 17:00:00+00:00,59.380001068115234,59.47999954223633,59.34000015258789,59.47999954223633,5317,2026-01-22,17:00:00,1268.9573333333333,1381.9703202634716,4.190054196726341,2.929182057900426,1.4380958820745149,-1.0,-1,17,Thursday,1,42
2026-01-22 17:40:00+00:00,59.20000076293945,59.310001373291016,59.119998931884766,59.310001373291016,3917,2026-01-22,17:40:00,1273.5813333333333,1382.500322759951,3.075578997179607,1.912056455357265,1.0340207886487378,-1.0,-1,17,Thursday,1,44
2026-01-22 17:50:00+00:00,59.0099983215332,59.15999984741211,58.959999084472656,59.15999984741211,6283,2026-01-22,17:50:00,1292.176,1408.9950095211873,4.862340733770013,3.542116165263077,1.9294831193259248,-1.0,-1,17,Thursday,1,46
2026-01-22 19:25:00+00:00,59.36000061035156,59.38999938964844,59.27000045776367,59.290000915527344,8801,2026-01-22,19:25:00,1334.5413333333333,1466.0307110517422,6.594775133728842,5.092975618027926,2.006955133686791,1.0,1,19,Thursday,1,48
2026-01-23 13:50:00+00:00,60.9900016784668,61.02000045776367,60.689998626708984,60.709999084472656,4581,2026-01-23,13:50:00,964.4293333333334,1282.9046962128793,4.749959215950849,2.819048583532934,0.9589700648942852,1.0,1,13,Friday,1,50
2026-01-23 13:55:00+00:00,61.02000045776367,61.060001373291016,60.900001525878906,60.97999954223633,3438,2026-01-23,13:55:00,973.2986666666667,1288.480683618128,3.5323175893935947,1.9128741041055501,0.7779050528191421,1.0,1,13,Friday,1,50
2026-01-23 14:00:00+00:00,61.029998779296875,61.20000076293945,61.0,61.0099983215332,5531,2026-01-23,14:00:00,987.816,1308.9738891681766,5.599220907537436,3.4707980331732142,1.1357872580727963,1.0,1,14,Friday,1,50
2026-01-23 14:05:00+00:00,60.93000030517578,61.04999923706055,60.91999816894531,61.029998779296875,5292,2026-01-23,14:05:00,1001.792,1326.8025331479857,5.2825336996102985,3.233493977299702,1.164516572686013,-1.0,-1,14,Friday,1,50
2026-01-23 14:30:00+00:00,61.13999938964844,61.18000030517578,60.970001220703125,61.0099983215332,3434,2026-01-23,14:30:00,1035.632,1338.2289329737741,3.3158496454338993,1.7921955959137836,0.905053699677143,1.0,1,14,Friday,1,52
2026-01-23 14:40:00+00:00,61.220001220703125,61.2599983215332,61.16999816894531,61.18000030517578,3427,2026-01-23,14:40:00,1051.4213333333332,1345.364582348115,3.259397437880913,1.765750858789876,0.8171684053651267,1.0,1,14,Friday,1,54
2026-01-23 14:45:00+00:00,61.15999984741211,61.2400016784668,61.08000183105469,61.220001220703125,3967,2026-01-23,14:45:00,1061.672,1352.8949161558799,3.736558937223549,2.1474897756695017,0.8979303125044209,-1.0,-1,14,Friday,1,54
2026-01-23 14:50:00+00:00,61.11000061035156,61.15999984741211,61.040000915527344,61.15999984741211,3365,2026-01-23,14:50:00,1069.976,1357.4548502788048,3.1449303535780238,1.69068164552849,0.9230874738538559,-1.0,-1,14,Friday,1,54
2026-01-23 15:35:00+00:00,60.93000030517578,61.029998779296875,60.90999984741211,61.02000045776367,3604,2026-01-23,15:35:00,1117.2453333333333,1369.298969152956,3.225791052755945,1.8160786816373382,1.024591329068941,-1.0,-1,15,Friday,1,56
2026-01-23 19:10:00+00:00,61.11000061035156,61.16999816894531,60.97999954223633,61.060001373291016,4520,2026-01-23,19:10:00,1204.9946666666667,1351.8027159534702,3.751053946573484,2.4522848594775555,2.273713333542931,1.0,1,19,Friday,1,58
2026-01-23 19:25:00+00:00,61.04999923706055,61.13999938964844,61.04999923706055,61.060001373291016,11375,2026-01-23,19:25:00,1244.9546666666668,1451.4422609862322,9.136878879659339,6.979296115058774,2.593922809417935,-1.0,-1,19,Friday,1,60
2026-01-26 08:00:00+00:00,60.869998931884766,61.0,60.84000015258789,60.95000076293945,2487,2026-01-26,08:00:00,797.6453333333334,1066.2250841285584,3.1179270987606853,1.584425926395646,1.4209398657334666,-1.0,-1,8,Monday,1,62
2026-01-26 13:30:00+00:00,60.689998626708984,60.77000045776367,60.560001373291016,60.77000045776367,2854,2026-01-26,13:30:00,924.8586666666666,1050.4530108956887,3.085876905155959,1.8364851291048367,0.5985424421957741,-1.0,-1,13,Monday,1,64
2026-01-26 14:05:00+00:00,60.77000045776367,60.84000015258789,60.70000076293945,60.81999969482422,3342,2026-01-26,14:05:00,955.2746666666667,1056.1981445795043,3.4984702479984815,2.2597325564168087,0.7354146609819833,-1.0,-1,14,Monday,1,66
2026-01-26 14:25:00+00:00,60.650001525878906,60.869998931884766,60.529998779296875,60.81999969482422,3802,2026-01-26,14:25:00,974.9146666666667,1064.4755471873045,3.8998284978104065,2.65584807542402,1.1238338044301577,-1.0,-1,14,Monday,1,68
2026-01-26 14:30:00+00:00,60.790000915527344,60.81999969482422,60.540000915527344,60.650001525878906,6030,2026-01-26,14:30:00,990.6773333333333,1095.091855055506,6.086744691847194,4.601735136100746,1.5892468867365093,1.0,1,14,Monday,1,68
2026-01-26 15:40:00+00:00,60.54999923706055,60.66999816894531,60.41999816894531,60.63999938964844,4383,2026-01-26,15:40:00,1063.0053333333333,1116.364084886715,4.12321543698746,2.973935395819876,0.9091946273920033,-1.0,-1,15,Monday,1,70
2026-01-26 18:15:00+00:00,60.650001525878906,60.75,60.61000061035156,60.7400016784668,3866,2026-01-26,18:15:00,1124.2826666666667,1121.8196067311103,3.4386370212947632,2.4439912771024486,0.7166060381380477,-1.0,-1,18,Monday,1,72
2026-01-26 18:45:00+00:00,60.66999816894531,60.810001373291016,60.560001373291016,60.56999969482422,3454,2026-01-26,18:45:00,1136.7813333333334,1126.8484565528977,3.0384031640209903,2.0563711590422624,2.1690019231524,1.0,1,18,Monday,1,74
2026-01-26 19:25:00+00:00,60.630001068115234,60.68000030517578,60.599998474121094,60.63999938964844,7373,2026-01-26,19:25:00,1168.8586666666667,1170.5127807123888,6.307862712800178,5.300361888878663,1.6813180548429394,-1.0,-1,19,Monday,1,76
2026-01-26 20:20:00+00:00,60.619998931884766,60.70000076293945,60.31999969482422,60.70000076293945,8972,2026-01-26,20:20:00,1202.712,1239.1562841358495,7.459807501712795,6.269820925306504,4.8356801185744125,-1.0,-1,20,Monday,1,78
2026-01-27 08:50:00+00:00,60.34000015258789,60.38999938964844,60.27000045776367,60.290000915527344,2353,2026-01-27,08:50:00,736.88,955.4527912794176,3.193192921506894,1.6914702795895369,1.6529680365296804,1.0,1,8,Tuesday,1,80
2026-01-27 10:10:00+00:00,60.88999938964844,61.0,60.790000915527344,60.810001373291016,2598,2026-01-27,10:10:00,752.1573333333333,957.3505185077103,3.4540645751420804,1.928074024072094,1.802367428348437,1.0,1,10,Tuesday,1,82
2026-01-27 13:30:00+00:00,61.16999816894531,61.310001373291016,61.099998474121094,61.130001068115234,3174,2026-01-27,13:30:00,821.112,954.4112546682526,3.8654897261274956,2.4652768798476177,0.6656530173543753,1.0,1,13,Tuesday,1,84
2026-01-27 13:40:00+00:00,61.619998931884766,61.650001525878906,61.279998779296875,61.279998779296875,10171,2026-01-27,13:40:00,852.8133333333334,1069.0090905369416,11.926408280045653,8.716658023914773,2.71588785046729,1.0,1,13,Tuesday,1,86
2026-01-27 13:45:00+00:00,61.560001373291016,61.689998626708984,61.52000045776367,61.61000061035156,5193,2026-01-27,13:45:00,866.1466666666666,1091.6982342117717,5.995520389156571,3.9634151615692677,1.2995088992461448,-1.0,-1,13,Tuesday,1,86
2026-01-27 13:50:00+00:00,61.709999084472656,61.86000061035156,61.4900016784668,61.560001373291016,6537,2026-01-27,13:50:00,883.1813333333333,1129.6567834142018,7.401651001077921,5.0048994966231515,1.3684320703370316,1.0,1,13,Tuesday,1,86
2026-01-27 13:55:00+00:00,61.779998779296875,61.779998779296875,61.66999816894531,61.709999084472656,2912,2026-01-27,13:55:00,890.5733333333334,1133.8423620419107,3.2698037219469103,1.7828110276514326,0.6588887474721763,1.0,1,13,Tuesday,1,86
2026-01-27 14:00:00+00:00,61.63999938964844,61.810001373291016,61.599998474121094,61.779998779296875,6764,2026-01-27,14:00:00,908.3653333333333,1172.9511126635873,7.446343174699167,4.992223975447231,1.3889830073412393,-1.0,-1,14,Tuesday,1,86
2026-01-27 14:05:00+00:00,61.5,61.68000030517578,61.5,61.63999938964844,3266,2026-01-27,14:05:00,916.8666666666667,1178.45678265764,3.562131898494874,1.9933979488289755,0.7186906890386466,-1.0,-1,14,Tuesday,1,86
2026-01-27 14:10:00+00:00,61.470001220703125,61.540000915527344,61.45000076293945,61.5,2848,2026-01-27,14:10:00,922.776,1182.5733487149557,3.0863394800038146,1.6279954237866483,0.7965319535729268,-1.0,-1,14,Tuesday,1,86
2026-01-27 14:15:00+00:00,61.400001525878906,61.5099983215332,61.369998931884766,61.459999084472656,3078,2026-01-27,14:15:00,930.1546666666667,1187.3685922556729,3.309127084241187,1.8089120323226837,0.9275973781360657,-1.0,-1,14,Tuesday,1,86
2026-01-27 14:20:00+00:00,61.279998779296875,61.400001525878906,61.22999954223633,61.38999938964844,5207,2026-01-27,14:20:00,941.5653333333333,1207.7338749487603,5.530152625273658,3.531767018497874,1.7560070820335554,-1.0,-1,14,Tuesday,1,86
2026-01-27 14:25:00+00:00,61.16999816894531,61.349998474121094,61.11000061035156,61.279998779296875,4171,2026-01-27,14:25:00,951.0506666666666,1219.0691921654748,4.385675912114041,2.6413179448933706,1.2329065750337158,-1.0,-1,14,Tuesday,1,86
2026-01-27 14:30:00+00:00,60.97999954223633,61.25,60.939998626708984,61.16999816894531,6451,2026-01-27,14:30:00,967.088,1251.4176475497404,6.670540840130371,4.382159713615538,1.7002042564406668,-1.0,-1,14,Tuesday,1,86
2026-01-27 14:35:00+00:00,61.15999984741211,61.209999084472656,60.97999954223633,60.9900016784668,4030,2026-01-27,14:35:00,976.4506666666666,1261.1524171769065,4.127192635094724,2.4212373474799445,0.9573015024645168,1.0,1,14,Tuesday,1,86
2026-01-27 14:40:00+00:00,61.25,61.33000183105469,61.09000015258789,61.15999984741211,3263,2026-01-27,14:40:00,981.6293333333333,1266.5467003064027,3.3240652955222747,1.8012527024189142,0.7780625931445604,1.0,1,14,Tuesday,1,86
2026-01-27 15:15:00+00:00,61.22999954223633,61.369998931884766,61.18000030517578,61.33000183105469,4161,2026-01-27,15:15:00,1017.0346666666667,1285.481289577498,4.091305966627162,2.445749587196767,1.1759635425866393,-1.0,-1,15,Tuesday,1,88
2026-01-27 15:50:00+00:00,61.59000015258789,61.63999938964844,61.5,61.5,3612,2026-01-27,15:50:00,1040.92,1294.8367865269006,3.4700073012335237,1.985640218715384,0.8649684197922591,1.0,1,15,Tuesday,1,90
2026-01-27 16:15:00+00:00,61.75,61.75,61.650001525878906,61.720001220703125,3236,2026-01-27,16:15:00,1054.0266666666666,1301.8870669592886,3.070131052977787,1.6760081490244698,0.9394005370491327,1.0,1,16,Tuesday,1,92
2026-01-27 16:25:00+00:00,61.86000061035156,61.959999084472656,61.75,61.77000045776367,5422,2026-01-27,16:25:00,1070.6266666666668,1322.7890844174015,5.064323698270171,3.289544330682028,1.2076900588865842,1.0,1,16,Tuesday,1,94
2026-01-27 17:00:00+00:00,62.02000045776367,62.06999969482422,61.86000061035156,61.88999938964844,3720,2026-01-27,17:00:00,1087.0106666666666,1333.3669837126226,3.4222295273398116,1.974692163144798,1.0061532219893163,1.0,1,17,Tuesday,1,96
2026-01-27 17:35:00+00:00,62.11000061035156,62.189998626708984,62.06999969482422,62.09000015258789,3491,2026-01-27,17:35:00,1114.208,1344.0588339554506,3.133167236279043,1.768369017749992,1.0012009535930022,1.0,1,17,Tuesday,1,98
2026-01-27 18:40:00+00:00,61.970001220703125,62.02000045776367,61.93000030517578,61.97999954223633,3750,2026-01-27,18:40:00,1168.7253333333333,1360.416502663849,3.2086238682827104,1.8974149913737737,1.6236402013313849,-1.0,-1,18,Tuesday,1,100
2026-01-27 19:20:00+00:00,62.36000061035156,62.369998931884766,62.189998626708984,62.189998626708984,6915,2026-01-27,19:20:00,1218.6186666666667,1397.5412619293231,5.674457637281118,4.076002253750567,2.2154141887427166,1.0,1,19,Tuesday,1,102
2026-01-27 19:25:00+00:00,62.38999938964844,62.439998626708984,62.290000915527344,62.349998474121094,13947,2026-01-27,19:25:00,1255.0186666666666,1543.6023919942616,11.112982117663059,8.222312558699713,3.180434410808962,1.0,1,19,Tuesday,1,102
2026-01-27 19:30:00+00:00,62.52000045776367,62.52000045776367,62.369998931884766,62.380001068115234,5469,2026-01-27,19:30:00,1268.8026666666667,1558.0627363386873,4.310362945853413,2.6957819061916815,2.6070013406822583,1.0,1,19,Tuesday,1,102
2026-01-27 19:45:00+00:00,62.33000183105469,62.43000030517578,62.29999923706055,62.43000030517578,4856,2026-01-27,19:45:00,1290.0853333333334,1574.5322242872862,3.76409209106581,2.2647454346517306,3.381615598885794,-1.0,-1,19,Tuesday,1,104
2026-01-28 12:10:00+00:00,62.4900016784668,63.16999816894531,62.400001525878906,62.5099983215332,12232,2026-01-28,12:10:00,1070.4,1552.104684572421,11.427503736920777,7.191267516259598,4.679754190478468,-1.0,-1,12,Wednesday,1,106
2026-01-28 12:15:00+00:00,62.720001220703125,62.790000915527344,62.45000076293945,62.5,3329,2026-01-28,12:15:00,1079.1333333333334,1555.5802873214313,3.0848829307468955,1.4463198621144358,1.3625294177836897,1.0,1,12,Wednesday,1,106
2026-01-28 13:20:00+00:00,63.04999923706055,63.06999969482422,62.81999969482422,62.81999969482422,4622,2026-01-28,13:20:00,1138.8373333333334,1559.952574588769,4.058525185920611,2.232864462296163,1.3224606580829756,1.0,1,13,Wednesday,1,108
2026-01-28 13:30:00+00:00,63.02000045776367,63.150001525878906,63.0,63.11000061035156,4117,2026-01-28,13:30:00,1156.5573333333334,1567.268548117393,3.5597024733173623,1.8889185712447034,0.8634194935248781,-1.0,-1,13,Wednesday,1,110
2026-01-28 14:00:00+00:00,63.459999084472656,63.5,63.290000915527344,63.349998474121094,6590,2026-01-28,14:00:00,1205.5466666666666,1594.9409146460941,5.466399752256238,3.3759578702187247,1.3532522203398532,1.0,1,14,Wednesday,1,112
2026-01-28 14:05:00+00:00,63.43000030517578,63.52000045776367,63.40999984741211,63.470001220703125,5358,2026-01-28,14:05:00,1219.5573333333334,1608.259688601991,4.393397385718096,2.573242801518008,1.1790400220052262,-1.0,-1,14,Wednesday,1,112
2026-01-28 14:10:00+00:00,63.34000015258789,63.439998626708984,63.29999923706055,63.439998626708984,4418,2026-01-28,14:10:00,1228.0293333333334,1616.7186106376623,3.5976339327399343,1.97311433522033,1.2356313802265417,-1.0,-1,14,Wednesday,1,112
2026-01-28 14:15:00+00:00,63.150001525878906,63.5,63.11000061035156,63.349998474121094,6315,2026-01-28,14:15:00,1244.456,1636.9546371299937,5.074506451011526,3.0975470455858076,1.9031115798990432,-1.0,-1,14,Wednesday,1,112
2026-01-28 14:20:00+00:00,63.029998779296875,63.189998626708984,62.869998931884766,63.150001525878906,13934,2026-01-28,14:20:00,1281.1093333333333,1762.3398402729222,10.876511190301738,7.179597474631905,4.699097883820926,-1.0,-1,14,Wednesday,1,112
2026-01-28 14:25:00+00:00,63.040000915527344,63.20000076293945,63.02000045776367,63.02000045776367,4620,2026-01-28,14:25:00,1292.928,1769.834672371804,3.573284823284823,1.8798772856796278,1.3656265587762568,1.0,1,14,Wednesday,1,112
2026-01-28 15:05:00+00:00,62.779998779296875,63.2599983215332,62.63999938964844,63.220001220703125,9323,2026-01-28,15:05:00,1363.5333333333333,1821.105208392873,6.837383268958099,4.370679206222744,2.2847690234039946,-1.0,-1,15,Wednesday,1,114
2026-01-28 15:35:00+00:00,63.02000045776367,63.099998474121094,62.939998626708984,63.040000915527344,4562,2026-01-28,15:35:00,1403.2,1828.326792715833,3.251140250855188,1.7276998907333494,1.2969438521677328,-1.0,-1,15,Wednesday,1,116
2026-01-28 19:25:00+00:00,63.15999984741211,63.290000915527344,63.13999938964844,63.2400016784668,8387,2026-01-28,19:25:00,1558.624,1849.9335050804532,5.381028394275977,3.6911467256781405,1.912547745282481,-1.0,-1,19,Wednesday,1,118
2026-01-29 13:15:00+00:00,65.25,65.41000366210938,65.0199966430664,65.02999877929688,5754,2026-01-29,13:15:00,1151.312,1459.577063582035,4.997776449824201,3.153439523572856,1.5788986262841072,1.0,1,13,Thursday,1,120
2026-01-29 13:50:00+00:00,65.4800033569336,65.52999877929688,65.19999694824219,65.23999786376953,9645,2026-01-29,13:50:00,1227.952,1543.7259367333672,7.854541545597874,5.452423775305005,2.0190496127276534,1.0,1,13,Thursday,1,122
2026-01-29 13:55:00+00:00,65.44999694824219,65.62999725341797,65.43000030517578,65.4800033569336,7788,2026-01-29,13:55:00,1248.392,1579.3894875589624,6.238425110061583,4.140592331095823,1.762165372703746,-1.0,-1,13,Thursday,1,122
2026-01-29 14:00:00+00:00,65.76000213623047,65.80000305175781,65.4000015258789,65.45999908447266,8035,2026-01-29,14:00:00,1269.1946666666668,1616.9217029758627,6.3307861363006035,4.18437412329936,1.649982031931824,1.0,1,14,Thursday,1,122
2026-01-29 14:10:00+00:00,66.11000061035156,66.11000061035156,65.73999786376953,65.73999786376953,6028,2026-01-29,14:10:00,1297.5253333333333,1643.6800789376898,4.645766710784838,2.877977732579184,1.6859180534191023,1.0,1,14,Thursday,1,124
2026-01-29 14:15:00+00:00,66.19999694824219,66.4000015258789,66.04000091552734,66.0999984741211,10388,2026-01-29,14:15:00,1322.7066666666667,1709.2893101552613,7.8535931373043155,5.30354532698148,3.130565810291569,1.0,1,14,Thursday,1,124
2026-01-29 14:20:00+00:00,66.19000244140625,66.22000122070312,65.95999908447266,66.20999908447266,11920,2026-01-29,14:20:00,1352.0933333333332,1794.6032166385241,8.815959450531029,5.88871488064166,4.019897141893601,-1.0,-1,14,Thursday,1,124
2026-01-29 14:25:00+00:00,66.2699966430664,66.38999938964844,66.16999816894531,66.19999694824219,8315,2026-01-29,14:25:00,1371.8133333333333,1830.120973568854,6.061320296250219,3.7938402799280557,2.457832215633025,1.0,1,14,Thursday,1,124
2026-01-29 14:30:00+00:00,66.18000030517578,66.29000091552734,66.04000091552734,66.27999877929688,9835,2026-01-29,14:30:00,1397.5786666666668,1880.5176422337083,7.037170954717873,4.486754680648054,2.592080121236081,-1.0,-1,14,Thursday,1,124
2026-01-29 14:35:00+00:00,66.37000274658203,66.44000244140625,66.12999725341797,66.18000030517578,7442,2026-01-29,14:35:00,1416.4213333333332,1905.4887602886693,5.254086354719312,3.1622220987301075,1.7678009382979987,1.0,1,14,Thursday,1,124
2026-01-29 14:40:00+00:00,66.33999633789062,66.4800033569336,66.33000183105469,66.37000274658203,7565,2026-01-29,14:40:00,1436.0586666666666,1930.7081177954396,5.267890633994526,3.1744525632033938,1.8038748137108793,-1.0,-1,14,Thursday,1,124
2026-01-29 14:45:00+00:00,66.26000213623047,66.3499984741211,66.18000030517578,66.33999633789062,5756,2026-01-29,14:45:00,1450.8746666666666,1942.479525979227,3.96726204698591,2.2163040978066775,1.3028704004979699,-1.0,-1,14,Thursday,1,124
2026-01-29 14:50:00+00:00,66.19000244140625,66.30999755859375,65.9800033569336,66.2699966430664,6307,2026-01-29,14:50:00,1467.1946666666668,1957.4835728402402,4.298679748017986,2.472462809131494,1.7301375030003772,-1.0,-1,14,Thursday,1,124
2026-01-29 15:00:00+00:00,65.95999908447266,66.19000244140625,65.88999938964844,66.12999725341797,7489,2026-01-29,15:00:00,1497.5653333333332,1984.1708987583452,5.00078349391991,3.0196162389116723,1.5057617150684244,-1.0,-1,15,Thursday,1,126
2026-01-29 15:05:00+00:00,65.7699966430664,66.0,65.76000213623047,65.94999694824219,6542,2026-01-29,15:05:00,1514.4773333333333,2000.0459644165594,4.319642067934549,2.513703562874498,1.6032348976841073,-1.0,-1,15,Thursday,1,126
2026-01-29 15:10:00+00:00,65.25,65.81999969482422,65.18000030517578,65.7699966430664,11787,2026-01-29,15:10:00,1544.888,2068.329068875424,7.629679303612948,4.951877413572668,3.3501261235655666,-1.0,-1,15,Thursday,1,126
2026-01-29 15:15:00+00:00,65.3499984741211,65.41999816894531,64.86000061035156,65.23999786376953,11518,2026-01-29,15:15:00,1574.168,2130.8117044518212,7.316881044462853,4.666687337611645,3.255166566573639,1.0,1,15,Thursday,1,126
2026-01-29 15:20:00+00:00,65.11000061035156,65.51000213623047,65.06999969482422,65.3499984741211,10729,2026-01-29,15:20:00,1600.4213333333332,2182.3123679256882,6.70385965029209,4.182984434690933,2.596288510110558,-1.0,-1,15,Thursday,1,126
2026-01-29 15:25:00+00:00,65.12000274658203,65.26000213623047,65.06999969482422,65.11000061035156,5389,2026-01-29,15:25:00,1613.984,2190.0182439500873,3.3389426413149077,1.7237372384583827,1.688349324456628,1.0,1,15,Thursday,1,126
2026-01-29 15:30:00+00:00,65.0,65.20999908447266,64.63999938964844,65.12000274658203,10114,2026-01-29,15:30:00,1639.9146666666666,2232.640262895232,6.16739407578931,3.7955444386478776,2.8152117184509935,-1.0,-1,15,Thursday,1,126
2026-01-29 15:35:00+00:00,64.93000030517578,65.11000061035156,64.87999725341797,65.0,5383,2026-01-29,15:35:00,1652.136,2240.5598111969252,3.258206346208787,1.6651481390300142,1.5303482587064676,-1.0,-1,15,Thursday,1,126
2026-01-29 15:40:00+00:00,64.7300033569336,65.04000091552734,64.69999694824219,64.94000244140625,5463,2026-01-29,15:40:00,1665.88,2248.093860202032,3.279347852186232,1.6890397982132115,1.133226157755536,-1.0,-1,15,Thursday,1,126
2026-01-29 16:00:00+00:00,65.36000061035156,65.6500015258789,65.36000061035156,65.43000030517578,5362,2026-01-29,16:00:00,1707.8986666666667,2267.52648585097,3.139530526401254,1.6114922388489772,1.3515872390705002,-1.0,-1,16,Thursday,1,128
2026-01-29 16:35:00+00:00,65.37000274658203,65.58000183105469,65.29000091552734,65.55999755859375,5539,2026-01-29,16:35:00,1777.5893333333333,2293.139592172864,3.116017797886576,1.6402885718363716,1.7728345669133827,-1.0,-1,16,Thursday,1,130
2026-01-29 16:45:00+00:00,65.19000244140625,65.22000122070312,64.87999725341797,65.16999816894531,6297,2026-01-29,16:45:00,1799.2853333333333,2306.9283015344618,3.4997228529253097,1.9496551599262948,2.006452383797347,1.0,1,16,Thursday,1,132
2026-01-29 17:05:00+00:00,65.13999938964844,65.38999938964844,65.08999633789062,65.38999938964844,7371,2026-01-29,17:05:00,1833.8906666666667,2326.868296853511,4.019323580177081,2.3796401974365486,1.7428364539153822,-1.0,-1,17,Thursday,1,134
2026-01-29 19:25:00+00:00,65.37999725341797,65.58999633789062,65.33000183105469,65.3499984741211,13083,2026-01-29,19:25:00,2018.16,2401.7344158499445,6.482637650136758,4.6070206293331095,2.9834102958782283,1.0,1,19,Thursday,1,136
2026-01-30 11:30:00+00:00,64.62999725341797,65.02999877929688,64.30000305175781,65.01000213623047,6968,2026-01-30,11:30:00,1656.1146666666666,2199.4201691353296,4.207438132303238,2.4151298637138647,3.1604490305023245,-1.0,-1,11,Friday,1,138
2026-01-30 12:50:00+00:00,65.31999969482422,65.33999633789062,65.16000366210938,65.16000366210938,6743,2026-01-30,12:50:00,1710.744,2206.1367166074797,3.9415599294809747,2.281026358030262,2.008975290021042,1.0,1,12,Friday,1,140
2026-01-30 14:00:00+00:00,65.48999786376953,65.62999725341797,65.27999877929688,65.30000305175781,7287,2026-01-30,14:00:00,1782.616,2213.3668818688884,4.087812518231632,2.4868827870742756,1.4963807176959802,1.0,1,14,Friday,1,142
2026-01-30 14:30:00+00:00,65.87000274658203,65.91999816894531,65.66000366210938,65.69000244140625,5737,2026-01-30,14:30:00,1836.5173333333332,2219.4685515764163,3.1238474561997056,1.7573948790111402,1.5120247743295776,1.0,1,14,Friday,1,144
2026-02-02 18:50:00+00:00,61.61000061035156,61.650001525878906,61.540000915527344,61.650001525878906,117622,2026-02-02,18:50:00,2199.92,6372.698831735264,53.466489690534196,18.111962144705803,61.82699825881271,-1.0,-1,18,Monday,1,146
2026-02-02 19:25:00+00:00,62.189998626708984,62.220001220703125,61.970001220703125,61.9900016784668,15375,2026-02-02,19:25:00,2259.941333333333,6405.205431277741,6.803273949294259,2.0475625344697828,3.5060714896528133,1.0,1,19,Monday,1,148
2026-02-03 14:00:00+00:00,62.56999969482422,62.599998474121094,62.38999938964844,62.599998474121094,3663,2026-02-03,14:00:00,1198.84,6155.418930473024,3.055453605151647,0.4003236867926123,0.7521946711843523,-1.0,-1,14,Tuesday,1,150
2026-02-03 14:30:00+00:00,62.650001525878906,62.77000045776367,62.54999923706055,62.709999084472656,3704,2026-02-03,14:30:00,1210.496,6155.0796116746915,3.059902717563709,0.405113200367129,0.9762140080384792,-1.0,-1,14,Tuesday,1,152
2026-02-03 14:35:00+00:00,62.880001068115234,62.95000076293945,62.630001068115234,62.65999984741211,4583,2026-02-03,14:35:00,1221.872,6157.3656595921875,3.750802048005028,0.5458711055699448,1.0886632222816082,1.0,1,14,Tuesday,1,152
2026-02-03 14:50:00+00:00,63.0099983215332,63.130001068115234,62.880001068115234,62.93000030517578,4433,2026-02-03,14:50:00,1243.3893333333333,6160.036839938916,3.565254969749352,0.5177908427408521,1.2160614477248568,1.0,1,14,Tuesday,1,154
2026-02-03 15:10:00+00:00,62.650001525878906,62.810001373291016,62.52000045776367,62.7599983215332,3925,2026-02-03,15:10:00,1267.6186666666667,6162.125227720588,3.0963570537511806,0.4312442923715649,1.115571819376843,-1.0,-1,15,Tuesday,1,156
2026-02-03 16:05:00+00:00,62.75,62.869998931884766,62.619998931884766,62.66999816894531,4222,2026-02-03,16:05:00,1322.0746666666666,6163.305333676177,3.1934656237267487,0.47051463075960226,1.2084220318062289,1.0,1,16,Tuesday,1,158
2026-02-03 16:55:00+00:00,62.66999816894531,62.7400016784668,62.52000045776367,62.65999984741211,4738,2026-02-03,16:55:00,1387.7546666666667,6167.946985818257,3.414148129928825,0.5431702543871461,1.821519534816666,1.0,1,16,Tuesday,1,160
2026-02-03 17:10:00+00:00,63.470001220703125,63.7400016784668,62.59000015258789,62.619998931884766,25286,2026-02-03,17:10:00,1468.4826666666668,6290.798255723788,17.219134126654087,3.7860882459014746,8.69028031360756,1.0,1,17,Tuesday,1,162
2026-02-03 17:15:00+00:00,63.33000183105469,63.529998779296875,63.119998931884766,63.470001220703125,9469,2026-02-03,17:15:00,1492.08,6304.189446005171,6.346174467856952,1.2653363399564084,2.678500079557308,-1.0,-1,17,Tuesday,1,162
2026-02-03 17:20:00+00:00,62.970001220703125,63.34000015258789,62.900001525878906,63.33000183105469,5721,2026-02-03,17:20:00,1505.9066666666668,6307.771900352815,3.7990402238297194,0.668238072004089,1.796197091893801,-1.0,-1,17,Tuesday,1,162
2026-02-03 18:05:00+00:00,62.970001220703125,63.209999084472656,62.599998474121094,63.15999984741211,9467,2026-02-03,18:05:00,1572.3866666666668,6319.659914133277,6.020783691882404,1.24921490089646,1.8763486813581578,-1.0,-1,18,Tuesday,1,164
2026-02-03 19:25:00+00:00,63.15999984741211,63.349998474121094,63.13999938964844,63.25,20810,2026-02-03,19:25:00,1702.2053333333333,6396.4656093775775,12.225317118028848,2.9872426170248723,4.745453508921955,-1.0,-1,19,Tuesday,1,166
2026-02-04 14:00:00+00:00,62.939998626708984,63.04999923706055,62.86000061035156,62.900001525878906,5330,2026-02-04,14:00:00,1107.5973333333334,2015.5833341735536,4.812218158705089,2.0948787356380736,1.094512038605678,1.0,1,14,Wednesday,1,168
2026-02-04 14:30:00+00:00,63.40999984741211,63.459999084472656,63.2400016784668,63.27000045776367,4209,2026-02-04,14:30:00,1138.32,2020.428790196934,3.697554290533418,1.5198159989101605,1.1093101403439416,1.0,1,14,Wednesday,1,170
2026-02-04 14:35:00+00:00,63.34000015258789,63.43000030517578,63.25,63.40999984741211,4544,2026-02-04,14:35:00,1150.144,2027.3572404186777,3.9508096377497077,1.6740295850864058,1.079399014193242,-1.0,-1,14,Wednesday,1,170
2026-02-04 15:30:00+00:00,63.22999954223633,63.599998474121094,63.209999084472656,63.459999084472656,6457,2026-02-04,15:30:00,1219.0986666666668,2046.4440721666933,5.29653602005416,2.559513550637938,1.7972930656553356,-1.0,-1,15,Wednesday,1,172
2026-02-04 15:55:00+00:00,63.310001373291016,63.5,63.2599983215332,63.439998626708984,4534,2026-02-04,15:55:00,1251.4346666666668,2056.8359352584175,3.6230417142564906,1.595929591205298,1.049339678590543,-1.0,-1,15,Wednesday,1,174
2026-02-04 17:25:00+00:00,64.69000244140625,64.7300033569336,63.540000915527344,63.599998474121094,30695,2026-02-04,17:25:00,1367.7146666666667,2557.4844040952994,22.44254649605278,11.467239169228776,8.836590017632876,1.0,1,17,Wednesday,1,176
2026-02-04 17:30:00+00:00,65.12999725341797,65.16000366210938,64.2699966430664,64.69000244140625,22798,2026-02-04,17:30:00,1419.2906666666668,2784.6630127236817,16.062953512928523,7.677305740640694,6.643862812596762,1.0,1,17,Wednesday,1,176
2026-02-04 17:35:00+00:00,65.47000122070312,65.4800033569336,64.91999816894531,65.12999725341797,10189,2026-02-04,17:35:00,1443.8453333333334,2821.1461768960658,7.056850041186313,3.099858751838384,2.9221531126207676,1.0,1,17,Wednesday,1,176
2026-02-04 17:40:00+00:00,64.97000122070312,65.52999877929688,64.91000366210938,65.48999786376953,9242,2026-02-04,17:40:00,1465.784,2849.647041425629,6.30515819520475,2.728834794961026,2.439729417587857,-1.0,-1,17,Wednesday,1,176
2026-02-04 17:45:00+00:00,64.83000183105469,65.12000274658203,64.76000213623047,64.95999908447266,5925,2026-02-04,17:45:00,1478.5306666666668,2858.883979460205,4.007356853380563,1.5553164679921307,1.7331212636428455,-1.0,-1,17,Wednesday,1,176
2026-02-04 18:00:00+00:00,65.08000183105469,65.16999816894531,64.95999908447266,65.13999938964844,4645,2026-02-04,18:00:00,1502.3733333333332,2866.6467972614823,3.0917747918848404,1.0962727147511961,1.1353498319584479,-1.0,-1,18,Wednesday,1,178
2026-02-04 18:25:00+00:00,65.2699966430664,65.29000091552734,65.05999755859375,65.06999969482422,5230,2026-02-04,18:25:00,1531.3813333333333,2874.488460638827,3.415217285309298,1.286704997189199,0.38041551120607353,1.0,1,18,Wednesday,1,180
2026-02-04 18:40:00+00:00,64.88999938964844,65.33000183105469,64.63999938964844,65.31999969482422,13262,2026-02-04,18:40:00,1576.296,2937.322767047936,8.413394438607977,3.978352032365973,5.742057693348487,-1.0,-1,18,Wednesday,1,182
2026-02-04 18:45:00+00:00,65.01000213623047,65.05999755859375,64.81999969482422,64.9000015258789,5401,2026-02-04,18:45:00,1588.848,2943.5928591917145,3.3993182481898834,1.2950676884869141,3.3916558734644218,1.0,1,18,Wednesday,1,182
2026-02-04 18:50:00+00:00,65.0199966430664,65.08999633789062,64.80000305175781,65.01000213623047,4892,2026-02-04,18:50:00,1600.3093333333334,2948.072961695396,3.0569089975937986,1.116556716687792,2.571437957882979,1.0,1,18,Wednesday,1,182
2026-02-04 19:00:00+00:00,65.25,65.37999725341797,64.93000030517578,65.04000091552734,9908,2026-02-04,19:00:00,1630.8346666666666,2978.13612697163,6.075416596491285,2.77931060919976,5.068192717158477,1.0,1,19,Wednesday,1,184
2026-02-04 19:05:00+00:00,65.25,65.45999908447266,65.13999938964844,65.26000213623047,6858,2026-02-04,19:05:00,1646.0453333333332,2990.2360611075355,4.166349407954742,1.7429910415621976,3.3366174055829227,-1.0,-1,19,Wednesday,1,184
2026-02-04 19:25:00+00:00,65.12999725341797,65.31999969482422,65.08000183105469,65.27999877929688,26180,2026-02-04,19:25:00,1733.4826666666668,3247.8558964590707,15.1025450115067,7.526971058040416,5.970013112137279,-1.0,-1,19,Wednesday,1,186
2026-02-04 19:45:00+00:00,64.27999877929688,65.06999969482422,63.630001068115234,65.06999969482422,16278,2026-02-04,19:45:00,1800.8,3338.0989802788945,9.039315859617949,4.336959474697915,11.335654596100278,-1.0,-1,19,Wednesday,1,188
2026-02-04 19:50:00+00:00,64.20999908447266,64.5199966430664,63.93000030517578,64.26000213623047,7961,2026-02-04,19:50:00,1818.3893333333333,3353.1406457618514,4.378050318523646,1.8318977089226844,4.623280461689231,-1.0,-1,19,Wednesday,1,188
2026-02-05 14:00:00+00:00,63.47999954223633,63.540000915527344,63.31999969482422,63.36000061035156,5440,2026-02-05,14:00:00,1349.744,2883.813224714351,4.0303939117343734,1.4183498310314986,1.1171004671697726,1.0,1,14,Thursday,1,190
2026-02-05 14:10:00+00:00,63.08000183105469,63.5,63.06999969482422,63.41999816894531,4497,2026-02-05,14:10:00,1366.6373333333333,2887.179168775838,3.290558431498042,1.084228751897631,1.2577261921409593,-1.0,-1,14,Thursday,1,192
2026-02-05 14:15:00+00:00,63.25,63.2599983215332,63.02000045776367,63.09000015258789,7594,2026-02-05,14:15:00,1386.5893333333333,2904.2874349311055,5.476747741700979,2.1373265579733904,2.288555714608604,1.0,1,14,Thursday,1,192
2026-02-05 14:30:00+00:00,63.400001525878906,63.619998931884766,63.279998779296875,63.5,6792,2026-02-05,14:30:00,1418.2986666666666,2917.5207969094645,4.788836201871915,1.8418725031971344,1.7900770903340582,-1.0,-1,14,Thursday,1,194
2026-02-05 14:40:00+00:00,63.41999816894531,63.4900016784668,63.290000915527344,63.33000183105469,4629,2026-02-05,14:40:00,1441.296,2924.353231727383,3.211692809804509,1.0900543632743909,1.103785394932936,1.0,1,14,Thursday,1,196
2026-02-05 14:45:00+00:00,63.61000061035156,63.630001068115234,63.380001068115234,63.40999984741211,4850,2026-02-05,14:45:00,1453.936,2928.8240428485733,3.335772688756589,1.1595315902613903,1.0977973318997836,1.0,1,14,Thursday,1,196
2026-02-05 15:25:00+00:00,63.0099983215332,63.220001220703125,62.93000030517578,63.09000015258789,5147,2026-02-05,15:25:00,1503.1626666666666,2932.2199375624614,3.424113779657469,1.2426889561232695,1.612531819071862,-1.0,-1,15,Thursday,1,198
2026-02-05 15:40:00+00:00,62.970001220703125,63.02000045776367,62.869998931884766,62.88999938964844,4591,2026-02-05,15:40:00,1527.7786666666666,2939.4589277244395,3.0050164334449843,1.0421038050375835,0.9523414406472022,1.0,1,15,Thursday,1,200
2026-02-05 16:10:00+00:00,62.86000061035156,63.290000915527344,62.7599983215332,63.130001068115234,4991,2026-02-05,16:10:00,1566.3173333333334,2944.7193810709446,3.186455192562086,1.1629911796285213,1.5913909924272618,-1.0,-1,16,Thursday,1,202
2026-02-05 19:25:00+00:00,63.2599983215332,63.47999954223633,63.220001220703125,63.400001525878906,31529,2026-02-05,19:25:00,1778.7493333333334,3320.8756546231516,17.725375582244304,8.958556043870509,7.189783934781369,-1.0,-1,19,Thursday,1,204
2026-02-05 19:30:00+00:00,63.16999816894531,63.290000915527344,63.099998474121094,63.2599983215332,6012,2026-02-05,19:30:00,1793.3466666666666,3327.4315619238405,3.3523914320339627,1.2678407518903891,2.8658423953523013,-1.0,-1,19,Thursday,1,204
2026-02-05 19:55:00+00:00,63.189998626708984,63.22999954223633,63.150001525878906,63.209999084472656,6754,2026-02-05,19:55:00,1832.8293333333334,3335.750568185201,3.6850130435858004,1.4752813695371734,4.356892311413942,-1.0,-1,19,Thursday,1,206
2026-02-06 08:40:00+00:00,63.880001068115234,64.19999694824219,63.650001525878906,64.16999816894531,4921,2026-02-06,08:40:00,1058.9653333333333,1993.5793774237018,4.646988758838816,1.9372364654261047,3.554030874785592,-1.0,-1,8,Friday,1,208
2026-02-06 09:15:00+00:00,64.51000213623047,64.55000305175781,64.18000030517578,64.19999694824219,3454,2026-02-06,09:15:00,1076.144,1993.6325619438323,3.2096076361527826,1.1927253022400184,2.074007355700668,1.0,1,9,Friday,1,210
2026-02-06 09:20:00+00:00,64.29000091552734,64.58000183105469,64.13999938964844,64.48999786376953,5416,2026-02-06,09:20:00,1088.9893333333334,2006.0298700313658,4.973418778512675,2.157002112136551,3.9587026039287347,-1.0,-1,9,Friday,1,210
2026-02-06 11:45:00+00:00,63.369998931884766,63.63999938964844,63.33000183105469,63.38999938964844,3971,2026-02-06,11:45:00,1151.0133333333333,2010.2513058460916,3.4500034751986655,1.402803051770568,1.9243420056334615,-1.0,-1,11,Friday,1,212
2026-02-06 11:50:00+00:00,63.08000183105469,63.40999984741211,62.810001373291016,63.36000061035156,6186,2026-02-06,11:50:00,1166.856,2026.4371451571528,5.3014253686830255,2.476831818837766,2.82659355723098,-1.0,-1,11,Friday,1,212
2026-02-06 12:15:00+00:00,62.86000061035156,63.04999923706055,62.65999984741211,63.0099983215332,4282,2026-02-06,12:15:00,1187.9066666666668,2031.214306956373,3.6046602987889056,1.523272715605084,1.7525836488284048,-1.0,-1,12,Friday,1,214
2026-02-06 13:35:00+00:00,63.029998779296875,63.619998931884766,62.810001373291016,63.29999923706055,8813,2026-02-06,13:35:00,1256.9733333333334,2059.6810366046884,7.011286370434801,3.6685421346222182,2.503648727827986,-1.0,-1,13,Friday,1,216
2026-02-06 13:40:00+00:00,62.90999984741211,63.04999923706055,62.66999816894531,63.040000915527344,6452,2026-02-06,13:40:00,1273.8213333333333,2076.2443862453365,5.06507453687906,2.4940121215840314,1.72283044058745,-1.0,-1,13,Friday,1,216
2026-02-06 13:55:00+00:00,62.38999938964844,62.939998626708984,62.20000076293945,62.81999969482422,10193,2026-02-06,13:55:00,1308.9066666666668,2125.1125630667298,7.787415451063483,4.180528357760393,2.30633688289282,-1.0,-1,13,Friday,1,218
2026-02-06 14:00:00+00:00,62.41999816894531,62.65999984741211,62.2599983215332,62.369998931884766,6225,2026-02-06,14:00:00,1325.0186666666666,2139.409704726354,4.6980470212243555,2.2903426690588358,1.2782997073771754,1.0,1,14,Friday,1,218
2026-02-06 14:05:00+00:00,62.779998779296875,62.79999923706055,62.34000015258789,62.43000030517578,6648,2026-02-06,14:05:00,1342.272,2156.158002613732,4.952796452581891,2.4607324665299597,1.4629074405171227,1.0,1,14,Friday,1,218
2026-02-06 14:35:00+00:00,63.040000915527344,63.13999938964844,63.0099983215332,63.130001068115234,4981,2026-02-06,14:35:00,1385.624,2163.216293526258,3.594770298435939,1.6620510906651775,1.1832056535423718,-1.0,-1,14,Friday,1,220
2026-02-06 14:55:00+00:00,63.529998779296875,63.650001525878906,63.25,63.25,6412,2026-02-06,14:55:00,1421.3786666666667,2177.8699488220404,4.51111315398946,2.2915148519463457,1.6393474057621322,1.0,1,14,Friday,1,222
2026-02-06 15:00:00+00:00,63.599998474121094,63.709999084472656,63.52000045776367,63.540000915527344,4558,2026-02-06,15:00:00,1432.9173333333333,2183.0027732738117,3.1809232074797524,1.4315523117636877,0.916445706674039,1.0,1,15,Friday,1,222
2026-02-06 15:10:00+00:00,63.849998474121094,63.93000030517578,63.66999816894531,63.68000030517578,5212,2026-02-06,15:10:00,1450.9653333333333,2189.8180427360344,3.5920913341370895,1.71751012790428,1.4813656872846128,1.0,1,15,Friday,1,224
2026-02-06 15:45:00+00:00,63.93000030517578,63.95000076293945,63.63999938964844,63.81999969482422,14375,2026-02-06,15:45:00,1511.064,2290.7730209093484,9.513164233943764,5.615543697512866,2.6127159750542424,1.0,1,15,Friday,1,226
2026-02-06 18:20:00+00:00,64.12999725341797,64.30000305175781,63.83000183105469,64.30000305175781,7031,2026-02-06,18:20:00,1621.1706666666666,2301.0444740008193,4.33698940189723,2.3510320615086933,1.3582044502396562,-1.0,-1,18,Friday,1,228
2026-02-06 19:10:00+00:00,63.70000076293945,63.90999984741211,63.689998626708984,63.880001068115234,6989,2026-02-06,19:10:00,1683.1413333333333,2316.1249974981033,4.152354803240924,2.290834334242797,3.515704090294589,-1.0,-1,19,Friday,1,230
2026-02-06 19:20:00+00:00,63.59000015258789,63.72999954223633,63.58000183105469,63.709999084472656,5186,2026-02-06,19:20:00,1702.3173333333334,2321.40212864564,3.0464355255346045,1.5006803964202136,1.6614805470455136,-1.0,-1,19,Friday,1,232
2026-02-09 14:35:00+00:00,63.880001068115234,63.939998626708984,63.439998626708984,63.470001220703125,4606,2026-02-09,14:35:00,1229.5893333333333,2175.8196161504043,3.745966132866041,1.5517879522753926,1.0941267296157728,1.0,1,14,Monday,1,234
2026-02-09 14:40:00+00:00,64.12000274658203,64.19000244140625,63.81999969482422,63.880001068115234,4649,2026-02-09,14:40:00,1240.7493333333334,2182.6043980503036,3.7469292749972594,1.5615521849544605,1.108554396423249,1.0,1,14,Monday,1,234
2026-02-09 14:45:00+00:00,64.27999877929688,64.31999969482422,64.05999755859375,64.0999984741211,5532,2026-02-09,14:45:00,1254.5413333333333,2193.3386956833892,4.40957970296714,1.9502043506025493,1.2521680082617737,1.0,1,14,Monday,1,234
2026-02-09 14:55:00+00:00,64.06999969482422,64.16999816894531,63.900001525878906,64.16999816894531,4222,2026-02-09,14:55:00,1269.3466666666666,2202.337407385938,3.3261205239440765,1.3406907240602983,1.0794330547610298,-1.0,-1,14,Monday,1,236
2026-02-09 16:45:00+00:00,64.70999908447266,64.76000213623047,64.5,64.51000213623047,4222,2026-02-09,16:45:00,1356.8586666666667,2209.2757527364415,3.111598948158688,1.2968690439772068,1.34528219221731,1.0,1,16,Monday,1,238
2026-02-09 19:05:00+00:00,64.37999725341797,64.4800033569336,64.37000274658203,64.47000122070312,4823,2026-02-09,19:05:00,1366.9226666666666,2199.8415905276597,3.528363467526083,1.5710573653189046,2.3465304384844616,-1.0,-1,19,Monday,1,240
2026-02-09 19:20:00+00:00,64.41000366210938,64.4800033569336,64.37999725341797,64.45999908447266,5878,2026-02-09,19:20:00,1386.392,2215.573560399212,4.239782110687309,2.0272890416649862,1.8831821549428325,-1.0,-1,19,Monday,1,242
2026-02-09 19:25:00+00:00,64.33000183105469,64.43000030517578,64.31999969482422,64.41000366210938,24026,2026-02-09,19:25:00,1447.824,2504.998895462294,16.59455845461879,9.013247886416025,5.478821047830796,-1.0,-1,19,Monday,1,242
2026-02-10 14:00:00+00:00,64.44999694824219,64.51000213623047,64.36000061035156,64.51000213623047,2787,2026-02-10,14:00:00,821.0826666666667,1513.8747294133852,3.3942989094074165,1.2985997421960476,0.5723086400739258,-1.0,-1,14,Tuesday,1,244
2026-02-10 14:10:00+00:00,64.63999938964844,64.6500015258789,64.37000274658203,64.44000244140625,3031,2026-02-10,14:10:00,834.608,1519.1690623636084,3.631645035753312,1.4457851034582878,0.8477136064886029,1.0,1,14,Tuesday,1,246
2026-02-10 15:00:00+00:00,64.51000213623047,64.58999633789062,64.47000122070312,64.52999877929688,2797,2026-02-10,15:00:00,884.4746666666666,1527.4191590581986,3.162329126441911,1.2521286786219115,0.5623735501463991,-1.0,-1,15,Tuesday,1,248
2026-02-10 15:20:00+00:00,64.54000091552734,64.66999816894531,64.52999877929688,64.58000183105469,3692,2026-02-10,15:20:00,903.904,1534.0819499824563,4.084504549155662,1.8174361545886675,0.8934194407053948,-1.0,-1,15,Tuesday,1,250
2026-02-10 15:50:00+00:00,64.23999786376953,64.44000244140625,64.16999816894531,64.44000244140625,3274,2026-02-10,15:50:00,925.2106666666666,1538.2125263943374,3.5386535390858733,1.5269602171548013,0.7840272996677343,-1.0,-1,15,Tuesday,1,252
2026-02-10 16:00:00+00:00,63.959999084472656,64.19999694824219,63.95000076293945,64.19000244140625,3146,2026-02-10,16:00:00,937.696,1542.4355656499113,3.3550319079957682,1.4316993521019612,0.7930051201260339,-1.0,-1,16,Tuesday,1,254
2026-02-10 18:15:00+00:00,64.02999877929688,64.06999969482422,63.81999969482422,63.90999984741211,6168,2026-02-10,18:15:00,1010.96,1573.8017259894002,6.101131597689324,3.27680413284458,1.1433073055446141,1.0,1,18,Tuesday,1,256
2026-02-10 19:20:00+00:00,63.959999084472656,64.0,63.939998626708984,63.970001220703125,5788,2026-02-10,19:20:00,1047.76,1602.0003207888033,5.524165839505231,2.958950718353146,1.8543481307943372,-1.0,-1,19,Tuesday,1,258
2026-02-10 19:25:00+00:00,64.0,64.0,63.869998931884766,63.959999084472656,21228,2026-02-10,19:25:00,1103.3146666666667,1910.7730753911806,19.240204668115233,10.532221535104755,4.8407730460064995,1.0,1,19,Tuesday,1,258
2026-02-10 20:50:00+00:00,64.18000030517578,64.2300033569336,64.05999755859375,64.08999633789062,3881,2026-02-10,20:50:00,1118.4213333333332,1918.9946533947189,3.470069717315836,1.4395968544152222,3.922926274559353,1.0,1,20,Tuesday,1,260
2026-02-10 20:55:00+00:00,64.30000305175781,64.44999694824219,64.13999938964844,64.18000030517578,4075,2026-02-10,20:55:00,1128.376,1924.6303249345563,3.61138485752976,1.5310077794291195,4.385551893455304,1.0,1,20,Tuesday,1,260
2026-02-11 11:45:00+00:00,65.30999755859375,65.3499984741211,65.22000122070312,65.2300033569336,2961,2026-02-11,11:45:00,719.9733333333334,1360.8944897093083,4.112652320456313,1.646730649299166,1.4348971741829966,1.0,1,11,Wednesday,1,262
2026-02-11 12:40:00+00:00,65.29000091552734,65.38999938964844,64.91999816894531,65.33999633789062,4095,2026-02-11,12:40:00,746.888,1368.3307146452782,5.4827497563222325,2.4468587631375023,1.5408132069703455,-1.0,-1,12,Wednesday,1,264
2026-02-11 13:00:00+00:00,65.37000274658203,65.47000122070312,65.31999969482422,65.41999816894531,2304,2026-02-11,13:00:00,758.6293333333333,1369.133032482427,3.0370563050554336,1.1287220671790354,0.41610041312052737,-1.0,-1,13,Wednesday,1,266
2026-02-11 14:00:00+00:00,65.66999816894531,65.76000213623047,65.43000030517578,65.45999908447266,6379,2026-02-11,14:00:00,809.4693333333333,1398.6913893588578,7.880471485845871,3.9819582139700365,1.309923507366908,1.0,1,14,Wednesday,1,268
2026-02-11 14:05:00+00:00,65.61000061035156,65.70999908447266,65.58000183105469,65.66000366210938,2447,2026-02-11,14:05:00,815.5653333333333,1400.8375284621322,3.0003727475746884,1.1646137639228502,0.5384678861229542,-1.0,-1,14,Wednesday,1,268
2026-02-11 14:30:00+00:00,65.80999755859375,65.83000183105469,65.69999694824219,65.69999694824219,4819,2026-02-11,14:30:00,843.256,1418.062336395579,5.714753289629721,2.80364543783422,1.2700797259010344,1.0,1,14,Wednesday,1,270
2026-02-11 15:00:00+00:00,65.31999969482422,65.58000183105469,65.29000091552734,65.55999755859375,3378,2026-02-11,15:00:00,865.5226666666666,1423.725766304689,3.9028440618539553,1.7647199993117513,0.6791912235947573,-1.0,-1,15,Wednesday,1,272
2026-02-11 15:05:00+00:00,65.31999969482422,65.37999725341797,65.25,65.30999755859375,3787,2026-02-11,15:05:00,875.44,1431.0893502301633,4.325824728136708,2.0345060911338146,0.928072540129886,1.0,1,15,Wednesday,1,272
2026-02-11 15:10:00+00:00,65.19000244140625,65.33000183105469,65.13999938964844,65.31999969482422,2833,2026-02-11,15:10:00,882.7306666666667,1434.0842405813278,3.20935944221567,1.3599405656551682,0.8052012647884321,-1.0,-1,15,Wednesday,1,272
2026-02-11 15:20:00+00:00,65.01000213623047,65.16999816894531,65.0,65.13999938964844,2705,2026-02-11,15:20:00,892.4213333333333,1437.955927631649,3.0310794901063174,1.260524493022558,0.6545773529545214,-1.0,-1,15,Wednesday,1,274
2026-02-11 15:30:00+00:00,64.94000244140625,65.12999725341797,64.86000061035156,65.0199966430664,4086,2026-02-11,15:30:00,907.3626666666667,1447.5441757847768,4.503160808908456,2.195882783066054,1.1373299467659441,-1.0,-1,15,Wednesday,1,276
2026-02-11 15:35:00+00:00,64.83000183105469,64.97000122070312,64.77999877929688,64.94999694824219,3607,2026-02-11,15:35:00,916.536,1453.7265567414477,3.9354700742796793,1.8507359499785985,1.0254442075337598,-1.0,-1,15,Wednesday,1,276
2026-02-11 15:40:00+00:00,64.87000274658203,64.94000244140625,64.81999969482422,64.83000183105469,4115,2026-02-11,15:40:00,926.9573333333333,1462.6070245746325,4.439255025042505,2.1796987250172957,0.853601618005497,1.0,1,15,Wednesday,1,276
2026-02-11 16:00:00+00:00,64.91999816894531,65.02999877929688,64.88999938964844,64.97000122070312,3293,2026-02-11,16:00:00,954.3626666666667,1476.16246105795,3.4504702614799125,1.5842682597803337,0.8300590783773139,-1.0,-1,16,Wednesday,1,278
2026-02-11 16:05:00+00:00,64.98999786376953,65.02999877929688,64.81999969482422,64.91999816894531,2915,2026-02-11,16:05:00,961.5973333333334,1479.1105328683218,3.031414396601211,1.3206603720673855,0.8343321228600562,1.0,1,16,Wednesday,1,278
2026-02-11 16:45:00+00:00,65.13999938964844,65.27999877929688,65.13999938964844,65.2699966430664,3967,2026-02-11,16:45:00,1005.7493333333333,1503.393383074067,3.944322773600314,1.969711121524057,1.2640299518062692,-1.0,-1,16,Wednesday,1,280
2026-02-11 17:25:00+00:00,64.97000122070312,65.12000274658203,64.77999877929688,65.08000183105469,5017,2026-02-11,17:25:00,1036.1786666666667,1521.8674454329944,4.841829079669658,2.6157477415523065,1.4443124977509085,-1.0,-1,17,Wednesday,1,282
2026-02-11 18:45:00+00:00,64.95999908447266,65.08000183105469,64.93000030517578,65.06999969482422,4056,2026-02-11,18:45:00,1071.6346666666666,1529.9144666501916,3.7848719588516486,1.9506746281494542,2.5470387377840575,-1.0,-1,18,Wednesday,1,284
2026-02-11 18:50:00+00:00,64.56999969482422,64.95999908447266,64.44000244140625,64.95999908447266,8822,2026-02-11,18:50:00,1094.3173333333334,1580.8876502353385,8.061646956763303,4.888192190960747,4.6372088439173424,-1.0,-1,18,Wednesday,1,284
2026-02-11 18:55:00+00:00,64.68000030517578,64.69999694824219,64.4800033569336,64.56999969482422,5430,2026-02-11,18:55:00,1108.1146666666666,1596.057086944028,4.900214899541083,2.7078513473527765,2.9465830083093096,1.0,1,18,Wednesday,1,284
2026-02-11 19:00:00+00:00,64.61000061035156,64.69999694824219,64.5199966430664,64.68000030517578,4140,2026-02-11,19:00:00,1118.3173333333334,1603.180004336061,3.701990371248232,1.8848056104080855,2.1177147607020683,-1.0,-1,19,Wednesday,1,284
2026-02-11 19:05:00+00:00,64.75,65.11000061035156,64.48999786376953,64.61000061035156,10102,2026-02-11,19:05:00,1144.32,1668.4504303402653,8.827950223713646,5.368861931470846,4.914918202274524,1.0,1,19,Wednesday,1,284
2026-02-11 19:10:00+00:00,64.56999969482422,64.80000305175781,64.54000091552734,64.7300033569336,3963,2026-02-11,19:10:00,1154.0106666666666,1674.2456454084875,3.434110372174492,1.677764156673669,1.993523438236866,-1.0,-1,19,Wednesday,1,284
2026-02-11 19:20:00+00:00,64.54000091552734,64.55999755859375,64.48999786376953,64.5,5224,2026-02-11,19:20:00,1165.768,1687.5137066711936,4.481166063916662,2.404858688825295,1.6736549127971005,1.0,1,19,Wednesday,1,286
2026-02-11 19:25:00+00:00,64.5999984741211,64.68000030517578,64.54000091552734,64.55000305175781,32480,2026-02-11,19:25:00,1251.256,2336.8291164129755,25.95791748451156,13.363725991199567,7.406647283507212,1.0,1,19,Wednesday,1,286
2026-02-11 19:30:00+00:00,64.75,64.75,64.5,64.5999984741211,5424,2026-02-11,19:30:00,1265.016,2346.1734780378174,4.287692803885484,1.7726668717942786,2.585550424549382,1.0,1,19,Wednesday,1,286
2026-02-12 13:40:00+00:00,64.08000183105469,64.19000244140625,64.01000213623047,64.18000030517578,4329,2026-02-12,13:40:00,952.432,2050.146887926525,4.545206376938196,1.6469883303898236,1.1559412550066757,-1.0,-1,13,Thursday,1,288
2026-02-12 14:45:00+00:00,64.05999755859375,64.13999938964844,63.900001525878906,64.05000305175781,3345,2026-02-12,14:45:00,1010.4853333333333,2054.5002864257035,3.310290500670305,1.1362931814081738,0.7571406340628404,1.0,1,14,Thursday,1,290
2026-02-12 14:50:00+00:00,64.08000183105469,64.16000366210938,64.01000213623047,64.06999969482422,3544,2026-02-12,14:50:00,1019.7173333333334,2058.092130919096,3.4754729415210486,1.2265158729990289,0.9721907896992765,1.0,1,14,Thursday,1,290
2026-02-12 15:30:00+00:00,63.88999938964844,64.02999877929688,63.790000915527344,63.970001220703125,4117,2026-02-12,15:30:00,1062.6266666666668,2065.2767173124835,3.874361644729412,1.478917235511156,1.1459587349083191,-1.0,-1,15,Thursday,1,292
2026-02-12 15:35:00+00:00,63.59000015258789,63.95000076293945,63.540000915527344,63.88999938964844,3661,2026-02-12,15:35:00,1069.736,2069.627326281179,3.4223397174629997,1.2520437699554956,1.0407960199004975,-1.0,-1,15,Thursday,1,292
2026-02-12 15:40:00+00:00,63.56999969482422,63.77000045776367,63.540000915527344,63.560001373291016,5209,2026-02-12,15:40:00,1082.688,2080.294014915181,4.811173671454749,1.9835234685171368,1.0805372607996682,1.0,1,15,Thursday,1,292
2026-02-12 16:00:00+00:00,63.560001373291016,63.65999984741211,63.45000076293945,63.619998931884766,4528,2026-02-12,16:00:00,1109.5173333333332,2089.0052692784257,4.081053863662037,1.6364164882396217,1.1413627412367073,-1.0,-1,16,Thursday,1,294
2026-02-12 16:25:00+00:00,63.279998779296875,63.470001220703125,63.20000076293945,63.41999816894531,7291,2026-02-12,16:25:00,1152.504,2116.9487752334753,6.326225331972818,2.899690380709847,1.6239889744267955,-1.0,-1,16,Thursday,1,296
2026-02-12 16:35:00+00:00,63.29999923706055,63.349998474121094,63.18000030517578,63.279998779296875,4743,2026-02-12,16:35:00,1168.368,2126.3407479783937,4.059508647960232,1.6811190790556787,1.5180636127225444,1.0,1,16,Thursday,1,298
2026-02-12 16:45:00+00:00,62.959999084472656,63.290000915527344,62.93000030517578,63.25,6652,2026-02-12,16:45:00,1191.448,2145.8068105675356,5.5831223855342405,2.544754715619418,2.119568247898992,-1.0,-1,16,Thursday,1,300
2026-02-12 16:50:00+00:00,62.77000045776367,62.97999954223633,62.709999084472656,62.959999084472656,5080,2026-02-12,16:50:00,1200.7653333333333,2155.090168559968,4.230635128262642,1.8000335778334384,1.6260878263479044,-1.0,-1,16,Thursday,1,300
2026-02-12 16:55:00+00:00,62.77000045776367,62.880001068115234,62.720001220703125,62.779998779296875,4115,2026-02-12,16:55:00,1210.3386666666668,2160.0482986215475,3.399874855963179,1.3447205486965115,1.5820077850929886,-1.0,-1,16,Thursday,1,300
2026-02-12 18:40:00+00:00,62.75,62.7599983215332,62.70000076293945,62.72999954223633,4600,2026-02-12,18:40:00,1305.6053333333334,2177.002365264481,3.523269921283001,1.5132710552964581,1.9916653136331655,1.0,1,18,Thursday,1,302
2026-02-12 18:55:00+00:00,62.66999816894531,62.7400016784668,62.61000061035156,62.689998626708984,4732,2026-02-12,18:55:00,1326.5573333333334,2182.396176431287,3.5671281452340793,1.5604145129301583,2.5678141427844667,-1.0,-1,18,Thursday,1,304
2026-02-12 19:00:00+00:00,62.58000183105469,62.68000030517578,62.38999938964844,62.65999984741211,5737,2026-02-12,19:00:00,1341.464,2193.3811281747403,4.276670861089079,2.004000099908683,2.934620672016369,-1.0,-1,19,Thursday,1,304
2026-02-12 19:10:00+00:00,62.68000030517578,62.720001220703125,62.599998474121094,62.619998931884766,5404,2026-02-12,19:10:00,1357.032,2202.32557056383,3.982220021340691,1.8375884356480103,2.718395321784513,1.0,1,19,Thursday,1,306
2026-02-12 19:25:00+00:00,62.880001068115234,62.88999938964844,62.650001525878906,62.650001525878906,51001,2026-02-12,19:25:00,1499.44,3378.465207183533,34.01336498959611,14.652085181977384,11.630123710164757,1.0,1,19,Thursday,1,308
2026-02-12 19:30:00+00:00,63.0099983215332,63.02000045776367,62.86000061035156,62.88999938964844,8898,2026-02-12,19:30:00,1521.104,3399.780814319021,5.8496986399352044,2.169815174240166,4.241561150007448,1.0,1,19,Thursday,1,308
2026-02-13 11:40:00+00:00,62.27000045776367,62.869998931884766,62.13999938964844,62.7599983215332,7792,2026-02-13,11:40:00,962.816,2885.2560884607697,8.092927412922094,2.3669247341033226,4.482508179628232,-1.0,-1,11,Friday,1,310
2026-02-13 11:45:00+00:00,62.25,62.43000030517578,62.13999938964844,62.27000045776367,4542,2026-02-13,11:45:00,974.672,2890.813998503962,4.660029220086347,1.2340219750721229,2.2010479449980314,-1.0,-1,11,Friday,1,310
2026-02-13 12:40:00+00:00,62.599998474121094,62.630001068115234,62.400001525878906,62.400001525878906,4090,2026-02-13,12:40:00,1004.5866666666667,2893.107091727977,4.071326183903164,1.0664704884776652,1.5389318721632999,1.0,1,12,Friday,1,312
2026-02-13 13:10:00+00:00,62.720001220703125,62.779998779296875,62.689998626708984,62.709999084472656,5721,2026-02-13,13:10:00,1029.04,2901.311660036378,5.559550649148721,1.6171857938009908,1.6806389424400991,1.0,1,13,Friday,1,314
2026-02-13 14:05:00+00:00,62.650001525878906,62.900001525878906,62.63999938964844,62.849998474121094,4074,2026-02-13,14:05:00,1065.36,2903.657210068507,3.824059472854247,1.0361553662627472,0.8964929170678037,-1.0,-1,14,Friday,1,316
2026-02-13 17:30:00+00:00,62.970001220703125,62.9900016784668,62.81999969482422,62.83000183105469,3757,2026-02-13,17:30:00,1210.784,2910.0488572556496,3.1029481724238175,0.8749736258384452,1.0948764184106514,1.0,1,17,Friday,1,318
2026-02-13 19:25:00+00:00,62.849998474121094,62.97999954223633,62.849998474121094,62.970001220703125,11607,2026-02-13,19:25:00,1285.8933333333334,2960.444937713493,9.026409655544263,3.4863363054602865,2.646827432871558,-1.0,-1,19,Friday,1,320
2026-02-17 11:05:00+00:00,63.70000076293945,63.86000061035156,63.47999954223633,63.4900016784668,5060,2026-02-17,11:05:00,664.1866666666666,1098.7580165651036,7.618340225639379,4.000711045617998,1.6617064510170152,1.0,1,11,Tuesday,1,322
2026-02-17 11:10:00+00:00,63.709999084472656,63.7400016784668,63.560001373291016,63.70000076293945,2698,2026-02-17,11:10:00,671.2266666666667,1103.3117644411827,4.019506575026816,1.8369905938235649,1.2173373565325287,1.0,1,11,Tuesday,1,322
2026-02-17 11:55:00+00:00,63.66999816894531,63.90999984741211,63.5,63.880001068115234,2680,2026-02-17,11:55:00,691.712,1106.6956922916283,3.8744448556624724,1.796598661988883,1.3141683778234086,-1.0,-1,11,Tuesday,1,324
2026-02-17 13:20:00+00:00,63.189998626708984,63.459999084472656,63.060001373291016,63.400001525878906,6313,2026-02-17,13:20:00,741.6613333333333,1141.4879303604541,8.511971322040967,4.880768791753561,1.8062947067238913,-1.0,-1,13,Tuesday,1,326
2026-02-17 13:50:00+00:00,62.4900016784668,63.31999969482422,62.16999816894531,63.31999969482422,20554,2026-02-17,13:50:00,809.9573333333333,1530.6217475272954,25.376645354158576,12.899361124695227,4.302700439606448,-1.0,-1,13,Tuesday,1,328
2026-02-17 13:55:00+00:00,62.29999923706055,62.5099983215332,62.209999084472656,62.47999954223633,4131,2026-02-17,13:55:00,820.872,1539.66889094135,5.03245329357074,2.1498960065213732,0.9347079037800687,-1.0,-1,13,Tuesday,1,328
2026-02-17 14:00:00+00:00,62.529998779296875,62.560001373291016,62.220001220703125,62.29999923706055,4955,2026-02-17,14:00:00,833.9386666666667,1553.8785849145095,5.941683960770896,2.652112831299534,1.0175060321371734,1.0,1,14,Tuesday,1,328
2026-02-17 14:05:00+00:00,62.5,62.65999984741211,62.4900016784668,62.52000045776367,4312,2026-02-17,14:05:00,845.1413333333334,1563.7647099889164,5.102105210016155,2.2169950789407693,0.9488653555219364,-1.0,-1,14,Tuesday,1,328
2026-02-17 14:10:00+00:00,62.709999084472656,62.75,62.5099983215332,62.5099983215332,2696,2026-02-17,14:10:00,851.8986666666667,1566.2777652231384,3.1646956445524035,1.1773782238877757,0.7540204167249336,1.0,1,14,Tuesday,1,328
2026-02-17 14:15:00+00:00,62.630001068115234,62.72999954223633,62.61000061035156,62.70000076293945,2957,2026-02-17,14:15:00,859.424,1569.5999094970011,3.4406765461518414,1.336376223844327,0.8911323739923153,-1.0,-1,14,Tuesday,1,328
2026-02-17 14:20:00+00:00,62.599998474121094,62.689998626708984,62.56999969482422,62.630001068115234,4742,2026-02-17,14:20:00,869.6826666666667,1582.3529451043837,5.452563540417807,2.4471893867381698,1.5991906247365315,-1.0,-1,14,Tuesday,1,328
2026-02-17 14:25:00+00:00,62.630001068115234,62.86000061035156,62.529998779296875,62.61000061035156,4343,2026-02-17,14:25:00,881.0906666666667,1591.9282449947507,4.929118153561192,2.1746641811388607,1.2837480832825288,1.0,1,14,Tuesday,1,328
2026-02-17 14:30:00+00:00,62.650001525878906,62.7400016784668,62.560001373291016,62.630001068115234,3436,2026-02-17,14:30:00,890.0,1596.8585035042554,3.8606741573033707,1.594380462898174,0.9055808130724122,1.0,1,14,Tuesday,1,328
2026-02-17 14:35:00+00:00,62.79999923706055,62.83000183105469,62.61000061035156,62.65999984741211,3389,2026-02-17,14:35:00,898.4133333333333,1601.6970186005483,3.7722058146955373,1.5549674112790497,0.805035928499317,1.0,1,14,Tuesday,1,328
2026-02-17 14:45:00+00:00,62.47999954223633,62.65999984741211,62.400001525878906,62.65999984741211,3799,2026-02-17,14:45:00,911.5813333333333,1607.6941049045017,4.1674833183654485,1.7960000337490702,0.8599035183272737,-1.0,-1,14,Tuesday,1,330
2026-02-17 15:10:00+00:00,62.439998626708984,62.72999954223633,62.41999816894531,62.58000183105469,3021,2026-02-17,15:10:00,946.688,1618.3695734264343,3.1911252704164412,1.2817294850694938,0.8586350232706861,-1.0,-1,15,Tuesday,1,332
2026-02-17 15:15:00+00:00,62.25,62.439998626708984,62.18000030517578,62.439998626708984,3281,2026-02-17,15:15:00,955.2106666666666,1622.2304052095676,3.4348443903474,1.4336985214087863,0.9272618080333487,-1.0,-1,15,Tuesday,1,332
2026-02-17 15:25:00+00:00,61.970001220703125,62.22999954223633,61.95000076293945,62.22999954223633,3243,2026-02-17,15:25:00,969.8213333333333,1626.771435149208,3.3439148929149836,1.3973559023417264,1.016017231251224,-1.0,-1,15,Tuesday,1,334
2026-02-17 15:40:00+00:00,61.86000061035156,61.91999816894531,61.7599983215332,61.880001068115234,3721,2026-02-17,15:40:00,991.064,1634.6059415431864,3.7545506647401177,1.6700881421137763,0.7718715967432453,-1.0,-1,15,Tuesday,1,336
2026-02-17 16:15:00+00:00,62.18000030517578,62.189998626708984,62.0099983215332,62.06999969482422,6044,2026-02-17,16:15:00,1050.7466666666667,1677.4729457666108,5.75210009390148,2.976652080103384,1.754554031497206,1.0,1,16,Tuesday,1,338
2026-02-17 16:20:00+00:00,62.16999816894531,62.2599983215332,62.15999984741211,62.18000030517578,3518,2026-02-17,16:20:00,1059.3733333333332,1681.8267281952558,3.3208311832152346,1.461878697400049,1.012538000755518,-1.0,-1,16,Tuesday,1,338
2026-02-17 18:50:00+00:00,62.33000183105469,62.349998474121094,62.2400016784668,62.279998779296875,5534,2026-02-17,18:50:00,1153.2666666666667,1698.450137588727,4.798543268397017,2.5792534242733893,2.908899766746608,1.0,1,18,Tuesday,1,340
2026-02-17 19:00:00+00:00,62.290000915527344,62.33000183105469,62.209999084472656,62.31999969482422,5453,2026-02-17,19:00:00,1167.7546666666667,1712.1118908577037,4.6696452222841325,2.5029002813516974,2.789347485533425,-1.0,-1,19,Tuesday,1,342
2026-02-17 19:25:00+00:00,62.27000045776367,62.40999984741211,62.2400016784668,62.369998931884766,7181,2026-02-17,19:25:00,1200.5253333333333,1739.6261150254022,5.981548077841478,3.4377931068132646,1.6375349181916652,-1.0,-1,19,Tuesday,1,344
2026-02-17 20:15:00+00:00,62.220001220703125,62.310001373291016,62.189998626708984,62.209999084472656,4381,2026-02-17,20:15:00,1222.1253333333334,1745.8728300752466,3.5847387174692393,1.8093383505661864,3.515698665864179,1.0,1,20,Tuesday,1,346
2026-02-18 10:00:00+00:00,62.5099983215332,62.689998626708984,62.43000030517578,62.43000030517578,3341,2026-02-18,10:00:00,822.5706666666666,1566.7285868690221,4.061657113958193,1.6074445532178658,1.695508754123319,1.0,1,10,Wednesday,1,348
2026-02-18 12:05:00+00:00,63.72999954223633,63.84000015258789,63.400001525878906,63.68000030517578,7442,2026-02-18,12:05:00,904.488,1595.7749359624415,8.22785929719355,4.096763179236867,2.817271974446942,1.0,1,12,Wednesday,1,350
2026-02-18 13:10:00+00:00,63.939998626708984,63.97999954223633,63.790000915527344,63.83000183105469,2997,2026-02-18,13:10:00,963.5253333333334,1600.3029689002294,3.1104527263770265,1.2706810561403408,0.8804186174607546,1.0,1,13,Wednesday,1,352
2026-02-18 13:45:00+00:00,63.810001373291016,63.869998931884766,63.790000915527344,63.790000915527344,3473,2026-02-18,13:45:00,996.2053333333333,1603.5873097104727,3.486229077271888,1.5445337161678159,0.8690919328099096,1.0,1,13,Wednesday,1,354
2026-02-18 13:50:00+00:00,63.75,63.83000183105469,63.720001220703125,63.810001373291016,3695,2026-02-18,13:50:00,1005.616,1609.047902212646,3.6743647674659115,1.6714132601656881,0.7734980113041658,-1.0,-1,13,Wednesday,1,354
2026-02-18 14:00:00+00:00,63.970001220703125,64.0,63.63999938964844,63.779998779296875,5622,2026-02-18,14:00:00,1024.0453333333332,1625.1174406178466,5.489991328508895,2.8293060868995346,1.15447404897582,1.0,1,14,Wednesday,1,356
2026-02-18 14:10:00+00:00,63.84000015258789,63.900001525878906,63.810001373291016,63.880001068115234,4154,2026-02-18,14:10:00,1040.3413333333333,1632.4804183619044,3.9929202723208794,1.9073176202572986,1.1617955530695008,-1.0,-1,14,Wednesday,1,358
2026-02-18 14:30:00+00:00,64.0199966430664,64.08000183105469,63.939998626708984,64.0,5885,2026-02-18,14:30:00,1068.6133333333332,1651.161219105949,5.507136975020588,2.916969349167846,1.5510311655794953,1.0,1,14,Wednesday,1,360
2026-02-18 14:40:00+00:00,64.22000122070312,64.23999786376953,64.11000061035156,64.13999938964844,4321,2026-02-18,14:40:00,1087.6426666666666,1660.5995487402238,3.972812149088181,1.947102379852052,1.0303427719821163,1.0,1,14,Wednesday,1,362
2026-02-18 14:45:00+00:00,64.30000305175781,64.30999755859375,64.16000366210938,64.22000122070312,6524,2026-02-18,14:45:00,1104.9253333333334,1683.2690977299176,5.904471373027921,3.219375127824133,1.476707173879214,1.0,1,14,Wednesday,1,362
2026-02-18 14:55:00+00:00,64.26000213623047,64.41000366210938,64.16999816894531,64.4000015258789,7392,2026-02-18,14:55:00,1132.5333333333333,1715.278453979994,6.526960207205086,3.6492422860805513,1.88990268611879,-1.0,-1,14,Wednesday,1,364
2026-02-18 15:25:00+00:00,64.12999725341797,64.25,64.08999633789062,64.12000274658203,4744,2026-02-18,15:25:00,1177.0373333333334,1730.7686922238097,4.030458393843072,2.060912404235594,1.4862737419228509,1.0,1,15,Wednesday,1,366
2026-02-18 15:30:00+00:00,64.12999725341797,64.25,64.05000305175781,64.13999938964844,4189,2026-02-18,15:30:00,1187.9386666666667,1736.8366949095287,3.5262763285197662,1.7278891804446,1.1659997912389966,-1.0,-1,15,Wednesday,1,366
2026-02-18 16:20:00+00:00,64.25,64.33000183105469,64.2300033569336,64.30000305175781,3827,2026-02-18,16:20:00,1239.1146666666666,1740.4507484189135,3.08849544190691,1.4869052374416567,1.1014732600600816,-1.0,-1,16,Wednesday,1,368
2026-02-18 16:30:00+00:00,64.47000122070312,64.47000122070312,64.30999755859375,64.31999969482422,5208,2026-02-18,16:30:00,1259.3813333333333,1754.1002694445772,4.13536381884862,2.2510792201844696,1.5435112807024043,1.0,1,16,Wednesday,1,370
2026-02-18 16:45:00+00:00,64.55000305175781,64.55999755859375,64.4800033569336,64.51000213623047,4038,2026-02-18,16:45:00,1294.6213333333333,1789.845712459575,3.1190587517997543,1.5327458940004182,1.2866531246265982,1.0,1,16,Wednesday,1,372
2026-02-18 17:15:00+00:00,64.81999969482422,64.81999969482422,64.68000030517578,64.69000244140625,5114,2026-02-18,17:15:00,1335.464,1803.1916262041523,3.829380649721745,2.09547113301213,1.4465993670774182,1.0,1,17,Wednesday,1,374
2026-02-18 17:50:00+00:00,64.94999694824219,65.0,64.87000274658203,64.88999938964844,4598,2026-02-18,17:50:00,1374.1413333333333,1809.3515704914478,3.346089582245786,1.781775703099546,1.412026640563521,1.0,1,17,Wednesday,1,376
2026-02-18 18:35:00+00:00,64.81999969482422,65.05000305175781,64.62000274658203,65.0199966430664,13852,2026-02-18,18:35:00,1443.496,1918.926476664716,9.596147131685852,6.466378024846064,4.5657780890775,-1.0,-1,18,Wednesday,1,378
2026-02-18 19:20:00+00:00,65.26000213623047,65.27999877929688,65.11000061035156,65.12999725341797,5242,2026-02-18,19:20:00,1488.744,1929.4016815394384,3.5210889179066385,1.9452952881254555,1.6794217176267996,1.0,1,19,Wednesday,1,380
2026-02-18 19:25:00+00:00,64.98999786376953,65.30000305175781,64.97000122070312,65.26000213623047,21306,2026-02-18,19:25:00,1538.3653333333334,2183.18008677899,13.84976607203837,9.054514002933834,4.858559945271079,-1.0,-1,19,Wednesday,1,380
2026-02-18 19:30:00+00:00,64.87999725341797,65.05000305175781,64.80999755859375,64.98999786376953,6358,2026-02-18,19:30:00,1551.6346666666666,2197.303499971604,4.097614043168237,2.1873925624727972,3.0307761060628633,-1.0,-1,19,Wednesday,1,380
2026-02-18 19:55:00+00:00,65.02999877929688,65.18000030517578,64.88999938964844,64.94999694824219,5344,2026-02-18,19:55:00,1564.68,2205.11864402452,3.4153948411176724,1.7138851055662179,3.4473249203725356,1.0,1,19,Wednesday,1,382
2026-02-19 13:50:00+00:00,66.30000305175781,66.44999694824219,65.97000122070312,66.41999816894531,8899,2026-02-19,13:50:00,1298.7093333333332,1851.7183314217352,6.852187607799333,4.104452895290625,1.862884655641616,-1.0,-1,13,Thursday,1,384
2026-02-19 14:25:00+00:00,66.08999633789062,66.2300033569336,66.04000091552734,66.16999816894531,4631,2026-02-19,14:25:00,1359.6,1868.2708797746238,3.406148867313916,1.7510308785600943,1.3688780505828668,-1.0,-1,14,Thursday,1,386
2026-02-19 14:30:00+00:00,66.16000366210938,66.25,65.94999694824219,66.08999633789062,6995,2026-02-19,14:30:00,1377.7093333333332,1889.8281302306289,5.077268354621488,2.9723817614997348,1.8435790999538775,1.0,1,14,Thursday,1,386
2026-02-19 14:35:00+00:00,66.41999816894531,66.43000030517578,66.12999725341797,66.1500015258789,4660,2026-02-19,14:35:00,1389.8986666666667,1896.2243502538108,3.3527624076191644,1.7245329292895262,1.106954094661203,1.0,1,14,Thursday,1,386
2026-02-19 14:40:00+00:00,66.5,66.55000305175781,66.37999725341797,66.41999816894531,4565,2026-02-19,14:40:00,1401.9573333333333,1902.0056830870635,3.256161861321505,1.663003793728349,1.0885245901639344,1.0,1,14,Thursday,1,386
2026-02-19 15:00:00+00:00,65.75,66.41000366210938,65.44999694824219,66.37000274658203,30327,2026-02-19,15:00:00,1500.3706666666667,2416.878253156548,20.213005141840505,11.92721614987619,6.097641278258793,-1.0,-1,15,Thursday,1,388
2026-02-19 15:05:00+00:00,65.91000366210938,66.08000183105469,65.75,65.76000213623047,9586,2026-02-19,15:05:00,1524.9946666666667,2451.932366832785,6.2859236229022875,3.287613248380872,2.3492219090797697,1.0,1,15,Thursday,1,388
2026-02-19 15:10:00+00:00,66.04000091552734,66.2300033569336,65.91999816894531,65.91999816894531,6647,2026-02-19,15:10:00,1542.2053333333333,2465.1730873862716,4.310061608743842,2.0707652102753906,1.8892244288911784,1.0,1,15,Thursday,1,388
2026-02-19 15:15:00+00:00,66.2300033569336,66.37000274658203,65.97000122070312,66.04000091552734,6495,2026-02-19,15:15:00,1559.1173333333334,2477.3413442496458,4.165818608477617,1.9924112105599563,1.8355883703677536,1.0,1,15,Thursday,1,388
2026-02-19 15:20:00+00:00,66.23999786376953,66.30000305175781,66.16000366210938,66.26000213623047,4833,2026-02-19,15:20:00,1571.5173333333332,2482.0679232246716,3.0753717426385374,1.314018297464394,1.1695276698074684,-1.0,-1,15,Thursday,1,388
2026-02-19 16:15:00+00:00,66.37999725341797,66.44999694824219,66.27999877929688,66.43000030517578,5138,2026-02-19,16:15:00,1647.8533333333332,2484.7781504675504,3.1179959381498357,1.4046109774467954,1.4915451048697292,-1.0,-1,16,Thursday,1,390
2026-02-19 17:00:00+00:00,66.76000213623047,66.77999877929688,66.58000183105469,66.58999633789062,5465,2026-02-19,17:00:00,1697.016,2490.2047646321644,3.2203585587878956,1.5131221550596383,1.4781256339171005,1.0,1,17,Thursday,1,392
2026-02-19 18:05:00+00:00,66.38999938964844,66.52999877929688,66.23999786376953,66.5199966430664,6836,2026-02-19,18:05:00,1772.584,2501.0330181810923,3.856516813871726,2.0245298495429034,1.3548874602053835,-1.0,-1,18,Thursday,1,394
2026-02-19 19:15:00+00:00,66.38999938964844,66.47000122070312,66.33000183105469,66.45999908447266,5694,2026-02-19,19:15:00,1845.2133333333334,2513.8609071007677,3.085822054902414,1.5310261024367762,2.528278847754898,-1.0,-1,19,Thursday,1,396
2026-02-19 19:25:00+00:00,66.41999816894531,66.44999694824219,66.3499984741211,66.41000366210938,21937,2026-02-19,19:25:00,1911.608,2723.1989531502177,11.475679114128,7.353627973760225,5.002451399578131,1.0,1,19,Thursday,1,398
2026-02-19 21:20:00+00:00,66.33999633789062,66.9000015258789,65.9000015258789,66.69000244140625,10015,2026-02-19,21:20:00,1897.8906666666667,2759.7646215010914,5.276910928483411,2.941232476890828,11.066298342541437,-1.0,-1,21,Thursday,1,400
2026-02-20 14:35:00+00:00,66.41000366210938,66.41999816894531,65.87999725341797,66.2699966430664,11337,2026-02-20,14:35:00,1444.256,2410.08905987615,7.849716393769525,4.104721341919361,2.69303402814894,1.0,1,14,Friday,1,402
2026-02-20 15:00:00+00:00,66.4800033569336,66.66000366210938,66.26000213623047,66.2699966430664,8669,2026-02-20,15:00:00,1493.4826666666668,2437.1771452918474,5.8045534732241055,2.9441919505912972,1.743016198147706,1.0,1,15,Friday,1,404
2026-02-20 15:30:00+00:00,65.91000366210938,66.20999908447266,65.9000015258789,66.19999694824219,5307,2026-02-20,15:30:00,1537.5866666666666,2445.810269451259,3.4515127602563327,1.5411716028893105,1.4771928603736821,-1.0,-1,15,Friday,1,406
2026-02-20 19:00:00+00:00,66.41999816894531,66.56999969482422,66.38999938964844,66.55999755859375,5614,2026-02-20,19:00:00,1687.6213333333333,2472.464662767602,3.32657562992014,1.5880423796518883,2.8717030595607276,-1.0,-1,19,Friday,1,408
2026-02-20 19:10:00+00:00,66.37999725341797,66.41999816894531,66.30000305175781,66.31999969482422,6068,2026-02-20,19:10:00,1709.312,2486.1606508982472,3.5499663022315415,1.753180349960575,3.0524098468890495,1.0,1,19,Friday,1,410
2026-02-20 19:25:00+00:00,66.48999786376953,66.52999877929688,66.30000305175781,66.30000305175781,14820,2026-02-20,19:25:00,1761.304,2579.2110333192304,8.414220373087213,5.063058366028523,3.379510860270224,1.0,1,19,Friday,1,412
2026-02-23 14:00:00+00:00,66.94999694824219,66.95999908447266,66.8499984741211,66.91000366210938,3881,2026-02-23,14:00:00,1049.312,1414.222751418942,3.6986139489494074,2.00229277683368,0.7969608296113764,1.0,1,14,Monday,1,414
2026-02-23 14:30:00+00:00,67.12999725341797,67.22000122070312,66.91999816894531,66.94999694824219,6518,2026-02-23,14:30:00,1087.3493333333333,1441.59386987503,5.994393706039887,3.7671155379825825,1.7178625551821836,1.0,1,14,Monday,1,416
2026-02-23 15:55:00+00:00,66.80000305175781,67.0199966430664,66.7699966430664,67.01000213623047,4784,2026-02-23,15:55:00,1167.5013333333334,1462.9646990134993,4.097639859940203,2.472034129808689,1.1071991668233694,-1.0,-1,15,Monday,1,418
2026-02-23 16:00:00+00:00,66.55000305175781,66.80000305175781,66.5,66.79000091552734,4510,2026-02-23,16:00:00,1179.0213333333334,1472.2262942821328,3.8252064424053396,2.262545289133607,1.1368255218589995,-1.0,-1,16,Monday,1,418
2026-02-23 16:30:00+00:00,66.68000030517578,67.05000305175781,66.6500015258789,67.04000091552734,3877,2026-02-23,16:30:00,1210.7546666666667,1485.5344718057854,3.202135087097193,1.7948054279025245,1.149038639647316,-1.0,-1,16,Monday,1,420
2026-02-23 16:35:00+00:00,66.5,66.69000244140625,66.44000244140625,66.68000030517578,4350,2026-02-23,16:35:00,1220.8906666666667,1493.9506829525587,3.562972605791619,2.09451983190579,1.3922784556911383,-1.0,-1,16,Monday,1,420
2026-02-23 19:05:00+00:00,66.16000366210938,66.22000122070312,66.0999984741211,66.20999908447266,3783,2026-02-23,19:05:00,1241.6506666666667,1502.16683711127,3.046750669538829,1.6917890014270687,1.8405400474365992,-1.0,-1,19,Monday,1,422
2026-02-23 19:25:00+00:00,66.30999755859375,66.3499984741211,66.23999786376953,66.3499984741211,10254,2026-02-23,19:25:00,1279.3946666666666,1574.4644735849226,8.01472779835464,5.700100246084889,2.3382931417821107,-1.0,-1,19,Monday,1,424
2026-02-24 10:10:00+00:00,66.36000061035156,66.4800033569336,66.30999755859375,66.47000122070312,2723,2026-02-24,10:10:00,724.4773333333334,1007.6298360592973,3.7585716967450553,1.9833897281988155,1.8890864154706672,-1.0,-1,10,Tuesday,1,426
2026-02-24 10:40:00+00:00,66.23999786376953,66.41999816894531,66.23999786376953,66.4000015258789,2433,2026-02-24,10:40:00,732.3866666666667,1010.1928297595637,3.3220156929854903,1.6834541715546494,1.8166884450252008,-1.0,-1,10,Tuesday,1,428
2026-02-24 14:15:00+00:00,66.6500015258789,66.75,66.62999725341797,66.73999786376953,2452,2026-02-24,14:15:00,815.392,1007.5586518085066,3.0071425768219457,1.6243302531940824,0.7389437203345137,-1.0,-1,14,Tuesday,1,430
2026-02-24 14:25:00+00:00,66.68000030517578,66.7300033569336,66.62999725341797,66.7300033569336,2620,2026-02-24,14:25:00,825.72,1010.7641568380894,3.1729884222254516,1.775171772624916,0.7744462303016867,-1.0,-1,14,Tuesday,1,432
2026-02-24 14:30:00+00:00,66.51000213623047,66.69999694824219,66.4800033569336,66.66999816894531,3459,2026-02-24,14:30:00,834.7173333333334,1019.1351896873794,4.143917781348736,2.575009373851243,0.9116426171180075,-1.0,-1,14,Tuesday,1,432
2026-02-24 14:35:00+00:00,66.41999816894531,66.5199966430664,66.38999938964844,66.51000213623047,4794,2026-02-24,14:35:00,847.4373333333333,1038.571682542383,5.657055467621598,3.799990634258037,1.1387849634776412,-1.0,-1,14,Tuesday,1,432
2026-02-24 14:40:00+00:00,66.5,66.5,66.37000274658203,66.41999816894531,4175,2026-02-24,14:40:00,858.408,1051.8853745119995,4.863654579174471,3.152997541712817,0.9955290611028316,1.0,1,14,Tuesday,1,432
2026-02-24 15:00:00+00:00,66.45999908447266,66.66000366210938,66.45999908447266,66.5199966430664,3422,2026-02-24,15:00:00,881.84,1063.013542958564,3.8805225437721127,2.3895838550939468,0.688038000929917,-1.0,-1,15,Tuesday,1,434
2026-02-24 15:05:00+00:00,66.37000274658203,66.48999786376953,66.20999908447266,66.44999694824219,5253,2026-02-24,15:05:00,895.2773333333333,1086.1457308064003,5.867455596627042,4.012097587891184,1.2873422374708983,-1.0,-1,15,Tuesday,1,434
2026-02-24 15:25:00+00:00,65.9000015258789,66.45999908447266,65.73999786376953,66.43000030517578,18251,2026-02-24,15:25:00,953.568,1408.158966111256,19.139694285043124,12.283721097035123,5.717955747013902,-1.0,-1,15,Tuesday,1,436
2026-02-24 15:30:00+00:00,65.77999877929688,65.9800033569336,65.63999938964844,65.88999938964844,10140,2026-02-24,15:30:00,979.368,1485.6813784696567,10.353615801210577,6.165946570210104,2.8224487665704046,-1.0,-1,15,Tuesday,1,436
2026-02-24 15:35:00+00:00,65.9800033569336,66.01000213623047,65.68000030517578,65.7699966430664,4410,2026-02-24,15:35:00,990.04,1495.9046146204407,4.454365480182619,2.2862152884445472,1.2537313432835822,1.0,1,15,Tuesday,1,436
2026-02-24 15:40:00+00:00,66.01000213623047,66.16000366210938,65.95999908447266,65.9800033569336,3173,2026-02-24,15:40:00,998.032,1499.5453425179676,3.179256777337801,1.450418295686807,0.6581963387439713,1.0,1,15,Tuesday,1,436
2026-02-24 16:25:00+00:00,66.0199966430664,66.22000122070312,65.97000122070312,66.18000030517578,3632,2026-02-24,16:25:00,1033.744,1509.672760362201,3.5134423996656814,1.7210723199222502,0.8089875127030752,-1.0,-1,16,Tuesday,1,438
2026-02-24 16:30:00+00:00,66.05999755859375,66.08000183105469,65.97000122070312,66.01000213623047,4161,2026-02-24,16:30:00,1043.8666666666666,1517.8808716310402,3.986141269638524,2.0536086800960964,1.2332086096395363,1.0,1,16,Tuesday,1,438
2026-02-24 17:45:00+00:00,65.76000213623047,65.93000030517578,65.68000030517578,65.9000015258789,4369,2026-02-24,17:45:00,1092.3013333333333,1533.8096579137173,3.9998120176849854,2.136313752987852,1.2779758313680323,-1.0,-1,17,Tuesday,1,440
2026-02-24 17:50:00+00:00,65.83000183105469,65.87000274658203,65.7300033569336,65.76000213623047,3427,2026-02-24,17:50:00,1099.0266666666666,1538.5081388814885,3.1182136921154475,1.5131368333389477,1.0524174200111323,1.0,1,17,Tuesday,1,440
2026-02-24 20:20:00+00:00,66.30999755859375,66.44999694824219,66.01000213623047,66.02999877929688,5338,2026-02-24,20:20:00,1222.3973333333333,1656.77927991201,4.3668288979688,2.484098344642047,2.877046419187496,1.0,1,20,Tuesday,1,442
2026-02-25 03:30:00+00:00,66.31999969482422,66.5999984741211,66.26000213623047,66.26000213623047,4358,2026-02-25,03:30:00,955.8613333333333,1591.9457696986005,4.559238718028836,2.137094574088906,5.314634146341463,1.0,1,3,Wednesday,1,444
2026-02-25 09:40:00+00:00,65.58999633789062,65.6500015258789,65.48999786376953,65.6500015258789,2900,2026-02-25,09:40:00,902.2293333333333,1500.4217502252404,3.214260380213752,1.3314727451576633,1.7732935870977604,-1.0,-1,9,Wednesday,1,446
2026-02-25 12:20:00+00:00,66.02999877929688,66.11000061035156,65.7300033569336,66.01000213623047,4907,2026-02-25,12:20:00,939.9226666666667,1509.5776552440336,5.2206422656048295,2.627938562519348,2.1086104098404683,1.0,1,12,Wednesday,1,448
2026-02-25 13:40:00+00:00,66.0199966430664,66.12999725341797,65.94999694824219,66.08000183105469,3483,2026-02-25,13:40:00,989.456,1511.6124682188945,3.5201161042027134,1.6495921093705304,0.9300400534045394,-1.0,-1,13,Wednesday,1,450
2026-02-25 14:30:00+00:00,65.56999969482422,65.77999877929688,65.51000213623047,65.7699966430664,6123,2026-02-25,14:30:00,1039.0586666666666,1535.356931022842,5.892833770053408,3.3112439398351845,1.613757659616525,-1.0,-1,14,Wednesday,1,452
2026-02-25 14:40:00+00:00,65.47000122070312,65.58000183105469,65.38999938964844,65.58000183105469,4049,2026-02-25,14:40:00,1056.32,1544.0658127892573,3.833118751893366,1.9381816339770603,0.9654843517138599,-1.0,-1,14,Wednesday,1,454
2026-02-25 14:50:00+00:00,65.3499984741211,65.47000122070312,65.30000305175781,65.45999908447266,3740,2026-02-25,14:50:00,1069.264,1549.2671830414367,3.4977330200960663,1.7238705042192637,1.0259575489490107,-1.0,-1,14,Wednesday,1,456
2026-02-25 15:30:00+00:00,65.37000274658203,65.52999877929688,65.26000213623047,65.52999877929688,8028,2026-02-25,15:30:00,1130.416,1595.113857019481,7.101810307002024,4.324195398119321,2.2345777808705334,-1.0,-1,15,Wednesday,1,458
2026-02-25 15:35:00+00:00,65.48999786376953,65.5,65.36000061035156,65.37000274658203,3696,2026-02-25,15:35:00,1139.9493333333332,1599.741299303954,3.2422493631295897,1.5977900100339988,1.0507462686567164,1.0,1,15,Wednesday,1,458
2026-02-25 15:40:00+00:00,65.45999908447266,65.55999755859375,65.37000274658203,65.4800033569336,5461,2026-02-25,15:40:00,1152.7786666666666,1615.0198411301817,4.73724935922941,2.667596535729533,1.132811284551159,-1.0,-1,15,Wednesday,1,458
2026-02-25 15:45:00+00:00,65.41000366210938,65.5,65.25,65.4800033569336,7091,2026-02-25,15:45:00,1170.6853333333333,1643.362083703177,6.057135763211065,3.6025625304228392,1.2888187115902352,-1.0,-1,15,Wednesday,1,458
2026-02-25 16:10:00+00:00,65.33000183105469,65.41000366210938,65.12000274658203,65.16999816894531,3723,2026-02-25,16:10:00,1211.2026666666666,1659.4403368436062,3.073804328920456,1.5136412425113042,1.1870864886408927,1.0,1,16,Wednesday,1,460
2026-02-25 16:25:00+00:00,65.51000213623047,65.55000305175781,65.4000015258789,65.44999694824219,3728,2026-02-25,16:25:00,1226.808,1663.8544727087435,3.0387803144420316,1.503251661143223,0.8303704425542577,1.0,1,16,Wednesday,1,462
2026-02-25 19:25:00+00:00,65.47000122070312,65.48999786376953,65.3499984741211,65.45999908447266,8924,2026-02-25,19:25:00,1339.8826666666666,1711.774580995568,6.660284681643766,4.430558449420608,2.0350037056040136,1.0,1,19,Wednesday,1,464
2026-02-25 19:30:00+00:00,65.5199966430664,65.55000305175781,65.44999694824219,65.47000122070312,5481,2026-02-25,19:30:00,1352.9306666666666,1724.6282170829152,4.0512053832766,2.3935995552222065,2.612721584984359,1.0,1,19,Wednesday,1,464
2026-02-26 09:10:00+00:00,65.11000061035156,65.27999877929688,65.05999755859375,65.26000213623047,3136,2026-02-26,09:10:00,825.6373333333333,1181.5547546240266,3.7982778556525223,1.955358105601995,2.056562013279777,-1.0,-1,9,Thursday,1,466
2026-02-26 10:05:00+00:00,64.81999969482422,64.98999786376953,64.6500015258789,64.9800033569336,4873,2026-02-26,10:05:00,859.216,1201.2893691389984,5.67144932124169,3.3412299343636116,3.217298011058843,-1.0,-1,10,Thursday,1,468
2026-02-26 10:15:00+00:00,64.61000061035156,64.7300033569336,64.58000183105469,64.7300033569336,3780,2026-02-26,10:15:00,871.6773333333333,1211.5823899291408,4.33646701072874,2.400433260536875,2.6398952422522917,-1.0,-1,10,Thursday,1,470
2026-02-26 10:25:00+00:00,64.44000244140625,64.61000061035156,64.41000366210938,64.58999633789062,3276,2026-02-26,10:25:00,884.2373333333334,1218.63829050889,3.7048876772148653,1.9626518264643504,2.35334261213128,-1.0,-1,10,Thursday,1,472
2026-02-26 10:40:00+00:00,64.2300033569336,64.43000030517578,64.20999908447266,64.37000274658203,2694,2026-02-26,10:40:00,896.6533333333333,1221.970251934615,3.0045056432065906,1.47085959238461,2.0115736419637855,-1.0,-1,10,Thursday,1,474
2026-02-26 12:15:00+00:00,64.12000274658203,64.33999633789062,64.02999877929688,64.33000183105469,3755,2026-02-26,12:15:00,916.376,1215.0029510582144,4.09766296803932,2.3363103748247545,1.536887342678809,-1.0,-1,12,Thursday,1,476
2026-02-26 12:20:00+00:00,64.0,64.19000244140625,63.810001373291016,64.12000274658203,3858,2026-02-26,12:20:00,926.0666666666667,1223.9252442714867,4.16600676697142,2.395516676411474,1.657839608959553,-1.0,-1,12,Thursday,1,476
2026-02-26 13:15:00+00:00,63.79999923706055,63.83000183105469,63.599998474121094,63.709999084472656,5013,2026-02-26,13:15:00,979.7013333333333,1246.2652039947243,5.116865548139842,3.2363084949643994,1.3755680941192612,1.0,1,13,Thursday,1,478
2026-02-26 14:00:00+00:00,64.37999725341797,64.47000122070312,64.26000213623047,64.37000274658203,4692,2026-02-26,14:00:00,1036.12,1271.102397033091,4.528433000038606,2.8761490880146816,0.9634991529339288,1.0,1,14,Thursday,1,480
2026-02-26 14:10:00+00:00,64.27999877929688,64.33999633789062,64.19999694824219,64.31999969482422,3302,2026-02-26,14:10:00,1048.6826666666666,1275.2342568036056,3.148712289195842,1.766983063159947,0.9235072017899595,-1.0,-1,14,Thursday,1,482
2026-02-26 14:25:00+00:00,64.18000030517578,64.26000213623047,64.06999969482422,64.11000061035156,4005,2026-02-26,14:25:00,1067.056,1283.9418538319187,3.753317539098229,2.288222002602158,1.1838386077703265,1.0,1,14,Thursday,1,484
2026-02-26 14:55:00+00:00,64.70999908447266,64.75,64.33000183105469,64.38999938964844,4989,2026-02-26,14:55:00,1112.0933333333332,1310.1345154161847,4.486134257316532,2.9591668802306965,1.2755309119381282,1.0,1,14,Thursday,1,486
2026-02-26 15:00:00+00:00,65.0,65.02999877929688,64.69999694824219,64.70999908447266,11208,2026-02-26,15:00:00,1141.7013333333334,1409.0403042528148,9.816928186706155,7.144081426403638,2.253515463010669,1.0,1,15,Thursday,1,486
2026-02-26 15:10:00+00:00,65.2699966430664,65.29000091552734,64.98999786376953,65.0,6405,2026-02-26,15:10:00,1175.408,1459.4765933970127,5.449171691872099,3.5831968965174257,1.820442675951256,1.0,1,15,Thursday,1,488
2026-02-26 15:15:00+00:00,65.52999877929688,65.54000091552734,65.19000244140625,65.26000213623047,7708,2026-02-26,15:15:00,1194.824,1497.431112557625,6.451159333927005,4.349566364275309,2.178401102200869,1.0,1,15,Thursday,1,488
2026-02-26 15:20:00+00:00,65.55000305175781,65.5999984741211,65.41000366210938,65.52999877929688,5019,2026-02-26,15:20:00,1207.3653333333334,1509.695213909719,4.156985347710275,2.524770981286694,1.2145374249459309,1.0,1,15,Thursday,1,488
2026-02-26 15:25:00+00:00,65.63999938964844,65.66999816894531,65.47000122070312,65.54000091552734,6243,2026-02-26,15:25:00,1223.096,1531.2542537703498,5.104260009026274,3.2782955460464382,1.9559036616408851,1.0,1,15,Thursday,1,488
2026-02-26 15:35:00+00:00,65.81999969482422,65.87000274658203,65.6500015258789,65.66000366210938,4489,2026-02-26,15:35:00,1245.5973333333334,1547.7078378459287,3.603893393049439,2.0956168776535855,1.276190476190476,1.0,1,15,Thursday,1,490
2026-02-26 15:40:00+00:00,66.22000122070312,66.22000122070312,65.80000305175781,65.83000183105469,8940,2026-02-26,15:40:00,1268.624,1597.122835882809,7.047005259241509,4.803247331793143,1.8544832235647981,1.0,1,15,Thursday,1,490
2026-02-26 15:45:00+00:00,66.12999725341797,66.25,66.01000213623047,66.2300033569336,6809,2026-02-26,15:45:00,1285.952,1621.7652552525396,5.294909918877221,3.4055779540917324,1.2375640399404755,-1.0,-1,15,Thursday,1,490
2026-02-26 15:50:00+00:00,66.43000030517578,66.4800033569336,66.11000061035156,66.13999938964844,9942,2026-02-26,15:50:00,1311.912,1681.2715935801773,7.578252199842672,5.133071915895927,2.3808183913551053,1.0,1,15,Thursday,1,490
2026-02-26 15:55:00+00:00,66.48999786376953,66.51000213623047,66.33999633789062,66.43000030517578,4024,2026-02-26,15:55:00,1321.4586666666667,1686.4861685021224,3.0451198372707333,1.602468720946366,0.9313063225955767,1.0,1,15,Thursday,1,490
2026-02-26 16:00:00+00:00,66.58000183105469,66.62000274658203,66.27999877929688,66.48999786376953,7350,2026-02-26,16:00:00,1340.2186666666666,1714.1612813796296,5.4841796960496,3.5059602609250438,1.8526979125640015,1.0,1,16,Thursday,1,490
2026-02-26 16:05:00+00:00,66.58999633789062,66.62999725341797,66.47000122070312,66.56999969482422,6510,2026-02-26,16:05:00,1356.7493333333334,1733.9850569251964,4.798233424597223,2.9719118086315643,1.8632940376737446,1.0,1,16,Thursday,1,490
2026-02-26 16:10:00+00:00,66.33000183105469,66.61000061035156,66.27999877929688,66.58000183105469,6899,2026-02-26,16:10:00,1374.4906666666666,1756.479302283721,5.01931382097417,3.1452174393120003,2.1997608609007573,-1.0,-1,16,Thursday,1,490
2026-02-26 16:15:00+00:00,66.54000091552734,66.55999755859375,66.2699966430664,66.31999969482422,6471,2026-02-26,16:15:00,1390.608,1775.3898143742701,4.653360256808533,2.8615642372548846,1.8785107772697582,1.0,1,16,Thursday,1,490
2026-02-26 16:25:00+00:00,66.61000061035156,66.70999908447266,66.41999816894531,66.45999908447266,6029,2026-02-26,16:25:00,1411.2533333333333,1791.744712506488,4.272089112278447,2.57723471119212,1.3428925424247908,1.0,1,16,Thursday,1,492
2026-02-26 16:30:00+00:00,66.37000274658203,66.63999938964844,66.33999633789062,66.61000061035156,5557,2026-02-26,16:30:00,1425.3173333333334,1803.5249614936815,3.8987809030597163,2.290892976188587,1.646945504390027,-1.0,-1,16,Thursday,1,492
2026-02-26 16:35:00+00:00,66.19000244140625,66.41999816894531,66.1500015258789,66.37000274658203,6388,2026-02-26,16:35:00,1441.4373333333333,1820.75821477683,4.431687630309747,2.716759768826838,2.0445689137827565,-1.0,-1,16,Thursday,1,492
2026-02-26 16:50:00+00:00,66.27999877929688,66.37000274658203,66.19999694824219,66.19999694824219,5513,2026-02-26,16:50:00,1477.2213333333334,1866.1951860057113,3.732006758635131,2.1625705054488953,1.7646894068220467,1.0,1,16,Thursday,1,494
2026-02-26 18:00:00+00:00,66.33999633789062,66.47000122070312,66.20999908447266,66.45999908447266,5267,2026-02-26,18:00:00,1518.4106666666667,1876.412535138502,3.468758561583691,1.9977426408828811,1.2873816070882982,-1.0,-1,18,Thursday,1,496
2026-02-26 18:05:00+00:00,66.4000015258789,66.66999816894531,66.1500015258789,66.3499984741211,11458,2026-02-26,18:05:00,1545.2266666666667,1945.3343331510216,7.415093362786042,5.095665646982532,2.2709626271259924,1.0,1,18,Thursday,1,496
2026-02-26 18:10:00+00:00,66.36000061035156,66.55999755859375,66.31999969482422,66.4000015258789,7835,2026-02-26,18:10:00,1562.064,1972.2623010462594,5.015799608722817,3.180578970998071,1.538253880606172,-1.0,-1,18,Thursday,1,496
2026-02-26 18:30:00+00:00,65.30000305175781,66.45999908447266,65.12999725341797,66.2300033569336,18144,2026-02-26,18:30:00,1618.4293333333333,2150.719576062654,11.210869468505267,7.683740293525486,4.600916049891437,-1.0,-1,18,Thursday,1,498
2026-02-26 18:35:00+00:00,65.19999694824219,65.5199966430664,64.94000244140625,65.30999755859375,12135,2026-02-26,18:35:00,1649.6986666666667,2217.3002872943466,7.355888833031325,4.728859412239552,3.9998351942647603,-1.0,-1,18,Thursday,1,498
2026-02-26 19:00:00+00:00,65.66999816894531,65.80000305175781,65.31999969482422,65.70999908447266,5371,2026-02-26,19:00:00,1694.9706666666666,2230.8299159977346,3.1687864018099035,1.647830391269088,2.7474024105629975,-1.0,-1,19,Thursday,1,500
2026-02-26 19:10:00+00:00,65.5,65.5999984741211,65.26000213623047,65.58999633789062,6743,2026-02-26,19:10:00,1717.7653333333333,2245.837646898837,3.925448877766773,2.2375770009937086,3.391957745150439,-1.0,-1,19,Thursday,1,502
2026-02-26 19:15:00+00:00,65.20999908447266,65.56999969482422,65.19000244140625,65.5,7068,2026-02-26,19:15:00,1734.7333333333333,2262.143456902719,4.074401444986742,2.3576164678648923,3.1383693178664593,-1.0,-1,19,Thursday,1,502
2026-02-26 19:20:00+00:00,64.97000122070312,65.25,64.93000030517578,65.19999694824219,6530,2026-02-26,19:20:00,1751.0213333333334,2274.62132702606,3.729252108864465,2.100999674049005,2.092068640996376,-1.0,-1,19,Thursday,1,502
2026-02-26 19:25:00+00:00,65.20999908447266,65.2699966430664,64.91000366210938,64.97000122070312,11723,2026-02-26,19:25:00,1781.1093333333333,2331.1546762018684,6.581853107276963,4.264792365843741,2.6732797445983696,1.0,1,19,Thursday,1,502
2026-02-27 13:00:00+00:00,67.22000122070312,67.26000213623047,67.02999877929688,67.04000091552734,4874,2026-02-27,13:00:00,1507.376,2233.428005938668,3.2334334631837045,1.5073796831812678,0.88024019685306,1.0,1,13,Friday,1,504
2026-02-27 13:05:00+00:00,67.30999755859375,67.41000366210938,67.13999938964844,67.22000122070312,4965,2026-02-27,13:05:00,1520.504,2239.2525572963477,3.2653646422502014,1.538234706387408,1.348017172625613,1.0,1,13,Friday,1,504
2026-02-27 14:10:00+00:00,67.5199966430664,67.62999725341797,67.4000015258789,67.62999725341797,4980,2026-02-27,14:10:00,1636.5226666666667,2259.4648256349515,3.043037595161122,1.4797651618204564,1.3928121940987275,-1.0,-1,14,Friday,1,506
2026-02-27 14:25:00+00:00,67.30000305175781,67.44000244140625,67.16999816894531,67.4000015258789,7879,2026-02-27,14:25:00,1673.0266666666666,2281.1269037821166,4.709428819624313,2.72057346877274,2.3289549040255686,-1.0,-1,14,Friday,1,508
2026-02-27 14:30:00+00:00,67.22000122070312,67.41999816894531,67.1500015258789,67.30000305175781,6691,2026-02-27,14:30:00,1690.1173333333334,2294.6458890751524,3.958896739319085,2.179370111299505,1.7634578638729657,-1.0,-1,14,Friday,1,508
2026-02-27 14:45:00+00:00,66.9800033569336,67.2300033569336,66.87999725341797,67.12999725341797,5175,2026-02-27,14:45:00,1723.7786666666666,2304.261662478739,3.002125562910629,1.4977558276175926,1.1713610706353361,-1.0,-1,14,Friday,1,510
2026-02-27 15:10:00+00:00,67.01000213623047,67.04000091552734,66.9000015258789,67.0199966430664,6200,2026-02-27,15:10:00,1772.48,2312.660549478077,3.4979238129626284,1.9144703276921495,1.7621771414360323,-1.0,-1,15,Friday,1,512
2026-02-27 15:30:00+00:00,66.63999938964844,66.94000244140625,66.48999786376953,66.93000030517578,8631,2026-02-27,15:30:00,1817.36,2336.193159181254,4.74919663687987,2.916556780941829,2.402421627639957,-1.0,-1,15,Friday,1,514
2026-02-27 16:20:00+00:00,66.5999984741211,66.70999908447266,66.55999755859375,66.63999938964844,5823,2026-02-27,16:20:00,1898.864,2349.187020636091,3.0665703283647487,1.6704229869861358,1.6759547408753215,-1.0,-1,16,Friday,1,516
2026-02-27 17:30:00+00:00,66.2300033569336,66.80000305175781,66.12999725341797,66.66000366210938,18597,2026-02-27,17:30:00,1981.624,2493.0580710067115,9.384726870486025,6.664656629233916,5.419594557674444,-1.0,-1,17,Friday,1,518
2026-02-27 19:25:00+00:00,67.05999755859375,67.06999969482422,66.86000061035156,66.93000030517578,10203,2026-02-27,19:25:00,2039.9013333333332,2527.0090685402743,5.001712501127506,3.2303400760576126,2.3266632461091157,1.0,1,19,Friday,1,520
2026-02-27 19:30:00+00:00,67.18000030517578,67.19000244140625,67.06999969482422,67.06999969482422,6260,2026-02-27,19:30:00,2055.037333333333,2535.25065446306,3.046173370410789,1.6585983950992151,2.98406077759571,1.0,1,19,Friday,1,520
2026-03-01 23:10:00+00:00,72.52999877929688,72.55000305175781,71.04000091552734,71.86000061035156,9092,2026-03-01,23:10:00,2036.7813333333334,2556.593037111025,4.463905796465796,2.759617414369216,16.50277935337493,1.0,1,23,Sunday,1,522
2026-03-01 23:15:00+00:00,72.3499984741211,73.0,72.25,72.54000091552734,7233,2026-03-01,23:15:00,2050.349333333333,2570.6315206721133,3.5276915413438497,2.0161001781039465,11.210694565533275,-1.0,-1,23,Sunday,1,522
2026-03-02 07:05:00+00:00,72.93000030517578,73.1500015258789,72.2300033569336,72.33999633789062,8929,2026-03-02,07:05:00,1650.152,1911.2638917742206,5.411016682099588,3.808395078945936,7.086507936507936,1.0,1,7,Monday,1,524
2026-03-02 07:20:00+00:00,72.41000366210938,73.04000091552734,72.19000244140625,72.87999725341797,5296,2026-03-02,07:20:00,1681.8053333333332,1925.002327097219,3.14899703017551,1.8775014532666265,4.091945141974116,-1.0,-1,7,Monday,1,526
2026-03-02 10:00:00+00:00,71.62999725341797,72.44999694824219,71.27999877929688,72.43000030517578,7186,2026-03-02,10:00:00,1914.7893333333334,1929.9802999446974,3.75289326867638,2.731225115001283,3.64679015478305,-1.0,-1,10,Monday,1,528
2026-03-02 16:10:00+00:00,70.5999984741211,71.0199966430664,70.54000091552734,70.9000015258789,8234,2026-03-02,16:10:00,2486.6026666666667,1908.615204659661,3.3113452785916206,3.0112918095285703,2.6254284575528097,-1.0,-1,16,Monday,1,530
2026-03-02 16:30:00+00:00,71.05999755859375,71.2699966430664,70.54000091552734,71.11000061035156,7637,2026-03-02,16:30:00,2541.08,1928.3325148170018,3.0054150203850334,2.6426562643339557,2.2634016226429075,-1.0,-1,16,Monday,1,532
2026-03-02 16:45:00+00:00,70.51000213623047,71.29000091552734,70.08999633789062,71.29000091552734,10269,2026-03-02,16:45:00,2592.36,1976.1839965537677,3.9612553811970557,3.884577556233203,3.2720755167881466,-1.0,-1,16,Monday,1,534
2026-03-02 19:25:00+00:00,71.2300033569336,71.27999877929688,71.0999984741211,71.19999694824219,9954,2026-03-02,19:25:00,2747.653333333333,1989.841190915072,3.6227277579898485,3.621568746072982,2.2698819907644947,1.0,1,19,Monday,1,536
2026-03-02 20:05:00+00:00,72.29000091552734,72.29000091552734,70.93000030517578,71.01000213623047,14352,2026-03-02,20:05:00,2807.4293333333335,2069.090253132464,5.112150047588019,5.579539437290838,15.392948116369487,1.0,1,20,Monday,1,538
2026-03-03 10:55:00+00:00,76.45999908447266,77.2699966430664,76.37000274658203,76.63999938964844,12067,2026-03-03,10:55:00,2318.456,1960.257092589657,5.2047569589416405,4.973094619502889,10.005804311774462,-1.0,-1,10,Tuesday,1,540
2026-03-03 11:15:00+00:00,77.33000183105469,77.36000061035156,76.69000244140625,76.86000061035156,7285,2026-03-03,11:15:00,2358.9333333333334,1984.5662286415272,3.0882602306127063,2.4821880950975626,3.9102284544936095,1.0,1,11,Tuesday,1,542
2026-03-03 11:20:00+00:00,77.02999877929688,77.52999877929688,77.0199966430664,77.30999755859375,7809,2026-03-03,11:20:00,2376.501333333333,2003.534818610141,3.2859228355857577,2.7114570788618537,3.750270140473046,-1.0,-1,11,Tuesday,1,542
2026-03-03 11:35:00+00:00,76.56999969482422,76.6500015258789,75.91000366210938,76.36000061035156,8939,2026-03-03,11:35:00,2424.4293333333335,2042.1072501370525,3.6870532281961057,3.19012170699137,5.399984897681795,1.0,1,11,Tuesday,1,544
2026-03-03 12:05:00+00:00,76.72000122070312,77.4800033569336,76.51000213623047,77.44000244140625,7801,2026-03-03,12:05:00,2490.024,2080.178242558257,3.132901530266375,2.553135058978612,2.9531763870815095,-1.0,-1,12,Tuesday,1,546
2026-03-03 12:10:00+00:00,76.16000366210938,76.94999694824219,75.87000274658203,76.69999694824219,9413,2026-03-03,12:10:00,2513.896,2108.0111295508104,3.7443871981975385,3.2728024550183985,3.601252959039717,-1.0,-1,12,Tuesday,1,546
2026-03-03 12:20:00+00:00,76.19000244140625,76.31999969482422,75.69000244140625,76.12000274658203,9305,2026-03-03,12:20:00,2550.3893333333335,2137.7776863484837,3.6484625615330883,3.1596412993739063,3.998495998281141,1.0,1,12,Tuesday,1,548
2026-03-03 12:30:00+00:00,76.62000274658203,76.6500015258789,75.9800033569336,76.02999877929688,9278,2026-03-03,12:30:00,2582.4106666666667,2164.063237803379,3.592767068289681,3.093989684021275,3.559733346122488,1.0,1,12,Tuesday,1,550
2026-03-03 12:35:00+00:00,76.45999908447266,76.86000061035156,76.02999877929688,76.62000274658203,8726,2026-03-03,12:35:00,2601.1626666666666,2186.6928726865212,3.3546537138264325,2.800959114943516,3.9826563213144683,-1.0,-1,12,Tuesday,1,550
2026-03-03 12:50:00+00:00,76.16000366210938,76.62000274658203,75.87999725341797,75.87999725341797,10149,2026-03-03,12:50:00,2651.8773333333334,2226.1050697808537,3.8271000971387314,3.367820669580844,3.023741690408357,1.0,1,12,Tuesday,1,552
2026-03-03 13:00:00+00:00,75.83999633789062,76.0199966430664,75.3499984741211,75.94000244140625,10038,2026-03-03,13:00:00,2693.133333333333,2265.15984805815,3.7272569745278115,3.2425379043175204,1.8128541436214642,-1.0,-1,13,Tuesday,1,554
2026-03-03 13:50:00+00:00,75.98999786376953,76.55999755859375,75.94999694824219,76.08000183105469,8545,2026-03-03,13:50:00,2823.1813333333334,2308.3610360843845,3.026727294881519,2.478736461594606,1.7887795687670085,-1.0,-1,13,Tuesday,1,556
2026-03-03 14:00:00+00:00,77.0199966430664,77.06999969482422,76.19000244140625,76.20999908447266,12109,2026-03-03,14:00:00,2861.4773333333333,2353.1966343435547,4.231730183196745,3.9297704797399335,2.486575286205657,1.0,1,14,Tuesday,1,558
2026-03-03 14:05:00+00:00,77.11000061035156,77.22000122070312,76.72000122070312,77.02999877929688,10500,2026-03-03,14:05:00,2886.656,2384.1581809131058,3.6374268357573607,3.1933048993771775,2.310548755329391,1.0,1,14,Tuesday,1,558
2026-03-03 14:10:00+00:00,77.5199966430664,77.6500015258789,77.12000274658203,77.12000274658203,14972,2026-03-03,14:10:00,2924.3013333333333,2462.168895707083,5.119855409337661,4.893124386256542,4.1873863795273385,1.0,1,14,Tuesday,1,558
2026-03-03 14:15:00+00:00,77.80000305175781,77.9800033569336,77.5,77.5199966430664,14796,2026-03-03,14:15:00,2956.928,2537.2609105011516,5.00384182502922,4.666083787836224,4.45897687033828,1.0,1,14,Tuesday,1,558
2026-03-03 14:20:00+00:00,77.44999694824219,77.8499984741211,77.18000030517578,77.80999755859375,9869,2026-03-03,14:20:00,2978.816,2561.3409382357254,3.3130612968374016,2.690069056072645,3.3282185313211365,-1.0,-1,14,Tuesday,1,558
2026-03-03 16:40:00+00:00,75.73999786376953,76.63999938964844,75.36000061035156,76.5,15359,2026-03-03,16:40:00,3249.0026666666668,2749.4813604259393,4.727296827908626,4.404466059539788,5.943597929666715,-1.0,-1,16,Tuesday,1,560
2026-03-03 16:45:00+00:00,75.81999969482422,75.94000244140625,74.54000091552734,75.73999786376953,23984,2026-03-03,16:45:00,3303.392,2950.5841574151395,7.260415960321997,7.008987677246005,7.642171505954515,1.0,1,16,Tuesday,1,560
2026-03-03 18:30:00+00:00,74.5199966430664,75.31999969482422,74.18000030517578,75.25,10727,2026-03-03,18:30:00,3398.28,2983.3271092258074,3.1565968666501876,2.4565593150466993,2.720129324690556,-1.0,-1,18,Tuesday,1,562
2026-03-03 18:35:00+00:00,74.04000091552734,74.80000305175781,73.70999908447266,74.5199966430664,13189,2026-03-03,18:35:00,3430.528,3023.4633828479487,3.8445976829222794,3.227580679613859,4.347245684149809,-1.0,-1,18,Tuesday,1,562
2026-03-03 19:25:00+00:00,74.58000183105469,74.69999694824219,74.22000122070312,74.27999877929688,17946,2026-03-03,19:25:00,3537.5626666666667,3105.25603509955,5.072984337238596,4.640015886120456,4.092355053873781,1.0,1,19,Tuesday,1,564
2026-03-03 19:35:00+00:00,73.29000091552734,74.83999633789062,72.94999694824219,74.7699966430664,14409,2026-03-03,19:35:00,3574.008,3152.455925290358,4.031608211285481,3.4370003123840784,6.263420995435775,-1.0,-1,19,Tuesday,1,566
2026-03-03 19:40:00+00:00,72.16999816894531,73.36000061035156,72.06999969482422,73.27999877929688,19247,2026-03-03,19:40:00,3621.144,3252.9712326073554,5.315171117193904,4.803564151864755,8.416058593643246,-1.0,-1,19,Tuesday,1,566
2026-03-03 19:45:00+00:00,72.7300033569336,72.91999816894531,71.6500015258789,72.16999816894531,15485,2026-03-03,19:45:00,3660.4666666666667,3306.7205272408773,4.230334929972499,3.5759094958048077,10.78342618384401,1.0,1,19,Tuesday,1,566
2026-03-04 10:05:00+00:00,75.44999694824219,76.80000305175781,75.3499984741211,76.66000366210938,8830,2026-03-04,10:05:00,2936.4773333333333,3331.806704065346,3.007004310834115,1.7688669212039254,5.829825864487909,-1.0,-1,10,Wednesday,1,568
2026-03-04 10:10:00+00:00,75.20999908447266,75.73999786376953,75.06999969482422,75.44000244140625,9107,2026-03-04,10:10:00,2959.2346666666667,3344.740122175585,3.0774848992487245,1.8380397605702536,6.317998525777219,-1.0,-1,10,Wednesday,1,568
2026-03-04 14:35:00+00:00,74.73999786376953,75.1500015258789,74.31999969482422,74.33000183105469,14535,2026-03-04,14:35:00,3348.992,3330.7827342728838,4.340111890383733,3.3583721582614503,3.452699091394976,1.0,1,14,Wednesday,1,570
2026-03-04 19:25:00+00:00,74.69999694824219,74.80000305175781,74.56999969482422,74.68000030517578,18095,2026-03-04,19:25:00,3442.52,3368.2287636498118,5.256323855780068,4.350203334800388,4.12633259221253,1.0,1,19,Wednesday,1,572
2026-03-05 06:50:00+00:00,76.5999984741211,77.26000213623047,76.05999755859375,77.13999938964844,7729,2026-03-05,06:50:00,1773.7493333333334,1925.095125392752,4.3574364509979615,3.093483843013573,8.531493618489135,-1.0,-1,6,Thursday,1,574
2026-03-05 09:05:00+00:00,75.79000091552734,76.83000183105469,75.68000030517578,76.7300033569336,8324,2026-03-05,09:05:00,1864.4453333333333,1938.0747094017556,4.464598586603773,3.3329750578400565,5.874641612632879,-1.0,-1,9,Thursday,1,576
2026-03-05 09:10:00+00:00,75.80000305175781,75.93000030517578,75.1500015258789,75.77999877929688,7041,2026-03-05,09:10:00,1881.56,1955.3434593058455,3.7421076128319055,2.638636182019716,4.617427658004755,1.0,1,9,Thursday,1,576
2026-03-05 09:20:00+00:00,75.45999908447266,75.66999816894531,74.97000122070312,75.55999755859375,7081,2026-03-05,09:20:00,1901.7173333333333,1979.1980375287003,3.7234766050054406,2.6168592371553228,5.175696665143901,-1.0,-1,9,Thursday,1,578
2026-03-05 14:00:00+00:00,77.37999725341797,77.41000366210938,76.83999633789062,77.16000366210938,6928,2026-03-05,14:00:00,2069.6773333333335,1958.306714243603,3.347381685261084,2.480879338936034,1.4226603008367986,1.0,1,14,Thursday,1,580
2026-03-05 16:05:00+00:00,79.30000305175781,79.37999725341797,78.7699966430664,78.83999633789062,6996,2026-03-05,16:05:00,2331.24,2066.8709942692967,3.0009780202810523,2.256918797996456,2.002397094864135,1.0,1,16,Thursday,1,582
2026-03-05 17:35:00+00:00,79.13999938964844,79.44000244140625,78.7699966430664,79.37000274658203,9761,2026-03-05,17:35:00,2437.1813333333334,2135.2392504985837,4.00503641912023,3.4299756642992283,2.7994049006076467,-1.0,-1,17,Thursday,1,584
2026-03-05 18:15:00+00:00,80.20999908447266,80.33000183105469,79.43000030517578,79.44000244140625,7937,2026-03-05,18:15:00,2461.3946666666666,2152.0343376316487,3.224594620069056,2.5443856715406,1.4712111031302857,1.0,1,18,Thursday,1,586
2026-03-05 18:25:00+00:00,80.81999969482422,81.0,80.2699966430664,80.27999877929688,8545,2026-03-05,18:25:00,2451.9066666666668,2129.319094634127,3.4850429325749213,2.8615219525753077,0.6215393008137473,1.0,1,18,Thursday,1,588
2026-03-05 19:15:00+00:00,81.08999633789062,81.58000183105469,81.04000091552734,81.54000091552734,7755,2026-03-05,19:15:00,2518.0506666666665,2173.144382713926,3.0797632877919323,2.409848777186715,3.44341455292224,-1.0,-1,19,Thursday,1,590
2026-03-05 19:25:00+00:00,80.97000122070312,81.33999633789062,80.91999816894531,81.11000061035156,18528,2026-03-05,19:25:00,2573.7386666666666,2335.3264416942166,7.198866085341998,6.831705002131927,4.225072686847956,-1.0,-1,19,Thursday,1,592
2026-03-05 19:30:00+00:00,80.91999816894531,81.12000274658203,80.63999938964844,80.97000122070312,7917,2026-03-05,19:30:00,2585.325333333333,2351.018620009019,3.062283844096475,2.267814734128398,3.7739311783107405,-1.0,-1,19,Thursday,1,592
2026-03-05 20:00:00+00:00,80.70999908447266,82.16000366210938,80.62999725341797,81.62000274658203,10745,2026-03-05,20:00:00,2615.4693333333335,2387.2861045363907,4.108249277886136,3.4053441065227563,7.403005640959393,-1.0,-1,20,Thursday,1,594
2026-03-05 20:05:00+00:00,80.56999969482422,81.41999816894531,80.1500015258789,80.7300033569336,12067,2026-03-05,20:05:00,2644.76,2435.333548622859,4.562606814985102,3.868973104455495,12.942217455422979,-1.0,-1,20,Thursday,1,594
2026-03-05 20:10:00+00:00,80.01000213623047,80.72000122070312,79.94000244140625,80.58000183105469,8810,2026-03-05,20:10:00,2666.28,2454.040713284882,3.304229113221417,2.503511847517908,4.957968414758538,-1.0,-1,20,Thursday,1,594
2026-03-06 09:15:00+00:00,82.16000366210938,82.41999816894531,81.7300033569336,81.80000305175781,6428,2026-03-06,09:15:00,2059.96,2170.962423900789,3.1204489407561313,2.0120292971959866,3.8597913382871725,1.0,1,9,Friday,1,596
2026-03-06 09:35:00+00:00,84.12000274658203,84.13999938964844,83.11000061035156,83.37999725341797,11023,2026-03-06,09:35:00,2102.7173333333335,2224.5680888473353,5.242264295470369,4.009894195366584,5.229437229437229,1.0,1,9,Friday,1,598
2026-03-06 09:40:00+00:00,83.95999908447266,84.3499984741211,83.66000366210938,84.12000274658203,7569,2026-03-06,09:40:00,2121.32,2241.0166581335284,3.568061395734731,2.4308967004900355,4.628296262325155,-1.0,-1,9,Friday,1,598
2026-03-06 13:00:00+00:00,85.87000274658203,86.08999633789062,85.48999786376953,86.08999633789062,7784,2026-03-06,13:00:00,2498.0906666666665,2311.390462202958,3.115979777622163,2.2868958835693203,1.4057836873828928,-1.0,-1,13,Friday,1,600
2026-03-06 13:45:00+00:00,86.80000305175781,87.18000030517578,86.61000061035156,86.66000366210938,9699,2026-03-06,13:45:00,2626.7973333333334,2358.2584860779207,3.6923290110441207,2.998909029021931,2.4271012543401422,1.0,1,13,Friday,1,602
2026-03-06 13:50:00+00:00,87.66000366210938,87.79000091552734,86.75,86.77999877929688,12009,2026-03-06,13:50:00,2655.04,2406.665594654118,4.523095697239967,3.88668871187496,2.513920870839439,1.0,1,13,Friday,1,602
2026-03-06 14:00:00+00:00,87.68000030517578,87.79000091552734,87.02999877929688,87.3499984741211,10677,2026-03-06,14:00:00,2699.922666666667,2454.0081361939533,3.954557710788753,3.2506319827062145,2.1925150161712614,1.0,1,14,Friday,1,604
2026-03-06 14:30:00+00:00,88.66000366210938,88.68000030517578,87.80000305175781,88.08999633789062,9863,2026-03-06,14:30:00,2791.1573333333336,2513.130410292537,3.5336596336621175,2.8139576990131125,2.599459708769849,1.0,1,14,Friday,1,606
2026-03-06 14:35:00+00:00,88.9000015258789,89.62000274658203,88.55000305175781,88.66000366210938,14994,2026-03-06,14:35:00,2829.037333333333,2588.7875248598048,5.300036101797644,4.699096604046505,3.561731694281133,1.0,1,14,Friday,1,606
2026-03-06 14:40:00+00:00,88.44000244140625,89.12000274658203,88.26000213623047,88.86000061035156,9093,2026-03-06,14:40:00,2852.0053333333335,2606.041123403419,3.188282957862631,2.3948181824990145,2.16822652757079,-1.0,-1,14,Friday,1,606
2026-03-06 14:55:00+00:00,88.72000122070312,89.23999786376953,88.5199966430664,88.55000305175781,8792,2026-03-06,14:55:00,2913.7013333333334,2646.2082683208528,3.0174678164222732,2.2214043909690946,2.2478388009140153,1.0,1,14,Friday,1,608
2026-03-06 15:00:00+00:00,87.97000122070312,88.7300033569336,87.5,88.7300033569336,12209,2026-03-06,15:00:00,2941.3386666666665,2688.7955417271874,4.150831095501187,3.446770566786984,2.454779647385551,-1.0,-1,15,Friday,1,608
2026-03-06 17:00:00+00:00,89.98999786376953,90.4800033569336,89.66999816894531,90.3000030517578,11038,2026-03-06,17:00:00,3256.5813333333335,2830.830525355918,3.3894439813366652,2.748811204686411,2.985462167827439,-1.0,-1,17,Friday,1,610
2026-03-06 18:00:00+00:00,91.5199966430664,92.51000213623048,91.08999633789062,92.4000015258789,12210,2026-03-06,18:00:00,3364.728,2914.510956975703,3.6288223000492166,3.0349077874726755,2.9844179651695693,-1.0,-1,18,Friday,1,612
2026-03-06 18:10:00+00:00,90.02999877929688,91.08000183105467,89.54000091552734,91.06999969482422,14001,2026-03-06,18:10:00,3411.912,2966.138725925177,4.103564218537875,3.569990812448304,2.748831216639058,-1.0,-1,18,Friday,1,614
2026-03-06 19:20:00+00:00,90.80999755859376,91.44000244140624,90.45999908447266,90.68000030517578,11869,2026-03-06,19:20:00,3578.3573333333334,3005.0374498797696,3.316885066071285,2.75891492367204,3.802567029094331,1.0,1,19,Friday,1,616
2026-03-06 19:25:00+00:00,90.86000061035156,91.2300033569336,90.29000091552734,90.81999969482422,32808,2026-03-06,19:25:00,3663.538666666667,3359.718238118123,8.955276028204425,8.674674263654325,7.481443475286472,1.0,1,19,Friday,1,616
2026-03-09 14:05:00+00:00,102.91000366210938,104.56999969482422,99.37000274658205,99.79000091552734,16358,2026-03-09,14:05:00,4049.568,3094.099358394109,4.039443219622439,3.978033855508858,3.5996149085407785,1.0,1,14,Monday,1,618
2026-03-09 18:25:00+00:00,94.83999633789062,94.98999786376952,93.8499984741211,94.25,24329,2026-03-09,18:25:00,4385.368,3260.2718404819307,5.547767028901565,6.11716843741838,1.7696231304268764,1.0,1,18,Monday,1,620
2026-03-09 19:20:00+00:00,89.70999908447266,93.04000091552734,88.61000061035156,91.98999786376952,14096,2026-03-09,19:20:00,4385.248,3328.6403191333684,3.2144134151591888,2.917332925453554,4.5160489377465405,-1.0,-1,19,Monday,1,622
2026-03-09 19:35:00+00:00,82.02999877929688,86.0,81.19000244140625,85.6500015258789,16862,2026-03-09,19:35:00,4427.032,3400.135841740537,3.8088724002898555,3.6571974117465005,7.329710932405999,-1.0,-1,19,Monday,1,624
2026-03-10 13:30:00+00:00,88.5,89.12000274658203,87.45999908447266,88.79000091552734,8937,2026-03-10,13:30:00,2874.770666666667,2630.76416191336,3.1087697198338833,2.304360619282673,1.874272531851308,-1.0,-1,13,Tuesday,1,626
2026-03-10 14:30:00+00:00,85.5,86.4800033569336,85.05000305175781,86.43000030517578,8722,2026-03-10,14:30:00,2815.304,2584.6808299862205,3.0980668517502905,2.2852709438911614,2.298741516768795,-1.0,-1,14,Tuesday,1,628
2026-03-10 14:40:00+00:00,83.69999694824219,85.2300033569336,83.01000213623047,85.01000213623047,12263,2026-03-10,14:40:00,2837.368,2629.4984939060923,4.321963171502604,3.5845740249876785,2.924113263785395,-1.0,-1,14,Tuesday,1,630
2026-03-10 17:00:00+00:00,80.9800033569336,82.70999908447266,80.5199966430664,82.30999755859375,10232,2026-03-10,17:00:00,3004.6186666666667,2700.7288273937693,3.405423827494027,2.6760855292190993,2.7674623030630876,-1.0,-1,17,Tuesday,1,632
2026-03-10 17:05:00+00:00,80.54000091552734,81.05000305175781,79.7300033569336,80.9800033569336,14495,2026-03-10,17:05:00,3039.3866666666668,2763.935315868099,4.769054282881634,4.144674901603239,3.4272709808036175,-1.0,-1,17,Tuesday,1,632
2026-03-10 17:15:00+00:00,77.80999755859375,81.08000183105469,77.5999984741211,80.93000030517578,14727,2026-03-10,17:15:00,3090.8533333333335,2836.0284070315756,4.7647035985747195,4.102972536458488,4.165832788218447,-1.0,-1,17,Tuesday,1,634
2026-03-10 17:20:00+00:00,78.16000366210938,78.79000091552734,76.7300033569336,77.83999633789062,14897,2026-03-10,17:20:00,3126.2933333333335,2899.7582628978003,4.765067897232932,4.059202733300916,4.677145267950001,1.0,1,17,Tuesday,1,634
2026-03-10 17:30:00+00:00,80.4000015258789,80.4000015258789,78.45999908447266,78.5,12262,2026-03-10,17:30:00,3173.1226666666666,2953.2220536697714,3.8643321699507784,3.0776139308722805,3.5734295029415515,1.0,1,17,Tuesday,1,636
2026-03-10 17:35:00+00:00,80.73999786376953,81.56999969482422,80.0,80.33999633789062,13704,2026-03-10,17:35:00,3202.8986666666665,3002.678031139522,4.278624279506814,3.497245200594533,3.9302371435229166,1.0,1,17,Tuesday,1,636
2026-03-10 18:10:00+00:00,84.5199966430664,84.80000305175781,80.87999725341797,81.2699966430664,10896,2026-03-10,18:10:00,3279.8613333333333,3059.977730856929,3.322091665663914,2.4889523181378874,2.1392232652309957,1.0,1,18,Tuesday,1,638
2026-03-10 18:15:00+00:00,86.68000030517578,86.68000030517578,83.75,84.5199966430664,14459,2026-03-10,18:15:00,3311.250666666667,3113.790606695586,4.366628037422315,3.580121704189845,2.680136240413355,1.0,1,18,Tuesday,1,638
2026-03-10 18:25:00+00:00,83.8499984741211,85.83999633789062,82.83999633789062,85.05000305175781,23756,2026-03-10,18:25:00,3390.6133333333332,3295.3824861111534,7.006401988234184,6.179976604384897,1.7279447197345092,-1.0,-1,18,Tuesday,1,640
2026-03-11 14:00:00+00:00,84.98999786376953,85.5999984741211,82.0,84.08999633789062,15907,2026-03-11,14:00:00,2506.650666666667,2764.199295749809,6.345918165435098,4.847823148619388,3.2664921197186714,1.0,1,14,Wednesday,1,642
2026-03-11 18:25:00+00:00,86.88999938964844,88.44999694824219,86.69000244140625,88.13999938964844,19601,2026-03-11,18:25:00,2755.496,2904.7680182687695,7.113419870687528,5.7992596634411635,1.4257216893212712,-1.0,-1,18,Wednesday,1,644
2026-03-12 13:15:00+00:00,94.4000015258789,94.5999984741211,93.63999938964844,93.6500015258789,7537,2026-03-12,13:15:00,1802.9813333333334,1666.4975334701985,4.180298409449238,3.4407603680796006,2.068154144300194,1.0,1,13,Thursday,1,646
2026-03-12 13:20:00+00:00,94.22000122070312,95.1999969482422,94.12000274658205,94.41000366210938,6958,2026-03-12,13:20:00,1820.2293333333334,1686.226670933697,3.822595248071305,3.0469039277037298,1.9908440629470672,-1.0,-1,13,Thursday,1,646
2026-03-12 14:45:00+00:00,95.41999816894533,95.61000061035156,94.2300033569336,95.5500030517578,11366,2026-03-12,14:45:00,1968.6613333333332,1770.5437380402648,5.773466369025043,5.307600408148153,2.5726937060562762,-1.0,-1,14,Thursday,1,648
2026-03-12 15:35:00+00:00,95.5199966430664,97.19000244140624,95.43000030517578,96.66000366210938,7179,2026-03-12,15:35:00,2054.984,1806.2955013634557,3.493457856606183,2.8367540062698553,2.0409381663113004,-1.0,-1,15,Thursday,1,650
2026-03-12 15:40:00+00:00,94.94000244140624,96.08000183105467,94.6500015258789,95.5,11971,2026-03-12,15:40:00,2081.4293333333335,1877.4742675574364,5.751336261235868,5.267486664162294,2.4832235647980085,-1.0,-1,15,Thursday,1,650
2026-03-12 18:25:00+00:00,95.72000122070312,95.91000366210938,95.3000030517578,95.48999786376952,15725,2026-03-12,18:25:00,2192.584,2012.96132926397,7.171903106106767,6.722640819408124,1.1437923353184525,1.0,1,18,Thursday,1,652
2026-03-13 10:45:00+00:00,93.6500015258789,94.93000030517578,93.36000061035156,94.9000015258789,5103,2026-03-13,10:45:00,1507.5146666666667,1591.2428194168488,3.385041693347815,2.259545362568228,3.09800796812749,-1.0,-1,10,Friday,1,654
2026-03-13 12:45:00+00:00,93.0999984741211,93.97000122070312,92.04000091552734,93.97000122070312,9561,2026-03-13,12:45:00,1569.8773333333334,1639.323522243543,6.090284761102353,4.874646497922623,2.7280606330806956,-1.0,-1,12,Friday,1,656
2026-03-13 13:00:00+00:00,93.5199966430664,94.05999755859376,92.9000015258789,93.58999633789062,7782,2026-03-13,13:00:00,1598.7653333333333,1668.6065541297385,4.867506092201149,3.705627699569676,1.4054224891076146,-1.0,-1,13,Friday,1,658
2026-03-13 13:50:00+00:00,93.83999633789062,94.25,93.4000015258789,94.19000244140624,5865,2026-03-13,13:50:00,1632.84,1687.4312601566567,3.591901227309473,2.5080488313385265,1.2277580071174377,-1.0,-1,13,Friday,1,660
2026-03-13 14:40:00+00:00,95.26000213623048,95.38999938964844,94.8000030517578,94.87000274658205,5839,2026-03-13,14:40:00,1676.4186666666667,1704.2701570172767,3.4830201524837867,2.4424421892233696,1.3923099850968703,1.0,1,14,Friday,1,662
2026-03-13 15:45:00+00:00,96.22000122070312,96.80999755859376,95.5500030517578,96.54000091552734,6598,2026-03-13,15:45:00,1729.944,1729.3344008946096,3.8139962912094267,2.814988239106147,1.1992139132805488,-1.0,-1,15,Friday,1,664
2026-03-13 16:15:00+00:00,97.41000366210938,97.5500030517578,96.41999816894533,96.4499969482422,7213,2026-03-13,16:15:00,1758.504,1752.8796092285029,4.101781969219291,3.11173452602412,2.0939110240220624,1.0,1,16,Friday,1,666
2026-03-13 18:25:00+00:00,98.55999755859376,99.06999969482422,98.51000213623048,98.9800033569336,13228,2026-03-13,18:25:00,1872.0426666666667,1871.5564894925628,7.066078266022426,6.067654060718352,0.9621675683047688,-1.0,-1,18,Friday,1,668
2026-03-16 11:30:00+00:00,97.4000015258789,97.61000061035156,97.29000091552734,97.58999633789062,6504,2026-03-16,11:30:00,1379.7493333333334,1357.5330059087971,4.713899722848208,3.7746785119498805,2.9499943304229506,-1.0,-1,11,Monday,1,670
2026-03-16 12:30:00+00:00,95.91000366210938,96.72000122070312,95.55999755859376,96.63999938964844,5180,2026-03-16,12:30:00,1422.696,1362.1940949279408,3.6409746003362633,2.758273592574015,1.9874346554122104,-1.0,-1,12,Monday,1,672
2026-03-16 12:45:00+00:00,94.81999969482422,95.5500030517578,94.68000030517578,95.52999877929688,6138,2026-03-16,12:45:00,1451.528,1383.4792549267595,4.22864732888377,3.3874537571205567,1.7513687026304057,-1.0,-1,12,Monday,1,674
2026-03-16 12:50:00+00:00,95.11000061035156,95.33000183105467,94.55999755859376,94.83999633789062,4613,2026-03-16,12:50:00,1462.6,1392.1181318580675,3.153972377957063,2.2630263394351053,1.3743738711058973,1.0,1,12,Monday,1,674
2026-03-16 13:00:00+00:00,95.11000061035156,95.27999877929688,94.30999755859376,95.27999877929688,5671,2026-03-16,13:00:00,1483.2853333333333,1407.1404466324202,3.823269786707705,2.9760459779894317,1.0241777095514368,-1.0,-1,13,Monday,1,676
2026-03-16 13:30:00+00:00,94.62000274658205,94.9000015258789,94.12999725341795,94.83000183105467,4734,2026-03-16,13:30:00,1531.416,1419.9260385046107,3.091256719271576,2.255458321880475,0.9928170712525559,-1.0,-1,13,Monday,1,678
2026-03-16 13:55:00+00:00,93.3499984741211,94.36000061035156,92.97000122070312,94.33999633789062,7942,2026-03-16,13:55:00,1583.4506666666666,1466.3359432597333,5.015628315543775,4.336352363564097,1.797010450695063,-1.0,-1,13,Monday,1,680
2026-03-16 14:00:00+00:00,93.6500015258789,93.83999633789062,93.19000244140624,93.33999633789062,5037,2026-03-16,14:00:00,1595.3386666666668,1476.208700798635,3.1573233353168897,2.331419216992408,1.034344678884953,1.0,1,14,Monday,1,680
2026-03-16 17:00:00+00:00,95.37999725341795,95.5999984741211,94.93000030517578,95.56999969482422,6581,2026-03-16,17:00:00,1729.9893333333334,1510.5798316187309,3.804069697539561,3.2113567023255865,1.7799716005138955,-1.0,-1,17,Monday,1,682
2026-03-16 18:15:00+00:00,93.51000213623048,94.08000183105467,92.97000122070312,94.06999969482422,5779,2026-03-16,18:15:00,1795.3893333333333,1537.3679910784988,3.2188004533092918,2.5911887653339734,1.0712018350749555,-1.0,-1,18,Monday,1,684
2026-03-16 18:25:00+00:00,93.51000213623048,93.75,93.16000366210938,93.44000244140624,8487,2026-03-16,18:25:00,1821.4133333333334,1575.770870628091,4.659568393774798,4.230048156690326,0.6173205437105059,1.0,1,18,Monday,1,686
2026-03-17 07:30:00+00:00,95.87000274658205,96.91000366210938,95.83999633789062,96.9000015258789,28301,2026-03-17,07:30:00,1282.0666666666666,1885.7376656555061,22.07451510581873,14.32804457662525,9.354929344682258,-1.0,-1,7,Tuesday,1,688
2026-03-17 13:00:00+00:00,94.66999816894533,94.7699966430664,94.0,94.5999984741211,5247,2026-03-17,13:00:00,1391.4986666666666,1884.7659280684454,3.7707546012740223,2.0456128137272445,0.9476036751924509,1.0,1,13,Tuesday,1,690
2026-03-17 14:35:00+00:00,93.94000244140624,94.25,93.79000091552734,94.23999786376952,4973,2026-03-17,14:35:00,1524.808,1911.6976875538662,3.261394221436404,1.8037328927316807,1.1813053031652712,-1.0,-1,14,Tuesday,1,692
2026-03-17 18:25:00+00:00,95.4499969482422,95.6500015258789,95.27999877929688,95.4800033569336,8422,2026-03-17,18:25:00,1715.5413333333333,1967.1883319721296,4.909237589534421,3.4091594371868617,0.6125926262672182,-1.0,-1,18,Tuesday,1,694
2026-03-18 04:00:00+00:00,92.44000244140624,92.62999725341795,92.0999984741211,92.5199966430664,4221,2026-03-18,04:00:00,1182.8373333333334,1758.246529499037,3.5685380238251976,1.7279503276098067,4.808201623237933,-1.0,-1,4,Wednesday,1,696
2026-03-18 08:30:00+00:00,94.0999984741211,94.22000122070312,93.7699966430664,93.83000183105467,4559,2026-03-18,08:30:00,1223.5866666666666,1757.7770697942155,3.7259314147478997,1.897517831270727,1.8911617536491145,1.0,1,8,Wednesday,1,698
2026-03-18 11:25:00+00:00,95.36000061035156,95.5199966430664,94.1500015258789,94.1999969482422,8787,2026-03-18,11:25:00,1295.1653333333334,1789.7183925029449,6.784462009483474,4.186041054307564,3.7995784011675044,1.0,1,11,Wednesday,1,700
2026-03-18 12:00:00+00:00,94.87000274658205,95.25,94.44000244140624,94.5199966430664,4366,2026-03-18,12:00:00,1346.4853333333333,1803.2124925347482,3.242515823912923,1.674519602746419,1.942278818884502,1.0,1,12,Wednesday,1,702
2026-03-18 12:15:00+00:00,95.6500015258789,95.70999908447266,94.94000244140624,94.98999786376952,5334,2026-03-18,12:15:00,1374.9253333333334,1815.9566577000523,3.879483394977085,2.1801592289547918,2.183157679320577,1.0,1,12,Wednesday,1,704
2026-03-18 12:20:00+00:00,95.88999938964844,96.0,95.51000213623048,95.66000366210938,6333,2026-03-18,12:20:00,1391.608,1832.6603185673023,4.550850526872511,2.696294534200956,2.7213836815813504,1.0,1,12,Wednesday,1,704
2026-03-18 12:40:00+00:00,96.11000061035156,96.44000244140624,95.31999969482422,95.4499969482422,8660,2026-03-18,12:40:00,1434.184,1870.3719584202468,6.038276818037295,3.8633042841933256,3.2584718858029773,1.0,1,12,Wednesday,1,706
2026-03-18 12:45:00+00:00,96.5999984741211,96.77999877929688,95.97000122070312,96.12000274658205,7511,2026-03-18,12:45:00,1453.304,1895.6440944980195,5.168223578824526,3.1955871978194947,2.1431297369594295,1.0,1,12,Wednesday,1,706
2026-03-18 12:50:00+00:00,97.12000274658205,97.31999969482422,96.27999877929688,96.58000183105467,10732,2026-03-18,12:50:00,1481.1866666666667,1954.2720904635903,7.245541862830703,4.73363631322129,3.197437759529263,1.0,1,12,Wednesday,1,706
2026-03-18 12:55:00+00:00,97.16999816894533,97.33000183105467,96.66999816894533,97.0999984741211,8004,2026-03-18,12:55:00,1502.2266666666667,1981.7921086364486,5.328090745293653,3.280754477222543,3.010508004419474,1.0,1,12,Wednesday,1,706
2026-03-18 13:00:00+00:00,97.08000183105467,97.54000091552734,96.79000091552734,97.1500015258789,8639,2026-03-18,13:00:00,1524.5733333333333,2014.7090405325118,5.66650341516315,3.531242737058567,1.5601959500643385,-1.0,-1,13,Wednesday,1,706
2026-03-18 13:05:00+00:00,97.29000091552734,97.31999969482422,96.86000061035156,97.08999633789062,4736,2026-03-18,13:05:00,1536.72,2020.3102329674582,3.081888698006143,1.5835587761691705,1.2858427652678557,1.0,1,13,Wednesday,1,706
2026-03-18 13:10:00+00:00,97.69000244140624,97.70999908447266,97.2699966430664,97.27999877929688,5744,2026-03-18,13:10:00,1551.728,2030.6058474347585,3.701679675819473,2.064542464159674,1.6873955751399983,1.0,1,13,Wednesday,1,706
2026-03-18 13:15:00+00:00,97.47000122070312,97.9499969482422,97.26000213623048,97.68000030517578,5686,2026-03-18,13:15:00,1566.4666666666667,2040.5041144281204,3.6298250840532833,2.0188801895593773,1.5602394141556193,-1.0,-1,13,Wednesday,1,706
2026-03-18 13:25:00+00:00,97.16999816894533,97.20999908447266,96.83000183105467,97.02999877929688,4842,2026-03-18,13:25:00,1590.6453333333334,2050.164084883113,3.0440475312326067,1.5858997290219519,1.6031785448224485,1.0,1,13,Wednesday,1,708
2026-03-18 13:30:00+00:00,97.6999969482422,97.94000244140624,96.93000030517578,97.16999816894533,7619,2026-03-18,13:30:00,1610.4453333333333,2072.3736969114657,4.730989523394771,2.8993586801557245,1.5978608504168197,1.0,1,13,Wednesday,1,708
2026-03-18 13:40:00+00:00,97.79000091552734,98.04000091552734,97.3499984741211,97.66000366210938,5753,2026-03-18,13:40:00,1637.464,2087.4990827523375,3.5133596830220393,1.9715151177809023,1.5361815754339119,1.0,1,13,Wednesday,1,710
2026-03-18 13:45:00+00:00,97.97000122070312,98.08999633789062,97.54000091552734,97.8000030517578,5446,2026-03-18,13:45:00,1650.8293333333334,2095.8015320406585,3.2989479227410548,1.810844494884662,1.3628202320998468,1.0,1,13,Wednesday,1,710
2026-03-18 13:50:00+00:00,98.0199966430664,98.22000122070312,97.83000183105467,97.9800033569336,5956,2026-03-18,13:50:00,1665.1253333333334,2106.835524690927,3.57690792444853,2.036644349490043,1.246807619845091,1.0,1,13,Wednesday,1,710
2026-03-18 14:55:00+00:00,98.01000213623048,98.62999725341795,97.83999633789062,98.51000213623048,7291,2026-03-18,14:55:00,1761.4453333333333,2144.8450953311303,4.139214463274099,2.578067142798949,1.8640801521228487,-1.0,-1,14,Wednesday,1,712
2026-03-18 15:00:00+00:00,97.70999908447266,98.08999633789062,97.5500030517578,98.0199966430664,6235,2026-03-18,15:00:00,1776.5066666666667,2156.3754024501877,3.509696933307315,2.067586807133562,1.253628561016374,-1.0,-1,15,Wednesday,1,712
2026-03-18 15:50:00+00:00,97.3000030517578,97.81999969482422,97.2699966430664,97.6999969482422,5844,2026-03-18,15:50:00,1804.5066666666667,1715.2735393501773,3.238558276315595,2.355014078316439,1.3994671775376417,-1.0,-1,15,Wednesday,1,714
2026-03-18 15:55:00+00:00,97.18000030517578,97.38999938964844,96.91999816894533,97.29000091552734,5573,2026-03-18,15:55:00,1816.9253333333334,1725.6505739867407,3.0672696878389427,2.1766136918374337,1.28980371168617,-1.0,-1,15,Wednesday,1,714
2026-03-18 16:10:00+00:00,96.8000030517578,97.4000015258789,96.52999877929688,97.3499984741211,6332,2026-03-18,16:10:00,1848.48,1746.9510778636802,3.4255171816844108,2.5664828608038803,2.0189717018732565,-1.0,-1,16,Wednesday,1,716
2026-03-18 17:45:00+00:00,95.87000274658205,96.29000091552734,95.38999938964844,96.26000213623048,8143,2026-03-18,17:45:00,1947.7413333333334,1792.5857148856228,4.180739947672723,3.4560459872134817,2.381908261576994,-1.0,-1,17,Wednesday,1,718
2026-03-18 18:00:00+00:00,94.72000122070312,95.29000091552734,94.20999908447266,95.22000122070312,7824,2026-03-18,18:00:00,1981.8373333333334,1827.4092200232283,3.9478517577628303,3.1969646440726653,1.9123739688359302,-1.0,-1,18,Wednesday,1,720
2026-03-18 18:05:00+00:00,94.97000122070312,95.12000274658205,94.38999938964844,94.7300033569336,12479,2026-03-18,18:05:00,2013.1386666666667,1904.980861406303,6.198778160007524,5.49394565864939,2.4733236711385285,1.0,1,18,Wednesday,1,720
2026-03-18 18:15:00+00:00,95.63999938964844,95.9499969482422,94.83999633789062,94.9000015258789,9944,2026-03-18,18:15:00,2049.504,1958.10347220762,4.851905631801646,4.031705225005054,1.8432308440881393,1.0,1,18,Wednesday,1,722
2026-03-19 09:25:00+00:00,98.3000030517578,98.95999908447266,97.16000366210938,97.30999755859376,12612,2026-03-19,09:25:00,1970.0533333333333,2037.3635520292237,6.401857140923427,5.223391110568969,5.58392827494604,1.0,1,9,Thursday,1,724
2026-03-19 09:45:00+00:00,95.08000183105467,97.06999969482422,95.05999755859376,97.0199966430664,6639,2026-03-19,09:45:00,2008.9413333333334,2050.139054048268,3.304725673090835,2.258412012357898,3.7387019569196114,-1.0,-1,9,Thursday,1,726
2026-03-19 13:20:00+00:00,96.81999969482422,97.08000183105467,95.36000061035156,95.9800033569336,8142,2026-03-19,13:20:00,2231.824,2054.3606786097876,3.6481371290926163,2.876893070207853,2.3296137339055796,1.0,1,13,Thursday,1,728
2026-03-19 15:40:00+00:00,98.70999908447266,98.76000213623048,96.73999786376952,96.8000030517578,16819,2026-03-19,15:40:00,2484.6,2207.295498367219,6.769298881107623,6.49410104383552,3.488876212207644,1.0,1,15,Thursday,1,730
2026-03-19 15:45:00+00:00,99.87000274658205,100.27999877929688,98.66000366210938,98.6999969482422,27667,2026-03-19,15:45:00,2556.632,2559.9995212315516,10.821659120280119,9.808739334419887,5.028592200474833,1.0,1,15,Thursday,1,730
2026-03-19 15:50:00+00:00,98.79000091552734,100.4800033569336,98.31999969482422,99.86000061035156,12847,2026-03-19,15:50:00,2587.52,2613.6767408924625,4.964985777887708,3.9253056200426726,3.07648097704074,-1.0,-1,15,Thursday,1,730
2026-03-19 15:55:00+00:00,98.08000183105467,98.87000274658205,98.0,98.77999877929688,10149,2026-03-19,15:55:00,2612.4533333333334,2641.0238114316408,3.884854083517919,2.853645860383694,2.348863784299828,-1.0,-1,15,Thursday,1,730
2026-03-19 16:00:00+00:00,97.54000091552734,98.43000030517578,96.9499969482422,98.0500030517578,10473,2026-03-19,16:00:00,2638.0426666666667,2670.48803512919,3.9699888604278324,2.9339046759497287,2.6399054745962975,-1.0,-1,16,Thursday,1,730
2026-03-19 18:05:00+00:00,94.8000030517578,95.5,94.56999969482422,95.48999786376952,10831,2026-03-19,18:05:00,2808.2186666666666,2698.887982564534,3.8568933853204213,2.972624794049413,2.1466919370223096,-1.0,-1,18,Thursday,1,732
2026-03-19 18:25:00+00:00,95.61000061035156,95.83000183105467,95.16999816894533,95.2699966430664,19706,2026-03-19,18:25:00,2900.1786666666667,2842.087689693475,6.7947537944788685,5.913195920828845,1.4333590944219667,1.0,1,18,Thursday,1,734
2026-03-19 19:05:00+00:00,92.88999938964844,94.18000030517578,92.36000061035156,93.52999877929688,9949,2026-03-19,19:05:00,2965.528,2860.8823540063877,3.3548831776331234,2.441020334240702,4.840479231283829,-1.0,-1,19,Thursday,1,736
2026-03-20 17:05:00+00:00,97.95999908447266,98.18000030517578,97.38999938964844,97.47000122070312,7409,2026-03-20,17:05:00,2246.088,2661.725602325447,3.2986240966516003,1.9396860425768017,1.7518213657657125,1.0,1,17,Friday,1,738
2026-03-20 18:20:00+00:00,98.16999816894533,98.20999908447266,97.0999984741211,97.13999938964844,8463,2026-03-20,18:20:00,2249.8106666666667,2634.1471894957954,3.7616498692038083,2.3587100060732014,1.6348292223550291,1.0,1,18,Friday,1,740
2026-03-20 18:25:00+00:00,98.12000274658205,98.36000061035156,97.8499984741211,98.16000366210938,16734,2026-03-20,18:25:00,2285.1066666666666,2737.5640718374484,7.3230717165646535,5.278011017888345,1.217184161476565,-1.0,-1,18,Friday,1,740
2026-03-23 10:50:00+00:00,98.4000015258789,98.56999969482422,97.4000015258789,98.1999969482422,4413,2026-03-23,10:50:00,1407.7573333333332,1435.6255236529782,3.1347732279616376,2.0933332663379836,2.6088305930168114,1.0,1,10,Monday,1,742
2026-03-23 11:05:00+00:00,86.48999786376953,98.62999725341795,84.37000274658203,98.58999633789062,21066,2026-03-23,11:05:00,1463.144,1757.294532929849,14.397762626235012,11.155134004381804,6.918084604174791,-1.0,-1,11,Monday,1,744
2026-03-23 11:10:00+00:00,88.31999969482422,88.62000274658203,85.36000061035156,86.33999633789062,12466,2026-03-23,11:10:00,1495.352,1845.98229834906,8.33649869729669,5.942986565912096,5.6246580750683846,1.0,1,11,Monday,1,744
2026-03-23 11:15:00+00:00,89.37000274658203,89.81999969482422,87.81999969482422,88.27999877929688,9400,2026-03-23,11:15:00,1519.624,1889.5223528400636,6.185740683221639,4.170565110359943,5.0454560703143345,1.0,1,11,Monday,1,744
2026-03-23 11:20:00+00:00,90.5999984741211,91.13999938964844,88.91999816894531,89.37999725341797,12490,2026-03-23,11:20:00,1552.4133333333334,1971.371925810835,8.045537700440605,5.548210626043071,5.998319125945492,1.0,1,11,Monday,1,744
2026-03-23 11:25:00+00:00,90.6999969482422,91.0,89.55000305175781,90.62999725341795,8946,2026-03-23,11:25:00,1575.56,2006.8654026578176,5.677981162253421,3.6726130164179747,3.8683314415437002,1.0,1,11,Monday,1,744
2026-03-23 11:30:00+00:00,90.16999816894533,90.8000030517578,89.5,90.66000366210938,4792,2026-03-23,11:30:00,1587.4293333333333,2012.6981836036762,3.0187170536515224,1.5921764588314866,2.1734890577162944,-1.0,-1,11,Monday,1,744
2026-03-23 11:45:00+00:00,91.30999755859376,92.06999969482422,91.13999938964844,91.19000244140624,5032,2026-03-23,11:45:00,1619.256,2027.551953364816,3.1076000335956757,1.6831844897174613,2.4385013780779596,1.0,1,11,Monday,1,746
2026-03-23 11:55:00+00:00,92.5,92.91999816894533,91.62999725341795,91.66999816894533,5303,2026-03-23,11:55:00,1640.568,2039.454809459816,3.2324170653090882,1.7957897292022158,2.6003861595513196,1.0,1,11,Monday,1,748
2026-03-23 12:40:00+00:00,89.61000061035156,91.5,89.18000030517578,91.16999816894533,8518,2026-03-23,12:40:00,1729.4053333333334,2073.821884732883,4.925392466312119,3.273470454065088,3.205041977282882,-1.0,-1,12,Monday,1,750
2026-03-23 12:45:00+00:00,88.75,89.91999816894531,88.58999633789062,89.5999984741211,6149,2026-03-23,12:45:00,1745.2533333333333,2084.8277894316243,3.523270738154537,2.112283177051874,1.7545073562193492,-1.0,-1,12,Monday,1,750
2026-03-23 12:50:00+00:00,89.47000122070312,89.69000244140625,88.62999725341797,88.77999877929688,5501,2026-03-23,12:50:00,1758.6053333333334,2092.8109245096125,3.1280469220306393,1.7882144167149665,1.6389400964564362,1.0,1,12,Monday,1,750
2026-03-23 13:00:00+00:00,89.22000122070312,89.62000274658203,88.12999725341797,89.37000274658203,7848,2026-03-23,13:00:00,1789.0666666666666,2116.111229634511,4.38664480548517,2.863239535088057,1.4173420321917962,-1.0,-1,13,Monday,1,752
2026-03-23 13:40:00+00:00,89.5999984741211,90.33999633789062,89.0,89.87000274658203,6492,2026-03-23,13:40:00,1873.5066666666667,2137.241374874175,3.4651598072776184,2.1609600991395914,1.7335113484646194,-1.0,-1,13,Monday,1,754
2026-03-23 15:00:00+00:00,86.73999786376953,89.25,86.58000183105469,89.25,13255,2026-03-23,15:00:00,2040.4053333333334,2230.4180733193416,6.496258259796746,5.028023580340227,2.6650916722168465,-1.0,-1,15,Monday,1,756
2026-03-23 15:05:00+00:00,86.19000244140625,87.13999938964844,85.87999725341797,86.72000122070312,10754,2026-03-23,15:05:00,2067.173333333333,2274.284287567688,5.202272991137657,3.81958698574007,2.635461340521995,-1.0,-1,15,Monday,1,756
2026-03-23 15:10:00+00:00,85.80999755859375,86.5,85.43000030517578,86.19999694824219,9125,2026-03-23,15:10:00,2090.0293333333334,2301.9367216020846,4.365967431398092,3.0561094927798536,2.5935268412264185,-1.0,-1,15,Monday,1,756
2026-03-23 15:15:00+00:00,86.8499984741211,86.88999938964844,85.79000091552734,85.83000183105469,6469,2026-03-23,15:15:00,2104.152,2312.5170826575077,3.0743976670886894,1.8874878947851863,1.8282403645741336,1.0,1,15,Monday,1,756
2026-03-23 15:50:00+00:00,90.04000091552734,90.25,88.5,88.61000061035156,8229,2026-03-23,15:50:00,2186.432,2349.788660434335,3.763666100752276,2.5715367946677774,1.9706049630317,1.0,1,15,Monday,1,758
2026-03-23 15:55:00+00:00,90.5,90.83000183105467,89.97000122070312,90.05000305175781,7223,2026-03-23,15:55:00,2203.3226666666665,2363.1644163513783,3.2782306964269723,2.124133766825879,1.6716763340228256,1.0,1,15,Monday,1,758
2026-03-23 18:25:00+00:00,88.18000030517578,88.5,87.30000305175781,87.5,12579,2026-03-23,18:25:00,2399.517333333333,2462.508160977437,5.242304285639667,4.1337863678901074,0.9149611310633268,1.0,1,18,Monday,1,760
2026-03-23 18:35:00+00:00,87.20999908447266,87.63999938964844,86.7300033569336,87.63999938964844,7264,2026-03-23,18:35:00,2420.1413333333335,2474.085194468878,3.001477599655337,1.9578382658348668,2.39429772156071,-1.0,-1,18,Monday,1,762
2026-03-24 13:05:00+00:00,92.2300033569336,92.56999969482422,91.44000244140624,91.52999877929688,6223,2026-03-24,13:05:00,1959.7493333333334,2368.46813940413,3.1754061063591803,1.800003384355947,1.6895691571498872,1.0,1,13,Tuesday,1,764
2026-03-24 14:50:00+00:00,91.2699966430664,92.08000183105467,90.66000366210938,91.91000366210938,7089,2026-03-24,14:50:00,2069.208,2373.1743536390177,3.42594847883828,2.115222588809232,1.9446558995988068,-1.0,-1,14,Tuesday,1,766
2026-03-24 14:55:00+00:00,91.16000366210938,91.81999969482422,90.5199966430664,91.3000030517578,7781,2026-03-24,14:55:00,2083.730666666667,2391.398673251971,3.734167819513462,2.3824004742738425,1.9893577923011776,-1.0,-1,14,Tuesday,1,766
2026-03-24 17:55:00+00:00,91.76000213623048,92.56999969482422,91.19000244140624,92.55999755859376,10658,2026-03-24,17:55:00,2178.0346666666665,2438.417016616162,4.893402370087774,3.4776518026031265,2.670592288658502,-1.0,-1,17,Tuesday,1,768
2026-03-24 18:25:00+00:00,92.29000091552734,92.45999908447266,92.08000183105467,92.26000213623048,7677,2026-03-24,18:25:00,2223.8053333333332,2452.626167959049,3.4521906593742617,2.2234104560682146,0.5584034186479975,1.0,1,18,Tuesday,1,770
2026-03-24 20:20:00+00:00,87.93000030517578,91.38999938964844,87.55000305175781,91.30999755859376,11105,2026-03-24,20:20:00,2021.6213333333333,2092.176973213336,5.493115756594047,4.3415919317359055,5.985312942127602,-1.0,-1,20,Tuesday,1,772
2026-03-24 20:25:00+00:00,88.75,89.12999725341797,86.33999633789062,87.91999816894531,9077,2026-03-24,20:25:00,2035.8533333333332,2121.839622161533,4.458572654218706,3.3184160542227037,5.374583672563097,1.0,1,20,Tuesday,1,772
2026-03-25 08:25:00+00:00,87.0999984741211,87.37000274658203,86.7699966430664,87.33000183105469,4416,2026-03-25,08:25:00,1239.3386666666668,1432.1227111754174,3.563190690949151,2.2181488419564848,1.6028674485606043,-1.0,-1,8,Wednesday,1,774
2026-03-25 08:35:00+00:00,87.33999633789062,87.5199966430664,86.58999633789062,86.66999816894531,3873,2026-03-25,08:35:00,1249.0773333333334,1439.6886646850828,3.1006887217017787,1.822562565803505,2.026289974494801,1.0,1,8,Wednesday,1,776
2026-03-25 11:45:00+00:00,87.69999694824219,87.95999908447266,87.08999633789062,87.25,3891,2026-03-25,11:45:00,1294.696,1441.5345241589418,3.005338704993296,1.801069593886282,1.8855740981918405,1.0,1,11,Wednesday,1,778
2026-03-25 12:15:00+00:00,88.41000366210938,88.43000030517578,87.16999816894531,87.16999816894531,4142,2026-03-25,12:15:00,1321.1013333333333,1445.3861909679708,3.135262901861679,1.951657407753093,1.6952829223370511,1.0,1,12,Wednesday,1,780
2026-03-25 12:20:00+00:00,88.80000305175781,88.87000274658203,87.91999816894531,88.41999816894531,5424,2026-03-25,12:20:00,1334.3813333333333,1460.1087429920262,4.064805063220309,2.800900060557339,2.3307729494547993,1.0,1,12,Wednesday,1,780
2026-03-25 12:25:00+00:00,88.87999725341797,89.05000305175781,88.44999694824219,88.76000213623047,4219,2026-03-25,12:25:00,1345.1573333333333,1466.4495864565,3.1364360847999935,1.959728239694188,2.2106366256222163,1.0,1,12,Wednesday,1,780
2026-03-25 13:00:00+00:00,87.87000274658203,88.76000213623047,87.77999877929688,88.44999694824219,6431,2026-03-25,13:00:00,1391.232,1488.5830383538462,4.6225216211242985,3.3856142856318194,1.1614330541571665,-1.0,-1,13,Wednesday,1,782
2026-03-25 13:50:00+00:00,88.5199966430664,88.80999755859375,88.41999816894531,88.44999694824219,5196,2026-03-25,13:50:00,1448.192,1503.5302292282358,3.5879220434859467,2.492672197168763,1.0877119531086457,1.0,1,13,Wednesday,1,784
2026-03-25 13:55:00+00:00,88.69000244140625,88.79000091552734,88.25,88.5199966430664,5215,2026-03-25,13:55:00,1460.5466666666666,1515.381822072104,3.5705808783925654,2.477562604122812,1.179981050160508,1.0,1,13,Wednesday,1,784
2026-03-25 15:10:00+00:00,89.55000305175781,89.69000244140625,88.95999908447266,89.01000213623047,4736,2026-03-25,15:10:00,1531.2826666666667,1529.5299949485527,3.0928319787681264,2.0952301320780093,1.3460759583614594,1.0,1,15,Wednesday,1,786
2026-03-25 15:15:00+00:00,89.97000122070312,90.19000244140624,89.47000122070312,89.55999755859375,7097,2026-03-25,15:15:00,1546.6693333333333,1556.258270598299,4.588569674879871,3.5664585830813658,2.0057229660508002,1.0,1,15,Wednesday,1,786
2026-03-25 16:00:00+00:00,90.37999725341795,90.68000030517578,90.26000213623048,90.36000061035156,5486,2026-03-25,16:00:00,1592.1066666666666,1579.3351438542409,3.4457490285408015,2.465526932953951,1.3828436392280425,1.0,1,16,Wednesday,1,788
2026-03-25 16:25:00+00:00,89.98999786376953,90.16999816894533,89.36000061035156,89.55000305175781,5552,2026-03-25,16:25:00,1603.0986666666668,1592.254607852673,3.4632927563618456,2.480069025304221,1.2366461097267272,1.0,1,16,Wednesday,1,790
2026-03-25 17:15:00+00:00,90.58000183105467,90.9499969482422,90.33999633789062,90.61000061035156,5224,2026-03-25,17:15:00,1627.2826666666667,1606.9251536078423,3.210259721318648,2.2382606465883255,1.4777151141205382,-1.0,-1,17,Wednesday,1,792
2026-03-25 17:55:00+00:00,90.30999755859376,90.4499969482422,89.2300033569336,90.3499984741211,5686,2026-03-25,17:55:00,1668.504,1623.7115860963224,3.4078431936633056,2.474267003081958,1.4247502114198014,-1.0,-1,17,Wednesday,1,794
2026-03-25 18:25:00+00:00,90.33000183105467,90.43000030517578,89.91000366210938,89.97000122070312,11200,2026-03-25,18:25:00,1712.5093333333334,1693.8229201441368,6.540110341004468,5.601229357469861,0.814656544074192,1.0,1,18,Wednesday,1,796
2026-03-26 13:45:00+00:00,93.4499969482422,93.56999969482422,93.16999816894533,93.38999938964844,4024,2026-03-26,13:45:00,1249.8346666666666,1323.3872616318527,3.2196258491789846,2.096261172948381,1.0069755075229128,1.0,1,13,Thursday,1,798
2026-03-26 13:50:00+00:00,92.9800033569336,93.43000030517578,92.86000061035156,93.43000030517578,4045,2026-03-26,13:50:00,1260.0026666666668,1330.1768297442604,3.210310666009172,2.0937045895385022,0.8467657525643709,-1.0,-1,13,Thursday,1,798
2026-03-26 13:55:00+00:00,92.86000061035156,93.45999908447266,92.72000122070312,92.98999786376952,5234,2026-03-26,13:55:00,1273.2746666666667,1344.890424247794,4.110660595880857,2.9450171269890575,1.1842801182243718,-1.0,-1,13,Thursday,1,798
2026-03-26 14:35:00+00:00,93.0500030517578,93.1500015258789,92.43000030517578,92.7300033569336,3988,2026-03-26,14:35:00,1321.592,1357.5395293443655,3.0175727455977333,1.9641475937630801,0.9473246629847378,1.0,1,14,Thursday,1,800
2026-03-26 14:40:00+00:00,93.62999725341795,93.73999786376952,92.62000274658205,93.04000091552734,6876,2026-03-26,14:40:00,1339.1493333333333,1386.4561329720723,5.134602862314584,3.99352747987606,1.6395827123695976,1.0,1,14,Thursday,1,800
2026-03-26 14:55:00+00:00,93.6999969482422,94.19000244140624,93.62999725341795,94.01000213623048,5268,2026-03-26,14:55:00,1369.1066666666666,1407.0189214350296,3.8477644790276875,2.771031202165229,1.346862466243748,-1.0,-1,14,Thursday,1,802
2026-03-26 16:25:00+00:00,94.94000244140624,95.0999984741211,94.58000183105467,94.63999938964844,5029,2026-03-26,16:25:00,1448.9466666666667,1431.1263513441043,3.470797176799698,2.501563422384733,1.1201536898083053,1.0,1,16,Thursday,1,804
2026-03-26 18:25:00+00:00,94.43000030517578,94.70999908447266,94.4000015258789,94.63999938964844,8178,2026-03-26,18:25:00,1499.968,1468.2954863844,5.452116311814652,4.548152644972233,0.5948447515570305,-1.0,-1,18,Thursday,1,806
2026-03-26 20:10:00+00:00,92.3499984741211,94.4499969482422,89.51000213623047,94.43000030517578,11566,2026-03-26,20:10:00,1513.2373333333333,1557.4176366213023,7.643216133534462,6.454763597306733,6.5089514966058175,-1.0,-1,20,Thursday,1,808
2026-03-27 13:10:00+00:00,97.20999908447266,97.72000122070312,97.11000061035156,97.22000122070312,5079,2026-03-27,13:10:00,1125.6586666666667,1215.307063055047,4.5120249596088335,3.252956765836115,1.4920407601211787,-1.0,-1,13,Friday,1,810
2026-03-27 14:05:00+00:00,97.55999755859376,97.58000183105467,97.19000244140624,97.36000061035156,3983,2026-03-27,14:05:00,1179.952,1229.1826673750725,3.3755610397711093,2.280416145133194,0.8764681611882822,1.0,1,14,Friday,1,812
2026-03-27 14:15:00+00:00,97.30999755859376,97.41000366210938,96.86000061035156,97.13999938964844,4656,2026-03-27,14:15:00,1198.2106666666666,1244.596412859148,3.885794150833799,2.778241442452763,1.4031492503578693,1.0,1,14,Friday,1,814
2026-03-27 15:20:00+00:00,97.48999786376952,98.0999984741211,97.12999725341795,97.86000061035156,5026,2026-03-27,15:20:00,1266.4853333333333,1278.9199274911407,3.9684628536295725,2.9396012884416565,1.2162313404618945,-1.0,-1,15,Friday,1,816
2026-03-27 18:05:00+00:00,99.05999755859376,99.13999938964844,98.8499984741211,98.87999725341795,4505,2026-03-27,18:05:00,1368.7226666666666,1306.113454503685,3.2913899285172943,2.4012288691452914,0.8928858993892997,1.0,1,18,Friday,1,818
2026-03-27 18:10:00+00:00,99.38999938964844,99.56999969482422,99.02999877929688,99.0500030517578,5503,2026-03-27,18:10:00,1380.8613333333333,1323.2608430671967,3.9851937824314487,3.115136889497863,1.0804098410945457,1.0,1,18,Friday,1,818
2026-03-27 18:15:00+00:00,99.52999877929688,99.83999633789062,99.37000274658205,99.37000274658205,6517,2026-03-27,18:15:00,1396.2186666666666,1349.1775312687616,4.667606984197318,3.7954837037033733,1.2079983317500405,1.0,1,18,Friday,1,818
2026-03-27 18:20:00+00:00,99.95999908447266,100.04000091552734,99.45999908447266,99.5199966430664,7778,2026-03-27,18:20:00,1414.304,1388.6755773788404,5.499524854628142,4.582564929968477,1.5025052217272146,1.0,1,18,Friday,1,818
2026-03-27 18:25:00+00:00,99.5199966430664,100.0,99.48999786376952,99.93000030517578,14027,2026-03-27,18:25:00,1450.3653333333334,1533.0519148617307,9.67135636630403,8.203658692015646,1.0202845842614903,-1.0,-1,18,Friday,1,818
2026-03-27 18:40:00+00:00,99.29000091552734,99.62999725341795,98.77999877929688,99.20999908447266,5168,2026-03-27,18:40:00,1472.7013333333334,1550.6682883538115,3.5091976105587372,2.3830362008560795,2.237592682794826,1.0,1,18,Friday,1,820
